_id,BERDO ID,Tax Parcel ID,Property Owner Name,Building Address,Building Address City,Building Address Zip  Code,Parcel Address,Parcel Address City,Parcel Address Zip Code,Reported Gross Floor Area (Sq Ft),Reported Enclosed Parking Area (Sq Ft),Largest Property Type,All Property Types and GFAs,Site EUI (Energy Use Intensity kBtu/ft2),Energy Star Score,Total Site Energy Usage (kBtu),Natural Gas Usage (kBtu),Natural Gas Emissions (kgCO2e),Electricity Usage (kWh),Electricity Emissions (kgCO2e),Renewable System Electricity Usage Onsite (kBtu),District Hot Water Usage (kBtu),District Hot Water Emissions (kgCO2e),District Chilled Water Usage (kBtu),District Chilled Water Emissions (kgCO2e),District Steam Usage (kBtu),District Steam Emissions (kgCO2e),Fuel Oil 1 Usage (kBtu),Fuel Oil 1 Emissions (kgCO2e),Fuel Oil 2 Usage (kBtu),Fuel Oil 2 Emissions (kgCO2e),Fuel Oil 4 Usage (kBtu),Fuel Oil 4 Emissions (kgCO2e),Fuel Oil 5 and 6 Usage (kBtu),Fuel Oil 5 and 6 Emissions (kgCO2e),Propane Usage (kBtu),Propane Emissions (kgCO2e),Diesel Usage (kBtu),Diesel Emissions (kgCO2e),Kerosene Usage (kBtu),Kerosene Emissions (kgCO2e),Water Usage Intensity (Gallons/ft2),Compliance Status,Estimated Total GHG Emissions (kgCO2e),First Emissions Compliance Year (Projected),Community Choice Electricity Participation,Renewable Energy Purchased through a Power Purchase Agreement (,Renewable Energy Certificate (REC) Purchase,Backup Generator,Battery Storage,Electric Vehicle (EV) Charging,Corresponding Campus ID,Notes,Log GSF,Log EUI,Log Total Site Energy,Log GHG Emissions,Cluster_simple,Cluster_complex,PCA_simple_1,PCA_simple_2,PCA_complex_1,PCA_complex_2,Cluster_2,Cluster_8
2,100002,304794000.0,10 temple place lp,2-24 temple pl,boston,2111.0,24  2 temple pl,boston,2111.0,135344.0,,Multifamily Housing,"Personal Services (Health/Beauty, Dry Cleaning, etc) (1129.0),Restaurant (1552.0),Multifamily Housing (127684.0),Medical Office (2145.0),Supermarket/Grocery Store (2834.0)",55.6,,7523053.3,4848580.8,257508.126,783843.1,160797.574,,,,,,,,,,,,,,,,,,,,,,39.02,in compliance,418305.7,2025.0,No,No,No,No,No,No,,,11.815574964543796,4.018183201256536,15.833482637456779,12.94396778392124,1,1,2.1122198059813053,-0.35643461471976745,2.1122198059813053,-0.35643461471976745,1,1
9,100013,1001625010.0,101 huntington owner (de)  llc,101 s huntington ave,boston,2199.0,105 s huntington av,boston,2199.0,204050.0,68250.0,Multifamily Housing,"Multifamily Housing (202450.0),Electric Vehicle Charging Station (0.0),Swimming Pool (0.0),Parking (68250.0),Other (1600.0)",33.2,100.0,6766543.1,4094421.7,217454.736,783154.0,160656.212,,,,,,,,,,,,,,,,,,,,,,16.64,pending revisions,378110.948,2025.0,No,No,No,No,No,No,,,12.226120340833951,3.502549875922443,15.727500894093426,12.842942944762658,1,2,2.031463944282848,-1.609999998457158,2.031463944282848,-1.609999998457158,1,2
16,100025,2100753000.0,1139 commonwealth llc mass llc,1139 commonwealth ave,boston,2134.0,1139 commonwealth av,boston,2134.0,23830.0,,Multifamily Housing,Multifamily Housing (23830.0),73.7,95.0,1756201.8,1567092.5,83228.283,55424.7,11369.823,,,,,,,,,,,,,,,,,,,,,,31.19,in compliance,94598.106,2030.0,No,No,No,No,No,No,,,10.078700570092789,4.300002799195291,14.37866396684772,11.457392733697894,0,0,-1.0776162157574498,0.9915351982622796,-1.0776162157574498,0.9915351982622796,0,0
22,100031,1101208030.0,125 amory leasehold condominium association,125 amory st,boston,2119.0,125 amory st,boston,2119.0,113806.0,,Multifamily Housing,Multifamily Housing (113806.0),96.7,6.0,11002146.5,3211730.0,170574.98,2283240.0,468383.854,,,,,,,,,,,,,,,,,,,,,,58.1,in compliance,638958.834,2025.0,No,No,No,No,No,No,,,11.642250523361831,4.571613402459248,16.213600948089656,13.36759530874924,1,1,2.800860096201872,0.8746588317467493,2.800860096201872,0.8746588317467493,1,1
25,100037,602642000.0,133 seaport residential condominium trust,131-153 seaport blvd,boston,2210.0,131  149 seaport bl,boston,2210.0,296552.0,,Multifamily Housing,"Multifamily Housing (253114.0),Retail Store (43438.0)",51.6,,15314168.2,8309593.0,441322.484,2052924.0,421136.829,,,,,,,,,,,,,,,,,,,,,,,in compliance,862459.313,2025.0,I'm not sure,No,No,No,I'm not sure,I'm not sure,,,12.599977861469387,3.9435216724875173,16.54428898400876,13.667543253441622,1,2,3.6508103120150346,-0.8556139561750504,3.6508103120150346,-0.8556139561750504,1,2
26,100038,602642100.0,133 seaport residential condominium trust,133 seaport bl,boston,2210.0,133 seaport bl,boston,2210.0,384094.0,,Multifamily Housing,"Multifamily Housing (340656.0),Retail Store (43438.0)",40.6,,15602252.2,7414254.9,393771.078,2399765.0,492287.792,,,,,,,,,,,,,,,,,,,,,,,in compliance,886058.87,2025.0,No,No,No,No,No,No,,,12.858642593279939,3.703768066607687,16.562925833594033,13.694538672075126,1,2,3.761825164826538,-1.4678452416145278,3.761825164826538,-1.4678452416145278,1,2
27,100039,502721000.0,133-135 marlborough street,133 marlborough st,boston,2116.0,133  135 marlborough st,boston,2116.0,22214.0,,Multifamily Housing,Multifamily Housing (22214.0),66.8,86.0,1484599.0,1219200.0,64751.712,77784.0,15956.61,,,,,,,,,,,,,,,,,,,,,,10.43,in compliance,80708.322,2030.0,I`m not sure,No,No,No,I`m not sure,I`m not sure,,,10.008477999727065,4.2017030805426,14.210655260083247,11.298596971617842,0,0,-1.401374297793557,0.8184852992150055,-1.401374297793557,0.8184852992150055,0,0
32,100044,600030000.0,,14  16 w broadway,boston,2127.0,14  16 w broadway,boston,2127.0,68784.0,14110.0,Multifamily Housing,"Multifamily Housing (68784.0),Parking (14110.0)",90.7,9.0,6237054.9,3328737.9,176789.27,852378.9,174857.008,,,,,,,,,,,,,,,,,,,,,,26.25,in compliance,351646.278,2025.0,No,No,No,No,No,No,,,11.138726438736063,4.507557357121091,15.646018657778322,12.770381057292264,1,5,1.5911670516072833,0.9606589695192541,1.5911670516072833,0.9606589695192541,1,5
33,100045,1000003000.0,1457 tremont street llc,1455-1459 tremont st #,boston,2120.0,1457 tremont st,boston,2120.0,38208.0,763.0,Multifamily Housing,"Multifamily Housing (36454.0),Bank Branch (1754.0),Parking (763.0)",28.1,100.0,1074258.4,491100.0,26082.321,170914.0,35061.298,,,,,,,,,,,,,,,,,,,,,,21.35,in compliance,61143.619,2025.0,No,No,No,No,No,No,,,10.550800196752274,3.3357695763397,13.88714112101556,11.020980785711366,0,3,-1.8197907126846224,-1.2192611107392473,-1.8197907126846224,-1.2192611107392473,0,3
34,100046,1000517000.0,1480 tremont realty trust,1486 tremont st,boston,2120.0,1486 tremont st,boston,2120.0,75370.0,0.0,Multifamily Housing,"Multifamily Housing (75370.0),Parking (23121.0)",51.0,92.0,3845621.8,2170957.6,115299.558,490816.0,100685.994,,,,,,,,,,,,,,,,,,,,,,30.2,in compliance,215985.552,2025.0,No,No,No,No,No,No,,,11.230164596837515,3.9318256327243257,15.16244586436213,12.282966795540252,1,4,0.7172675960752621,-0.2780845585681116,0.7172675960752621,-0.2780845585681116,1,4
41,100056,600268000.0,160 west broadway,135 athens st,boston,2127.0,160 w broadway st,boston,2127.0,24358.0,5560.0,Multifamily Housing,"Multifamily Housing (24358.0),Parking (5560.0)",20.8,,507474.3,288400.0,15316.924,64207.0,13171.424,,,,,,,,,,,,,,,,,,,,,,24.24,in compliance,28488.348,2030.0,No,No,No,No,No,No,,,10.100615616647056,3.0349529867072724,13.137201348221723,10.25725044055276,0,3,-3.3416284616833396,-1.6483046638868852,-3.3416284616833396,-1.6483046638868852,0,3
43,100060,600291000.0,170 west broadway,170 w broadway,boston,2127.0,170 w broadway,boston,2127.0,67100.0,13075.0,Multifamily Housing,"Multifamily Housing (67100.0),Parking (13075.0)",55.3,59.0,3711004.8,2243500.2,119152.296,430101.0,88230.919,,,,,,,,,,,,,,,,,,,,,,22.21,in compliance,207383.215,2030.0,No,No,No,No,No,No,,,11.113939322959773,4.012772908528289,15.126813233493797,12.24232364093356,0,5,0.6161745487120294,-0.05889348305868953,0.6161745487120294,-0.05889348305868953,0,5
48,100066,801106020.0,1850  condominium  trust,90 wareham st,boston,2118.0,90 wareham st,boston,2118.0,70831.0,,Multifamily Housing,Multifamily Housing (70831.0),63.6,9.0,4502151.3,234200.0,12438.362,1250865.0,256602.446,,,,,,,,,,,,,,,,,,,,,,29.32,in compliance,269040.808,2025.0,No,No,No,No,No,No,,,11.168052036959455,4.152613470346076,15.320065907169754,12.50261834968053,1,5,1.0379483623688255,0.21280381238025997,1.0379483623688255,0.21280381238025997,1,5
51,100071,2102480000.0,1955 comm ave llc,1955 commonwealth ave,boston,2135.0,1955 commonwealth av,boston,2135.0,48132.0,,Multifamily Housing,Multifamily Housing (48132.0),64.2,76.0,3090381.9,2085967.2,110785.718,124701.0,25581.163,,,,,,,,578934.9,42551.715,,,,,,,,,,,,,43.14,in compliance,178918.596,2025.0,No,No,No,No,No,No,,,10.781702515558052,4.162003210695915,14.943805233470048,12.094686210433501,0,5,0.21269427131965135,0.40014779383243765,0.21269427131965135,0.40014779383243765,0,5
56,100083,302807000.0,21 beacon condominium trust,21-23 beacon st,boston,2108.0,19  23 beacon st,boston,2108.0,131932.0,,Multifamily Housing,"Multifamily Housing (114886.0),Office (9422.0),Other - Restaurant/Bar (5742.0),Convenience Store without Gas Station (1882.0)",94.6,51.0,12486674.4,9570100.2,508268.022,854799.0,175353.467,,,,,,,,,,,,,,,,,,,,,,41.41,in compliance,683621.489,2025.0,No,No,No,No,No,No,,,11.790041917317227,4.549657476057832,16.3401725856392,13.435159664779238,1,1,3.0321680351470848,0.760139203889977,3.0321680351470848,0.760139203889977,1,1
57,100084,1704098000.0,2165 dot ave llc,2165 dorchester ave,boston,2124.0,2165 dorchester av,boston,2124.0,31200.0,,Multifamily Housing,Multifamily Housing (31200.0),55.5,91.0,1730231.4,,,107193.0,21989.572,,,,,,,,,,1364488.9,101258.721,,,,,,,,,,,42.58,in compliance,123248.293,2025.0,Yes,No,No,No,Yes,Yes,,,10.348173373797573,4.0163830207523885,14.363765714754695,11.721956241910446,0,6,-0.8280483994349276,0.30139651720104915,-0.8280483994349276,0.30139651720104915,0,6
58,100086,1100896020.0,225 centre street condominium trust,225 centre st,boston,2119.0,225 centre st,boston,2119.0,128924.0,19431.0,Multifamily Housing,"Multifamily Housing (112619.0),Parking (19431.0),Retail Store (16305.0)",57.7,87.0,7435635.2,4989987.4,265018.231,716778.4,147039.921,,,,,,,,,,,,,,,,,,,,,,32.29,in compliance,412058.152,2025.0,No,No,No,No,No,No,,,11.766978362441531,4.055257173514054,15.821794567986384,12.928919764002623,1,1,2.074982489202436,-0.25815406374327815,2.074982489202436,-0.25815406374327815,1,1
60,100088,1502982000.0,233 hancock llc,233 hancock st,boston,2125.0,233 hancock st,boston,2125.0,36160.0,,Multifamily Housing,Multifamily Housing (36160.0),39.0,54.0,1412015.3,,,413838.0,84894.727,,,,,,,,,,,,,,,,,,,,,,21.54,in compliance,84894.727,2025.0,Yes,No,No,No,Yes,Yes,,,10.495708814506113,3.6635616461296463,14.16052853267067,11.349167262007855,0,6,-1.2887463853249956,-0.5089489860058636,-1.2887463853249956,-0.5089489860058636,0,6
61,100090,401400000.0,24 haviland llc mass llc,24 haviland st,boston,2115.0,24 haviland st,boston,2115.0,25030.0,,Multifamily Housing,Multifamily Housing (25030.0),65.4,84.0,1637378.1,1275300.0,67731.183,106119.0,21769.252,,,,,,,,,,,,,,,,,,,,,,36.28,in compliance,89500.435,2025.0,I'm not sure,No,No,No,I'm not sure,I'm not sure,,,10.12783038442582,4.180522258463153,14.308606800972454,11.401998764586331,0,0,-1.183455723788683,0.7222678450346314,-1.183455723788683,0.7222678450346314,0,0
62,100091,2201898000.0,24-26 hichborn street llc,26 hichborn st,boston,2135.0,26  24 hichborn st,boston,2135.0,31532.0,8500.0,Multifamily Housing,"Multifamily Housing (31532.0),Parking (8500.0)",32.3,100.0,1018372.3,316500.0,16809.315,205707.0,42198.734,,,,,,,,,,,,,,,,,,,,,,38.7,in compliance,59008.049,2030.0,No,No,No,No,No,No,,,10.358758182179798,3.475067230228611,13.833716126326747,10.9854291373118,0,3,-1.957638190647424,-0.8437973899106734,-1.957638190647424,-0.8437973899106734,0,3
76,100108,2102565020.0,2life kurlat llc,28 wallingford rd,boston,2135.0,28 wallingford rd,boston,2135.0,187656.0,,Multifamily Housing,Multifamily Housing (187656.0),84.6,22.0,15880049.4,10544325.1,560009.106,1563811.0,320800.189,,,,,,,,,,,,,,,,,,,,,,54.04,in compliance,880809.295,2025.0,No,No,No,No,No,No,,,12.14236577847246,4.437934266612178,16.580574124609658,13.688596417241374,1,2,3.5827610304276836,0.3735642398936029,3.5827610304276836,0.3735642398936029,1,2
77,100109,2102565010.0,2life leventhal limited partnership,40 wallingford rd,boston,2135.0,40 wallingford rd,boston,2135.0,158387.0,,Multifamily Housing,Multifamily Housing (158387.0),80.2,25.0,12696464.0,7613382.0,404346.718,1489766.0,305610.597,,,,,,,,,,,,,,,,,,,,,,41.14,in compliance,709957.315,2025.0,No,No,No,No,No,No,,,11.972796684287408,4.384523514872469,16.356834087464478,13.472960127491925,1,1,3.128480670902918,0.33735295132771215,3.128480670902918,0.33735295132771215,1,1
78,100110,2102565015.0,2life unin limited partnership,30 wallingford rd,boston,2135.0,30 wallingford rd,boston,2135.0,140990.0,,Multifamily Housing,Multifamily Housing (140990.0),76.7,84.0,10817766.5,8539203.8,453517.114,667808.5,136994.236,,,,,,,,,,,,,,,,,,,,,,38.47,in compliance,590511.35,2025.0,No,No,No,No,No,No,,,11.856444244859407,4.33990170837321,16.196700386784187,13.288744135433987,1,1,2.7823809076501127,0.2941231374679614,2.7823809076501127,0.2941231374679614,1,1
86,100118,602761100.0,,319 a st,boston,2210.0,319 a st,boston,2210.0,22833.0,,Multifamily Housing,"Restaurant (1500.0),Multifamily Housing (21333.0)",52.4,66.0,1197211.2,6713.3,356.543,348915.0,71576.423,,,,,,,,,,,,,,,,,,,,,,28.07,in compliance,71932.966,2025.0,No,No,No,No,No,No,,,10.0359621369355,3.9589065913269965,13.995505410078966,11.183489936544856,0,6,-1.7195697531996856,0.30776631585918357,-1.7195697531996856,0.30776631585918357,0,6
87,100119,1102013000.0,,3193-3201 washington st,boston,2130.0,3193  3201 washington st,boston,2130.0,45710.0,4595.0,Multifamily Housing,"Multifamily Housing (45710.0),Parking (4595.0)",37.6,98.0,1719918.5,815800.0,43327.138,264982.0,54358.407,,,,,,,,,,,,,,,,,,,,,,27.92,in compliance,97685.545,2025.0,No,No,No,No,No,No,,,10.73007237132579,3.6270040503958487,14.357787463946062,11.489508874167669,0,6,-0.9009501102657315,-0.6919694872491999,-0.9009501102657315,-0.6919694872491999,0,6
88,100120,202160000.0,32 cambridge street llc,34 cambridge st,boston,2129.0,572 rutherford av,boston,2129.0,141620.0,0.0,Multifamily Housing,"Multifamily Housing (141620.0),Parking (34800.0)",39.2,73.0,5552299.9,1359300.0,72192.423,1228898.0,252096.136,,,,,,,,,,,,,,,,,,,,,,28.15,in compliance,324288.559,2025.0,I'm not sure,No,No,No,I'm not sure,I'm not sure,,,11.860902693205764,3.6686767467964168,15.52972279628054,12.689389012610492,1,4,1.5975896753842431,-1.1004969791684693,1.5975896753842431,-1.1004969791684693,1,4
91,100123,1102371010.0,,3190  3204 washington st,boston,2130.0,3190  3204 washington st,boston,2130.0,107000.0,12700.0,Multifamily Housing,"Restaurant (2588.0),Multifamily Housing (103352.0),Office (1060.0),Parking (12700.0)",24.9,96.0,2667054.7,,,781669.0,160351.579,,,,,,,,,,,,,,,,,,,,,,17.62,pending revisions,160351.579,2025.0,No,No,No,No,No,No,,,11.580584113444043,3.214867803470662,14.796485312890084,11.985124052282048,0,4,0.18407877822613586,-1.9198154193297128,0.18407877822613586,-1.9198154193297128,0,4
93,100125,1102589000.0,,3385-3389 washington st,boston,2130.0,3383 - 3389r washington st,boston,2130.0,27633.0,,Multifamily Housing,Multifamily Housing (27633.0),24.9,100.0,688865.9,373000.0,19810.03,92575.0,18990.836,,,,,,,,,,,,,,,,,,,,,,27.56,in compliance,38800.866,2030.0,No,No,No,No,No,No,,,10.226765989656345,3.214867803470662,13.442801901154535,10.566197844949915,0,3,-2.7386947374869117,-1.3291022508692052,-2.7386947374869117,-1.3291022508692052,0,3
105,100146,602642060.0,,399 congress st,boston,2210.0,399 congress st,boston,2210.0,481242.0,104003.0,Multifamily Housing,"Multifamily Housing (481242.0),Parking (104003.0)",42.2,83.0,20315852.9,7249376.7,385014.397,3829565.0,785596.964,,,,,,,,,,,,,,,,,,,,,,20.53,in compliance,1170611.361,2025.0,I'm not sure,No,No,No,I'm not sure,I'm not sure,,,13.084125541069337,3.742420221041966,16.826912070278517,13.973036701071505,1,2,4.322686049206645,-1.4855490108441598,4.322686049206645,-1.4855490108441598,1,2
113,100155,401737000.0,409 huntington llc,409 huntington ave,boston,2115.0,409 huntington av,boston,2115.0,39275.0,,Multifamily Housing,Multifamily Housing (39275.0),102.6,13.0,4028818.6,560933.9,29791.199,204337.0,41917.692,,,,,,,,2770687.0,203645.495,,,,,,,,,,,,,57.65,in compliance,275354.386,2025.0,No,No,No,No,No,No,,,10.578343463123822,4.630837932736669,15.208983739580841,12.525814223381634,0,5,0.7696227188802355,1.4765390613876286,0.7696227188802355,1.4765390613876286,0,5
119,100166,302347000.0,,44 prince st,boston,2113.0,44 prince st,boston,2113.0,56038.0,20000.0,Multifamily Housing,"Multifamily Housing (56038.0),Parking (20000.0)",62.7,75.0,3514728.7,2047848.5,108761.234,429918.0,88193.379,,,,,,,,,,,,,,,,,,,,,,23.65,in compliance,196954.613,2025.0,No,No,No,No,No,No,,,10.933785311020364,4.138361447638875,15.072472896748813,12.19072859031313,0,5,0.46847743643652,0.28192906250280875,0.46847743643652,0.28192906250280875,0,5
121,100168,304705000.0,45 province condominum,45 province st,boston,2108.0,27  47 province st,boston,2108.0,206590.0,69029.0,Multifamily Housing,"Restaurant (3997.0),Pre-school/Daycare (6886.0),Multifamily Housing (195707.0),Swimming Pool (0.0),Parking (69029.0)",80.7,26.0,16676070.2,9352406.5,496706.309,2146443.0,440321.317,,,,,,,,,,,,,,,,,,,,,,30.06,in compliance,937027.626,2025.0,No,No,No,No,No,No,,,12.238491431785674,4.390738575275903,16.629485327616564,13.750468044243775,1,2,3.7089278485205543,0.23394085094987432,3.7089278485205543,0.23394085094987432,1,2
125,100172,801108000.0,,46-76 wareham st,boston,2118.0,46 wareham st,boston,2118.0,56112.0,13540.0,Multifamily Housing,"Multifamily Housing (56112.0),Parking (13540.0)",49.1,,2757075.8,1196427.0,63542.238,457400.0,93831.036,,,,,,,,,,,,,,,,,,,,,,11.52,in compliance,157373.274,2030.0,No,No,No,No,No,No,,,10.935104972379959,3.893859034800475,14.829681183280512,11.966375803852033,0,4,0.03242218215860742,-0.22629113494444714,0.03242218215860742,-0.22629113494444714,0,4
127,100174,503899000.0,,475 commonwealth ave,boston,2215.0,475 commonwealth av,boston,2215.0,45976.0,,Multifamily Housing,"Multifamily Housing (38650.0),Office (7326.0)",36.9,95.0,1695530.4,840909.7,44660.714,250475.0,51382.442,,,,,,,,,,,,,,,,,,,,,,22.67,in compliance,96043.156,2025.0,No,No,No,No,No,No,,,10.735874800187577,3.6082115510464816,14.343506170201307,11.472552911103056,0,6,-0.9272574899119324,-0.7340123979872178,-0.9272574899119324,-0.7340123979872178,0,6
130,100177,700176000.0,,486-490 dorchester ave,boston,2127.0,488 dorchester av,boston,2127.0,39653.0,7896.0,Multifamily Housing,"Multifamily Housing (37542.0),Parking (7896.0),Retail Store (2111.0)",35.7,,1414996.0,662800.0,35201.308,220456.0,45224.344,,,,,,,,,,,,,,,,,,,,,,23.65,in compliance,80425.652,2030.0,Yes,No,No,No,Yes,Yes,,,10.587921886243642,3.5751506887855933,14.162637262200356,11.29508845900629,0,6,-1.3000442901612868,-0.7375451931668701,-1.3000442901612868,-0.7375451931668701,0,6
131,100178,1000036000.0,49 worthington street boston llc,49 worthington st,boston,2120.0,49 worthington st,boston,2120.0,26125.0,,Multifamily Housing,Multifamily Housing (26125.0),79.2,94.0,2067901.8,1748221.3,92848.033,93693.0,19220.182,,,,,,,,,,,,,,,,,,,,,,53.22,in compliance,112068.215,2025.0,No,No,No,No,No,No,,,10.170647989267112,4.37197629882038,14.542045027989754,11.626863027373945,0,0,-0.7453649349160356,1.1012617028786102,-0.7453649349160356,1.1012617028786102,0,0
134,100181,401567000.0,50 symphony  llc,50 symphony rd,boston,2115.0,50  44 symphony rd,boston,2115.0,24500.0,4500.0,Multifamily Housing,"Multifamily Housing (24500.0),Parking (4500.0)",38.6,94.0,945453.5,458827.2,24368.313,142622.0,29257.477,,,,,,,,,,,,,,,,,,,,,,19.08,in compliance,53625.79,2030.0,No,No,No,No,No,No,,,10.106428396532818,3.653252276470785,13.759419985543389,10.889785388056536,0,3,-2.1793165022714023,-0.36344501064792195,-2.1793165022714023,-0.36344501064792195,0,3
137,100185,2003386000.0,,5165 washington st,boston,2132.0,5169 washington st,boston,2132.0,39225.0,12000.0,Multifamily Housing,"Multifamily Housing (39225.0),Parking (12000.0)",20.6,,807388.6,230381.7,12235.572,169111.0,34691.431,,,,,,,,,,,,,,,,,,,,,,0.28,pending revisions,46927.003,2030.0,I'm not sure,No,No,No,I'm not sure,I'm not sure,,,10.577069577601234,3.0252910757955354,13.601560367905707,10.75634854567958,0,3,-2.3257852368959067,-1.875877403168475,-2.3257852368959067,-1.875877403168475,0,3
140,100188,601509010.0,5514 d street 320 boston llc,320 d st,boston,2127.0,320 d st,boston,2127.0,259607.0,0.0,Multifamily Housing,"Multifamily Housing (259607.0),Parking (89250.0)",37.2,96.0,9658489.4,5415500.1,287617.21,1243549.0,255101.642,,,,,,,,,,,,,,,,,,,,,,21.84,in compliance,542718.852,2025.0,No,No,No,No,No,No,,,12.466924228009397,3.616308761279101,16.08334781714898,13.204346696872157,1,2,2.759532963810287,-1.4784863599918572,2.759532963810287,-1.4784863599918572,1,2
141,100189,601520004.0,5515 d street 339 boston llc,339 d st,boston,2127.0,339 d st,boston,2127.0,41760.0,8400.0,Multifamily Housing,"Multifamily Housing (41760.0),Parking (8400.0)",24.7,100.0,1033125.4,519500.0,27590.645,150535.0,30880.75,,,,,,,,,,,,,,,,,,,,,,35.57,in compliance,58471.395,2030.0,No,No,No,No,No,No,,,10.639694222556521,3.2068032436339315,13.848099134732184,10.976292939274026,0,3,-1.8724706764558205,-1.5270056873919962,-1.8724706764558205,-1.5270056873919962,0,3
142,100190,2202338000.0,"5521 - 4, 8, 12 elko street",4-12 elko st,boston,2135.0,4  12 elko st,boston,2135.0,36294.0,,Multifamily Housing,Multifamily Housing (36294.0),61.5,92.0,2230517.5,2127466.5,112989.746,30202.5,6195.741,,,,,,,,,,,,,,,,,,,,,,30.32,in compliance,119185.487,2025.0,No,No,No,No,No,No,,,10.49940771733497,4.119037174812473,14.617744179294169,11.68843627284514,0,0,-0.5260555449820371,0.42928539066858323,-0.5260555449820371,0.42928539066858323,0,0
143,100192,701483000.0,5528-1410 columbia road  boston llc,1410 columbia rd,boston,2127.0,423  435 e eighth st,boston,2127.0,147560.0,,Multifamily Housing,Multifamily Housing (147560.0),65.1,62.0,9599329.3,5560482.2,295317.21,1183718.0,242827.911,,,,,,,,,,,,,,,,,,,,,,20.95,in compliance,538145.121,2025.0,No,No,No,No,No,No,,,11.901990151710612,4.175924549214524,16.07720378941409,13.195883544405875,1,1,2.593263937661494,-0.06559078046107332,2.593263937661494,-0.06559078046107332,1,1
144,100193,501221000.0,5538-12-14 commonwealth avenue boston ma llc,12-14 commonwealth ave,boston,2116.0,12  14 commonwealth av,boston,2116.0,38080.0,,Multifamily Housing,Multifamily Housing (38080.0),38.7,91.0,1474394.1,244006.4,12959.18,360606.0,73974.715,,,,,,,,,,,,,,,,,,,,,,9.02,in compliance,86933.895,2025.0,No,No,No,No,No,No,,,10.5474444889053,3.655839600035736,14.203757683701964,11.372903281235224,0,6,-1.208508455883255,-0.5491925120849884,-1.208508455883255,-0.5491925120849884,0,6
161,100211,501413000.0,66 beacon street holdings  llc,65-66h beacon st,boston,2108.0,65 66h beacon st,boston,2108.0,28800.0,,Multifamily Housing,"Multifamily Housing (21637.0),Retail Store (7163.0)",95.4,,2748584.8,2011500.1,106830.77,216027.1,44315.799,,,,,,,,,,,,,,,,,,,,,,27.49,in compliance,151146.569,2030.0,No,No,No,No,No,No,,,10.268130666124037,4.558078578454241,14.826596718999552,11.926005300644645,0,0,-0.18158769948664888,1.446917091995448,-0.18158769948664888,1.446917091995448,0,0
169,100220,402600000.0,715-725 tremont street condominium trust,725-743 tremont st,boston,2118.0,725 tremont st,boston,2118.0,133677.0,,Multifamily Housing,Multifamily Housing (133677.0),46.8,90.0,6253312.0,4825212.5,256267.036,418552.0,85861.757,,,,,,,,,,,,,,,,,,,,,,28.56,in compliance,342128.793,2025.0,Yes,No,No,No,Yes,Yes,,,11.803181721365751,3.845883202923601,15.648621801354565,12.742942532872682,1,1,1.7547457784159102,-0.7107465156114872,1.7547457784159102,-0.7107465156114872,1,1
171,100223,402660000.0,715-725 tremont street condominium trust,705-723 tremont st,boston,2118.0,715 tremont st,boston,2118.0,133677.0,,Multifamily Housing,Multifamily Housing (133677.0),44.1,90.0,5888658.4,4349529.1,231003.491,451093.0,92537.218,,,,,,,,,,,,,,,,,,,,,,28.04,in compliance,323540.709,2025.0,Yes,No,No,No,Yes,Yes,,,11.803181721365751,3.7864597824528,15.58853875379156,12.687080224264111,1,1,1.6468004491473844,-0.834254222846376,1.6468004491473844,-0.834254222846376,1,1
172,100224,603516010.0,726-734 e broadway realty llc,728-734a e broadway,boston,2127.0,726  728 e broadway,boston,2127.0,42924.0,1400.0,Multifamily Housing,"Restaurant (8000.0),Multifamily Housing (30524.0),Office (4400.0),Parking (1400.0)",86.3,,3703506.2,3095160.3,164383.964,178296.0,36575.641,,,,,,,,,,,,,,,,,,,,,,22.46,in compliance,200959.605,2030.0,No,No,No,No,No,No,,,10.667186389047018,4.457829598089382,15.124790550526155,12.210859196694752,0,5,0.4696941663424611,1.0618491519019042,0.4696941663424611,1.0618491519019042,0,5
174,100227,1101200015.0,75 amory avenue apartments llc,75 amory av,boston,2119.0,75 amory av,boston,2119.0,46387.0,,Multifamily Housing,Multifamily Housing (46387.0),36.3,88.0,1685070.5,662552.1,35188.142,299683.0,61476.971,,,,,,,,,,,,,,,,,,,,,,35.93,in compliance,96665.113,2025.0,No,No,No,No,No,No,,,10.74477452654493,3.591817741270805,14.337317960655952,11.479007840751592,0,6,-0.9276100832192044,-0.7710009000650819,-0.9276100832192044,-0.7710009000650819,0,6
179,100233,801401300.0,761 harrison church llc,761 harrison av,boston,2118.0,761 harrison av,boston,2118.0,54426.0,1725.0,Multifamily Housing,"Multifamily Housing (54426.0),Parking (1725.0)",77.1,17.0,4193924.9,1035936.1,55018.566,925553.6,189868.066,,,,,,,,,,,,,,,,,,,,,,51.44,pending revisions,244886.632,2025.0,No,No,No,No,No,No,,,10.904597259843,4.345103280569283,15.249147583750537,12.408550655905294,1,5,0.8181109785020098,0.7277308906565912,0.8181109785020098,0.7277308906565912,1,5
187,100243,304981010.0,88  hudson street  leasehold,88 hudson st,boston,2111.0,88 hudson st,boston,2111.0,59992.0,,Multifamily Housing,Multifamily Housing (59992.0),39.7,98.0,2382331.1,1494965.5,79397.618,260072.0,53351.17,,,,,,,,,,,,,,,,,,,,,,26.62,in compliance,132748.788,2025.0,No,No,No,No,No,No,,,11.001966498981226,3.681351187693145,14.683590020077292,11.796213809119005,0,4,-0.2373550516776103,-0.6997071937358061,-0.2373550516776103,-0.6997071937358061,0,4
189,100246,500697000.0,9 appleton place condominium,49-55 berkeley st,boston,2116.0,9 appleton st,boston,2116.0,32080.0,,Multifamily Housing,"Multifamily Housing (24480.0),Supermarket/Grocery Store (7600.0)",28.6,100.0,917830.0,72200.0,3834.542,247840.0,50841.898,,,,,,,,,,,,,,,,,,,,,,24.48,in compliance,54676.44,2025.0,No,No,No,No,No,No,,,10.37598806198045,3.353406717825807,13.729767467268548,10.909188182646703,0,3,-2.125490498116066,-1.102675204817116,-2.125490498116066,-1.102675204817116,0,3
191,100248,502557000.0,92 beacon street condominiun,92 beacon st,boston,2108.0,92 beacon st,boston,2108.0,23400.0,,Multifamily Housing,Multifamily Housing (23400.0),49.3,97.0,1152744.6,941900.0,50024.309,61795.0,12676.626,,,,,,,,,,,,,,,,,,,,,,15.24,in compliance,62700.935,2030.0,I'm not sure,No,No,No,I'm not sure,I'm not sure,,,10.060491301345794,3.8979240810486444,13.957656265607753,11.046131638790527,0,6,-1.8549558319242234,0.16314692646932472,-1.8549558319242234,0.16314692646932472,0,6
193,100250,604486000.0,945 east broadway,945-947 e broadway,boston,2127.0,945 e broadway,boston,2127.0,20975.0,9350.0,Multifamily Housing,"Multifamily Housing (20975.0),Parking (9350.0)",35.8,,751334.6,190900.0,10138.699,164254.0,33695.066,,,,,,,,,,,,,,,,,,,,,,15.41,in compliance,43833.765,2030.0,No,No,No,No,No,No,,,9.951086531335408,3.5779478934066544,13.529606370804077,10.688159689792101,0,3,-2.626982126942117,-0.44989092359415883,-2.626982126942117,-0.44989092359415883,0,3
202,100260,300465000.0,a l house lp mass lp,65 martha rd,boston,2114.0,65 martha rd,boston,2114.0,131933.0,,Multifamily Housing,Multifamily Housing (131933.0),64.1,52.0,8459735.5,4869414.0,258614.578,1052263.0,215861.232,,,,,,,,,,,,,,,,,,,,,,42.07,in compliance,474475.81,2025.0,No,No,No,No,No,No,,,11.79004949695075,4.160444363926624,15.950828466318239,13.069965915753672,1,1,2.3286886208374638,-0.04842001583160632,2.3286886208374638,-0.04842001583160632,1,1
203,100261,1905052050.0,a.o. flats at forest hills  llc,93  95 hyde park av,boston,2130.0,93  95 hyde park av,boston,2130.0,61830.0,14700.0,Multifamily Housing,"Multifamily Housing (60168.0),Parking (14700.0),Retail Store (1662.0)",57.4,,3550090.5,1533278.4,81432.416,591093.8,121256.982,,,,,,,,,,,,,,,,,,,,,,43.97,in compliance,202689.398,2025.0,No,No,No,No,No,No,,,11.032143962552615,4.050044303325521,15.082483654084404,12.219430027174809,0,5,0.527380740544732,0.05611203935276935,0.527380740544732,0.05611203935276935,0,5
206,100264,1811776000.0,,1409 river st,boston,2136.0,1409 river st,boston,2136.0,22540.0,0.0,Multifamily Housing,"Multifamily Housing (22540.0),Parking (19200.0)",85.2,42.0,1919598.2,1348600.0,71624.146,167350.0,34330.179,,,,,,,,,,,,,,,,,,,,,,29.01,pending revisions,105954.325,2030.0,I'm not sure,No,No,No,I'm not sure,I'm not sure,,,10.023046787593767,4.44500143383527,14.467626451270435,11.570763384005334,0,0,-0.9100290680382932,1.3193998863790528,-0.9100290680382932,1.3193998863790528,0,0
214,100272,1100916001.0,academy homes urban edge lps,1596  1590 columbus av,boston,2119.0,1596  1590 columbus av,boston,2119.0,234459.0,,Multifamily Housing,Multifamily Housing (234459.0),83.4,68.0,19560677.2,16323944.4,866964.687,948632.1,194602.389,,,,,,,,,,,,,,,,,,,,,,60.28,in compliance,1061567.076,2025.0,I'm not sure,No,No,No,I'm not sure,I'm not sure,,,12.365036011496874,4.423648309364701,16.78903184364852,13.875256747954774,1,2,4.013463563822844,0.24449746123149696,4.013463563822844,0.24449746123149696,1,2
215,100294,305484010.0,acdc oak terrace apartments  llc,882-892 washington st,boston,2111.0,888 washington st,boston,2111.0,110244.0,,Multifamily Housing,Multifamily Housing (110244.0),34.0,97.0,3749663.0,2133019.9,113284.687,473811.0,97197.589,,,,,,,,,,,,,,,,,,,,,,23.31,pending revisions,210482.276,2025.0,No,No,No,No,No,No,,,11.610451370059467,3.5263605246161616,15.137176527241676,12.257156729034653,1,4,0.7734554123014757,-1.289279289494308,0.7734554123014757,-1.289279289494308,1,4
226,100306,1801010000.0,adams court llc mass llc,415 river st,boston,2126.0,415 river st,boston,2126.0,31312.0,,Multifamily Housing,Multifamily Housing (31312.0),50.4,88.0,1577619.5,1208932.4,64206.4,108056.0,22166.608,0.0,,,,,,,,,,,,,,,,,,,,,42.63,in compliance,86373.008,2025.0,I'm not sure,No,No,No,I'm not sure,I'm not sure,,,10.351756689635858,3.919991175077323,14.271427623301784,11.36643049857538,0,6,-1.190059376056058,0.08155808074751562,-1.190059376056058,0.08155808074751562,0,6
236,100317,1603457000.0,adams st village llc mass llc,725 adams st,boston,2124.0,725 adams st,boston,2124.0,34705.0,,Multifamily Housing,Multifamily Housing (34705.0),48.5,94.0,1682847.1,1265504.8,67210.96,122316.0,25091.904,,,,,,,,,,,,,,,,,,,,,,56.71,in compliance,92302.864,2025.0,No,No,No,No,No,No,,,10.454639047773684,3.8815637979434374,14.335997619372659,11.432830449261983,0,6,-1.041217104478415,-0.04351172358619512,-1.041217104478415,-0.04351172358619512,0,6
240,100322,502539000.0,aida caspi glasser trust,128 chestnut st,boston,2108.0,128 chestnut st,boston,2108.0,21960.0,,Multifamily Housing,Multifamily Housing (21960.0),78.1,79.0,1715986.0,,,50277.0,10313.824,,,,,,,,,,1544440.9,114612.959,,,,,,,,,,,16.89,in compliance,124926.783,2030.0,I'm not sure,No,No,No,I'm not sure,I'm not sure,,,9.996977895623466,4.35799005684564,14.355498400488605,11.735483108674092,0,0,-0.9234514403904855,1.1684965298097414,-0.9234514403904855,1.1684965298097414,0,0
241,100323,301560010.0,aimco one canal street llc,1 canal st,boston,2114.0,1 canal st,boston,2114.0,393142.0,0.0,Multifamily Housing,"Multifamily Housing (358914.0),Supermarket/Grocery Store (34228.0),Electric Vehicle Charging Station (0.0),Parking (59465.0),Swimming Pool (0.0)",64.9,66.0,25524310.2,10518900.4,558658.8,4397834.0,902171.667,,,,,,,,,,,,,,,,,,,,,,23.9,in compliance,1460830.467,2025.0,No,No,No,No,No,No,,,12.881926148745123,4.1728476237100445,17.055141897164038,14.194515644985415,1,2,4.685537422138899,-0.5011775414023893,4.685537422138899,-0.5011775414023893,1,2
242,100333,2200716000.0,,16 lawrence st,boston,2135.0,27  33 school st,boston,2135.0,113582.0,,Multifamily Housing,Multifamily Housing (113582.0),83.1,49.0,9437244.3,7210300.1,382939.038,652680.0,133890.775,,,,,,,,,,,,,,,,,,,,,,26.48,in compliance,516829.813,2025.0,No,No,No,No,No,No,,,11.640280322010323,4.420044701861403,16.06017457813263,13.155468917480157,1,1,2.4733355417971175,0.5561012728666238,2.4733355417971175,0.5561012728666238,1,1
246,100337,801219000.0,,603 albany st,boston,2118.0,603 albany st,boston,2118.0,56610.0,,Multifamily Housing,Multifamily Housing (56610.0),48.4,63.0,2740564.4,1430499.7,75973.839,383958.0,78765.144,,,,,,,,,,,,,,,,,,,,,,31.82,in compliance,154738.983,2025.0,I'm not sure,No,No,No,I'm not sure,I'm not sure,,,10.943940927030706,3.879499813722586,14.823674442553633,11.949494995766997,0,4,0.01596784652862059,-0.26086834544490656,0.01596784652862059,-0.26086834544490656,0,4
251,100344,2003590000.0,allandale condo trust,200 allandale st,boston,2467.0,200  232 allandale rd,boston,2467.0,283083.0,,Multifamily Housing,Multifamily Housing (283083.0),40.5,93.0,11454823.8,8834199.7,469184.346,768061.0,157560.034,,,,,,,,,,,,,,,,,,,,,,15.76,in compliance,626744.38,2025.0,No,No,No,No,No,No,,,12.55349541984446,3.7013019741124933,16.25392149182214,13.348294049087636,1,2,3.079987342088444,-1.341563282278262,3.079987342088444,-1.341563282278262,1,2
257,100365,602877000.0,,11 dorchester st,boston,2127.0,11 dorchester st,boston,2127.0,42760.0,5000.0,Multifamily Housing,"Restaurant (2500.0),Multifamily Housing (40260.0),Parking (5000.0)",83.9,1.0,3589218.1,1935199.9,102778.467,484765.0,99444.692,,,,,,,,,,,,,,,,,,,,,,20.85,in compliance,202223.159,2025.0,No,No,No,No,No,No,,,10.663358365138981,4.429625613473161,15.093444937299822,12.217127114123612,0,5,0.4377288136178281,1.0074567730495942,0.4377288136178281,1.0074567730495942,0,5
261,100369,703574000.0,alvan-mora llc,1258-1272 massachusetts ave,boston,2125.0,1272  1258 massachusetts av,boston,2125.0,37586.0,6000.0,Multifamily Housing,"Multifamily Housing (37586.0),Parking (10500.0)",74.3,61.0,2793267.1,1681958.2,89328.8,325706.0,66815.329,,,,,,,,,,,,,,,,,,,,,,27.8,in compliance,156144.129,2025.0,No,No,No,No,No,No,,,10.534386919616546,4.308110951723713,14.842722472291857,11.958534763541369,0,5,-0.06734320270637166,0.8106458114599411,-0.06734320270637166,0.8106458114599411,0,5
269,100379,1101519000.0,amiff housing associates,64-72 iffley rd,boston,2130.0,64  72 iffley rd,boston,2130.0,27844.0,,Multifamily Housing,Multifamily Housing (27844.0),12.1,,336621.1,,,98658.0,20238.702,,,,,,,,,,,,,,,,,,,,,,33.74,in compliance,20238.702,2030.0,No,No,No,No,No,No,C10055,,10.234372782288558,2.4932054526026954,12.72671324445451,9.915351990910175,0,7,-4.014598408885407,-2.830528945712104,-4.014598408885407,-2.830528945712104,0,7
270,100381,1101519000.0,amiff housing associates,451 walnut ave,boston,2130.0,64  72 iffley rd,boston,2130.0,23012.0,,Multifamily Housing,Multifamily Housing (23012.0),10.6,,244534.6,,,71669.0,14702.179,,,,,,,,,,,,,,,,,,,,,,71.15,in compliance,14702.179,2030.0,No,No,No,No,No,No,C10055,,10.043771097983184,2.3608540011180215,12.407112091177435,9.595750993074173,0,7,-4.659694575563523,-3.0217347554555034,-4.659694575563523,-3.0217347554555034,0,7
271,100382,1404242000.0,amiff housing associates,70-74 american legion hwy,boston,2124.0,70  74 american legion hw,boston,2124.0,29440.0,,Multifamily Housing,Multifamily Housing (29440.0),8.9,,260867.9,,,76456.0,15684.184,,,,,,,,,,,,,,,,,,,,,,,in compliance,15684.184,2030.0,No,No,No,No,No,No,C10004,,10.290109572842812,2.186051276738094,12.471769427909473,9.660408095044502,0,7,-4.470242564286093,-3.494912584586647,-4.470242564286093,-3.494912584586647,0,7
272,100383,1404246000.0,amiff housing associates,64-68 american legion hwy,boston,2124.0,64  68 american legion hw,boston,2124.0,22748.0,,Multifamily Housing,Multifamily Housing (22748.0),10.6,100.0,240238.9,,,70410.0,14443.907,,,,,,,,,,,,,,,,,,,,,,,in compliance,14443.907,2030.0,No,No,No,No,No,No,C10004,,10.03223250842669,2.3608540011180215,12.389389123892151,9.578027943716968,0,7,-4.6931846955191805,-3.0175992159324836,-4.6931846955191805,-3.0175992159324836,0,7
273,100384,1102238010.0,amory foundary studios condo,83-85 brookside ave,boston,2130.0,83  89 brookside av,boston,2130.0,50882.0,,Multifamily Housing,Multifamily Housing (50882.0),51.1,41.0,2597588.1,1906716.1,101265.692,202483.0,41537.363,,,,,,,,,,,,,,,,,,,,,,17.58,in compliance,142803.055,2030.0,No,No,No,No,No,No,,,10.837264505417558,3.933784497209659,14.770093918608447,11.869221722216205,0,6,-0.1312380640845828,-0.1029573077138585,-0.1312380640845828,-0.1029573077138585,0,6
276,100391,1101202010.0,amory terrace,20 amory ave,boston,2119.0,10  20 amory av,boston,2119.0,78910.0,0.0,Multifamily Housing,"Multifamily Housing (78910.0),Parking (8500.0)",45.5,92.0,3589095.2,2015300.0,107032.583,461253.0,94621.44,,,,,,,,,,,,,,,,,,,,,,50.93,in compliance,201654.023,2025.0,I'm not sure,No,No,No,I'm not sure,I'm not sure,,,11.27606324151508,3.817712325956905,15.093410695272516,12.214308750511632,1,4,0.6024786846737783,-0.5358885963209848,0.6024786846737783,-0.5358885963209848,1,4
282,100400,502186000.0,anderson park apartments llc,248-270 cambridge st,boston,2114.0,8 anderson st,boston,2114.0,72450.0,,Multifamily Housing,Multifamily Housing (72450.0),77.3,42.0,5601146.1,3927560.2,208592.722,490500.0,100621.17,,,,,,,,,,,,,,,,,,,,,,25.57,in compliance,309213.892,2025.0,No,No,No,No,No,No,,,11.190651947748828,4.3476939555933765,15.538481795479516,12.641788523534775,1,5,1.3905989874361302,0.6037198121021093,1.3905989874361302,0.6037198121021093,1,5
293,100413,1904600000.0,arborview place condo trust,391 hyde park ave,boston,2131.0,391 hyde park av,boston,2131.0,37056.0,19113.0,Multifamily Housing,"Multifamily Housing (37056.0),Parking (19113.0)",42.3,100.0,1567188.8,1144500.0,60784.395,123883.0,25413.359,,,,,,,,,,,,,,,,,,,,,,20.41,in compliance,86197.754,2030.0,No,No,No,No,No,No,,,10.520185560932667,3.744787086052232,14.264793999083613,11.364399400627875,0,6,-1.1532758968500019,-0.3568373527817615,-1.1532758968500019,-0.3568373527817615,0,6
295,100415,2100704010.0,arcand family/allston llc,442  446 cambridge st,boston,2134.0,442  446 cambridge st,boston,2134.0,61448.0,,Multifamily Housing,Multifamily Housing (61448.0),14.6,100.0,899009.3,138638.3,7363.08,222852.0,45715.859,,,,,,,,,,,,,,,,,,,,,,15.56,pending revisions,53078.939,2025.0,I'm not sure,No,No,No,I'm not sure,I'm not sure,,,11.025946567678519,2.681021528714291,13.709048658227836,10.879535499550059,0,3,-1.9944215127025462,-2.7882994377591213,-1.9944215127025462,-2.7882994377591213,0,3
326,100452,301570001.0,asn avenir llc (lessee),89  183 canal st,boston,2114.0,89  183 canal st,boston,2114.0,388000.0,44530.0,Multifamily Housing,"Personal Services (Health/Beauty, Dry Cleaning, etc) (6600.0),Restaurant (2692.0),Multifamily Housing (367288.0),Parking (44530.0),Retail Store (11420.0)",34.7,94.0,13468372.5,5522063.5,293276.792,2328930.0,477756.7,,,,,,,,,,,,,,,,,,,,,,20.89,in compliance,771033.492,2025.0,No,No,No,No,No,No,,,12.86876061860541,3.5467396869528134,16.41585471703328,13.555487091290706,1,2,3.4980809186127555,-1.7986370400349072,3.4980809186127555,-1.7986370400349072,1,2
329,100457,401476000.0,astor assets inc,70 burbank st,boston,2115.0,70  64 burbank st,boston,2115.0,35000.0,,Multifamily Housing,Multifamily Housing (35000.0),66.3,59.0,2320108.0,1697424.8,90150.231,182498.0,37437.64,,,,,,,,,,,,,,,,,,,,,,43.86,in compliance,127587.871,2025.0,No,No,No,No,No,No,,,10.46310334047155,4.194189897191817,14.657124294283133,11.756560590515893,0,0,-0.44225111967345787,0.6036885272807923,-0.44225111967345787,0.6036885272807923,0,0
330,100459,1602975000.0,,3-9 monsignor patrick j. lydon way,boston,2124.0,1842  1840 dorchester av,boston,2124.0,20236.0,,Multifamily Housing,Multifamily Housing (20236.0),65.5,,1325408.6,910100.0,48335.411,121720.0,24969.641,,,,,,,,,,,,,,,,,,,,,,18.3,in compliance,73305.052,2030.0,No,No,No,No,No,No,,,9.915218475411827,4.182050142641207,14.097231347222426,11.202384807737095,0,0,-1.6240543903392677,0.8196494887531143,-1.6240543903392677,0.8196494887531143,0,0
331,100460,1601116000.0,,445-447 adams st,boston,2122.0,445  447 adams st,boston,2122.0,28448.0,,Multifamily Housing,Multifamily Housing (28448.0),62.1,64.0,1765317.6,1378059.0,73188.713,113499.0,23283.185,,,,,,,,,,,,,,,,,,,,,,27.6,in compliance,96471.898,2030.0,No,No,No,No,No,No,,,10.255833138313632,4.128745988939433,14.383841175504449,11.47700703248127,0,6,-1.0090899357098766,0.5580642883904767,-1.0090899357098766,0.5580642883904767,0,6
332,100461,500815020.0,,503-521 tremont st,boston,2116.0,505 tremont st,boston,2116.0,390720.0,49280.0,Multifamily Housing,"Multifamily Housing (362230.0),Performing Arts (28490.0),Parking (49280.0)",59.8,23.0,23357526.8,10964965.4,582349.312,3632052.0,745079.147,,,,,,,,,,,,,,,,,,,,,,18.11,in compliance,1327428.459,2025.0,I'm not sure,No,No,No,I'm not sure,I'm not sure,,,12.875746469904477,4.091005660956586,16.966429837031658,14.098754139120606,1,2,4.514687039122248,-0.6693960534896881,4.514687039122248,-0.6693960534896881,1,2
333,100463,1809798002.0,atj neponset i lp mass lp,75-77 sierra rd,boston,2136.0,75  77 sierra rd,boston,2136.0,28832.0,,Multifamily Housing,Multifamily Housing (28832.0),40.4,75.0,1165193.6,,,223042.0,45754.836,,,,,,,,,,404174.3,29993.775,,,,,,,,,,,38.31,in compliance,75748.611,2030.0,No,No,No,No,No,No,,,10.269241160408065,3.6988297849671046,13.96839781143304,11.235175386569834,0,6,-1.6488446974331812,-0.33088045196669774,-1.6488446974331812,-0.33088045196669774,0,6
334,100464,1809798003.0,atj neponset i lp mass lp,85-87 sierra rd,boston,2136.0,85  87 sierra rd,boston,2136.0,28832.0,,Multifamily Housing,Multifamily Housing (28832.0),36.5,88.0,1052243.3,,,185752.0,38105.165,,,,,,,,,,418457.5,31053.731,,,,,,,,,,,43.57,in compliance,69158.896,2030.0,No,No,No,No,No,No,,,10.269241160408065,3.597312260588446,13.866434919304396,11.144161976685433,0,3,-1.82954164869764,-0.5415234921476585,-1.82954164869764,-0.5415234921476585,0,3
335,100465,1809801000.0,atj neponset i lp mass lp,276-278 neponset valley pkwy,boston,2136.0,278  276 neponset valley pw,boston,2136.0,28832.0,,Multifamily Housing,Multifamily Housing (28832.0),36.5,85.0,1053609.5,,,201271.0,41288.733,,,,,,,,,,366872.9,27225.638,,,,,,,,,,,38.31,in compliance,68514.371,2030.0,No,No,No,No,No,No,,,10.269241160408065,3.597312260588446,13.86773244607519,11.13479879786673,0,3,-1.8354248681160636,-0.5420436889805692,-1.8354248681160636,-0.5420436889805692,0,3
336,100466,1809802000.0,atj neponset i lp mass lp,270-272 neponset valley pkwy,boston,2136.0,272  270 neponset valley pw,boston,2136.0,28832.0,,Multifamily Housing,Multifamily Housing (28832.0),45.8,65.0,1319663.4,,,231230.0,47434.522,,,,,,,,,,530706.7,39383.744,,,,,,,,,,,60.39,in compliance,86818.266,2030.0,No,No,No,No,No,No,,,10.269241160408065,3.824284091120139,14.092887262044526,11.371572316297534,0,6,-1.409206340027818,-0.06908930812573326,-1.409206340027818,-0.06908930812573326,0,6
337,100467,1809783000.0,atj neponset ii lps,70-72 sierra rd,boston,2136.0,72  70 sierra rd,boston,2136.0,28832.0,,Multifamily Housing,Multifamily Housing (28832.0),34.4,88.0,991245.3,,,197517.0,40518.637,,,,,,,,,,317317.2,23548.109,,,,,,,,,,,32.22,in compliance,64066.746,2030.0,No,No,No,No,No,No,,,10.269241160408065,3.5380565643793527,13.806717310431933,11.067680725142898,0,3,-1.9521793079599705,-0.6660627688514063,-1.9521793079599705,-0.6660627688514063,0,3
338,100468,1809784000.0,atj neponset ii lps,60-62 sierra rd,boston,2136.0,62  60 sierra rd,boston,2136.0,28832.0,,Multifamily Housing,Multifamily Housing (28832.0),41.7,73.0,1202439.2,,,225238.0,46205.323,,,,,,,,,,433927.2,32201.738,,,,,,,,,,,45.99,in compliance,78407.061,2030.0,No,No,No,No,No,No,,,10.269241160408065,3.730501128804756,13.999862718353224,11.26966926605851,0,6,-1.5882765910396655,-0.2647832717779947,-1.5882765910396655,-0.2647832717779947,0,6
339,100469,1809785000.0,atj neponset iii lp,30-42 sierra rd,boston,2136.0,42  30 sierra rd,boston,2136.0,28832.0,,Multifamily Housing,Multifamily Housing (28832.0),39.7,79.0,1143242.2,,,193607.0,39716.54,,,,,,,,,,482655.1,35817.835,,,,,,,,,,,46.57,in compliance,75534.375,2025.0,No,No,No,No,No,No,,,10.269241160408065,3.681351187693145,13.949378818842314,11.232343129633671,0,6,-1.671661171025049,-0.36640775683337995,-1.671661171025049,-0.36640775683337995,0,6
340,100470,1809785000.0,atj neponset iii lp,40 sierra rd,boston,2136.0,42  30 sierra rd,boston,2136.0,28832.0,,Multifamily Housing,Multifamily Housing (28832.0),40.9,76.0,1178762.1,,,216883.0,44491.379,,,,,,,,,,438757.3,32560.179,,,,,,,,,,,53.72,in compliance,77051.558,2025.0,No,No,No,No,No,No,,,10.269241160408065,3.711130063048756,13.979975377988465,11.252230061179779,0,6,-1.6231212821956897,-0.3050182990915031,-1.6231212821956897,-0.3050182990915031,0,6
341,100471,1809798000.0,atj neponset iii lp,15-31 riley rd,boston,2136.0,15  31 riley rd,boston,2136.0,28832.0,,Multifamily Housing,Multifamily Housing (28832.0),41.0,78.0,1180876.9,,,208075.0,42684.506,,,,,,,,,,470925.0,34947.344,,,,,,,,,,,56.64,in compliance,77631.85,2030.0,No,No,No,No,No,No,,,10.269241160408065,3.713572066704308,13.981767856046536,11.259733060108946,0,6,-1.6153807509968214,-0.2996496588687405,-1.6153807509968214,-0.2996496588687405,0,6
342,100472,1809798000.0,atj neponset iii lp,25 riley rd #1,boston,2136.0,15  31 riley rd,boston,2136.0,28832.0,,Multifamily Housing,Multifamily Housing (28832.0),40.2,72.0,1160060.7,,,214399.0,43981.811,,,,,,,,,,428531.3,31801.308,,,,,,,,,,,48.18,in compliance,75783.119,2030.0,No,No,No,No,No,No,,,10.269241160408065,3.6938669956249757,13.963982889299714,11.23563084234265,0,6,-1.653692107517826,-0.340800295280684,-1.653692107517826,-0.340800295280684,0,6
344,100475,1301625000.0,au 200 hancock llc,200 hancock st,boston,2125.0,200 hancock st,boston,2125.0,30800.0,,Multifamily Housing,Multifamily Housing (30800.0),39.6,87.0,1219239.9,607362.6,32257.028,179331.0,36787.961,,,,,,,,,,,,,,,,,,,,,,68.53,in compliance,69044.989,2025.0,No,No,No,No,No,No,,,10.335269968961667,3.6788291182604347,14.013738189756975,11.142513585603051,0,6,-1.6472017016621188,-0.4109167639503923,-1.6472017016621188,-0.4109167639503923,0,6
345,100476,1800015000.0,au river llc,422 river st,boston,2126.0,422 river st,boston,2126.0,33493.0,10363.0,Multifamily Housing,"Multifamily Housing (33493.0),Parking (10363.0)",37.0,97.0,1239256.9,651400.0,34595.854,172291.0,35343.776,,,,,,,,,,,,,,,,,,,,,,34.74,in compliance,69939.63,2030.0,No,No,No,No,No,No,,,10.419091740755093,3.6109179126442243,14.03002248375112,11.15538772035459,0,6,-1.5968946475113888,-0.5892929055444598,-1.5968946475113888,-0.5892929055444598,0,6
348,100479,2100167000.0,audubon park condo tr,16 miner st,boston,2215.0,16 miner st,boston,2215.0,84310.0,,Multifamily Housing,Multifamily Housing (84310.0),38.3,86.0,3229725.5,1501782.9,79759.69,506431.0,103889.255,,,,,,,,,,,,,,,,,,,,,,20.06,in compliance,183648.945,2025.0,No,No,No,No,No,No,,,11.342255760916721,3.6454498961866,14.987907707067327,12.12078130660839,0,4,0.4335567154004941,-0.922662274290053,0.4335567154004941,-0.922662274290053,0,4
349,100480,303551000.0,ausonia homes associates,145 commercial st,boston,2109.0,145 commercial st,boston,2109.0,174895.0,,Multifamily Housing,Multifamily Housing (174895.0),48.3,86.0,8448837.8,5283255.2,280593.684,927779.2,190324.625,,,,,,,,,,,,,,,,,,,,,,20.62,in compliance,470918.309,2025.0,No,No,No,No,No,No,,,12.071941072833619,3.877431560658527,15.949539451412537,13.06243991634223,1,1,2.398431971290523,-0.7618710958507804,2.398431971290523,-0.7618710958507804,1,1
351,100482,401037010.0,,790 boylston st,boston,2116.0,790 boylston st,boston,2116.0,291222.0,,Multifamily Housing,Multifamily Housing (291222.0),53.4,85.0,15549214.7,541024.9,28733.832,761244.0,156161.594,,,,,,12410825.3,824078.8,,,,,,,,,,,,,,,56.82,in compliance,1008974.226,2025.0,I'm not sure,No,No,No,I'm not sure,I'm not sure,,,12.581841141901501,3.977810745966149,16.559520693706553,13.824444754906418,1,2,3.7776881378936324,-0.7668841205992555,3.7776881378936324,-0.7668841205992555,1,2
355,100486,304910020.0,,24  58 lagrange st,boston,2116.0,24  58 lagrange st,boston,2116.0,422650.0,76235.0,Multifamily Housing,"Multifamily Housing (422650.0),Parking (76235.0)",48.3,53.0,20428792.8,7785899.7,413509.133,3705420.0,760129.859,,,,,,,,,,,,,,,,,,,,,,3.66,pending revisions,1173638.992,2025.0,No,No,Yes,Yes,No,No,,,12.954299692357074,3.877431560658527,16.83245587547379,13.975619729526207,1,2,4.295371439398701,-1.1475980815669515,4.295371439398701,-1.1475980815669515,1,2
356,100487,1800768001.0,avanath morton village llc,65 morton village dr,boston,2126.0,65  95 morton village dr,boston,2126.0,246000.0,,Multifamily Housing,Multifamily Housing (246000.0),56.3,67.0,13846879.5,10762888.6,571617.014,903866.0,185419.071,,,,,,,,,,,,,,,,,,,,,,37.05,in compliance,757036.085,2025.0,No,No,No,No,No,No,,,12.4130868149145,4.030694535145645,16.443570458353012,13.537166199711487,1,2,3.3922606562614934,-0.5941572576257597,3.3922606562614934,-0.5941572576257597,1,2
361,100492,2101991000.0,b'nai b'rith sr citizens housing inc,30 washington st,boston,2135.0,30  34 washington st,boston,2135.0,140316.0,,Multifamily Housing,Multifamily Housing (140316.0),90.0,74.0,12634546.6,10544336.2,560009.696,612605.6,125669.913,,,,,,,,,,,,,,,,,,,,,,70.14,in compliance,685679.609,2025.0,I'm not sure,No,No,No,I'm not sure,I'm not sure,,,11.851652300928318,4.499809670330265,16.351945413712606,13.438165755335756,1,1,3.0643250090152607,0.6287105822032345,3.0643250090152607,0.6287105822032345,1,1
363,100496,1001490000.0,back of the hill community development assoc inc,100 s huntington ave,boston,2130.0,100 s huntington av,boston,2130.0,119531.0,,Multifamily Housing,Multifamily Housing (119531.0),49.8,93.0,5949552.4,4163523.9,221124.754,523455.0,107381.559,,,,,,,,,,,,,,,,,,,,,,32.74,in compliance,328506.313,2025.0,I'm not sure,No,No,No,I'm not sure,I'm not sure,,,11.691331030937592,3.9080149840306073,15.598826547801371,12.702311334378157,1,1,1.6388269263945363,-0.5316483246889755,1.6388269263945363,-0.5316483246889755,1,1
371,100507,1001487000.0,,271-283 heath st,boston,2130.0,283  317 heath st,boston,2130.0,45414.0,,Multifamily Housing,Multifamily Housing (45414.0),27.7,80.0,1256912.6,,,368380.0,75569.473,,,,,,,,,,,,,,,,,,,,,,37.28,in compliance,75569.473,2025.0,No,No,No,No,No,No,,,10.723575706537222,3.3214324131932926,14.044168954526539,11.232807684323651,0,3,-1.4415003076729613,-1.321578613933559,-1.4415003076729613,-1.321578613933559,0,3
373,100518,1001566500.0,,83-107 lawn st,boston,2120.0,83 a-107b lawn st,boston,2120.0,28764.0,,Multifamily Housing,Multifamily Housing (28764.0),33.4,69.0,962051.0,,,281961.0,57841.48,,,,,,,,,,,,,,,,,,,,,,15.4,in compliance,57841.48,2030.0,No,No,No,No,No,No,,,10.266879884222385,3.5085558999826545,13.776822742795636,10.965461444333776,0,3,-2.0616763887682343,-0.7309953450698596,-2.0616763887682343,-0.7309953450698596,0,3
379,100525,1704031010.0,baker square condo trust,1241-1251 adams st,boston,2124.0,1241  1255 adams st,boston,2124.0,229178.0,,Multifamily Housing,Multifamily Housing (229178.0),50.1,65.0,11478495.7,5600800.3,297458.504,1722654.0,353385.242,,,,,,,,,,,,,,,,,,,,,,25.02,in compliance,650843.746,2025.0,No,No,No,No,No,No,,,12.342254273177373,3.914021008090819,16.255985903684284,13.38602487087556,1,2,3.052156731864791,-0.8034438005913096,3.052156731864791,-0.8034438005913096,1,2
381,100529,1101101001.0,bancroft housing inc,1-3 bancroft st,boston,2119.0,1  11 bancroft st,boston,2119.0,25112.0,,Multifamily Housing,Multifamily Housing (25112.0),98.3,,2468103.3,2049382.7,108842.715,122720.0,25174.781,,,,,,,,,,,,,,,,,,,,,,38.96,in compliance,134017.496,2030.0,I'm not sure,No,No,No,I'm not sure,I'm not sure,,,10.131101098521789,4.5880240271531205,14.718960518885135,11.805725637574078,0,0,-0.42718071296992083,1.5685480354734551,-0.42718071296992083,1.5685480354734551,0,0
383,100533,2102155000.0,bancroft realty lp mass lp,119-127 sutherland rd,boston,2135.0,119  127 sutherland rd,boston,2135.0,47124.0,,Multifamily Housing,Multifamily Housing (47124.0),51.5,92.0,2428047.0,2024373.4,107514.471,118310.0,24270.113,,,,,,,,,,,,,,,,,,,,,,28.12,in compliance,131784.584,2025.0,No,No,No,No,No,No,,,10.76053770436601,3.9415818076696905,14.702597788470053,11.78892392911096,0,6,-0.28700521945108454,-0.053644824793352607,-0.28700521945108454,-0.053644824793352607,0,6
384,100534,2102648000.0,bancroft realty lp mass lp,1687 commonwealth ave,boston,2135.0,1687 commonwealth av,boston,2135.0,27200.0,,Multifamily Housing,Multifamily Housing (27200.0),67.7,93.0,1842738.5,498900.0,26496.579,79962.0,16403.405,,,,,,,,,,1071008.1,79479.511,,,,,,,,,,,41.29,in compliance,122379.495,2030.0,No,No,No,No,No,No,,,10.210972252284089,4.215086179918229,14.426763338359155,11.714882110516761,0,0,-0.8003073799938762,0.7708264588255735,-0.8003073799938762,0.7708264588255735,0,0
388,100539,503870010.0,barnes mansion,10 charlesgate e,boston,2215.0,10 charlesgate east,boston,2215.0,26328.0,,Multifamily Housing,Multifamily Housing (26328.0),119.3,16.0,3140055.6,2658799.8,141208.857,141048.0,28934.587,,,,,,,,,,,,,,,,,,,,,,139.52,in compliance,170143.444,2030.0,No,No,No,No,No,No,,,10.178388290623175,4.78164132910387,14.959751064734037,12.044397148478525,0,0,0.0301583365171287,1.9506229966757027,0.0301583365171287,1.9506229966757027,0,0
389,100540,105980000.0,barnes school lim partner,127 marion st,boston,2128.0,marion st,boston,2128.0,105762.0,,Multifamily Housing,Multifamily Housing (105762.0),46.5,45.0,4919185.0,3093558.6,164298.897,535060.5,109762.311,,,,,,,,,,,,,,,,,,,,,,14.48,in compliance,274061.208,2025.0,No,Yes,No,No,No,No,,,11.568946565648009,3.8394523125933104,15.408653424340443,12.521106747284392,1,4,1.2595584753196183,-0.619848638122392,1.2595584753196183,-0.619848638122392,1,4
390,100541,903737030.0,bartlett b condominium trust,2565 washington st,boston,2119.0,2565 washington st,boston,2119.0,80768.0,,Multifamily Housing,Multifamily Housing (80768.0),34.5,80.0,2784016.2,960541.0,51014.333,534430.0,109632.97,,,,,,,,,,,,,,,,,,,,,,13.9,in compliance,160647.303,2025.0,No,No,No,No,No,No,,,11.29933612646083,3.5409593240373143,14.839405119385034,11.986966576354531,0,4,0.15797853287866215,-1.1204748800916973,0.15797853287866215,-1.1204748800916973,0,4
396,100548,303095000.0,battery street condo tr,376 commercial st,boston,2109.0,21  23 battery st,boston,2109.0,31459.0,,Multifamily Housing,Multifamily Housing (31459.0),27.3,88.0,857732.5,,,251387.0,51569.529,,,,,,,,,,,,,,,,,,,,,,24.09,in compliance,51569.529,2030.0,No,No,No,No,No,No,,,10.356440389711647,3.3068867021909143,13.66204755829747,10.85068625378631,0,3,-2.2488550806351717,-1.1905461591073176,-2.2488550806351717,-1.1905461591073176,0,3
401,100558,901233000.0,bc camden limited,50-60 camden st,boston,2118.0,50  60 camden st,boston,2118.0,72228.0,,Multifamily Housing,Multifamily Housing (72228.0),64.5,61.0,4660853.0,3384793.5,179766.383,373991.7,76720.657,,,,,,,,,,,,,,,,,,,,,,52.0,in compliance,256487.04,2025.0,No,No,No,No,No,No,,,11.18758306133577,4.1666652238017265,15.354709036561033,12.454833416000675,1,5,1.0469367983712927,0.22808747121859474,1.0469367983712927,0.22808747121859474,1,5
402,100562,305550000.0,bc quincy tower llc,5 oak st w,boston,2116.0,5 oak street west,boston,2116.0,132000.0,,Multifamily Housing,Multifamily Housing (132000.0),68.8,64.0,9086665.4,6314934.1,335386.15,812348.0,166645.069,,,,,,,,,,,,,,,,,,,,,,56.4,in compliance,502031.219,2025.0,No,No,No,No,No,No,,,11.790557201568507,4.231203744939298,16.022318556166155,13.126417585983223,1,1,2.450192040598303,0.09766735925943264,2.450192040598303,0.09766735925943264,1,1
403,100563,2003041000.0,bc rockingham glen llc,30 rockingham ave,boston,2132.0,30  40 rockingham av,boston,2132.0,142900.0,,Multifamily Housing,Multifamily Housing (142900.0),59.8,87.0,8545763.7,6648187.6,353085.243,556147.7,146266.845,,,,,,,,,,,,,,,,,,,,,,35.59,in compliance,499352.088,2025.0,No,No,No,No,No,No,,,11.869900363917958,4.091005660956586,15.960946244441086,13.121066713098406,1,1,2.3991089461986705,-0.22534717705112195,2.3991089461986705,-0.22534717705112195,1,1
412,100575,305346000.0,,121-123 beach st,boston,2111.0,121  123 beach st,boston,2111.0,48000.0,,Multifamily Housing,Multifamily Housing (48000.0),29.6,94.0,1422154.5,517200.0,27468.492,265227.0,54408.667,,,,,,,,,,,,,,,,,,,,,,13.15,in compliance,81877.159,2030.0,No,No,No,No,No,No,,,10.778956289890028,3.3877743613300146,14.167683533232392,11.312975342055534,0,3,-1.2299797946601214,-1.2104713651892165,-1.2299797946601214,-1.2104713651892165,0,3
414,100578,300168000.0,beacon house rogerson lp mass lp,15-27 myrtle st,boston,2114.0,32  34 joy st,boston,2114.0,82279.0,,Multifamily Housing,Multifamily Housing (82279.0),19.4,100.0,1598668.7,,,468543.0,96116.911,,,,,,,,,,,,,,,,,,,,,,43.13,in compliance,96116.911,2025.0,No,No,No,No,No,No,,,11.317871190071259,2.9652730660692823,14.284681778353868,11.47332055242181,0,3,-0.835469239860929,-2.323800781734988,-0.835469239860929,-2.323800781734988,0,3
418,100584,503644000.0,beacon towers condo tr,483 beacon st,boston,2115.0,483  479 beacon st,boston,2115.0,70000.0,,Multifamily Housing,Multifamily Housing (70000.0),69.5,90.0,4867724.6,3896399.9,206937.799,284679.0,58399.05,,,,,,,,,,,,,,,,,,,,,,40.18,in compliance,265336.849,2025.0,I'm not sure,No,No,No,I'm not sure,I'm not sure,,,11.156250521031495,4.241326752570746,15.398137157947716,12.48875542607063,1,5,1.1118920354518007,0.3966459857288305,1.1118920354518007,0.3966459857288305,1,5
419,100585,502677000.0,beacon towers condominium tr,259 beacon st,boston,2116.0,259 beacon st,boston,2116.0,21746.0,,Multifamily Housing,Multifamily Housing (21746.0),91.8,74.0,1997216.3,1724699.9,91598.812,79870.0,16384.532,,,,,,,,,,,,,,,,,,,,,,26.43,in compliance,107983.344,2030.0,I'm not sure,No,No,No,I'm not sure,I'm not sure,,,9.987185111557695,4.519612297626445,14.507264919001283,11.589732271990664,0,0,-0.8617738113487031,1.4892129373435599,-0.8617738113487031,1.4892129373435599,0,0
429,100614,2005737000.0,belgrade place llc mass llc,446 belgrade ave,boston,2132.0,446 belgrade av,boston,2132.0,56129.0,21858.0,Multifamily Housing,"Multifamily Housing (56129.0),Parking (21858.0)",37.9,87.0,2125251.0,765899.9,40676.944,398403.0,81728.391,,,,,,,,,,,,,,,,,,,,,,22.91,in compliance,122405.335,2025.0,No,No,No,No,No,No,,,10.935407891992757,3.634951112088381,14.569400471012374,11.715093234711802,0,4,-0.4423550321938345,-0.7649974415907822,-0.4423550321938345,-0.7649974415907822,0,4
430,100615,1001631000.0,bell olmstead park llc,161 s huntington ave,boston,2115.0,161 s huntington av,boston,2115.0,193000.0,44100.0,Multifamily Housing,"Multifamily Housing (193000.0),Swimming Pool (0.0),Parking (46800.0)",50.6,76.0,9756584.1,5551976.1,294865.451,1232300.0,252794.022,,,,,,,,,,,,,,,,,,,,,,33.4,in compliance,547659.473,2025.0,No,No,No,No,No,No,,,12.170445467887022,3.92395157629342,16.09345290737447,13.213408973146343,1,2,2.6973401716856036,-0.708030413147558,2.6973401716856036,-0.708030413147558,1,2
433,100618,401037600.0,belvidere condominium trust,100 belvidere st,boston,2116.0,100 belvidere st,boston,2116.0,165000.0,,Multifamily Housing,Multifamily Housing (165000.0),30.6,82.0,5049962.7,273667.7,14534.492,1399852.0,287165.639,,,,,,,,,,,,,,,,,,,,,,,in compliance,301700.131,2025.0,No,No,No,No,No,No,,,12.013700752882718,3.4210000089583352,15.434891415085652,12.617188859353224,1,4,1.479941669139308,-1.6816780544065542,1.479941669139308,-1.6816780544065542,1,4
434,100619,503748000.0,belvoir condo trust,636-638 beacon st,boston,2215.0,636  638 beacon st,boston,2215.0,39550.0,,Multifamily Housing,Multifamily Housing (39550.0),112.5,2.0,4451323.3,2908099.7,154449.175,452293.0,92783.386,,,,,,,,,,,,,,,,,,,,,,40.23,in compliance,247232.561,2030.0,No,No,No,No,No,No,,,10.5853209731958,4.722953221644475,15.308711980723011,12.418084715147117,0,5,0.8048162192610373,1.651363038355351,0.8048162192610373,1.651363038355351,0,5
454,100647,903082100.0,,107-139 madison park ct,boston,2119.0,shawmut av,boston,2119.0,43803.0,,Multifamily Housing,Multifamily Housing (43803.0),40.2,99.0,1762985.0,1322100.0,70216.731,129216.0,26507.37,,,,,,,,,,,,,,,,,,,,,,34.1,in compliance,96724.101,2030.0,I'm not sure,No,No,No,I'm not sure,I'm not sure,,,10.687457587169673,3.6938669956249757,14.382518953119195,11.479617885134205,0,6,-0.8921449216316032,-0.5363149971722224,-0.8921449216316032,-0.5363149971722224,0,6
464,100663,301523035.0,beverly  street  acquisition,101 beverly st,boston,2114.0,101 beverly st,boston,2114.0,473959.0,83974.0,Multifamily Housing,"Hotel (173154.0),Restaurant (4740.0),Multifamily Housing (291094.0),Parking (83974.0),Other (4971.0)",48.1,84.0,22776353.0,7908573.4,420024.333,4357497.0,893896.935,,,,,,,,,,,,,,,,,,,,,,36.76,in compliance,1313921.268,2025.0,I'm not sure,No,No,No,I'm not sure,I'm not sure,,,13.06887609904576,3.8732821771117156,16.94123340659054,14.08852655842333,1,2,4.53165253721312,-1.2065700132232207,4.53165253721312,-1.2065700132232207,1,2
466,100665,1002334010.0,bickford street elderly hous,90 bickford st,boston,2130.0,90 bickford st,boston,2130.0,44920.0,,Multifamily Housing,Multifamily Housing (44920.0),50.8,72.0,2279863.5,1411906.6,74986.36,254383.6,52184.252,,,,,,,,,,,,,,,,,,,,,,53.68,in compliance,127170.612,2025.0,No,No,No,No,No,No,,,10.71263840885238,3.927896354584436,14.639626130717385,11.75328486545898,0,6,-0.39618710670249346,-0.05944968650719027,-0.39618710670249346,-0.05944968650719027,0,6
467,100666,2203171000.0,bigelow court condo tr,142 bigelow st,boston,2135.0,142 bigelow st,boston,2135.0,34541.0,8525.0,Multifamily Housing,"Multifamily Housing (34541.0),Parking (8525.0)",45.8,88.0,1583386.9,1083000.0,57518.13,146655.0,30084.807,,,,,,,,,,,,,,,,,,,,,,27.76,in compliance,87602.937,2030.0,Yes,No,No,No,Yes,Yes,,,10.44990230322135,3.824284091120139,14.275076718349387,11.380569803759712,0,6,-1.149468249906366,-0.15991099715973747,-1.149468249906366,-0.15991099715973747,0,6
468,100667,600516000.0,bigelow sq condo tr,350 w fourth st,boston,2127.0,350 w fourth st,boston,2127.0,35923.0,,Multifamily Housing,Multifamily Housing (35923.0),45.2,67.0,1622490.0,532500.0,28281.075,319457.8,65533.573,,,,,,,,,,,,,,,,,,,,,,32.27,in compliance,93814.648,2025.0,No,No,No,No,No,No,,,10.489133037859581,3.8110970868381857,14.299472564213191,11.449076284849202,0,6,-1.0608216746757353,-0.20188847746781627,-1.0608216746757353,-0.20188847746781627,0,6
473,100672,2102859000.0,,41 chestnut hill ave,boston,2135.0,41  45 chestnut hill av,boston,2135.0,29120.0,,Multifamily Housing,Multifamily Housing (29120.0),74.9,69.0,2181697.7,1990543.8,105717.781,56024.0,11492.763,,,,,,,,,,,,,,,,,,,,,,48.01,in compliance,117210.544,2030.0,I'm not sure,No,No,No,I'm not sure,I'm not sure,,,10.279180502310622,4.316153890523174,14.59561389315579,11.67172711794867,0,0,-0.6233365197487496,0.9369045091814384,-0.6233365197487496,0.9369045091814384,0,0
475,100674,1801980000.0,bismarck street owner llc,2 bismarck st,boston,2126.0,785  795 cummins hw,boston,2126.0,80244.0,,Multifamily Housing,Multifamily Housing (80244.0),80.9,56.0,6493326.2,,,331337.0,67970.472,,,,,,,,,,5362804.3,397973.707,,,,,,,,,,,159.11,in compliance,465944.179,2025.0,I'm not sure,No,No,No,I'm not sure,I'm not sure,,,11.292827271841979,4.393213824064446,15.686285468947322,13.051821118379033,1,1,1.8831535543374929,0.6712031344902243,1.8831535543374929,0.6712031344902243,1,1
476,100679,300670000.0,,33 blossom st,boston,2114.0,33 blossom st,boston,2114.0,129648.0,,Multifamily Housing,Multifamily Housing (129648.0),52.4,92.0,6788952.1,4891637.9,259794.889,556071.0,114072.405,,,,,,,,,,,,,,,,,,,,,,27.87,in compliance,373867.294,2025.0,I'm not sure,No,No,No,I'm not sure,I'm not sure,,,11.772578364700507,3.9589065913269965,15.730807157727888,12.831656184553003,1,1,1.903501217132604,-0.4616298594124512,1.903501217132604,-0.4616298594124512,1,1
477,100680,900352000.0,,42 w newton st,boston,2118.0,43  41 w newton st,boston,2118.0,22039.0,,Multifamily Housing,Multifamily Housing (22039.0),39.9,85.0,880324.1,366900.0,19486.059,150476.0,30868.647,,,,,,,,,,,,,,,,,,,,,,23.57,in compliance,50354.706,2030.0,No,No,No,No,No,No,,,10.000568890186692,3.686376323895818,13.688045414104812,10.82684735951888,0,3,-2.334680391781832,-0.24719202640345186,-2.334680391781832,-0.24719202640345186,0,3
478,100683,1809255000.0,blake estates associates  lp,1344 hyde park ave,boston,2136.0,1344 hyde park av,boston,2136.0,187533.0,,Multifamily Housing,Multifamily Housing (187533.0),45.9,94.0,8603056.5,5999550.4,318636.122,763044.0,156530.846,,,,,,,,,,,,,,,,,,,,,,31.43,in compliance,475166.968,2025.0,No,No,No,No,No,No,,,12.14171010890642,3.8264651170664994,15.967628105058381,13.071421532830005,1,1,2.44454569248838,-0.8993468947384339,2.44454569248838,-0.8993468947384339,1,1
488,100702,202360000.0,bmirf gatehouse llc,75 w school st,boston,2129.0,75 w school st,boston,2129.0,117921.0,22248.0,Multifamily Housing,"Multifamily Housing (117921.0),Parking (28242.0)",41.8,92.0,4929769.6,2186600.0,116130.326,803977.0,164927.842,,,,,,,,,,,,,,,,,,,,,,24.01,in compliance,281058.168,2025.0,I'm not sure,No,No,No,I'm not sure,I'm not sure,,,11.67777018771285,3.7328963395307104,15.410802810646873,12.54631693045232,1,4,1.3099643911531718,-0.8879497278111935,1.3099643911531718,-0.8879497278111935,1,4
493,100717,504215000.0,bobson residential llc,11 peterborough st,boston,2215.0,11 peterborough st,boston,2215.0,32875.0,,Multifamily Housing,Multifamily Housing (32875.0),68.0,86.0,2236574.4,1838800.0,97658.668,116581.0,23915.426,,,,,,,,,,,,,,,,,,,,,,,in compliance,121574.094,2025.0,I'm not sure,No,No,No,I'm not sure,I'm not sure,C10075,,10.400467769480066,4.219507705176107,14.620455967565983,11.708279183054213,0,0,-0.5359108705502533,0.6832377657773622,-0.5359108705502533,0.6832377657773622,0,0
494,100718,504241000.0,bobson residential llc,11 queensberry st,boston,2215.0,11 queensberry st,boston,2215.0,32628.0,,Multifamily Housing,Multifamily Housing (32628.0),93.1,65.0,3037151.5,21100.0,1120.621,94891.0,19465.94,,,,,,,,,,2692283.4,199794.351,,,,,,,,,,,26.07,in compliance,220380.912,2025.0,I'm not sure,No,No,No,I'm not sure,I'm not sure,,,10.39292609442047,4.533674184283021,14.926430627538375,12.303112746339767,0,5,0.2394939820862824,1.3598188075172157,0.2394939820862824,1.3598188075172157,0,5
537,100772,900650000.0,,1701 washington st,boston,2118.0,worcester st,boston,2118.0,55472.0,,Multifamily Housing,Multifamily Housing (55472.0),74.9,,4154028.7,1092100.0,58001.431,897400.0,184092.636,,,,,,,,,,,,,,,,,,,,,,51.7,in compliance,242094.067,2025.0,No,No,No,No,No,No,,,10.923633667924804,4.316153890523174,15.239589192397698,12.39708163622355,1,5,0.8040466934678914,0.6590295814605523,0.8040466934678914,0.6590295814605523,1,5
538,100773,900890000.0,,155 northampton st,boston,2118.0,155 northampton st,boston,2118.0,55472.0,,Multifamily Housing,Multifamily Housing (55472.0),73.5,,4079632.5,949600.0,50433.256,917360.1,188187.251,,,,,,,,,,,,,,,,,,,,,,53.54,in compliance,238620.507,2025.0,No,No,No,No,No,No,,,10.923633667924804,4.297285406218791,15.221517468794069,12.382629732144657,1,5,0.7728937894306614,0.6201182479414209,0.7728937894306614,0.6201182479414209,1,5
544,100792,1002333400.0,boston housing auth,265-267 centre st,boston,2130.0,265  279 centre st,boston,2130.0,47432.0,,Multifamily Housing,Multifamily Housing (47432.0),91.0,,4316594.1,3253500.2,172793.396,311575.0,63916.496,,,,,,,,,,,,,,,,,,,,,,146.4,in compliance,236709.892,2025.0,No,No,No,No,No,No,,,10.767052385387204,4.51085950651685,15.277977246489597,12.374590585925844,0,5,0.7881301338499952,1.1290886342069084,0.7881301338499952,1.1290886342069084,0,5
545,100793,1201140000.0,boston housing auth,280 martin luther king jr blvd,boston,2119.0,280 martin luther king jr bl,boston,2119.0,95200.0,,Multifamily Housing,Multifamily Housing (95200.0),89.3,,8503942.8,6694900.4,355566.16,530200.0,108765.228,,,,,,,,,,,,,,,,,,,,,,46.12,in compliance,464331.388,2025.0,No,No,No,No,No,No,,,11.463735220779457,4.492001487882454,15.956040472734827,13.048353774566033,1,1,2.23012835922382,0.7833511972740081,2.23012835922382,0.7833511972740081,1,1
549,100797,1502943000.0,boston housing auth,330 bowdoin st,boston,2125.0,330 bowdoin st,boston,2125.0,64830.0,,Multifamily Housing,Multifamily Housing (64830.0),80.9,,5244269.9,3637900.3,193208.885,470800.0,96579.912,,,,,,,,,,,,,,,,,,,,,,55.99,in compliance,289788.797,2025.0,No,No,No,No,No,No,,,11.07952373816904,4.393213824064446,15.472646590886052,12.576907650426529,1,5,1.2392458511760756,0.7473475874289683,1.2392458511760756,0.7473475874289683,1,5
552,100800,1801546000.0,boston housing auth,705 river st,boston,2136.0,705 river st,boston,2136.0,60440.0,,Multifamily Housing,Multifamily Housing (60440.0),69.3,,4186073.8,,,1226868.0,251679.702,,,,,,,,,,,,,,,,,,,,,,84.95,in compliance,251679.702,2025.0,No,No,No,No,No,No,,,11.009406416386676,4.238444906195857,15.247273812028563,12.435912534248175,1,5,0.8644361267327746,0.46161050869109344,0.8644361267327746,0.46161050869109344,1,5
559,100808,303560000.0,boston housing authority,151-185 fulton st,boston,2109.0,204  174 commercial st,boston,2109.0,97300.0,,Multifamily Housing,Multifamily Housing (97300.0),61.3,56.0,5965831.2,4233900.0,224862.429,507600.0,104129.064,,,,,,,,,,,,,,,,,,,,,,68.78,in compliance,328991.493,2025.0,No,No,No,No,No,No,,,11.485554268174097,4.115779842942166,15.60155894999246,12.703787172270351,1,1,1.5867517797755757,-0.008701176190593114,1.5867517797755757,-0.008701176190593114,1,1
562,100811,400975000.0,boston housing authority,60-84 saint botolph st,boston,2116.0,garrison st,boston,2116.0,90944.0,,Multifamily Housing,Multifamily Housing (90944.0),57.0,,5188326.6,1264799.9,67173.523,1149920.0,235894.589,,,,,,,,,,,,,,,,,,,,,,41.3,in compliance,303068.112,2025.0,No,No,No,No,No,No,,,11.417999211456772,4.04305126783455,15.461921775405406,12.62171285130876,1,1,1.351444521434188,-0.12642619375553973,1.351444521434188,-0.12642619375553973,1,1
563,100812,402043200.0,,60-68 annunciation rd,boston,2120.0,60  68 annunciation rd,boston,2120.0,32868.0,,Multifamily Housing,Multifamily Housing (32868.0),78.6,,2582911.6,1917500.0,101838.425,195021.0,40006.608,,,,,,,,,,,,,,,,,,,,,,79.57,in compliance,141845.033,2025.0,No,No,No,No,No,No,,,10.400254819051078,4.364371699435161,14.764427847721523,11.862490423762102,0,0,-0.2615751454955412,0.9854554588849169,-0.2615751454955412,0.9854554588849169,0,0
564,100813,402043300.0,boston housing authority,50-58 annunciation rd,boston,2120.0,50  58 annunciation rd,boston,2120.0,72618.0,,Multifamily Housing,Multifamily Housing (72618.0),59.8,64.0,4345883.2,3224399.7,171247.868,328688.0,67427.056,,,,,,,,,,,,,,,,,,,,,,79.58,in compliance,238674.924,2025.0,No,No,No,No,No,No,,,11.192968103966658,4.091005660956586,15.284739564149744,12.382857754441547,1,5,0.9172207524131386,0.06814419720684886,0.9172207524131386,0.06814419720684886,1,5
565,100814,402043400.0,boston housing authority,40-48 annunciation rd,boston,2120.0,40  48 annunciation rd,boston,2120.0,46860.0,,Multifamily Housing,Multifamily Housing (46860.0),79.3,32.0,3717715.8,2758500.2,146503.946,281130.0,57671.008,,,,,,,,,,,,,,,,,,,,,,79.58,in compliance,204174.954,2025.0,No,No,No,No,No,No,,,10.754919712061787,4.373238128640803,15.128620005396252,12.226732522929524,0,5,0.5091307393103685,0.8481195947439053,0.5091307393103685,0.8481195947439053,0,5
566,100815,402043500.0,boston housing authority,30-38 annunciation rd,boston,2120.0,30  36 annunciation rd,boston,2120.0,72618.0,,Multifamily Housing,Multifamily Housing (72618.0),62.3,57.0,4524364.8,3356699.9,178274.332,342223.0,70203.626,,,,,,,,,,,,,,,,,,,,,,79.58,in compliance,248477.958,2025.0,No,No,No,No,No,No,,,11.192968103966658,4.131961425793407,15.324987749571966,12.423109420383518,1,5,0.9920528263322516,0.15328791431706465,0.9920528263322516,0.15328791431706465,1,5
569,100818,402043700.0,,250-270 ruggles st,boston,2120.0,250  270 ruggles st,boston,2120.0,46860.0,,Multifamily Housing,Multifamily Housing (46860.0),50.0,91.0,2342466.5,1739300.0,92374.223,176778.0,36264.239,,,,,,,,,,,,,,,,,,,,,,79.58,in compliance,128638.462,2025.0,No,No,No,No,No,No,,,10.754919712061787,3.912023005428146,14.666714992031942,11.76476112849555,0,6,-0.3461713634775325,-0.11202194486854122,-0.3461713634775325,-0.11202194486854122,0,6
570,100819,402595000.0,boston housing authority,755 tremont st,boston,2118.0,755 tremont st,boston,2118.0,55472.0,,Multifamily Housing,Multifamily Housing (55472.0),78.0,,4326985.4,1199000.0,63678.89,916760.1,188064.167,,,,,,,,,,,,,,,,,,,,,,57.78,in compliance,251743.057,2025.0,No,No,No,No,No,No,,,10.923633667924804,4.356708826689592,15.280381645039093,12.436164231253134,1,5,0.8782606930772199,0.7433668734981823,0.8782606930772199,0.7433668734981823,1,5
571,100820,600307000.0,boston housing authority,88 w seventh st,boston,2127.0,11  95 b st,boston,2127.0,28356.0,,Multifamily Housing,Multifamily Housing (28356.0),110.0,,3119903.3,2436500.1,129402.52,200294.0,41088.311,,,,,,,,,,,,,,,,,,,,,,81.05,in compliance,170490.831,2025.0,No,No,No,No,No,No,,,10.252593926974908,4.700480365792417,14.95331256571561,12.046436797133568,0,0,0.044370603759405845,1.7497147576869372,0.044370603759405845,1.7497147576869372,0,0
572,100822,600307000.0,boston housing authority,11 b st,boston,2127.0,11  95 b st,boston,2127.0,28356.0,,Multifamily Housing,Multifamily Housing (28356.0),96.7,,2743103.4,2059700.2,109390.678,200294.0,41088.311,,,,,,,,,,,,,,,,,,,,,,68.03,in compliance,150478.989,2025.0,No,No,No,No,No,No,,,10.252593926974908,4.571613402459248,14.824600465162602,11.921578745451546,0,0,-0.1912805478176155,1.4817569690359103,-0.1912805478176155,1.4817569690359103,0,0
574,100824,600307000.0,boston housing authority,59-71 b st,boston,2127.0,11  95 b st,boston,2127.0,28356.0,,Multifamily Housing,Multifamily Housing (28356.0),104.4,,2959703.2,2276300.0,120894.293,200294.0,41088.311,,,,,,,,,,,,,,,,,,,,,,90.33,in compliance,161982.604,2025.0,No,No,No,No,No,No,,,10.252593926974908,4.648229675448539,14.900599551002573,11.995244225732534,0,0,-0.05197054126619096,1.640985646176534,-0.05197054126619096,1.640985646176534,0,0
575,100825,600307000.0,boston housing authority,55-79 orton-marotta way,boston,2127.0,11  95 b st,boston,2127.0,28356.0,,Multifamily Housing,Multifamily Housing (28356.0),89.6,,2541903.2,1858500.0,98704.935,200294.0,41088.311,,,,,,,,,,,,,,,,,,,,,,77.66,in compliance,139793.246,2025.0,No,No,No,No,No,No,,,10.252593926974908,4.4953553199808844,14.748423649754695,11.847919795740685,0,0,-0.3305712829647075,1.32320512450785,-0.3305712829647075,1.32320512450785,0,0
576,100826,600307000.0,boston housing authority,7 orton-marotta way,boston,2127.0,11  95 b st,boston,2127.0,28356.0,,Multifamily Housing,Multifamily Housing (28356.0),116.0,,3290003.0,2606599.8,138436.515,200294.0,41088.311,,,,,,,,,,,,,,,,,,,,,,95.62,in compliance,179524.826,2025.0,No,No,No,No,No,No,,,10.252593926974908,4.7535901911063645,15.006399034595242,12.098068783753707,0,0,0.1416456318116755,1.8601630859967941,0.1416456318116755,1.8601630859967941,0,0
577,100827,600307000.0,boston housing authority,6 orton-marotta way,boston,2127.0,11  95 b st,boston,2127.0,28356.0,,Multifamily Housing,Multifamily Housing (28356.0),111.1,,3151503.4,2468100.2,131080.802,200294.0,41088.311,,,,,,,,,,,,,,,,,,,,,,94.2,in compliance,172169.113,2025.0,No,No,No,No,No,No,,,10.252593926974908,4.7104306966455844,14.963390166786061,12.056232487872482,0,0,0.06277981642159777,1.7704269771836916,0.06277981642159777,1.7704269771836916,0,0
578,100828,600307000.0,boston housing authority,1-25 crowley-rogers way,boston,2127.0,11  95 b st,boston,2127.0,28356.0,,Multifamily Housing,Multifamily Housing (28356.0),115.4,,3272403.3,2589000.1,137501.795,200294.0,41088.311,,,,,,,,,,,,,,,,,,,,,,129.32,in compliance,178590.106,2025.0,No,No,No,No,No,No,,,10.252593926974908,4.748404354073999,15.001035227055349,12.092848548353642,0,0,0.13188665989894327,1.8493513228585774,0.13188665989894327,1.8493513228585774,0,0
579,100829,600307000.0,boston housing authority,141-165 w broadway,boston,2127.0,11  95 b st,boston,2127.0,28356.0,,Multifamily Housing,Multifamily Housing (28356.0),118.5,,3361303.4,2677900.3,142223.285,200294.0,41088.311,,,,,,,,,,,,,,,,,,,,,,80.61,in compliance,183311.596,2025.0,No,No,No,No,No,No,,,10.252593926974908,4.774912960575186,15.027839373385836,12.118942694238163,0,0,0.180897201504277,1.9045267708784819,0.180897201504277,1.9045267708784819,0,0
580,100830,600307000.0,boston housing authority,149-175 flaherty way,boston,2127.0,11  95 b st,boston,2127.0,28356.0,,Multifamily Housing,Multifamily Housing (28356.0),120.9,,3429503.1,2746099.9,145845.366,200294.0,41088.311,,,,,,,,,,,,,,,,,,,,,,100.22,in compliance,186933.677,2025.0,No,No,No,No,No,No,,,10.252593926974908,4.794963757620747,15.047925939842958,12.138509164477796,0,0,0.2177077999060838,1.9462335384868876,0.2177077999060838,1.9462335384868876,0,0
583,100833,600307000.0,boston housing authority,23-37 saint casimir st,boston,2127.0,11  95 b st,boston,2127.0,20565.0,,Multifamily Housing,Multifamily Housing (20565.0),31.6,,649077.5,630100.0,33464.611,5562.0,1140.989,,,,,,,,,,,,,,,,,,,,,,54.85,in compliance,34605.6,2025.0,No,No,No,No,No,No,,,9.931345880664525,3.4531571205928664,13.383307403040707,10.451770797660547,0,3,-2.9682555281184495,-0.7072931019038332,-2.9682555281184495,-0.7072931019038332,0,3
591,100841,600307000.0,boston housing authority,49 crowley-rogers way,boston,2127.0,11  95 b st,boston,2127.0,28356.0,,Multifamily Housing,Multifamily Housing (28356.0),87.9,,2491103.1,1807700.0,96006.947,200294.0,41088.311,,,,,,,,,,,,,,,,,,,,,,55.94,in compliance,137095.258,2025.0,No,No,No,No,No,No,,,10.252593926974908,4.476199804691132,14.728236182388217,11.828431277060181,0,0,-0.3670402913069741,1.2832231136726528,-0.3670402913069741,1.2832231136726528,0,0
593,100843,600307000.0,boston housing authority,111 flaherty way,boston,2127.0,11  95 b st,boston,2127.0,28356.0,,Multifamily Housing,Multifamily Housing (28356.0),106.4,,3017203.1,2333799.9,123948.113,200294.0,41088.311,,,,,,,,,,,,,,,,,,,,,,69.04,in compliance,165036.424,2025.0,No,No,No,No,No,No,,,10.252593926974908,4.667205576907544,14.919840834403747,12.013921480035838,0,0,-0.016849339509462147,1.680486797330294,-0.016849339509462147,1.680486797330294,0,0
594,100844,600307000.0,boston housing authority,1 joyce hayes way,boston,2127.0,11  95 b st,boston,2127.0,28356.0,,Multifamily Housing,Multifamily Housing (28356.0),105.2,,2984003.2,2300600.0,122184.866,200294.0,41088.311,,,,,,,,,,,,,,,,,,,,,,82.88,in compliance,163273.177,2025.0,No,No,No,No,No,No,,,10.252593926974908,4.65586330030361,14.908776312691273,12.003180009496461,0,0,-0.037218407309886875,1.6569412884560806,-0.037218407309886875,1.6569412884560806,0,0
596,100846,600307000.0,boston housing authority,37 joyce hayes way,boston,2127.0,11  95 b st,boston,2127.0,28356.0,,Multifamily Housing,Multifamily Housing (28356.0),114.3,,3241803.4,2558400.2,135876.635,200294.0,41088.311,,,,,,,,,,,,,,,,,,,,,,93.15,in compliance,176964.946,2025.0,No,No,No,No,No,No,,,10.252593926974908,4.738826570800765,14.991640337859712,12.083706946744686,0,0,0.11459712698783324,1.829459606398198,0.11459712698783324,1.829459606398198,0,0
599,100849,600307000.0,boston housing authority,83-95 b st,boston,2127.0,11  95 b st,boston,2127.0,28356.0,,Multifamily Housing,Multifamily Housing (28356.0),117.4,,3328003.3,2644600.1,140454.711,200294.0,41088.311,,,,,,,,,,,,,,,,,,,,,,86.13,in compliance,181543.022,2025.0,No,No,No,No,No,No,,,10.252593926974908,4.765586907393996,15.017883072509283,12.109247940411166,0,0,0.16289885166220394,1.8850364842660339,0.16289885166220394,1.8850364842660339,0,0
601,100851,600307000.0,boston housing authority,115 orton-marotta way,boston,2127.0,11  95 b st,boston,2127.0,28356.0,,Multifamily Housing,Multifamily Housing (28356.0),64.8,,1838803.2,1155400.0,61363.294,200294.0,41088.311,,,,,,,,,,,,,,,,,,,,,,40.49,in compliance,102451.605,2025.0,No,No,No,No,No,No,,,10.252593926974908,4.1713056033582285,14.424625483178087,11.537145819722957,0,0,-0.9209130691500145,0.6495998651655542,-0.9209130691500145,0.6495998651655542,0,0
606,100856,600307000.0,boston housing authority,44 w seventh st,boston,2127.0,11  95 b st,boston,2127.0,28356.0,,Multifamily Housing,Multifamily Housing (28356.0),84.2,,2387903.1,1704500.0,90525.995,200294.0,41088.311,,,,,,,,,,,,,,,,,,,,,,58.52,in compliance,131614.306,2025.0,No,No,No,No,No,No,,,10.252593926974908,4.4331949212482815,14.685926174781878,11.787631000171732,0,0,-0.44458355206388567,1.1939138956624078,-0.44458355206388567,1.1939138956624078,0,0
607,100857,602527000.0,boston housing authority,120 l st,boston,2127.0,120 l st,boston,2127.0,55100.0,,Multifamily Housing,Multifamily Housing (55100.0),40.1,60.0,2208419.5,455600.0,24196.916,513722.0,105384.931,,,,,,,,,,,,,,,,,,,,,,41.67,in compliance,129581.847,2025.0,No,No,No,No,No,No,,,10.916904995141007,3.6913763343125234,14.607787659275159,11.772067983645226,0,4,-0.36292570411715674,-0.6380937680403149,-0.36292570411715674,-0.6380937680403149,0,4
609,100859,700386000.0,boston housing authority,177-193 w ninth st,boston,2127.0,frederick st,boston,2127.0,28600.0,,Multifamily Housing,Multifamily Housing (28600.0),81.0,36.0,2316339.5,1930200.1,102512.927,113171.0,23215.899,,,,,,,,,,,,,,,,,,,,,,10.36,in compliance,125728.826,2025.0,No,No,No,No,No,No,,,10.261161996807944,4.394449154672439,14.655498695878373,11.741882692074453,0,0,-0.5096757126069701,1.1084295927243246,-0.5096757126069701,1.1084295927243246,0,0
610,100860,700386000.0,boston housing authority,11-21 mitchell st,boston,2127.0,frederick st,boston,2127.0,25400.0,,Multifamily Housing,Multifamily Housing (25400.0),81.0,45.0,2057033.2,1714099.9,91035.846,100508.0,20618.211,,,,,,,,,,,,,,,,,,,,,,10.36,in compliance,111654.057,2025.0,No,No,No,No,No,No,,,10.142504453006628,4.394449154672439,14.536775308514569,11.623160593374822,0,0,-0.7617920797320252,1.1605763187522302,-0.7617920797320252,1.1605763187522302,0,0
611,100861,700539010.0,boston housing authority,289 e ninth st,boston,2127.0,289 e ninth st,boston,2127.0,52000.0,,Multifamily Housing,Multifamily Housing (52000.0),44.4,48.0,2306407.2,818309.1,43460.396,436136.6,89469.062,60589.0,,,,,,,,,,,,,,,,,,,,,16.91,in compliance,132929.458,2025.0,No,No,No,No,No,No,,,10.858998997563564,3.7932394694381792,14.651201547049636,11.797573875519397,0,6,-0.3110838129697879,-0.40189585928526333,-0.3110838129697879,-0.40189585928526333,0,6
612,100888,700540280.0,boston housing authority,280  290 dorchester st,boston,2127.0,280  290 dorchester st,boston,2127.0,57033.0,,Multifamily Housing,Multifamily Housing (57033.0),49.2,84.0,2808687.5,1810968.9,96180.558,292414.6,59985.931,,,,,,,,,,,,,,,,,,,,,,53.47,in compliance,156166.489,2025.0,No,No,No,No,No,No,,,10.951385326659736,3.8958936234982624,14.848227850342688,11.958677954318432,0,4,0.05198276034959063,-0.2309413470022338,0.05198276034959063,-0.2309413470022338,0,4
614,100890,701516000.0,boston housing authority,199 h st,boston,2127.0,columbia rd,boston,2127.0,84224.0,,Multifamily Housing,Multifamily Housing (84224.0),92.3,13.0,7772441.2,5901300.4,313418.064,548400.0,112498.776,,,,,,,,,,,,,,,,,,,,,,35.55,in compliance,425916.84,2025.0,No,No,No,No,No,No,,,11.341235195244934,4.525044141508807,15.866094855752946,12.961999394927702,1,1,2.033053864959304,0.9061435230140124,2.033053864959304,0.9061435230140124,1,1
620,100896,702845000.0,boston housing authority,31-41 general lawrence j logan way,boston,2127.0,27  3 mcdonough wy,boston,2127.0,30908.0,,Multifamily Housing,Multifamily Housing (30908.0),97.1,,3002342.6,2523099.9,134001.836,140458.0,28813.554,,,,,,,,,,,,,,,,,,,,,,58.93,in compliance,162815.39,2025.0,No,No,No,No,No,No,,,10.338770329053474,4.575741375297279,14.914903408581294,12.000372261252132,0,0,-0.008989553095388616,1.4516962180254962,-0.008989553095388616,1.4516962180254962,0,0
622,100898,702845000.0,boston housing authority,19-27 colonel michael j. mcdonough way,boston,2127.0,27  3 mcdonough wy,boston,2127.0,46640.0,,Multifamily Housing,Multifamily Housing (46640.0),97.3,,4538210.8,3814999.9,202614.645,211961.0,43481.68,,,,,,,,,,,,,,,,,,,,,,85.54,in compliance,246096.325,2025.0,No,No,No,No,No,No,,,10.750213821024374,4.577798989191959,15.328043395424633,12.413478303313566,1,5,0.8681541163824585,1.27506988500118,0.8681541163824585,1.27506988500118,1,5
623,100899,702845000.0,boston housing authority,371 old colony ave,boston,2127.0,27  3 mcdonough wy,boston,2127.0,51716.0,,Multifamily Housing,Multifamily Housing (51716.0),97.3,,5033419.0,4231500.0,224734.965,235029.0,48213.849,,,,,,,,,,,,,,,,,,,,,,85.0,in compliance,272948.814,2025.0,No,No,No,No,No,No,,,10.853522490374443,4.577798989191959,15.431610032839757,12.51703956208231,1,5,1.087946453306926,1.2296986578209,1.087946453306926,1.2296986578209,1,5
625,100904,702845000.0,boston housing authority,3-17 colonel michael j. mcdonough way,boston,2127.0,27  3 mcdonough wy,boston,2127.0,49464.0,,Multifamily Housing,Multifamily Housing (49464.0),97.3,,4813597.4,4046600.2,214914.937,224794.0,46114.241,,,,,,,,,,,,,,,,,,,,,,46.27,in compliance,261029.178,2025.0,No,No,No,No,No,No,,,10.809000411238404,4.577798989191959,15.386955262751853,12.472387473159895,1,5,0.9931933873776104,1.2492486855624405,0.9931933873776104,1.2492486855624405,1,5
626,100906,702846000.0,boston housing authority,28-42 general lawrence j logan way,boston,2127.0,28  42 logan wy,boston,2127.0,56036.0,,Multifamily Housing,Multifamily Housing (56036.0),97.4,,5455406.6,4586499.8,243589.004,254662.0,52241.363,,,,,,,,,,,,,,,,,,,,,,51.0,in compliance,295830.367,2025.0,No,No,No,No,No,No,,,10.933749620316005,4.578826210648489,15.512117711593461,12.597541484571074,1,5,1.2591580385710273,1.196459118686542,1.2591580385710273,1.196459118686542,1,5
627,100907,702846000.0,boston housing authority,10-26 general lawrence j logan way,boston,2127.0,28  42 logan wy,boston,2127.0,56208.0,,Multifamily Housing,Multifamily Housing (56208.0),97.4,,5471974.7,4600399.8,244327.233,255444.0,52401.782,,,,,,,,,,,,,,,,,,,,,,47.82,in compliance,296729.015,2025.0,No,No,No,No,No,No,,,10.936814374505609,4.578826210648489,15.515150114735823,12.600574593880427,1,5,1.2656209216893328,1.1951071378527691,1.2656209216893328,1.1951071378527691,1,5
628,100908,702846000.0,boston housing authority,231-241 monsignor dennis f. o'callaghan way,boston,2127.0,28  42 logan wy,boston,2127.0,32406.0,,Multifamily Housing,Multifamily Housing (32406.0),97.2,,3149171.6,2646699.9,140566.232,147266.0,30210.147,,,,,,,,,,,,,,,,,,,,,,68.0,in compliance,170776.379,2025.0,No,No,No,No,No,No,,,10.386098869820946,4.576770711466393,14.962649992088442,12.048110254519871,0,0,0.09254584626398792,1.432942151197752,0.09254584626398792,1.432942151197752,0,0
629,100910,702846000.0,boston housing authority,1-17 dr. michael gavin way,boston,2127.0,28  42 logan wy,boston,2127.0,56208.0,,Multifamily Housing,Multifamily Housing (56208.0),97.4,,5471974.7,4600399.8,244327.233,255444.0,52401.782,,,,,,,,,,,,,,,,,,,,,,29.69,in compliance,296729.015,2025.0,No,No,No,No,No,No,,,10.936814374505609,4.578826210648489,15.515150114735823,12.600574593880427,1,5,1.2656209216893328,1.1951071378527691,1.2656209216893328,1.1951071378527691,1,5
630,100911,702846000.0,boston housing authority,19-25 dr. michael gavin way,boston,2127.0,28  42 logan wy,boston,2127.0,123164.0,,Multifamily Housing,Multifamily Housing (123164.0),97.5,,12008494.2,10098599.9,536336.641,559758.0,114828.756,,,,,,,,,,,,,,,,,,,,,,21.92,in compliance,651165.397,2025.0,No,No,No,No,No,No,,,11.721272079588333,4.579852378003801,16.301124807344625,13.386518954973619,1,1,2.9343545668032207,0.8525024949125555,2.9343545668032207,0.8525024949125555,1,1
631,100913,702846000.0,,1-5 henry sterling sq,boston,2127.0,28  42 logan wy,boston,2127.0,73224.0,,Multifamily Housing,Multifamily Housing (73224.0),97.4,,7131752.2,5996300.0,318463.493,332782.0,68266.899,,,,,,,,,,,,,,,,,,,,,,17.3,in compliance,386730.392,2025.0,No,No,No,No,No,No,,,11.201278515064615,4.578826210648489,15.780067512549438,12.865483067731825,1,1,1.8279791075338179,1.0789284216729644,1.8279791075338179,1.0789284216729644,1,1
632,100914,702846000.0,boston housing authority,2-8 henry sterling sq,boston,2127.0,28  42 logan wy,boston,2127.0,29496.0,,Multifamily Housing,Multifamily Housing (29496.0),97.1,,2864347.7,2406999.9,127835.765,134041.0,27497.171,,,,,,,,,,,,,,,,,,,,,,45.45,in compliance,155332.936,2025.0,No,No,No,No,No,No,,,10.29200993991398,4.575741375297279,14.867851203325134,11.953326066496487,0,0,-0.1087253607491271,1.4722062402610427,-0.1087253607491271,1.4722062402610427,0,0
635,100920,702847000.0,boston housing authority,21 monsignor dennis f. o'callaghan way,boston,2127.0,391  439 old colony av,boston,2127.0,49976.0,,Multifamily Housing,Multifamily Housing (49976.0),97.3,,4863926.6,4089000.0,217166.79,227118.0,46590.987,,,,,,,,,,,,,,,,,,,,,,54.02,in compliance,263757.777,2025.0,No,No,No,No,No,No,,,10.819298169173406,4.577798989191959,15.397356612053752,12.482786449593627,1,5,1.015213958568796,1.2447377707609095,1.015213958568796,1.2447377707609095,1,5
636,100921,702847000.0,boston housing authority,3 monsignor dennis f. o'callaghan way,boston,2127.0,391  439 old colony av,boston,2127.0,43288.0,,Multifamily Housing,Multifamily Housing (43288.0),97.3,,4211319.1,3540100.2,188014.722,196723.0,40355.756,,,,,,,,,,,,,,,,,,,,,,60.6,in compliance,228370.478,2025.0,No,No,No,No,No,No,,,10.675630739322571,4.577798989191959,15.253286481998083,12.338724492717986,0,5,0.709493793341993,1.307827199550772,0.709493793341993,1.307827199550772,0,5
637,100923,702847000.0,,391-415 old colony ave,boston,2127.0,391  439 old colony av,boston,2127.0,87912.0,,Multifamily Housing,Multifamily Housing (87912.0),97.4,,8565716.8,7202500.0,382524.775,399536.0,81960.815,,,,,,,,,,,,,,,,,,,,,,24.78,in compliance,464485.59,2025.0,No,No,No,No,No,No,,,11.38409159312676,4.578826210648489,15.963278375672335,13.048685814149868,1,1,2.2168352372341893,0.9986315569840856,2.2168352372341893,0.9986315569840856,1,1
638,100924,702847000.0,boston housing authority,417-429 old colony ave,boston,2127.0,391  439 old colony av,boston,2127.0,76992.0,,Multifamily Housing,Multifamily Housing (76992.0),97.4,,7500172.4,6306300.0,334927.593,349904.0,71779.307,,,,,,,,,,,,,,,,,,,,,,98.7,in compliance,406706.9,2025.0,No,No,No,No,No,No,,,11.25145679933435,4.578826210648489,15.830436564909016,12.915848057573871,1,1,1.9348289718518872,1.0569008762899617,1.9348289718518872,1.0569008762899617,1,1
641,100929,702853000.0,boston housing authority,10-14 monsignor dennis f. o'callaghan way,boston,2127.0,10  22 kemp st,boston,2127.0,48357.0,,Multifamily Housing,Multifamily Housing (48357.0),97.3,,4705528.2,3955700.3,210087.243,219762.0,45081.977,,,,,,,,,,,,,,,,,,,,,,34.75,in compliance,255169.22,2025.0,No,No,No,No,No,No,,,10.786366268065041,4.577798989191959,15.364248588249952,12.44968221189338,1,5,0.9450154722457088,1.2591867676278343,0.9450154722457088,1.2591867676278343,1,5
643,100932,702853000.0,boston housing authority,4-6 monsignor dennis f. o'callaghan way,boston,2127.0,10  22 kemp st,boston,2127.0,211892.0,,Multifamily Housing,Multifamily Housing (211892.0),97.5,,20668925.6,17383101.2,923216.505,963020.1,197553.943,,,,,,,,,,,,,,,,,,,,,,19.52,in compliance,1120770.448,2025.0,No,No,No,No,No,No,,,12.263831989886318,4.579852378003801,16.8441419515939,13.929526906776523,1,2,4.087377449352515,0.6140857625092999,4.087377449352515,0.6140857625092999,1,2
650,100942,703210000.0,boston housing authority,24 bellflower st,boston,2125.0,24 bellflower st,boston,2125.0,85000.0,,Multifamily Housing,Multifamily Housing (85000.0),53.5,79.0,4551668.1,3078799.8,163515.057,431673.0,88553.399,,,,,,,,,,,,,,,,,,,,,,77.83,in compliance,252068.456,2025.0,No,No,No,No,No,No,,,11.350406535472453,3.979681653901961,15.33100433912475,12.437455980396814,1,4,1.0517095879578424,-0.23219995697519952,1.0517095879578424,-0.23219995697519952,1,4
651,100943,801209010.0,,42 harrison archways,boston,2118.0,15 msgr reynolds wy,boston,2118.0,64740.0,,Multifamily Housing,Multifamily Housing (64740.0),46.0,,2976830.0,1363500.0,72415.485,472840.0,96998.398,,,,,,,,,,,,,,,,,,,,,,49.68,in compliance,169413.883,2025.0,No,No,No,No,No,No,,,11.078134527480236,3.828641396489095,14.906369533899806,12.040100011797184,0,4,0.21162223627050744,-0.4252823674018664,0.21162223627050744,-0.4252823674018664,0,4
652,100944,801209010.0,,10 e brookline st,boston,2118.0,15 msgr reynolds wy,boston,2118.0,71898.0,,Multifamily Housing,Multifamily Housing (71898.0),63.9,,4594818.7,3490600.0,185385.766,323628.0,66389.048,,,,,,,,,,,,,,,,,,,,,,49.68,in compliance,251774.814,2025.0,No,No,No,No,No,No,,,11.183003726910572,4.157319361383489,15.34043985706316,12.436290371761231,1,5,1.0162866137383955,0.21030728173002508,1.0162866137383955,0.21030728173002508,1,5
653,100945,801209010.0,,18 e brookline st,boston,2118.0,15 msgr reynolds wy,boston,2118.0,84216.0,,Multifamily Housing,Multifamily Housing (84216.0),68.7,77.0,5781546.1,4473300.0,237576.963,383425.0,78655.805,,,,,,,,,,,,,,,,,,,,,,49.68,in compliance,316232.768,2025.0,No,No,No,No,No,No,,,11.341140205931161,4.229749199228304,15.570181696228609,12.664233829001763,1,1,1.4838041177933625,0.29131656669824524,1.4838041177933625,0.29131656669824524,1,1
654,100946,801209010.0,,599 harrison ave,boston,2118.0,15 msgr reynolds wy,boston,2118.0,85164.0,,Multifamily Housing,Multifamily Housing (85164.0),34.1,99.0,2904721.1,1471200.0,78135.432,420141.0,86187.725,,,,,,,,,,,,,,,,,,,,,,49.68,in compliance,164323.157,2025.0,No,No,No,No,No,No,,,11.352334088312983,3.529297384289471,14.881847936774511,12.009590237489999,0,4,0.23610961581349985,-1.1692098340505404,0.23610961581349985,-1.1692098340505404,0,4
655,100952,801209010.0,boston housing authority,637-651 harrison ave,boston,2118.0,15 msgr reynolds wy,boston,2118.0,74420.0,,Multifamily Housing,Multifamily Housing (74420.0),44.8,100.0,3332570.9,2717800.1,144342.363,180179.0,36961.92,,,,,,,,,,,,,,,,,,,,,,49.68,in compliance,181304.283,2025.0,No,No,No,No,No,No,,,11.217480001900613,3.8022081394209395,15.019254606127515,12.107932020291814,0,4,0.4257576915914423,-0.5445867613490992,0.4257576915914423,-0.5445867613490992,0,4
656,100953,801209010.0,,623-635 harrison ave,boston,2118.0,15 msgr reynolds wy,boston,2118.0,68570.0,,Multifamily Housing,Multifamily Housing (68570.0),44.6,98.0,3057337.2,2121899.9,112694.104,274161.0,56241.388,,,,,,,,,,,,,,,,,,,,,,49.68,in compliance,168935.492,2025.0,No,No,No,No,No,No,,,11.13561040027841,3.7977338590260183,14.933054899009733,12.03727221689563,0,4,0.2551167860609897,-0.5168473879648258,0.2551167860609897,-0.5168473879648258,0,4
657,100954,801209010.0,boston housing authority,17 monsignor reynolds way,boston,2118.0,15 msgr reynolds wy,boston,2118.0,45402.0,,Multifamily Housing,Multifamily Housing (45402.0),22.8,100.0,1036952.5,271600.0,14424.676,224312.0,46015.364,,,,,,,,,,,,,,,,,,,,,,49.68,in compliance,60440.04,2025.0,No,No,No,No,No,No,,,10.723311435922577,3.126760535960395,13.851796680955244,11.009407078199825,0,3,-1.8215128461961638,-1.7283752387447406,-1.8215128461961638,-1.7283752387447406,0,3
658,100956,801209010.0,,21 monsignor reynolds way,boston,2118.0,15 msgr reynolds wy,boston,2118.0,27770.0,,Multifamily Housing,Multifamily Housing (27770.0),81.5,70.0,2262678.1,1988100.1,105587.996,80474.2,16508.477,,,,,,,,,,,,,,,,,,,,,,49.68,in compliance,122096.473,2025.0,No,No,No,No,No,No,,,10.231711580300844,4.400603020246817,14.632059669690145,11.712566773522697,0,0,-0.565317740362541,1.1337675115463846,-0.565317740362541,1.1337675115463846,0,0
661,100964,900095000.0,boston housing authority,80 w dedham st,boston,2118.0,80 w dedham st,boston,2118.0,128250.0,,Multifamily Housing,Multifamily Housing (128250.0),77.2,,9894927.5,2654800.0,140996.428,2121960.0,435298.874,,,,,,,,,,,,,,,,,,,,,,65.27,in compliance,576295.302,2025.0,No,No,No,No,No,No,,,11.761736763033015,4.3463994570307305,16.107532810059165,13.264375485387365,1,1,2.639086891552465,0.353488549733662,2.639086891552465,0.353488549733662,1,1
663,100966,1002333100.0,boston housing authority,285-287 centre st,boston,2130.0,285  297 centre st,boston,2130.0,48538.0,,Multifamily Housing,Multifamily Housing (48538.0),76.8,,3727370.7,2610200.1,138627.727,327424.0,67167.759,,,,,,,,,,,,,,,,,,,,,,40.02,in compliance,205795.486,2025.0,No,No,No,No,No,No,,,10.790102275300281,4.341204640153626,15.13121363689061,12.23463816822511,0,5,0.527588570767864,0.7662492567774448,0.527588570767864,0.7662492567774448,0,5
664,100967,1002333100.0,boston housing authority,960-964 parker st,boston,2130.0,285  297 centre st,boston,2130.0,24720.0,,Multifamily Housing,Multifamily Housing (24720.0),32.2,89.0,794975.0,241900.0,12847.309,162097.0,33252.579,,,,,,,,,,,,,,,,,,,,,,20.62,in compliance,46099.888,2025.0,No,No,No,No,No,No,,,10.115367911571628,3.4719664525503626,13.586065946601135,10.738565799480703,0,3,-2.4814383505404027,-0.7433907482781357,-2.4814383505404027,-0.7433907482781357,0,3
665,100968,1002333100.0,boston housing authority,275-279 centre st,boston,2130.0,285  297 centre st,boston,2130.0,78162.0,,Multifamily Housing,Multifamily Housing (78162.0),29.2,,2284192.6,530800.0,28190.788,513890.0,105419.395,,,,,,,,,,,,,,,,,,,,,,58.66,in compliance,133610.183,2025.0,No,No,No,No,No,No,,,11.266538874925619,3.374168709274236,14.64152317194713,11.802681757239961,0,4,-0.20822119771552308,-1.4520658415806937,-0.20822119771552308,-1.4520658415806937,0,4
667,100970,1002333200.0,boston housing authority,950-954 parker st,boston,2130.0,954  940 parker st,boston,2130.0,48951.0,,Multifamily Housing,Multifamily Housing (48951.0),82.6,,4042336.8,2945000.1,156408.955,321611.0,65975.281,,,,,,,,,,,,,,,,,,,,,,126.6,in compliance,222384.236,2025.0,No,No,No,No,No,No,,,10.79857507675918,4.414009680526933,15.212333498560952,12.312161957551403,0,5,0.6775823420881328,0.913805131232969,0.6775823420881328,0.913805131232969,0,5
668,100971,1002333200.0,boston housing authority,940-944 parker st,boston,2130.0,954  940 parker st,boston,2130.0,48951.0,,Multifamily Housing,Multifamily Housing (48951.0),76.7,,3756636.7,2659299.9,141235.418,321611.0,65975.281,,,,,,,,,,,,,,,,,,,,,,147.56,in compliance,207210.699,2025.0,No,No,No,No,No,No,,,10.79857507675918,4.33990170837321,15.13903462038613,12.241491424134754,0,5,0.5434116544115413,0.7598464225401256,0.5434116544115413,0.7598464225401256,0,5
669,100972,1101630000.0,boston housing authority,1990 columbus ave,boston,2119.0,1990 columbus av,boston,2119.0,121640.0,,Multifamily Housing,Multifamily Housing (121640.0),63.7,10.0,7743331.9,2076000.0,110256.36,1661000.0,340737.54,,,,,,,,,,,,,,,,,,,,,,50.58,in compliance,450993.9,2025.0,No,No,No,No,No,No,,,11.7088211417913,4.154184562578117,15.862342630972998,13.019209092894453,1,1,2.170612032260729,-0.02336038397126099,2.170612032260729,-0.02336038397126099,1,1
670,100973,1202342000.0,boston housing authority,125 elm hill ave,boston,2121.0,brookledge st,boston,2121.0,63162.0,,Multifamily Housing,Multifamily Housing (63162.0),75.2,52.0,4752454.4,4062199.9,215743.437,202302.0,41500.232,,,,,,,,,,,,,,,,,,,,,,27.17,in compliance,257243.669,2025.0,No,No,No,No,No,No,,,11.05345813347938,4.320151230955794,15.374171758348663,12.457779043092195,1,5,1.0344589788539793,0.6054334890319961,1.0344589788539793,0.6054334890319961,1,5
671,100974,1601530000.0,boston housing authority,1879 dorchester ave,boston,2124.0,talbot av,boston,2124.0,103200.0,,Multifamily Housing,Multifamily Housing (103200.0),53.6,70.0,5529506.9,3747299.8,199019.092,522335.0,107151.802,,,,,,,,,,,,,,,,,,,,,,33.47,in compliance,306170.894,2025.0,No,No,No,No,No,No,,,11.544424132029599,3.9815490680767565,15.525609201349202,12.631898702168389,1,1,1.4652728211053492,-0.3137991471090107,1.4652728211053492,-0.3137991471090107,1,1
674,100977,1703554000.0,boston housing authority,2262-2266 dorchester ave,boston,2124.0,2262  2266 dorchester av,boston,2124.0,110110.0,,Multifamily Housing,Multifamily Housing (110110.0),89.0,,9794584.8,8820799.9,468472.683,285400.0,58546.956,,,,,,,,,,,,,,,,,,,,,,38.22,in compliance,527019.639,2025.0,No,No,No,No,No,No,,,11.609235145107636,4.48863636973214,16.097340219488373,13.1749930924838,1,1,2.5210337127718736,0.7112793348339098,2.5210337127718736,0.7112793348339098,1,1
675,100978,1704614000.0,boston housing authority,784-786 washington st,boston,2124.0,784  786 washington st,boston,2124.0,64230.0,,Multifamily Housing,Multifamily Housing (64230.0),93.0,,5975632.7,3857599.5,204877.109,620760.0,127342.706,,,,,,,,,,,,,,,,,,,,,,94.02,in compliance,332219.815,2025.0,No,No,No,No,No,No,,,11.070225670251839,4.532599493153256,15.603200541389159,12.713552122185,1,5,1.4827793157085187,1.04204993740968,1.4827793157085187,1.04204993740968,1,5
815,101118,1805623000.0,,1 cliffmont st,boston,2131.0,27 cliffmont st,boston,2131.0,130920.0,,Multifamily Housing,Multifamily Housing (130920.0),55.6,65.0,7280731.5,5037000.3,267515.086,657600.0,134900.064,,,,,,,,,,,,,,,,,,,,,,49.11,in compliance,402415.15,2025.0,No,No,No,No,No,No,,,11.782341728615117,4.018183201256536,15.800741895894244,12.905239546164324,1,1,2.037986946847206,-0.3421546864288727,2.037986946847206,-0.3421546864288727,1,1
868,101171,2011609000.0,boston housing authority,5300 washington st,boston,2132.0,5300 washington st,boston,2132.0,47460.0,,Multifamily Housing,Multifamily Housing (47460.0),71.2,,3378008.8,944700.0,50173.017,713162.0,146298.053,,,,,,,,,,,,,,,,,,,,,,99.93,in compliance,196471.07,2025.0,No,No,No,No,No,No,,,10.767642529989754,4.26549281841793,15.03279698143826,12.188270472989469,0,5,0.377222977061453,0.6219869829249552,0.377222977061453,0.6219869829249552,0,5
869,101173,2101831500.0,,29-31 jette ct,boston,2135.0,29  31 jette ct,boston,2135.0,53310.0,,Multifamily Housing,Multifamily Housing (53310.0),45.8,,2443007.5,1316000.0,69892.76,330307.0,67759.178,,,,,,,,,,,,,,,,,,,,,,55.08,in compliance,137651.938,2025.0,No,No,No,No,No,No,,,10.883879209816806,3.824284091120139,14.708740420231072,11.832483589657985,0,4,-0.2148838311969878,-0.3494886500876317,-0.2148838311969878,-0.3494886500876317,0,4
870,101174,2101840000.0,,91-95 washington st,boston,2135.0,91  95 washington st,boston,2135.0,88210.0,,Multifamily Housing,Multifamily Housing (88210.0),101.9,14.0,8991231.7,7866500.0,417789.815,329640.0,67622.35,,,,,,,,,,,,,,,,,,,,,,33.12,in compliance,485412.165,2025.0,No,No,No,No,No,No,,,11.387475614252812,4.623991940228679,16.01176040484952,13.092753633765293,1,1,2.3043628323750855,1.0908508764741187,2.3043628323750855,1.0908508764741187,1,1
871,101175,2101845000.0,,32-34 fidelis way,boston,2135.0,34  32 fidelis wy,boston,2135.0,58974.0,,Multifamily Housing,Multifamily Housing (58974.0),53.0,,3123382.9,2053100.0,109040.141,313682.0,64348.725,,,,,,,,,,,,,,,,,,,,,,55.08,in compliance,173388.866,2025.0,No,No,No,No,No,No,,,10.984851947794684,3.970291913552122,14.954427235217796,12.063292131347772,0,5,0.257288423336366,-0.09114832017264501,0.257288423336366,-0.09114832017264501,0,5
872,101178,2102001000.0,boston housing authority,20 washington st,boston,2135.0,65 egremont rd,boston,2135.0,191105.0,,Multifamily Housing,Multifamily Housing (191105.0),57.3,61.0,10955919.5,7115099.7,377882.945,1125680.0,230921.995,,,,,,,,,,,,,,,,,,,,,,42.87,in compliance,608804.94,2025.0,No,No,No,No,No,No,,,12.160578294197963,4.048300623720694,16.209390461766006,13.31925319981995,1,2,2.9014591340951217,-0.4453152104115085,2.9014591340951217,-0.4453152104115085,1,2
888,101206,901710000.0,,431 melnea cass boulevard,boston,2119.0,,,,52055.0,,Multifamily Housing,Multifamily Housing (52055.0),40.4,89.0,2104548.9,893285.5,47442.393,355001.0,72824.905,,,,,,,,,,,,,,,,,,,,,,22.0,in compliance,120267.298,2025.0,No,No,No,No,No,No,,,10.860056130908854,3.6988297849671046,14.559611702845835,11.697472027934394,0,6,-0.48734380105466363,-0.5991823467454966,-0.48734380105466363,-0.5991823467454966,0,6
893,101219,401720000.0,boston rehabilitation,66 fenway,boston,2115.0,66 fenway st,boston,2115.0,31296.0,,Multifamily Housing,Multifamily Housing (31296.0),62.3,82.0,1948373.5,1468774.2,78006.598,140562.5,28834.991,,,,,,,,,,,,,,,,,,,,,,31.27,in compliance,106841.589,2030.0,No,No,No,No,No,No,,,10.351245572834545,4.131961425793407,14.482505479918727,11.57910253982015,0,0,-0.7979309136474182,0.5230543976776917,-0.7979309136474182,0.5230543976776917,0,0
894,101220,2100587000.0,boston rehabilitation,98 chester st,boston,2134.0,98 chester st,boston,2134.0,43716.0,,Multifamily Housing,Multifamily Housing (43716.0),32.0,94.0,1397159.9,1015318.6,53923.571,111911.3,22957.484,,,,,,,,,,,,,,,,,,,,,,21.6,in compliance,76881.055,2030.0,No,No,No,No,No,No,,,10.685469446796564,3.4657359027997265,14.149952091245295,11.250014766234722,0,6,-1.320302245160498,-1.0104739092740314,-1.320302245160498,-1.0104739092740314,0,6
895,101221,2101103000.0,,1391 commonwealth ave,boston,2134.0,1391 commonwealth av,boston,2134.0,50136.0,,Multifamily Housing,Multifamily Housing (50136.0),64.6,87.0,3240052.7,,,201849.0,41407.304,,,,,,,,,,2551343.9,189335.231,,,,,,,,,,,43.47,in compliance,230742.535,2030.0,No,No,No,No,No,No,,,10.822494591904512,4.168214410788556,14.99110015306833,12.34905780081254,0,5,0.4621474702813629,0.4091105950520791,0.4621474702813629,0.4091105950520791,0,5
896,101223,2101547000.0,boston rehabilitation,15 royce rd,boston,2134.0,15 royce rd,boston,2134.0,29598.0,,Multifamily Housing,Multifamily Housing (29598.0),57.1,83.0,1688754.8,1193344.2,63378.51,145196.5,29785.61,,,,,,,,,,,,,,,,,,,,,,44.26,in compliance,93164.12,2030.0,No,No,No,No,No,No,,,10.295462070461793,4.044804116661965,14.339502010591515,11.442117948009647,0,6,-1.0735478820769855,0.36654901501973514,-1.0735478820769855,0.36654901501973514,0,6
920,101251,503758000.0,boston university trst of,96 bay state rd,boston,2215.0,96 bay state rd,boston,2215.0,28553.0,,Multifamily Housing,Multifamily Housing (28553.0),66.6,,1901075.8,1716416.8,91158.896,54120.4,11102.259,,,,,,,,,,,,,,,,,,,,,,20.1,in compliance,102261.155,2030.0,No,Yes,No,No,No,No,,,10.259517288372871,4.198704577546343,14.457930494426288,11.535285163309107,0,0,-0.8825614716085224,0.7010704676162347,-0.8825614716085224,0.7010704676162347,0,0
921,101252,2100271000.0,boston university trst of,96 mountfort st,boston,2215.0,96  100 mountfort st,boston,2215.0,26742.0,,Multifamily Housing,Multifamily Housing (26742.0),46.9,90.0,1252907.2,949697.1,50438.413,88865.8,18229.93,,,,,,,,,,,,,,,,,,,,,,15.06,in compliance,68668.343,2030.0,No,Yes,No,No,No,No,,,10.193990642174612,3.8480176754522337,14.040977168884863,11.137043571426984,0,6,-1.6587104722484483,0.0010539970194090732,-1.6587104722484483,0.0010539970194090732,0,6
926,101260,2100201000.0,boston university trsts,14 buswell st,boston,2215.0,10  18 buswell st,boston,2215.0,67049.0,,Multifamily Housing,Multifamily Housing (67049.0),49.2,96.0,3301694.2,2599666.6,138068.293,205752.5,42208.068,,,,,,,,,,,,,,,,,,,,,,48.68,in compliance,180276.361,2025.0,No,Yes,No,No,No,No,,,11.113178974355504,3.8958936234982624,15.009946288634522,12.102246291333497,0,4,0.38228876456009575,-0.3032901632994133,0.38228876456009575,-0.3032901632994133,0,4
929,101263,2100321001.0,boston university trsts,728 commonwealth av,boston,2215.0,728 commonwealth av,boston,2215.0,29574.0,,Multifamily Housing,Multifamily Housing (29574.0),76.9,67.0,2273332.0,1875897.2,99628.9,116481.5,23895.015,,,,,,,,,,,,,,,,,,,,,,53.4,in compliance,123523.915,2030.0,No,Yes,No,No,No,No,,,10.294650875933433,4.3425058765115985,14.6367571546411,11.72419006002834,0,0,-0.5344081894636539,0.9856149631374459,-0.5344081894636539,0.9856149631374459,0,0
930,101264,2100322000.0,boston university trsts,726 commonwealth ave,boston,2215.0,726 commonwealth av,boston,2215.0,28278.0,,Multifamily Housing,Multifamily Housing (28278.0),79.3,74.0,2241673.1,1875897.2,99628.9,107202.8,21991.582,,,,,,,,,,,,,,,,,,,,,,55.84,in compliance,121620.482,2025.0,No,Yes,No,No,No,No,,,10.249839396151787,4.373238128640803,14.622733064668425,11.7086606718302,0,0,-0.5736803411149569,1.069189337607044,-0.5736803411149569,1.069189337607044,0,0
931,101265,2100323001.0,boston university trsts,722 commonwealth av,boston,2215.0,722 commonwealth av,boston,2215.0,28633.0,,Multifamily Housing,Multifamily Housing (28633.0),81.0,63.0,2319107.2,1875897.2,99628.9,129897.4,26647.153,,,,,,,,,,,,,,,,,,,,,,55.15,in compliance,126276.053,2025.0,No,Yes,No,No,No,No,,,10.262315177792935,4.394449154672439,14.656692841991148,11.746225686244268,0,0,-0.5048725299058408,1.1081405814182612,-0.5048725299058408,1.1081405814182612,0,0
944,101278,2100195000.0,boston university trsts of,46 mountfort st # b,boston,2215.0,15 arundel st,boston,2215.0,30467.0,,Multifamily Housing,Multifamily Housing (30467.0),68.6,59.0,2090426.5,1746033.6,92731.844,100935.8,20705.97,,,,,,,,,,,,,,,,,,,,,,34.99,in compliance,113437.814,2030.0,No,Yes,No,No,No,No,,,10.324399409633317,4.22829253473184,14.552878670107805,11.639010071481554,0,0,-0.6828639833320149,0.7348017249525042,-0.6828639833320149,0.7348017249525042,0,0
945,101279,2100202000.0,boston university trsts of,6 buswell st,boston,2215.0,6 buswell st,boston,2215.0,25818.0,,Multifamily Housing,Multifamily Housing (25818.0),77.9,37.0,2012473.0,1644091.5,87317.7,107966.4,22148.227,,,,,,,,,,,,,,,,,,,,,,38.23,in compliance,109465.927,2030.0,No,Yes,No,No,No,No,,,10.158827202066655,4.355425952876702,14.51487487203579,11.603368610865818,0,0,-0.7967030296397469,1.072436493733397,-0.7967030296397469,1.072436493733397,0,0
946,101280,2100205000.0,boston university trsts of,844-844a beacon st,boston,2215.0,844 844a beacon st,boston,2215.0,20858.0,,Multifamily Housing,Multifamily Housing (20858.0),72.2,87.0,1505062.1,1294372.2,68744.108,61749.7,12667.333,,,,,,,,,,,,,,,,,,,,,,54.13,in compliance,81411.441,2030.0,No,Yes,No,No,No,No,,,9.945492846681159,4.279440045898781,14.224344717772313,11.307271094939562,0,0,-1.3963659764427214,1.0074845465340052,-1.3963659764427214,1.0074845465340052,0,0
947,101281,2100233000.0,boston university trsts of,90 saint mary's st,boston,2215.0,90 st marys st,boston,2215.0,23107.0,,Multifamily Housing,Multifamily Housing (23107.0),87.2,,2015237.7,1770531.8,94032.944,71719.2,14712.477,,,,,,,,,,,,,,,,,,,,,,38.66,in compliance,108745.421,2030.0,No,Yes,No,No,No,No,,,10.047890880908506,4.468204330914934,14.516247711666113,11.596764842317333,0,0,-0.8299334972279436,1.355343404109821,-0.8299334972279436,1.355343404109821,0,0
955,101290,504140000.0,boston university trustee of,580 commonwealth ave,boston,2215.0,580 commonwealth av,boston,2215.0,124795.0,,Multifamily Housing,Multifamily Housing (124795.0),77.1,49.0,9618019.8,4745699.3,252044.09,1427716.0,292881.66,,,,,,,,,,,,,,,,,,952.2,70.663,,,44.9,in compliance,544996.413,2025.0,No,Yes,No,No,No,No,,,11.734427670012312,4.345103280569283,16.079148959457676,13.208534491972346,1,1,2.5589983322022585,0.3609821704996682,2.5589983322022585,0.3609821704996682,1,1
958,101294,302811000.0,boston view corp del corp,130-140 bowdoin st,boston,2108.0,140  130 bowdoin st,boston,2108.0,126480.0,5500.0,Multifamily Housing,"Multifamily Housing (126480.0),Parking (5500.0)",66.8,47.0,8445006.0,5916100.2,314204.082,741179.9,152045.645,,,,,,,,,,,,,,,,,,,,,,13.9,in compliance,466249.727,2025.0,No,No,No,No,No,No,,,11.747839471883353,4.2017030805426,15.94908581870336,13.052476664417203,1,1,2.3028323153930113,0.054836520410565345,2.3028323153930113,0.054836520410565345,1,1
966,101304,2102524000.0,bostonian realty llc mass llc,3-5 lothian rd,boston,2135.0,5  3 lothian rd,boston,2135.0,30136.0,,Multifamily Housing,Multifamily Housing (30136.0),90.3,31.0,2722732.0,2409500.2,127968.556,91803.0,18832.467,,,,,,,,,,,,,,,,,,,,,,27.48,in compliance,146801.023,2025.0,No,No,No,No,No,No,,,10.313475749371877,4.5031374604229395,14.8171463459529,11.896833363803122,0,0,-0.20119647661202072,1.311320188464132,-0.20119647661202072,1.311320188464132,0,0
967,101305,2102629000.0,bostonian realty llc mass llc,1713-1715 commonwealth ave,boston,2135.0,1713  1715 commonwealth av,boston,2135.0,29280.0,,Multifamily Housing,Multifamily Housing (29280.0),74.5,64.0,2181706.5,1887499.9,100245.12,86227.0,17688.607,,,,,,,,,,,,,,,,,,,,,,35.06,in compliance,117933.727,2030.0,I'm not sure,No,No,No,I'm not sure,I'm not sure,,,10.284659968075248,4.310799125385514,14.595617926703724,11.677878110078234,0,0,-0.6173127419660355,0.9237448258495783,-0.6173127419660355,0.9237448258495783,0,0
968,101306,1001520010.0,both/ndc community,209 heath st,boston,2130.0,191  225 heath st,boston,2130.0,30176.0,,Multifamily Housing,Multifamily Housing (30176.0),56.3,99.0,1698115.5,1339330.0,71131.816,105154.0,21571.292,,,,,,,,,,,,,,,,,,,,,,51.52,in compliance,92703.108,2030.0,No,No,No,No,No,No,,,10.314802185433184,4.030694535145645,14.345029664741507,11.437157278500003,0,6,-1.0658147405329237,0.32801838423228036,-1.0658147405329237,0.32801838423228036,0,6
975,101313,303975000.0,boulevard broad street llc,110 broad st,boston,2110.0,102  112 broad st,boston,2110.0,69829.0,,Multifamily Housing,Multifamily Housing (69829.0),42.0,71.0,2931582.1,1089747.0,57876.463,539811.0,110736.829,,,,,,,,,,,,,,,,,,,,,,14.27,in compliance,168613.292,2025.0,No,No,No,No,No,No,,,11.153804675244917,3.7376696182833684,14.891052801134444,12.035363158927552,0,4,0.2115324731125584,-0.6471950856631439,0.2115324731125584,-0.6471950856631439,0,4
978,101316,504162000.0,boylston condominium tr,1089-1091 boylston st,boston,2215.0,1089  1091 boylston st,boston,2215.0,24650.0,,Multifamily Housing,Multifamily Housing (24650.0),72.3,93.0,1781241.9,1474800.0,78326.628,89813.0,18424.239,,,,,,,,,,,,,,,,,,,,,,41.12,in compliance,96750.867,2025.0,No,No,No,No,No,No,,,10.112532179470836,4.280824129164719,14.392821375620338,11.479894572092187,0,0,-1.0359217650294317,0.9372292743594366,-1.0359217650294317,0.9372292743594366,0,0
980,101318,304892000.0,,60-62 boylston st,boston,2116.0,62  60 boylston st,boston,2116.0,168300.0,,Multifamily Housing,Multifamily Housing (168300.0),54.1,94.0,9101788.1,,,777583.0,159513.377,,,,,,6448674.8,355966.849,,,,,,,,,,,,,,,41.27,in compliance,515480.226,2025.0,I'm not sure,No,No,No,I'm not sure,I'm not sure,,,12.033503380178898,3.9908341858524357,16.023981446690055,13.152854222828552,1,1,2.5377127887678914,-0.5079302103126576,2.5377127887678914,-0.5079302103126576,1,1
981,101319,504178000.0,boylston i holding llc,1163 boylston st,boston,2215.0,1163 boylston st,boston,2215.0,20100.0,,Multifamily Housing,Multifamily Housing (20100.0),80.7,93.0,1622179.2,1409731.0,74870.813,62265.0,12773.042,,,,,,,,,,,,,,,,,,,,,,35.3,in compliance,87643.855,2025.0,No,No,No,No,No,No,,,9.908475094047168,4.390738575275903,14.299280988442725,11.381036779506049,0,0,-1.2687458671524345,1.2554475748849423,-1.2687458671524345,1.2554475748849423,0,0
985,101324,504185000.0,boylston street llc mass llc,1197 boylston st,boston,2215.0,1197 boylston st,boston,2215.0,29682.0,,Multifamily Housing,Multifamily Housing (29682.0),9.4,100.0,279360.9,,,81876.0,16796.043,,,,,,,,,,,,,,,,,,,,,,21.79,in compliance,16796.043,2025.0,No,No,No,No,No,No,C10073,,10.298296080455764,2.2407096892759584,12.54025977327767,9.728898601934173,0,7,-4.3434178266737655,-3.38388322091787,-4.3434178266737655,-3.38388322091787,0,7
987,101326,504187000.0,boylston street llc mass llc,1209 boylston st,boston,2215.0,1209 boylston st,boston,2215.0,29682.0,,Multifamily Housing,Multifamily Housing (29682.0),10.2,100.0,302074.6,,,88533.0,18161.66,,,,,,,,,,,,,,,,,,,,,,27.2,in compliance,18161.66,2025.0,No,No,No,No,No,No,C10073,,10.298296080455764,2.322387720290225,12.618429285720172,9.807068057669303,0,7,-4.197231865625978,-3.2143992252303404,-4.197231865625978,-3.2143992252303404,0,7
994,101333,601900005.0,bp broadway llc,353-361 athens st,boston,2127.0,420 w broadway,boston,2127.0,33904.0,,Multifamily Housing,"Multifamily Housing (32389.0),Retail Store (1515.0)",30.4,,1032141.7,26881.2,1427.661,294625.0,60439.373,,,,,,,,,,,,,,,,,,,,,,17.23,in compliance,61867.034,2025.0,No,No,No,No,No,No,,,10.431288280508081,3.414442608412176,13.847146521799562,11.0327427481485,0,3,-1.8889722242552125,-0.9993617268316833,-1.8889722242552125,-0.9993617268316833,0,3
1001,101345,401037085.0,,77 exeter st,boston,2116.0,77 exeter st,boston,2116.0,293107.0,,Multifamily Housing,Multifamily Housing (293107.0),31.6,92.0,9260279.4,1867400.0,99177.614,2166729.0,444482.787,,,,,,,,,,,,,,,,,,,,,,16.62,in compliance,543660.401,2025.0,I`m not sure,No,No,No,I`m not sure,I`m not sure,,,12.588293009047712,3.4531571205928664,16.04124477895335,13.206080068037238,1,2,2.7466036773603215,-1.8685412447234013,2.7466036773603215,-1.8685412447234013,1,2
1002,101345,401037085.0,,77 exeter st,boston,2116.0,77 exeter st,boston,2116.0,293107.0,,Multifamily Housing,Multifamily Housing (293107.0),31.6,92.0,9260279.4,1867400.0,99177.614,2166729.0,444482.787,,,,,,,,,,,,,,,,,,,,,,16.62,in compliance,543660.401,2025.0,I`m not sure,No,No,No,I`m not sure,I`m not sure,,,12.588293009047712,3.4531571205928664,16.04124477895335,13.206080068037238,1,2,2.7466036773603215,-1.8685412447234013,2.7466036773603215,-1.8685412447234013,1,2
1009,101360,1403373000.0,bradford estates condo tr,2-26 marden ave,boston,2124.0,55 willowwood st,boston,2124.0,39163.0,,Multifamily Housing,Multifamily Housing (39163.0),37.3,66.0,1459216.9,,,427672.0,87732.634,,,,,,,,,,,,,,,,,,,,,,,in compliance,87732.634,2030.0,No,No,No,No,No,No,,,10.575487702494618,3.6189933266497696,14.193410479923733,11.3820492186088,0,6,-1.2052313852838605,-0.637139053855626,-1.2052313852838605,-0.637139053855626,0,6
1012,101365,503916000.0,braemore conco assn inc,464-466 commonwealth ave,boston,2215.0,466  464 commonwealth av,boston,2215.0,100000.0,,Multifamily Housing,Multifamily Housing (100000.0),44.0,87.0,4404810.6,2358600.1,125265.251,599710.0,123024.509,,,,,,,,,,,,,,,,,,,,,,34.85,in compliance,248289.76,2025.0,No,No,No,No,No,No,,,11.512925464970229,3.784189633918261,15.298207819833259,12.42235173021089,1,4,1.0479524543668506,-0.7093423339641897,1.0479524543668506,-0.7093423339641897,1,4
1013,101366,100534000.0,brandywyne village co,870-908a saratoga st,boston,2128.0,870 908a saratoga st,boston,2128.0,385660.0,,Multifamily Housing,Multifamily Housing (385660.0),70.5,74.0,27200634.6,22441934.5,1191891.141,1394695.0,286107.732,,,,,,,,,,,,,,,,,,,,,,47.75,in compliance,1477998.873,2025.0,No,No,No,No,No,No,,,12.862711431273596,4.255612709818223,17.118750861876418,14.206199617973079,1,2,4.760272237757935,-0.3239353442800491,4.760272237757935,-0.3239353442800491,1,2
1022,101419,203515760.0,bricklayers building 104 llc mass llc,104 first ave,boston,2129.0,104 first av,boston,2129.0,47007.0,10590.0,Multifamily Housing,"Multifamily Housing (47007.0),Parking (10590.0)",59.8,50.0,2809444.5,1902574.5,101045.732,265788.4,54523.832,,,,,,,,,,,,,,,,,,,,,,23.71,in compliance,155569.564,2025.0,No,No,No,No,No,No,,,10.758051805772519,4.091005660956586,14.84849733493457,11.954848267480338,0,5,-0.002443136083856927,0.25966684789269456,-0.002443136083856927,0.25966684789269456,0,5
1030,101429,2204054000.0,brighton allston apt's mass llc,493-501 washington st,boston,2135.0,493  501 washington st,boston,2135.0,27024.0,,Multifamily Housing,Multifamily Housing (27024.0),70.6,83.0,1907512.8,1511263.7,80263.215,116134.0,23823.729,,,,,,,,,,,,,,,,,,,,,,61.96,in compliance,104086.944,2025.0,No,No,No,No,No,No,,,10.204480639047581,4.257030144499196,14.461310752472102,11.552981828870147,0,0,-0.8808626127422478,0.8476447161869733,-0.8808626127422478,0.8476447161869733,0,0
1031,101430,2101102000.0,brighton allston apts llc mass llc,1387 commonwealth ave,boston,2134.0,1387 commonwealth av,boston,2134.0,24250.0,,Multifamily Housing,Multifamily Housing (24250.0),53.6,96.0,1299124.3,1058568.1,56220.552,70503.0,14462.985,,,,,,,,,,,,,,,,,,,,,,35.28,pending revisions,70683.537,2030.0,No,No,No,No,No,No,,,10.096171896365629,3.9815490680767565,14.077200980066369,11.165967967626374,0,6,-1.6237243070215626,0.32158695353481265,-1.6237243070215626,0.32158695353481265,0,6
1035,101434,2101829050.0,brighton marine health center inc,1465 commonwealth av,boston,2135.0,1465 commonwealth av,boston,2135.0,125448.0,0.0,Multifamily Housing,"Multifamily Housing (125448.0),Parking (4700.0)",31.0,99.0,3888415.7,1830669.0,97226.831,603091.0,123718.088,,,,,,,,,,,,,,,,,,,,,,22.46,in compliance,220944.919,2025.0,I'm not sure,No,No,No,I'm not sure,I'm not sure,,,11.739646609060868,3.4339872044851463,15.173512357571347,12.305668714141495,1,4,0.8849329162671628,-1.5376006215232383,0.8849329162671628,-1.5376006215232383,1,4
1039,101438,2101925000.0,brighton place condo tr,1625 commonwealth ave,boston,2135.0,1625  1645 commonwealth av,boston,2135.0,303624.0,,Multifamily Housing,Multifamily Housing (303624.0),53.2,86.0,16162265.6,12960799.8,688348.077,938295.9,192482.021,,,,,,,,,,,,,,,,,,,,,,12.22,in compliance,880830.098,2025.0,I'm not sure,No,No,No,I'm not sure,I'm not sure,,,12.623545372762615,3.9740583963475986,16.5981897992502,13.688620035014777,1,2,3.7332131848949373,-0.8046474338873627,3.7332131848949373,-0.8046474338873627,1,2
1043,101456,2200864000.0,brighton-allston elderly homes inc,69 holton st,boston,2134.0,69 holton st,boston,2134.0,63538.0,,Multifamily Housing,Multifamily Housing (63538.0),56.2,97.0,3572853.9,3058525.6,162438.295,150741.0,30923.009,,,,,,,,,,,,,,,,,,,,,,38.83,in compliance,193361.304,2025.0,No,No,No,No,No,No,,,11.059393431092678,4.028916756899646,15.088875246161132,12.172315759252019,0,5,0.5075299948567243,-0.0033992001452206105,0.5075299948567243,-0.0033992001452206105,0,5
1044,101457,502499000.0,brimmer chambers condominium trust,112 pinckney st,boston,2114.0,112 pinckney st,boston,2114.0,35100.0,,Multifamily Housing,Multifamily Housing (35100.0),39.0,100.0,1370495.9,139100.0,7387.601,102471.0,21020.901,,,,,,,,,,881764.8,65435.766,,,,,,,,,,,52.66,in compliance,93844.268,2030.0,No,No,No,No,No,No,,,10.465956409453957,3.6635616461296463,14.1306832031116,11.449391963964027,0,6,-1.257298849231353,-0.48714155868975634,-1.257298849231353,-0.48714155868975634,0,6
1052,101467,304033010.0,,99-107 broad st,boston,2110.0,99  105 broad st,boston,2110.0,45111.0,,Multifamily Housing,Multifamily Housing (45111.0),70.9,18.0,3197616.7,1363462.1,72413.472,537560.0,110275.058,,,,,,,,,,,,,,,,,,,,,,20.27,in compliance,182688.53,2025.0,No,No,No,No,No,No,,,10.716881398190429,4.2612704335380815,14.977916309032613,12.115537959880815,0,5,0.24873043430756428,0.6343258371052981,0.24873043430756428,0.6343258371052981,0,5
1068,101519,400554010.0,bryant back bay condo trust,301-303 columbus ave,boston,2116.0,301  319 columbus av,boston,2116.0,102055.0,57945.0,Multifamily Housing,"Multifamily Housing (102055.0),Parking (57945.0)",42.8,86.0,4363144.5,579100.0,30756.001,1109040.0,227508.466,,,,,,,,,,,,,,,,,,,,,,16.4,in compliance,258264.467,2025.0,I'm not sure,No,No,No,I'm not sure,I'm not sure,,,11.533267162628142,3.756538102587751,15.288703570970558,12.461739404773944,1,4,1.0723789983325986,-0.7728866940403157,1.0723789983325986,-0.7728866940403157,1,4
1071,101525,203515525.0,,103 ninth st,boston,2129.0,103 ninth st,boston,2129.0,81000.0,,Multifamily Housing,Multifamily Housing (81000.0),96.8,22.0,7840946.8,6441245.2,342094.533,410229.1,84154.398,,,,,,,,,,,,,,,,,,,,,,34.1,in compliance,426248.931,2025.0,I`m not sure,No,No,No,I`m not sure,I`m not sure,,,11.302204433654575,4.572646994282532,15.87487015034117,12.96277879965883,1,1,2.0327926726101833,1.0218796951094302,2.0327926726101833,1.0218796951094302,1,1
1078,101539,401402000.0,burbank apartments co,16-22 haviland st,boston,2115.0,16  18 haviland st,boston,2115.0,39644.0,,Multifamily Housing,Multifamily Housing (39644.0),74.2,58.0,2940435.6,2069566.9,109914.698,255237.0,52359.318,,,,,,,,,,,,,,,,,,,,,,29.59,in compliance,162274.016,2025.0,Yes,No,No,No,Yes,Yes,,,10.5876948915266,4.3067641501733345,14.894068291605079,11.997041642102666,0,5,0.0331364683212341,0.7834543470070157,0.0331364683212341,0.7834543470070157,0,5
1079,101540,401440000.0,burbank gardens apartments   llc,31 burbank st,boston,2115.0,31  41 burbank st,boston,2115.0,40461.0,,Multifamily Housing,Multifamily Housing (40461.0),79.1,40.0,3200400.2,2548742.3,135363.704,190990.0,39179.689,,,,,,,,,,,,,,,,,,,,,,35.27,in compliance,174543.393,2025.0,No,No,No,No,No,No,,,10.608093826184968,4.370712874773608,14.978786422450293,12.069928660198345,0,5,0.18682434267151365,0.9068597688443147,0.18682434267151365,0.9068597688443147,0,5
1080,101541,1102605040.0,burnett street llc,45 burnett st,boston,2130.0,45 burnett st,boston,2130.0,47124.0,,Multifamily Housing,Multifamily Housing (47124.0),42.5,81.0,2004176.7,986500.0,52393.015,298264.0,61185.877,,,,,,,,,,,,,,,,,,,,,,24.68,in compliance,113578.892,2025.0,No,No,No,No,No,No,,,10.76053770436601,3.7495040759303713,14.510743910952518,11.640252958145243,0,6,-0.610976868084162,-0.4505234214705501,-0.610976868084162,-0.4505234214705501,0,6
1081,101542,303040000.0,,40 battery st,boston,2109.0,40  50 battery st,boston,2109.0,106921.0,,Multifamily Housing,Multifamily Housing (106921.0),72.7,4.0,7777226.4,1731643.4,91967.581,1771859.0,363479.155,,,,,,,,,,,,,,,,,,,,,,18.23,in compliance,455446.736,2025.0,No,No,No,No,No,No,,,11.57984552299625,4.286341384539473,15.866710328735927,13.029034053608688,1,1,2.1471528805210025,0.3089663294805688,2.1471528805210025,0.3089663294805688,1,1
1082,101544,402546000.0,burton ronald e jr ts,29-33 wellington st,boston,2118.0,29  33 wellington st,boston,2118.0,24800.0,,Multifamily Housing,Multifamily Housing (24800.0),28.0,94.0,694123.7,,,203436.0,41732.861,,,,,,,,,,,,,,,,,,,,,,28.9,in compliance,41732.861,2030.0,No,No,No,No,No,No,,,10.118598932153073,3.332204510175204,13.450405465680639,10.639044131024605,0,3,-2.705842921364372,-1.0331683591132697,-2.705842921364372,-1.0331683591132697,0,3
1083,101545,1703703000.0,butler lp mass lp,68 butler st,boston,2124.0,68 butler st,boston,2124.0,31232.0,,Multifamily Housing,Multifamily Housing (31232.0),46.6,96.0,1454303.4,,,108383.0,22233.689,,,,,,,,,,1084500.6,80480.79,,,,,,,,,,,41.0,in compliance,102714.479,2025.0,Yes,No,No,No,Yes,Yes,,,10.349198489212819,3.8416005411316,14.190037581057588,11.53970836942635,0,6,-1.1557644704719372,-0.06343716263360426,-1.1557644704719372,-0.06343716263360426,0,6
1084,101546,1901313000.0,bynner estates condo tr,2 greenough ave,boston,2130.0,2 greenough av,boston,2130.0,20360.0,,Multifamily Housing,Multifamily Housing (20360.0),97.5,,1985973.8,298800.0,15869.268,49125.0,10077.503,,,,,,,,,,1519559.3,112766.496,,,,,,,,,,,20.95,in compliance,138713.267,2030.0,I'm not sure,No,No,No,I'm not sure,I'm not sure,,,9.921327470664458,4.579852378003801,14.50161993115381,11.840164254215898,0,0,-0.7035269820618322,1.660762539262868,-0.7035269820618322,1.660762539262868,0,0
1086,101549,1902190000.0,cabot estate condo tr,207 perkins st,boston,2130.0,175  309 perkins st,boston,2130.0,315739.0,,Multifamily Housing,"Multifamily Housing (315739.0),Swimming Pool (0.0)",30.8,59.0,9735261.2,,,2776692.0,569610.597,,,,,,,,,,,,,,,,261188.0,16781.329,,,,,25.88,in compliance,586391.926,2025.0,I'm not sure,No,No,No,I'm not sure,I'm not sure,,,12.662671201917847,3.427514689979529,16.09126502745058,13.281743660701261,1,2,2.8776349023985413,-1.952691786138284,2.8776349023985413,-1.952691786138284,1,2
1091,101602,2101267000.0,camelot company the,10 camelot ct,boston,2135.0,10 camelot ct,boston,2135.0,69300.0,,Multifamily Housing,Multifamily Housing (69300.0),62.6,94.0,4338758.2,3394900.1,180303.144,276629.0,56747.673,,,,,,,,,,,,,,,,,,,,,,26.96,in compliance,237050.817,2025.0,No,No,No,No,No,No,,,11.146200185177994,4.136765278106052,15.283098736101607,12.376029814854594,1,5,0.8979450040258103,0.18350681801035176,0.8979450040258103,0.18350681801035176,1,5
1092,101603,901220000.0,camfield tenants assoc inc,112 camden st,boston,2118.0,112  80 camden st,boston,2118.0,113315.0,,Multifamily Housing,Multifamily Housing (113315.0),17.3,,1959904.0,,,574415.0,117835.493,,,,,,,,,,,,,,,,,,,,,,,pending revisions,117835.493,2025.0,No,No,No,No,No,No,,,11.637926830133031,2.8507065015037334,14.488406050415325,11.677044803629796,0,4,-0.37045066399264637,-2.7032238961820676,-0.37045066399264637,-2.7032238961820676,0,4
1100,101653,401420010.0,,183-185a massachusetts ave,boston,2115.0,183  185 massachusetts av,boston,2115.0,53105.0,6430.0,Multifamily Housing,"Multifamily Housing (53105.0),Parking (6430.0)",53.8,91.0,2858582.6,1930348.0,102520.782,272050.0,55808.337,,,,,,,,,,,,,,,,,,,,,,16.22,in compliance,158329.119,2030.0,No,No,No,No,No,No,,,10.88002636475564,3.9852734671677386,14.865836465542943,11.972431177152329,0,5,0.06255969950619565,-0.01384995839849639,0.06255969950619565,-0.01384995839849639,0,5
1107,101661,2101747000.0,carol ave apartments llc,10-12 carol ave,boston,2134.0,10  12 carol av,boston,2134.0,40488.0,,Multifamily Housing,Multifamily Housing (40488.0),63.3,76.0,2562839.6,2079366.0,110435.128,141698.0,29067.928,,,,,,,,,,,,,,,,,,,,,,29.73,in compliance,139503.056,2030.0,No,No,No,No,No,No,,,10.608760912893914,4.147885329150131,14.756626420477165,11.845841786813642,0,5,-0.22587802186316414,0.44261510091904405,-0.22587802186316414,0.44261510091904405,0,5
1108,101662,1803370000.0,,1000 harvard st,boston,2126.0,1000 harvard st,boston,2126.0,22141.0,,Multifamily Housing,Multifamily Housing (22141.0),45.0,89.0,995901.0,605500.0,32158.105,114420.0,23472.119,,,,,,,,,,,,,,,,,,,,,,21.8,in compliance,55630.224,2030.0,I'm not sure,No,No,No,I'm not sure,I'm not sure,,,10.005186372360962,3.8066624897703196,13.811403134036105,10.926481929665583,0,6,-2.121613161952389,-0.0006713168527147392,-2.121613161952389,-0.0006713168527147392,0,6
1109,101664,301498000.0,casa maria apartments lp,130 endicott st,boston,2113.0,34 thatcher st,boston,2113.0,79136.0,,Multifamily Housing,Multifamily Housing (79136.0),73.9,64.0,5847649.8,4668783.3,247959.081,345506.0,70877.101,,,,,,,,,,,,,,,,,,,,,,36.78,in compliance,318836.182,2025.0,No,No,No,No,No,No,,,11.278923170321143,4.302712827954156,15.58155039489772,12.672432713812027,1,1,1.4853942127617534,0.4704214316015823,1.4853942127617534,0.4704214316015823,1,1
1112,101671,1001645000.0,castle condominium tr,339-343 s huntington ave,boston,2115.0,339  343 s huntington av,boston,2115.0,25559.0,,Multifamily Housing,Multifamily Housing (25559.0),80.5,59.0,2058643.9,1783199.9,94705.747,80728.0,16560.542,,,,,,,,,,,,,,,,,,,,,,32.87,in compliance,111266.289,2030.0,No,No,No,No,No,No,,,10.148744784095449,4.388257184424518,14.537558023019665,11.61968160728795,0,0,-0.762045224435525,1.1447692774388905,-0.762045224435525,1.1447692774388905,0,0
1115,101674,903130010.0,cbes development llc mass llc,2311 washington st,boston,2119.0,2311 washington st,boston,2119.0,49588.0,,Multifamily Housing,Multifamily Housing (49588.0),57.3,66.0,2839328.9,1589572.7,84422.206,366282.6,75139.213,,,,,,,,,,,,,,,,,,,,,,16.17,in compliance,159561.419,2025.0,No,No,No,No,No,No,,,10.811504147958038,4.048300623720694,14.859078279396577,11.980184199186116,0,5,0.04249876195331475,0.1482464741860779,0.04249876195331475,0.1482464741860779,0,5
1117,101676,305021000.0,ccba tai tung mngmnt inc,210-220 harrison ave,boston,2111.0,210  262 harrison av,boston,2111.0,394174.0,,Multifamily Housing,Multifamily Housing (394174.0),59.0,91.0,23246847.1,19761503.0,1049533.424,1021496.0,209549.689,,,,,,,,,,,,,,,,,,,,,,40.29,in compliance,1259083.113,2025.0,No,No,No,No,No,No,,,12.884547715158213,4.07753744390572,16.96168007219981,14.045894325938926,1,2,4.473259456491883,-0.7045457958866981,4.473259456491883,-0.7045457958866981,1,2
1118,101681,306150000.0,ccba waterford place llc mass llc,180-188 shawmut ave,boston,2118.0,180 shawmut av,boston,2118.0,46457.0,4140.0,Multifamily Housing,"Multifamily Housing (46457.0),Parking (4860.0)",79.8,65.0,3707809.2,2600686.8,138122.476,324479.0,66563.622,,,,,,,,,,,,,,,,,,,,,,46.48,in compliance,204686.098,2025.0,No,No,No,No,No,No,,,10.746282432565001,4.379523504455763,15.125951748033282,12.229232855322602,0,5,0.5057338523748384,0.8652989032399457,0.5057338523748384,0.8652989032399457,0,5
1119,101682,2101833010.0,ccf-bvshssf washington 1 llc,159  199 washington st,boston,2135.0,159  199 washington st,boston,2135.0,540060.0,0.0,Multifamily Housing,"Multifamily Housing (540060.0),Swimming Pool (0.0),Parking (114508.0)",44.5,93.0,24055697.4,12105399.5,642917.767,3502432.0,718488.9,,,,,,,,,,,,,,,,,,,,,,19.78,in compliance,1361406.667,2025.0,No,No,No,No,No,No,,,13.199435523479186,3.7954891891721947,16.995882424589013,14.12402903714868,1,2,4.653650191427605,-1.4268885781808478,4.653650191427605,-1.4268885781808478,1,2
1120,101683,1101134000.0,cdb limited partnership,1865-1869 columbus ave,boston,2119.0,1865  1869 columbus av,boston,2119.0,74368.0,0.0,Multifamily Housing,"Multifamily Housing (74368.0),Parking (384.0)",54.8,86.0,4077095.9,3095279.2,164390.278,287754.0,59029.856,,,,,,,,,,,,,,,,,,,,,,44.47,in compliance,223420.134,2025.0,I'm not sure,No,No,No,I'm not sure,I'm not sure,,,11.216781020771528,4.00369019395397,15.220895503722442,12.316809286891914,1,5,0.803972090673545,-0.12427247008641125,0.803972090673545,-0.12427247008641125,1,5
1122,101686,304950000.0,,31-37 beach st,boston,2111.0,37  31 beach st,boston,2111.0,69678.0,,Multifamily Housing,"Multifamily Housing (63343.0),Bank Branch (6335.0)",36.7,55.0,2560349.5,57900.0,3075.069,733426.0,150455.01,,,,,,,,,,,,,,,,,,,,,,22.44,in compliance,153530.079,2025.0,I'm not sure,No,No,No,I'm not sure,I'm not sure,,,11.151639908473813,3.6027767550605247,14.75565433057477,11.941651781210227,0,4,-0.01012570570268385,-0.9239734364305285,-0.01012570570268385,-0.9239734364305285,0,4
1124,101688,1002038024.0,centre creighton apartments  llc,365 centre st,boston,2130.0,365 centre st,boston,2130.0,35503.0,,Multifamily Housing,Multifamily Housing (35503.0),86.0,6.0,3054333.3,1532018.3,81365.492,446165.0,91526.288,,,,,,,,,,,,,,,,,,,,,,101.45,in compliance,172891.78,2025.0,No,No,No,No,No,No,,,10.477372478935242,4.454347296253507,14.932071894365784,12.060421128609477,0,5,0.09173714316922921,1.140964094625343,0.09173714316922921,1.140964094625343,0,5
1129,101693,1600465000.0,cesco llc mass llc,428 adams st,boston,2122.0,428  430 adams st,boston,2122.0,31792.0,,Multifamily Housing,Multifamily Housing (31792.0),91.2,26.0,2900227.6,2462897.3,130804.476,128174.2,26293.655,,,,,,,,,,,,,,,,,,,,,,47.66,in compliance,157098.131,2030.0,No,No,No,No,No,No,,,10.366969964791599,4.513054897080286,14.880299774635713,11.964625927291976,0,0,-0.06620384390776117,1.3087226891255095,-0.06620384390776117,1.3087226891255095,0,0
1133,101700,602678020.0,cg waterside ii limited,501 congress st,boston,2210.0,501 congress st,boston,2210.0,309066.0,19534.0,Multifamily Housing,"Multifamily Housing (309066.0),Parking (19534.0)",39.2,84.0,12129703.7,3856551.9,204821.471,2424722.0,497407.471,,,,,,,,,,,,,,,,,,,,,,17.79,in compliance,702228.942,2025.0,No,No,No,No,No,No,,,12.641310125305319,3.6686767467964168,16.31116785358149,13.462014758044832,1,2,3.2502103201534274,-1.4439653312847043,3.2502103201534274,-1.4439653312847043,1,2
1139,101707,601812000.0,channel view condo tr,312-320 w third st,boston,2127.0,312  320 w third st,boston,2127.0,32550.0,13695.0,Multifamily Housing,"Multifamily Housing (32550.0),Parking (13695.0)",30.2,,982377.5,706200.0,37506.282,80943.0,16604.647,,,,,,,,,,,,,,,,,,,,,,13.87,in compliance,54110.929,2030.0,No,No,No,No,No,No,,,10.390532647636716,3.407841924380824,13.797730933018272,10.898791459219764,0,3,-2.0523480218712393,-1.0011813551872937,-2.0523480218712393,-1.0011813551872937,0,3
1140,101708,102829000.0,chapman house associates lps mass lps,61 eutaw st,boston,2128.0,61 eutaw st,boston,2128.0,33551.0,,Multifamily Housing,Multifamily Housing (33551.0),71.1,53.0,2386041.3,1838340.2,97634.248,160522.0,32929.483,,,,,,,,,,,,,,,,,,,,,,34.9,in compliance,130563.731,2030.0,No,No,No,No,No,No,,,10.420821948214945,4.264087336809195,14.68514619079447,11.779616746689133,0,0,-0.40562071302927605,0.7674947357642568,-0.40562071302927605,0.7674947357642568,0,0
1141,101709,303135000.0,,350 north st,boston,2113.0,350 north st,boston,2113.0,44800.0,,Multifamily Housing,Multifamily Housing (44800.0),46.7,58.0,2094194.9,912029.1,48437.866,346473.0,71075.471,,,,,,,,,,,,,,,,,,,,,,18.71,in compliance,119513.337,2025.0,No,No,No,No,No,No,,,10.709963418403076,3.8437441646748516,14.554679741535045,11.6911832508207,0,6,-0.5383557448214089,-0.2316186614492012,-0.5383557448214089,-0.2316186614492012,0,6
1142,101710,1103125000.0,charles e farnsworth,100 south st,boston,2130.0,100 south st,boston,2130.0,75648.0,,Multifamily Housing,Multifamily Housing (75648.0),40.9,96.0,3095053.7,1994482.4,105926.96,322559.0,66169.753,,,,,,,,,,,,,,,,,,,,,,17.48,in compliance,172096.713,2025.0,No,No,No,No,No,No,,,11.233846281325715,3.711130063048756,14.945315814515743,12.055811882656398,0,4,0.3088469026717209,-0.7397785657012403,0.3088469026717209,-0.7397785657012403,0,4
1143,101712,300470000.0,charles river park d company,3-5 longfellow pl,boston,2114.0,1  4 longfellow pl,boston,2114.0,444230.0,269637.0,Multifamily Housing,"Multifamily Housing (435431.0),Office (8799.0),Parking (269637.0)",40.8,92.0,18143461.2,5763036.8,306074.884,3628495.0,744349.464,,,,,,,,,,,,,,,,,,,,,,23.36,in compliance,1050424.348,2025.0,No,No,No,No,No,No,C10061,,13.004097725307364,3.708682081410116,16.71382078930149,13.864704781443129,1,2,4.09467052492092,-1.5201771548299148,4.09467052492092,-1.5201771548299148,1,2
1145,101714,300470000.0,charles river park d company,1-2 longfellow pl,boston,2114.0,1  4 longfellow pl,boston,2114.0,443938.0,,Multifamily Housing,"Multifamily Housing (431058.0),Office (12880.0)",42.3,67.0,18786965.0,5769628.9,306424.991,3815163.0,782642.538,,,,,,,,,,,,,,,,,,,,,,23.4,in compliance,1089067.529,2025.0,No,No,No,No,No,No,C10061,,13.0034401920242,3.744787086052232,16.748673836257336,13.90083241009356,1,2,4.16021211256326,-1.4447388345506023,4.16021211256326,-1.4447388345506023,1,2
1147,101717,1000015000.0,charlesbank cooperative corp,646-656 huntington ave,boston,2120.0,650 huntington av,boston,2120.0,210000.0,,Multifamily Housing,Multifamily Housing (210000.0),64.3,80.0,13508936.7,9812314.6,521132.028,1083418.0,222252.369,,,,,,,,,,,,,,,,,,,,,,35.04,in compliance,743384.397,2025.0,No,No,No,No,No,No,,,12.254862809699606,4.163559631243574,16.418862002175796,13.518968547924459,1,2,3.3079805547748893,-0.2475102883407802,3.3079805547748893,-0.2475102883407802,1,2
1148,101718,503870210.0,charlesgate condominium trust,4-10 charlesgate e,boston,2215.0,4 charlesgate east,boston,2215.0,54396.0,,Multifamily Housing,Multifamily Housing (54396.0),83.5,1.0,4541814.4,2658799.8,141208.857,551880.0,113212.663,,,,,,,,,,,,,,,,,,,,,,67.29,in compliance,254421.52,2025.0,No,No,No,No,No,No,,,10.90404590072885,4.42484663185681,15.328837137756802,12.446747698065439,1,5,0.9351280571985835,0.8912474305474053,0.9351280571985835,0.8912474305474053,1,5
1149,101719,201186050.0,charlestown battalion armory,374  398 bunker hill st,boston,2129.0,374  398 bunker hill st,boston,2129.0,56635.0,30240.0,Multifamily Housing,"Multifamily Housing (56635.0),Parking (30240.0)",37.4,98.0,2117365.3,989300.0,52541.723,330617.0,67822.771,,,,,,,,,,,,,,,,,,,,,,22.31,in compliance,120364.494,2025.0,No,No,No,No,No,No,,,10.944382447634814,3.6216707044204863,14.565683090734083,11.698279868032978,0,4,-0.45657882972041786,-0.7973770653911256,-0.45657882972041786,-0.7973770653911256,0,4
1150,101720,203771000.0,charlestown economic,20 devens st,boston,2129.0,20 devens st,boston,2129.0,34128.0,,Multifamily Housing,Multifamily Housing (34128.0),65.0,43.0,2218630.3,1792580.6,95203.956,124868.0,25615.422,,,,,,,,,,,,,,,,,,,,,,22.77,in compliance,120819.378,2030.0,I'm not sure,No,No,No,I'm not sure,I'm not sure,,,10.437873440711131,4.174387269895637,14.612400581454773,11.702051965525202,0,0,-0.5391970791013209,0.5729477196585161,-0.5391970791013209,0.5729477196585161,0,0
1153,101723,203517500.0,charlestown navy yard,110 first ave,boston,2129.0,77 a-103 thirteenth st,boston,2129.0,45188.0,,Multifamily Housing,Multifamily Housing (45188.0),74.6,4.0,3369803.8,,,987633.0,202603.034,,,,,,,,,,,,,,,,,,,,,,34.32,in compliance,202603.034,2025.0,No,No,No,No,No,No,,,10.71858684384682,4.312140507209715,15.03036508104915,12.219003846005421,0,5,0.3835623039271931,0.7428740465442019,0.3835623039271931,0.7428740465442019,0,5
1155,101726,503703000.0,charlesview condominium tr,534-538 beacon st,boston,2215.0,534  538 beacon st,boston,2215.0,37503.0,,Multifamily Housing,Multifamily Housing (37503.0),91.3,100.0,3423911.7,1774179.0,94226.647,483509.0,99187.036,,,,,,,,,,,,,,,,,,,,,,46.4,in compliance,193413.683,2025.0,No,No,No,No,No,No,,,10.532176208758672,4.514150787600923,15.046294227359837,12.172586609240154,0,5,0.3168458936496133,1.2411609583903251,0.3168458936496133,1.2411609583903251,0,5
1156,101727,2200862010.0,charlesview housing lp mass lps,123 antwerp st,boston,2135.0,400 western av,boston,2135.0,369336.0,,Multifamily Housing,Multifamily Housing (369336.0),40.7,91.0,15042068.8,6915490.3,367281.69,2381764.0,488595.067,,,,,,,,,,,,,,,,,,,,,,33.61,in compliance,855876.757,2025.0,No,No,No,No,No,No,,,12.819462077811798,3.7062280924485496,16.526361420217885,13.659881669291126,1,2,3.6847809725337837,-1.4453507539523773,3.6847809725337837,-1.4453507539523773,1,2
1158,101729,304506000.0,chauncy house limited,115-119 chauncy st,boston,2111.0,115  119 chauncy st,boston,2111.0,61424.0,,Multifamily Housing,"Multifamily Housing (58874.0),Retail Store (2550.0)",52.8,,3245670.7,1932777.5,102649.813,384787.0,78935.205,,,,,,,,,,,,,,,,,,,,,,55.81,in compliance,181585.018,2025.0,I'm not sure,No,No,No,I'm not sure,I'm not sure,,,11.02555591724058,3.966511190712216,14.992832573974562,12.109479241746017,0,5,0.34456158279816906,-0.1161621701101975,0.34456158279816906,-0.1161621701101975,0,5
1160,101731,304956000.0,,9-11 knapp st,boston,2111.0,23  9 knapp st,boston,2111.0,33082.0,,Multifamily Housing,"Office (4726.0),Multifamily Housing (28356.0)",60.7,61.0,2008199.9,1103300.0,58596.263,265211.0,54405.385,,,,,,,,,,,,,,,,,,,,,,29.1,in compliance,113001.648,2030.0,No,No,No,No,No,No,,,10.406744606802166,4.1059436980654525,14.512749306631635,11.635157681658928,0,6,-0.7083287930324316,0.44635337405021713,-0.7083287930324316,0.44635337405021713,0,6
1163,101734,2011777000.0,cheriton grove lp a mass lp,20 cheriton rd,boston,2132.0,20 cheriton rd,boston,2132.0,43174.0,,Multifamily Housing,Multifamily Housing (43174.0),76.4,40.0,3298673.0,1927917.6,102391.704,401745.4,82414.051,,,,,,,,,,,,,,,,,,,,,,28.64,in compliance,184805.755,2025.0,No,No,No,No,No,No,,,10.672993741194823,4.335982696172475,15.009030824352172,12.127060579479718,0,5,0.28004145356576715,0.807859519674413,0.28004145356576715,0.807859519674413,0,5
1164,101735,2011777010.0,cheriton heights lp,18 cheriton rd,boston,2132.0,18 cheriton rd,boston,2132.0,79367.0,,Multifamily Housing,Multifamily Housing (79367.0),38.8,95.0,3075529.2,1839569.7,97699.547,362239.0,74309.708,,,,,,,,,,,,,,,,,,,,,,28.39,in compliance,172009.255,2025.0,No,No,No,No,No,No,,,11.281837943714027,3.6584202466292277,14.938987541976644,12.055303562487518,0,4,0.3150525048483439,-0.8704431239550379,0.3150525048483439,-0.8704431239550379,0,4
1168,101741,2205126010.0,chestnut hill gardens condo,165 chestnut hill ave,boston,2135.0,163  165 chestnut hill av,boston,2135.0,51500.0,,Multifamily Housing,Multifamily Housing (51500.0),37.6,79.0,1938772.1,1119800.0,59472.578,240027.0,49239.139,,,,,,,,,,,,,,,,,,,,,,19.78,in compliance,108711.717,2025.0,I'm not sure,No,No,No,I'm not sure,I'm not sure,,,10.849337086651827,3.6270040503958487,14.477565392505273,11.596454859388468,0,6,-0.6562433364673136,-0.7451778785576433,-0.6562433364673136,-0.7451778785576433,0,6
1169,101743,2205124000.0,,185-189 chestnut hill ave,boston,2135.0,185  189 chestnut hill av,boston,2135.0,20000.0,,Multifamily Housing,Multifamily Housing (20000.0),84.9,48.0,1697684.5,1098800.1,58357.273,175523.0,36006.788,,,,,,,,,,,,,,,,,,,,,,3.73,pending revisions,94364.061,2030.0,I'm not sure,No,No,No,I'm not sure,I'm not sure,,,9.903487552536127,4.441474093317302,14.344775821757635,11.454915569899475,0,0,-1.1650538558642345,1.3651170465772495,-1.1650538558642345,1.3651170465772495,0,0
1177,101751,203405000.0,chestnut street condo trust,35 chestnut st,boston,2129.0,27 chestnut st,boston,2129.0,20000.0,,Multifamily Housing,Multifamily Housing (20000.0),63.8,,1275729.6,770600.0,40926.566,148045.0,30369.951,,,,,,,,,,,,,,,,,,,,,,32.5,pending revisions,71296.517,2030.0,I'm not sure,No,No,No,I'm not sure,I'm not sure,,,9.903487552536127,4.155753190350744,14.059028808204598,11.174602755279317,0,6,-1.6903376352952733,0.7707420652338858,-1.6903376352952733,0.7707420652338858,0,6
1178,101752,100728000.0,cheverus school apts inc,10 moore st,boston,2128.0,10 moore st,boston,2128.0,45216.0,,Multifamily Housing,Multifamily Housing (45216.0),50.9,70.0,2302929.9,1626178.4,86366.335,198344.5,40688.391,,,,,,,,,,,,,,,,,,,,,,34.52,in compliance,127054.726,2025.0,No,Yes,No,No,No,No,,,10.719206285484255,3.929862923556477,14.649692739781157,11.752373186010045,0,6,-0.3843687056348802,-0.058749186187140714,-0.3843687056348802,-0.058749186187140714,0,6
1190,101770,2102538000.0,chiswick building co lps,125 chiswick rd,boston,2135.0,125 chiswick rd,boston,2135.0,94068.0,,Multifamily Housing,Multifamily Housing (94068.0),57.7,86.0,5425026.3,4687699.9,248963.742,216098.0,44330.344,,,,,,,,,,,,,,,,,,,,,,22.91,in compliance,293294.086,2025.0,No,No,No,No,No,No,,,11.451773203976723,4.055257173514054,15.506533305305313,12.588931091107293,1,1,1.3874062123769133,-0.12127455419329398,1.3874062123769133,-0.12127455419329398,1,1
1248,101837,200149000.0,city of boston,10-18 carney ct,boston,2129.0,polk st,boston,2129.0,21114.0,,Multifamily Housing,Multifamily Housing (21114.0),105.2,,2220146.0,1667900.1,88582.174,161854.0,33202.73,,,,,,,,,,,,,,,,,,,,,,113.69,in compliance,121784.904,2025.0,No,No,No,No,No,No,,,9.95769160654964,4.65586330030361,14.613083517451754,11.710011685689928,0,0,-0.6628823687901958,1.7866173296440215,-0.6628823687901958,1.7866173296440215,0,0
1250,101839,200149000.0,city of boston,25-41 carney ct,boston,2129.0,polk st,boston,2129.0,21114.0,,Multifamily Housing,Multifamily Housing (21114.0),103.4,,2183552.3,1667900.1,88582.174,151129.0,31002.603,,,,,,,,,,,,,,,,,,,,,,73.13,in compliance,119584.777,2025.0,No,No,No,No,No,No,,,9.95769160654964,4.638604962074329,14.596463603990948,11.691780829788854,0,0,-0.6950943489464787,1.7506819641037272,-0.6950943489464787,1.7506819641037272,0,0
1252,101841,200149000.0,city of boston,76-92 monument st,boston,2129.0,polk st,boston,2129.0,21114.0,,Multifamily Housing,Multifamily Housing (21114.0),103.4,7.0,2183664.8,1667900.1,88582.174,151162.0,31009.373,,,,,,,,,,,,,,,,,,,,,,44.07,in compliance,119591.547,2025.0,No,No,No,No,No,No,,,9.95769160654964,4.638604962074329,14.596515124214214,11.691837440743388,0,0,-0.6950158067902182,1.7506901064263447,-0.6950158067902182,1.7506901064263447,0,0
1253,101842,200149000.0,city of boston,17-33 polk st,boston,2129.0,polk st,boston,2129.0,21114.0,,Multifamily Housing,Multifamily Housing (21114.0),105.2,,2220146.0,1667900.1,88582.174,161854.0,33202.73,,,,,,,,,,,,,,,,,,,,,,28.75,in compliance,121784.904,2025.0,No,No,No,No,No,No,,,9.95769160654964,4.65586330030361,14.613083517451754,11.710011685689928,0,0,-0.6628823687901958,1.7866173296440215,-0.6628823687901958,1.7866173296440215,0,0
1254,101843,200149000.0,city of boston,41-57 polk st,boston,2129.0,polk st,boston,2129.0,20043.0,,Multifamily Housing,Multifamily Housing (20043.0),103.4,6.0,2072502.4,1582999.9,84073.125,143465.0,29430.41,,,,,,,,,,,,,,,,,,,,,,41.68,in compliance,113503.535,2025.0,No,No,No,No,No,No,,,9.905635244593586,4.638604962074329,14.54426732401263,11.639589260793036,0,0,-0.8058588082752296,1.7735427716112628,-0.8058588082752296,1.7735427716112628,0,0
1256,101845,200149000.0,city of boston,81-97 polk st,boston,2129.0,polk st,boston,2129.0,20781.0,,Multifamily Housing,Multifamily Housing (20781.0),103.4,,2148728.1,1641199.8,87164.121,148748.0,30514.165,,,,,,,,,,,,,,,,,,,,,,44.33,in compliance,117678.286,2025.0,No,No,No,No,No,No,,,9.941794386690715,4.638604962074329,14.580386643655181,11.675709790247428,0,0,-0.7291158700439053,1.757642864305932,-0.7291158700439053,1.757642864305932,0,0
1257,101846,200149000.0,city of boston,137-153 bunker hill st,boston,2129.0,polk st,boston,2129.0,21114.0,,Multifamily Housing,Multifamily Housing (21114.0),106.5,,2248076.6,1667900.1,88582.174,170040.0,34882.006,,,,,,,,,,,,,,,,,,,,,,113.69,in compliance,123464.18,2025.0,No,No,No,No,No,No,,,9.95769160654964,4.66814498514948,14.625585564148285,11.723706352494462,0,0,-0.6389454535319136,1.8122955458080476,-0.6389454535319136,1.8122955458080476,0,0
1258,101847,200149000.0,city of boston,161-177 bunker hill st,boston,2129.0,polk st,boston,2129.0,21114.0,,Multifamily Housing,Multifamily Housing (21114.0),106.5,,2248076.6,1667900.1,88582.174,170040.0,34882.006,,,,,,,,,,,,,,,,,,,,,,113.69,in compliance,123464.18,2025.0,No,No,No,No,No,No,,,9.95769160654964,4.66814498514948,14.625585564148285,11.723706352494462,0,0,-0.6389454535319136,1.8122955458080476,-0.6389454535319136,1.8122955458080476,0,0
1259,101848,200151000.0,city of boston,10-18 mcnulty ct,boston,2129.0,monument st,boston,2129.0,20532.0,,Multifamily Housing,Multifamily Housing (20532.0),104.7,,2148865.5,1621499.9,86117.86,154562.0,31706.849,,,,,,,,,,,,,,,,,,,,,,86.59,in compliance,117824.709,2025.0,No,No,No,No,No,No,,,9.929739923680193,4.651099117876491,14.5804505864161,11.676953282024401,0,0,-0.7312637672593327,1.788970824273674,-0.7312637672593327,1.788970824273674,0,0
1260,101849,200151000.0,city of boston,33-41 mcnulty ct,boston,2129.0,monument st,boston,2129.0,20532.0,,Multifamily Housing,Multifamily Housing (20532.0),112.2,,2304524.3,1621499.9,86117.86,200183.0,41065.541,,,,,,,,,,,,,,,,,,,,,,18.77,in compliance,127183.401,2025.0,No,No,No,No,No,No,,,9.929739923680193,4.720282993088596,14.650384835673785,11.75338542608989,0,0,-0.5972984681515283,1.9335294747316554,-0.5972984681515283,1.9335294747316554,0,0
1261,101850,200151000.0,city of boston,1-17 mcnulty ct,boston,2129.0,monument st,boston,2129.0,25701.0,,Multifamily Housing,Multifamily Housing (25701.0),104.8,,2693064.9,2032999.8,107972.619,193454.0,39685.154,,,,,,,,,,,,,,,,,,,,,,86.58,in compliance,147657.773,2025.0,No,No,No,No,No,No,,,10.154285180632154,4.6520537718869415,14.806190471020614,11.902652530554414,0,0,-0.25225566324396087,1.692291400978447,-0.25225566324396087,1.692291400978447,0,0
1262,101851,200151000.0,city of boston,34-42 mcnulty ct,boston,2129.0,monument st,boston,2129.0,20532.0,,Multifamily Housing,Multifamily Housing (20532.0),112.2,,2304524.3,1621499.9,86117.86,200183.0,41065.541,,,,,,,,,,,,,,,,,,,,,,143.23,in compliance,127183.401,2025.0,No,No,No,No,No,No,,,9.929739923680193,4.720282993088596,14.650384835673785,11.75338542608989,0,0,-0.5972984681515283,1.9335294747316554,-0.5972984681515283,1.9335294747316554,0,0
1263,101852,200151000.0,city of boston,53-61 monument st,boston,2129.0,monument st,boston,2129.0,20532.0,,Multifamily Housing,Multifamily Housing (20532.0),100.7,,2068424.2,1621499.9,86117.86,130986.0,26870.468,,,,,,,,,,,,,,,,,,,,,,29.42,in compliance,112988.328,2025.0,No,No,No,No,No,No,,,9.929739923680193,4.612145799724517,14.54229761930039,11.63503980032409,0,0,-0.8049897507963373,1.707756745570825,-0.8049897507963373,1.707756745570825,0,0
1264,101853,200151000.0,city of boston,42-50 tufts st,boston,2129.0,monument st,boston,2129.0,20532.0,,Multifamily Housing,Multifamily Housing (20532.0),115.5,,2371562.0,1683000.0,89384.13,201806.0,41398.483,,,,,,,,,,,,,,,,,,,,,,89.85,in compliance,130782.613,2025.0,No,No,No,No,No,No,,,9.929739923680193,4.749270529961848,14.67905936774888,11.781291781034952,0,0,-0.5446228083472121,1.9937688442349173,-0.5446228083472121,1.9937688442349173,0,0
1265,101854,200151000.0,city of boston,34-42 o'meara ct,boston,2129.0,monument st,boston,2129.0,20532.0,,Multifamily Housing,Multifamily Housing (20532.0),103.0,,2115820.3,1621499.9,86117.86,144877.0,29720.068,,,,,,,,,,,,,,,,,,,,,,90.97,in compliance,115837.928,2025.0,No,No,No,No,No,No,,,9.929739923680193,4.634728988229636,14.564953143968413,11.659947320719242,0,0,-0.7614157333937357,1.7549266428898866,-0.7614157333937357,1.7549266428898866,0,0
1266,101855,200151000.0,city of boston,77-85 monument st,boston,2129.0,monument st,boston,2129.0,20532.0,,Multifamily Housing,Multifamily Housing (20532.0),103.0,,2115820.3,1621499.9,86117.86,144877.0,29720.068,,,,,,,,,,,,,,,,,,,,,,21.77,in compliance,115837.928,2025.0,No,No,No,No,No,No,,,9.929739923680193,4.634728988229636,14.564953143968413,11.659947320719242,0,0,-0.7614157333937357,1.7549266428898866,-0.7614157333937357,1.7549266428898866,0,0
1267,101856,200151000.0,city of boston,10-26 tufts st,boston,2129.0,monument st,boston,2129.0,20532.0,,Multifamily Housing,Multifamily Housing (20532.0),104.7,,2148804.0,1621499.9,86117.86,154544.0,31703.156,,,,,,,,,,,,,,,,,,,,,,113.39,in compliance,117821.016,2025.0,No,No,No,No,No,No,,,9.929739923680193,4.651099117876491,14.580421966253473,11.676921938362211,0,0,-0.7313073223410614,1.7889663081288778,-0.7313073223410614,1.7889663081288778,0,0
1268,101857,200151000.0,city of boston,9-17 o'meara ct,boston,2129.0,monument st,boston,2129.0,20532.0,,Multifamily Housing,Multifamily Housing (20532.0),100.7,,2068502.6,1621499.9,86117.86,131009.0,26875.186,,,,,,,,,,,,,,,,,,,,,,54.91,in compliance,112993.046,2025.0,No,No,No,No,No,No,,,9.929739923680193,4.612145799724517,14.542335521832294,11.635081555977816,0,0,-0.8049318900343883,1.7077627429932327,-0.8049318900343883,1.7077627429932327,0,0
1269,101858,200151000.0,city of boston,10-18 o'meara ct,boston,2129.0,monument st,boston,2129.0,20532.0,,Multifamily Housing,Multifamily Housing (20532.0),100.7,,2068424.2,1621499.9,86117.86,130986.0,26870.468,,,,,,,,,,,,,,,,,,,,,,54.91,in compliance,112988.328,2025.0,No,No,No,No,No,No,,,9.929739923680193,4.612145799724517,14.54229761930039,11.63503980032409,0,0,-0.8049897507963373,1.707756745570825,-0.8049897507963373,1.707756745570825,0,0
1270,101859,200151000.0,city of boston,33-41 o'meara ct,boston,2129.0,monument st,boston,2129.0,20532.0,,Multifamily Housing,Multifamily Housing (20532.0),103.1,,2115851.0,1621499.9,86117.86,144886.0,29721.914,,,,,,,,,,,,,,,,,,,,,,39.96,in compliance,115839.774,2025.0,No,No,No,No,No,No,,,9.929739923680193,4.635699391022914,14.564967653601995,11.659963256650789,0,0,-0.7610057663524987,1.756801939006875,-0.7610057663524987,1.756801939006875,0,0
1271,101860,200151000.0,city of boston,89-105 bunker hill st,boston,2129.0,monument st,boston,2129.0,21114.0,,Multifamily Housing,Multifamily Housing (21114.0),103.3,,2180416.6,1667900.1,88582.174,150210.0,30814.079,,,,,,,,,,,,,,,,,,,,,,86.58,in compliance,119396.253,2025.0,No,No,No,No,No,No,,,9.95769160654964,4.637637376125593,14.595026517425248,11.690203097538669,0,0,-0.697670916257446,1.7485873694447984,-0.697670916257446,1.7485873694447984,0,0
1272,101861,200151000.0,city of boston,113-129 bunker hill st,boston,2129.0,monument st,boston,2129.0,21114.0,,Multifamily Housing,Multifamily Housing (21114.0),100.8,,2127493.1,1667900.1,88582.174,134699.0,27632.153,,,,,,,,,,,,,,,,,,,,,,54.91,in compliance,116214.327,2025.0,No,No,No,No,No,No,,,9.95769160654964,4.613138355637268,14.570454896181163,11.663191411840923,0,0,-0.7449308117072936,1.6974169298589854,-0.7449308117072936,1.6974169298589854,0,0
1273,101862,200151000.0,city of boston,65-81 bunker hill st,boston,2129.0,monument st,boston,2129.0,21114.0,,Multifamily Housing,Multifamily Housing (21114.0),103.3,,2180416.6,1667900.1,88582.174,150210.0,30814.079,,,,,,,,,,,,,,,,,,,,,,86.58,in compliance,119396.253,2025.0,No,No,No,No,No,No,,,9.95769160654964,4.637637376125593,14.595026517425248,11.690203097538669,0,0,-0.697670916257446,1.7485873694447984,-0.697670916257446,1.7485873694447984,0,0
1274,101864,200152000.0,city of boston,40-48 corey st,boston,2129.0,tufts st,boston,2129.0,20532.0,,Multifamily Housing,Multifamily Housing (20532.0),80.5,,1652600.3,1621499.9,86117.86,9115.0,1869.851,,,,,,,,,,,,,,,,,,,,,,35.9,in compliance,87987.711,2025.0,No,No,No,No,No,No,,,9.929739923680193,4.388257184424518,14.317860544781336,11.384952435981418,0,0,-1.2391575031634594,1.239918795354559,-1.2391575031634594,1.239918795354559,0,0
1276,101866,200152000.0,city of boston,45-53 tufts st,boston,2129.0,tufts st,boston,2129.0,20532.0,,Multifamily Housing,Multifamily Housing (20532.0),55.5,,1139038.2,1124800.0,59738.128,4173.0,856.049,,,,,,,,,,,,,,,,,,,,,,0.0,in compliance,60594.177,2025.0,No,No,No,No,No,No,,,9.929739923680193,4.0163830207523885,13.945694780058323,11.011954078331641,0,6,-1.9289641910590702,0.46575184272196973,-1.9289641910590702,0.46575184272196973,0,6
1278,101868,200156000.0,city of boston,82-98 decatur st,boston,2129.0,corey st,boston,2129.0,26925.0,,Multifamily Housing,Multifamily Housing (26925.0),108.5,4.0,2921032.0,2211800.0,117468.698,207864.0,42641.221,,,,,,,,,,,,,,,,,,,,,,80.96,in compliance,160109.919,2025.0,No,No,No,No,No,No,,,10.20081050202459,4.686750172980514,14.887447536462217,11.98361585209378,0,0,-0.0893374587085725,1.7440480952885873,-0.0893374587085725,1.7440480952885873,0,0
1279,101870,200156000.0,city of boston,50-58 o'brien ct,boston,2129.0,corey st,boston,2129.0,20532.0,,Multifamily Housing,Multifamily Housing (20532.0),105.0,,2156760.8,1621499.9,86117.86,156876.0,32181.543,,,,,,,,,,,,,,,,,,,,,,94.75,in compliance,118299.403,2025.0,No,No,No,No,No,No,,,9.929739923680193,4.653960350157523,14.584118024460773,11.680974003461776,0,0,-0.7245358336499018,1.7950723694794088,-0.7245358336499018,1.7950723694794088,0,0
1280,101871,200156000.0,city of boston,26-34 o'brien ct,boston,2129.0,corey st,boston,2129.0,20532.0,,Multifamily Housing,Multifamily Housing (20532.0),105.0,,2156760.8,1621499.9,86117.86,156876.0,32181.543,,,,,,,,,,,,,,,,,,,,,,35.81,in compliance,118299.403,2025.0,No,No,No,No,No,No,,,9.929739923680193,4.653960350157523,14.584118024460773,11.680974003461776,0,0,-0.7245358336499018,1.7950723694794088,-0.7245358336499018,1.7950723694794088,0,0
1281,101872,200156000.0,city of boston,41-49 starr king ct,boston,2129.0,corey st,boston,2129.0,20532.0,,Multifamily Housing,Multifamily Housing (20532.0),107.6,,2208674.4,1621499.9,86117.86,172091.0,35302.748,,,,,,,,,,,,,,,,,,,,,,137.55,in compliance,121420.608,2025.0,No,No,No,No,No,No,,,9.929739923680193,4.678420647727684,14.607903074526025,11.707015896084176,0,0,-0.678567408768911,1.8460366660495398,-0.678567408768911,1.8460366660495398,0,0
1283,101874,200156000.0,city of boston,50-66 medford st,boston,2129.0,corey st,boston,2129.0,21222.0,,Multifamily Housing,Multifamily Housing (21222.0),107.6,,2283898.2,1676899.9,89060.154,177901.0,36494.611,,,,,,,,,,,,,,,,,,,,,,29.06,in compliance,125554.765,2025.0,No,No,No,No,No,No,,,9.962793658433535,4.678420647727684,14.641394277836529,11.740497316872304,0,0,-0.6077349208612168,1.8315732809067553,-0.6077349208612168,1.8315732809067553,0,0
1354,101962,1001851000.0,,17 bickford st,boston,2130.0,1  58 horan wy,boston,2130.0,26730.0,,Multifamily Housing,Multifamily Housing (26730.0),84.6,,2261710.2,1765799.9,93781.633,145343.0,29815.663,,,,,,,,,,,,,,,,,,,,,,55.1,in compliance,123597.296,2025.0,No,No,No,No,No,No,,,10.193541809132965,4.437934266612178,14.63163181073968,11.724783946743768,0,0,-0.5674338226166926,1.2291635317634912,-0.5674338226166926,1.2291635317634912,0,0
1363,101972,1001851000.0,city of boston,170 heath st,boston,2130.0,1  58 horan wy,boston,2130.0,25758.0,,Multifamily Housing,Multifamily Housing (25758.0),84.6,,2178824.5,1701100.1,90345.426,140013.0,28722.267,,,,,,,,,,,,,,,,,,,,,,57.02,in compliance,119067.693,2025.0,No,No,No,No,No,No,,,10.156500537452615,4.437934266612178,14.5942960691503,11.68744745910005,0,0,-0.6465355721555481,1.2454006038639538,-0.6465355721555481,1.2454006038639538,0,0
1366,101975,1001851000.0,city of boston,18-26 walden st,boston,2130.0,1  58 horan wy,boston,2130.0,25758.0,,Multifamily Housing,Multifamily Housing (25758.0),84.6,,2178624.5,1700900.1,90334.804,140013.0,28722.267,,,,,,,,,,,,,,,,,,,,,,77.66,in compliance,119057.071,2025.0,No,No,No,No,No,No,,,10.156500537452615,4.437934266612178,14.594204272321404,11.68735824536328,0,0,-0.6466670243513061,1.2453868795585727,-0.6466670243513061,1.2453868795585727,0,0
1367,101978,1002333000.0,city of boston,921-925 parker st,boston,2130.0,921  925 parker st,boston,2130.0,24720.0,,Multifamily Housing,Multifamily Housing (24720.0),94.2,13.0,2327875.0,1774800.0,94259.628,162097.0,33252.579,,,,,,,,,,,,,,,,,,,,,,76.63,in compliance,127512.207,2025.0,No,No,No,No,No,No,,,10.115367911571628,4.545420181582317,14.660466392233808,11.755967380174194,0,0,-0.5333697398402901,1.4873459754298022,-0.5333697398402901,1.4873459754298022,0,0
1370,101981,1002333000.0,city of boston,30-40 bickford st,boston,2130.0,921  925 parker st,boston,2130.0,58695.0,,Multifamily Housing,Multifamily Housing (58695.0),75.2,,4412096.0,3095900.0,164423.249,385755.0,79133.781,,,,,,,,,,,,,,,,,,,,,,30.44,in compliance,243557.03,2025.0,No,No,No,No,No,No,,,10.980109823312622,4.320151230955794,15.299860417958339,12.403106403527616,1,5,0.8915823115456936,0.6388485260730105,0.8915823115456936,0.6388485260730105,1,5
1381,101993,1103307000.0,city of boston,2-6 metcalf ct,boston,2130.0,119 south st,boston,2130.0,20805.0,,Multifamily Housing,Multifamily Housing (20805.0),102.1,,2123226.1,1834100.1,97409.056,84738.0,17383.153,,,,,,,,,,,,,,,,,,,,,,60.63,in compliance,114792.209,2025.0,No,No,No,No,No,No,,,9.942948621417042,4.625952725170619,14.568447235250161,11.650878894710953,0,0,-0.7601329722482194,1.7298660878115482,-0.7601329722482194,1.7298660878115482,0,0
1410,102026,1402862000.0,city of boston,69-83 ames st,boston,2124.0,180  20 stratton st,boston,2124.0,21600.0,,Multifamily Housing,Multifamily Housing (21600.0),75.4,,1627872.8,1144000.0,60757.84,141815.0,29091.929,,,,,,,,,,,,,,,,,,,,,,21.37,in compliance,89849.769,2025.0,No,No,No,No,No,No,,,9.980448593672257,4.32280727501391,14.302784689813974,11.405894321256815,0,0,-1.226921906586098,1.0837641741803588,-1.226921906586098,1.0837641741803588,0,0
1411,102027,1402862000.0,city of boston,21-45 ames way,boston,2124.0,180  20 stratton st,boston,2124.0,28500.0,,Multifamily Housing,Multifamily Housing (28500.0),76.1,,2168034.2,1522900.1,80881.224,189078.0,38787.461,,,,,,,,,,,,,,,,,,,,,,96.84,in compliance,119668.685,2025.0,,,,,,,,,10.257659366256743,4.33204826486764,14.589331416325,11.692482244955336,0,0,-0.6208585781399827,0.9811671142499185,-0.6208585781399827,0.9811671142499185,0,0
1412,102027,1402862000.0,city of boston,21-45 ames way,boston,2124.0,180  20 stratton st,boston,2124.0,28500.0,,Multifamily Housing,Multifamily Housing (28500.0),76.1,,2168034.2,1522900.1,80881.224,189078.0,38787.461,,,,,,,,,,,,,,,,,,,,,,96.84,in compliance,119668.685,2025.0,,,,,,,,,10.257659366256743,4.33204826486764,14.589331416325,11.692482244955336,0,0,-0.6208585781399827,0.9811671142499185,-0.6208585781399827,0.9811671142499185,0,0
1413,102028,1402862000.0,city of boston,50-70 ames st,boston,2124.0,180  20 stratton st,boston,2124.0,21600.0,,Multifamily Housing,Multifamily Housing (21600.0),75.4,,1627872.8,1144000.0,60757.84,141815.0,29091.929,,,,,,,,,,,,,,,,,,,,,,138.83,in compliance,89849.769,2025.0,No,No,No,No,No,No,,,9.980448593672257,4.32280727501391,14.302784689813974,11.405894321256815,0,0,-1.226921906586098,1.0837641741803588,-1.226921906586098,1.0837641741803588,0,0
1414,102029,1402862000.0,city of boston,49-63 ames st,boston,2124.0,180  20 stratton st,boston,2124.0,21600.0,,Multifamily Housing,Multifamily Housing (21600.0),75.4,,1627872.8,1144000.0,60757.84,141815.0,29091.929,,,,,,,,,,,,,,,,,,,,,,32.35,in compliance,89849.769,2025.0,No,No,No,No,No,No,,,9.980448593672257,4.32280727501391,14.302784689813974,11.405894321256815,0,0,-1.226921906586098,1.0837641741803588,-1.226921906586098,1.0837641741803588,0,0
1415,102030,1402862000.0,city of boston,78-94 ames st,boston,2124.0,180  20 stratton st,boston,2124.0,21600.0,,Multifamily Housing,Multifamily Housing (21600.0),75.4,,1627872.8,1144000.0,60757.84,141815.0,29091.929,,,,,,,,,,,,,,,,,,,,,,23.14,in compliance,89849.769,2025.0,No,No,No,No,No,No,,,9.980448593672257,4.32280727501391,14.302784689813974,11.405894321256815,0,0,-1.226921906586098,1.0837641741803588,-1.226921906586098,1.0837641741803588,0,0
1416,102031,1402862000.0,city of boston,16-40 stratton st,boston,2124.0,180  20 stratton st,boston,2124.0,28500.0,,Multifamily Housing,Multifamily Housing (28500.0),73.6,,2097917.2,1473899.9,78278.824,182889.0,37517.849,,,,,,,,,,,,,,,,,,,,,,96.57,in compliance,115796.673,2025.0,No,No,No,No,No,No,,,10.257659366256743,4.298645025734831,14.556455601001325,11.659591113138353,0,0,-0.6819723428959134,0.9117161269734131,-0.6819723428959134,0.9117161269734131,0,0
1417,102032,1402862000.0,city of boston,48-62 stratton st,boston,2124.0,180  20 stratton st,boston,2124.0,21600.0,,Multifamily Housing,Multifamily Housing (21600.0),75.4,,1627872.8,1144000.0,60757.84,141815.0,29091.929,,,,,,,,,,,,,,,,,,,,,,32.23,in compliance,89849.769,2025.0,No,No,No,No,No,No,,,9.980448593672257,4.32280727501391,14.302784689813974,11.405894321256815,0,0,-1.226921906586098,1.0837641741803588,-1.226921906586098,1.0837641741803588,0,0
1418,102033,1402862000.0,city of boston,70-90 ames way,boston,2124.0,180  20 stratton st,boston,2124.0,28500.0,,Multifamily Housing,Multifamily Housing (28500.0),76.1,,2168034.2,1522900.1,80881.224,189078.0,38787.461,,,,,,,,,,,,,,,,,,,,,,17.95,in compliance,119668.685,2025.0,,,,,,,,,10.257659366256743,4.33204826486764,14.589331416325,11.692482244955336,0,0,-0.6208585781399827,0.9811671142499185,-0.6208585781399827,0.9811671142499185,0,0
1419,102033,1402862000.0,city of boston,70-90 ames way,boston,2124.0,180  20 stratton st,boston,2124.0,28500.0,,Multifamily Housing,Multifamily Housing (28500.0),76.1,,2168034.2,1522900.1,80881.224,189078.0,38787.461,,,,,,,,,,,,,,,,,,,,,,17.95,in compliance,119668.685,2025.0,,,,,,,,,10.257659366256743,4.33204826486764,14.589331416325,11.692482244955336,0,0,-0.6208585781399827,0.9811671142499185,-0.6208585781399827,0.9811671142499185,0,0
1420,102034,1402862000.0,city of boston,98-112 stratton st,boston,2124.0,180  20 stratton st,boston,2124.0,21600.0,,Multifamily Housing,Multifamily Housing (21600.0),75.4,,1627872.8,1144000.0,60757.84,141815.0,29091.929,,,,,,,,,,,,,,,,,,,,,,29.2,in compliance,89849.769,2025.0,No,No,No,No,No,No,,,9.980448593672257,4.32280727501391,14.302784689813974,11.405894321256815,0,0,-1.226921906586098,1.0837641741803588,-1.226921906586098,1.0837641741803588,0,0
1421,102035,1402862000.0,city of boston,118-132 stratton st,boston,2124.0,180  20 stratton st,boston,2124.0,21600.0,,Multifamily Housing,Multifamily Housing (21600.0),75.4,,1627872.8,1144000.0,60757.84,141815.0,29091.929,,,,,,,,,,,,,,,,,,,,,,23.94,in compliance,89849.769,2025.0,No,No,No,No,No,No,,,9.980448593672257,4.32280727501391,14.302784689813974,11.405894321256815,0,0,-1.226921906586098,1.0837641741803588,-1.226921906586098,1.0837641741803588,0,0
1422,102037,1402862000.0,city of boston,208-222 westview st,boston,2124.0,180  20 stratton st,boston,2124.0,21600.0,,Multifamily Housing,Multifamily Housing (21600.0),75.4,,1627872.8,1144000.0,60757.84,141815.0,29091.929,,,,,,,,,,,,,,,,,,,,,,108.96,in compliance,89849.769,2025.0,No,No,No,No,No,No,,,9.980448593672257,4.32280727501391,14.302784689813974,11.405894321256815,0,0,-1.226921906586098,1.0837641741803588,-1.226921906586098,1.0837641741803588,0,0
1423,102038,1402862000.0,city of boston,230-240 westview st,boston,2124.0,180  20 stratton st,boston,2124.0,21600.0,,Multifamily Housing,Multifamily Housing (21600.0),75.4,,1627872.8,1144000.0,60757.84,141815.0,29091.929,,,,,,,,,,,,,,,,,,,,,,23.68,in compliance,89849.769,2025.0,No,No,No,No,No,No,,,9.980448593672257,4.32280727501391,14.302784689813974,11.405894321256815,0,0,-1.226921906586098,1.0837641741803588,-1.226921906586098,1.0837641741803588,0,0
1424,102039,1402862000.0,city of boston,1-17 ames st,boston,2124.0,180  20 stratton st,boston,2124.0,21600.0,,Multifamily Housing,Multifamily Housing (21600.0),75.4,,1627872.8,1144000.0,60757.84,141815.0,29091.929,,,,,,,,,,,,,,,,,,,,,,29.2,in compliance,89849.769,2025.0,No,No,No,No,No,No,,,9.980448593672257,4.32280727501391,14.302784689813974,11.405894321256815,0,0,-1.226921906586098,1.0837641741803588,-1.226921906586098,1.0837641741803588,0,0
1425,102040,1402862000.0,city of boston,20-40 ames st,boston,2124.0,180  20 stratton st,boston,2124.0,21600.0,,Multifamily Housing,Multifamily Housing (21600.0),74.8,,1615425.3,1135200.0,60290.472,140746.0,28872.634,,,,,,,,,,,,,,,,,,,,,,28.58,in compliance,89163.106,2025.0,No,No,No,No,No,No,,,9.980448593672257,4.314817884980432,14.295108823623291,11.398222623142477,0,0,-1.2412612360580515,1.0671817749607384,-1.2412612360580515,1.0671817749607384,0,0
1426,102041,1402862000.0,city of boston,158-172 westview st,boston,2124.0,180  20 stratton st,boston,2124.0,21600.0,,Multifamily Housing,Multifamily Housing (21600.0),75.4,,1627872.8,1144000.0,60757.84,141815.0,29091.929,,,,,,,,,,,,,,,,,,,,,,128.23,in compliance,89849.769,2025.0,No,No,No,No,No,No,,,9.980448593672257,4.32280727501391,14.302784689813974,11.405894321256815,0,0,-1.226921906586098,1.0837641741803588,-1.226921906586098,1.0837641741803588,0,0
1427,102042,1402862000.0,city of boston,180-190 westview st,boston,2124.0,180  20 stratton st,boston,2124.0,21600.0,,Multifamily Housing,Multifamily Housing (21600.0),75.4,,1627872.8,1144000.0,60757.84,141815.0,29091.929,,,,,,,,,,,,,,,,,,,,,,29.9,in compliance,89849.769,2025.0,No,No,No,No,No,No,,,9.980448593672257,4.32280727501391,14.302784689813974,11.405894321256815,0,0,-1.226921906586098,1.0837641741803588,-1.226921906586098,1.0837641741803588,0,0
1442,102057,1402862000.0,city of boston,140-150 westview st,boston,2124.0,180  20 stratton st,boston,2124.0,21600.0,,Multifamily Housing,Multifamily Housing (21600.0),75.4,,1627872.8,1144000.0,60757.84,141815.0,29091.929,,,,,,,,,,,,,,,,,,,,,,27.72,in compliance,89849.769,2025.0,No,No,No,No,No,No,,,9.980448593672257,4.32280727501391,14.302784689813974,11.405894321256815,0,0,-1.226921906586098,1.0837641741803588,-1.226921906586098,1.0837641741803588,0,0
1443,102058,1402862000.0,city of boston,156-180 stratton st ext,boston,2124.0,180  20 stratton st,boston,2124.0,28500.0,,Multifamily Housing,Multifamily Housing (28500.0),80.6,,2297218.1,1613600.0,85698.296,200357.0,41101.235,,,,,,,,,,,,,,,,,,,,,,41.28,in compliance,126799.531,2025.0,No,No,No,No,No,No,,,10.257659366256743,4.389498649512583,14.647209427098472,11.750362622240251,0,0,-0.513827494381469,1.1008166540126443,-0.513827494381469,1.1008166540126443,0,0
1445,102060,1402862000.0,city of boston,138-152 stratton st,boston,2124.0,180  20 stratton st,boston,2124.0,21600.0,,Multifamily Housing,Multifamily Housing (21600.0),106.9,,2308460.7,1621399.9,86112.549,201366.0,41308.221,,,,,,,,,,,,,,,,,,,,,,46.16,in compliance,127420.77,2025.0,No,No,No,No,No,No,,,9.980448593672257,4.671893818030999,14.652091496742685,11.755250038659597,0,0,-0.5799965503112825,1.8104345532450583,-0.5799965503112825,1.8104345532450583,0,0
1497,102116,1903515000.0,city of boston,10-20 brookway ter,boston,2131.0,170  40 brookway rd,boston,2131.0,51069.0,,Multifamily Housing,Multifamily Housing (51069.0),86.5,,4418028.2,3516100.2,186740.082,264340.0,54226.708,,,,,,,,,,,,,,,,,,,,,,84.44,in compliance,240966.79,2025.0,No,No,No,No,No,No,,,10.84093293848268,4.460144413937834,15.301204045920551,12.39241440214751,1,5,0.8472670492026948,0.9906951613621428,0.8472670492026948,0.9906951613621428,1,5
1498,102117,1903515000.0,city of boston,2-6 brookway ter,boston,2131.0,170  40 brookway rd,boston,2131.0,51069.0,,Multifamily Housing,Multifamily Housing (51069.0),70.4,,3596623.3,2752300.0,146174.653,247457.0,50763.329,,,,,,,,,,,,,,,,,,,,,,60.86,in compliance,196937.982,2025.0,No,No,No,No,No,No,,,10.84093293848268,4.254193263163997,15.095505991032905,12.190644145973627,0,5,0.4690388208970836,0.5623042354424544,0.4690388208970836,0.5623042354424544,0,5
1499,102118,1903515000.0,city of boston,120-130 brookway rd,boston,2131.0,170  40 brookway rd,boston,2131.0,51069.0,,Multifamily Housing,Multifamily Housing (51069.0),85.1,,4347518.8,3417499.7,181503.409,272573.0,55915.625,,,,,,,,,,,,,,,,,,,,,,69.5,in compliance,237419.034,2025.0,No,No,No,No,No,No,,,10.84093293848268,4.443827035579329,15.28511584952555,12.377581934860304,1,5,0.8182922555373638,0.9568491773913662,0.8182922555373638,0.9568491773913662,1,5
1500,102119,1903515000.0,city of boston,80-110 brookway rd,boston,2131.0,170  40 brookway rd,boston,2131.0,51069.0,,Multifamily Housing,Multifamily Housing (51069.0),82.5,,4215543.1,3211900.0,170584.009,294151.0,60342.136,,,,,,,,,,,,,,,,,,,,,,72.98,in compliance,230926.145,2025.0,No,No,No,No,No,No,,,10.84093293848268,4.412798293340635,15.254288990465296,12.349853219768319,0,5,0.7633722388382242,0.8925007827261151,0.7633722388382242,0.8925007827261151,0,5
1501,102120,1903515000.0,city of boston,40-50 brookway rd,boston,2131.0,170  40 brookway rd,boston,2131.0,51069.0,,Multifamily Housing,Multifamily Housing (51069.0),78.7,,4016778.3,3122800.1,165851.913,262010.0,53748.731,,,,,,,,,,,,,,,,,,,,,,64.11,in compliance,219600.644,2025.0,No,No,No,No,No,No,,,10.84093293848268,4.365643155423357,15.205990721377743,12.299565921217948,0,5,0.6729229272138605,0.7940392214871866,0.6729229272138605,0.7940392214871866,0,5
1540,102170,203350010.0,city square elderly housing,39-49 warren st,boston,2129.0,42 park st,boston,2129.0,95760.0,,Multifamily Housing,Multifamily Housing (95760.0),54.7,88.0,5240891.2,3582481.3,190265.582,486052.1,99708.728,,,,,,,,,,,,,,,,,,,,,,31.47,in compliance,289974.31,2025.0,No,No,No,No,No,No,,,11.469600340231855,4.001863709427935,15.472002118171762,12.57754761183177,1,1,1.3447458981184488,-0.23853784577767367,1.3447458981184488,-0.23853784577767367,1,1
1545,102175,401129010.0,clarendon condominium tr,390-406 stuart st,boston,2116.0,390  406 stuart st,boston,2116.0,444893.0,95907.0,Multifamily Housing,"Food Sales (13751.0),Multifamily Housing (405504.0),Parking (95907.0),Retail Store (25638.0)",53.6,50.0,23843222.7,7400269.0,393028.287,4819154.0,988601.252,,,,,,,,,,,,,,,,,,,,,,24.28,in compliance,1381629.539,2025.0,I'm not sure,No,No,No,I'm not sure,I'm not sure,,,13.005589082797574,3.9815490680767565,16.987010571394507,14.13877418586978,1,2,4.602179421504819,-0.9529699474281963,4.602179421504819,-0.9529699474281963,1,2
1546,102177,1807263000.0,clarendon hill condo tr,12 victoria heights rd,boston,2136.0,1  102 victoria heights rd,boston,2136.0,163834.0,,Multifamily Housing,Multifamily Housing (163834.0),29.0,74.0,4745941.8,124900.0,6633.439,1354350.0,277831.359,,,,,,,,,,,,,,,,,,,,,,21.77,in compliance,284464.798,2025.0,No,No,No,No,No,No,,,12.00660899906896,3.367295829986474,15.372800452944375,12.558364792028305,1,4,1.3659089816122398,-1.790324092824809,1.3659089816122398,-1.790324092824809,1,4
1547,102279,401085000.0,clarendon residences llc mass llc,140 clarendon st,boston,2116.0,410 stuart st,boston,2116.0,186955.0,,Multifamily Housing,Multifamily Housing (186955.0),71.9,19.0,13450095.5,526996.8,27988.8,1964021.0,402899.268,,,,,,6221859.3,343446.633,,,,,,,,,,,,,,,21.39,in compliance,774334.701,2025.0,No,No,No,No,No,No,,,12.138623225166631,4.275276264727001,16.414496764358663,13.559759489333414,1,2,3.301145279214771,0.03918429445697712,3.301145279214771,0.03918429445697712,1,2
1548,102280,400213000.0,,4-16 clarendon st,boston,2116.0,4  16 clarendon st,boston,2116.0,31212.0,,Multifamily Housing,Multifamily Housing (31212.0),34.0,86.0,1061492.4,209400.0,11121.234,249734.0,51230.433,,,,,,,,,,,,,,,,,,,,,,,in compliance,62351.667,2030.0,Yes,No,No,No,Yes,Yes,C10079,,10.348557915236652,3.5263605246161616,13.875186400420118,11.040545686917579,0,3,-1.8738075024379635,-0.7315708729647323,-1.8738075024379635,-0.7315708729647323,0,3
1549,102282,2101929000.0,claridge house condo tr,1653-1661 commonwealth ave,boston,2135.0,1653  1661 commonwealth av,boston,2135.0,45544.0,,Multifamily Housing,Multifamily Housing (45544.0),18.5,100.0,843012.2,168900.0,8970.279,197571.0,40529.715,,,,,,,,,,,,,,,,,,,,,,31.89,in compliance,49499.994,2030.0,I'm not sure,No,No,No,I'm not sure,I'm not sure,,,10.726434170630919,2.917770732084279,13.644736709002641,10.809727827344654,0,3,-2.1983210399993838,-2.1644506331973705,-2.1983210399993838,-2.1644506331973705,0,3
1553,102288,2102396000.0,cleveland circle llc mass llc,1930-1936 beacon st,boston,2135.0,1928  1960 beacon st,boston,2135.0,34040.0,,Multifamily Housing,"Strip Mall (14750.0),Multifamily Housing (19290.0)",74.3,,2530539.4,797100.0,42333.981,508042.0,104219.736,,,,,,,,,,,,,,,,,,,,,,64.25,in compliance,146553.717,2030.0,I'm not sure,No,No,No,I'm not sure,I'm not sure,,,10.435291582687311,4.308110951723713,14.743943039560504,11.89514730917461,0,0,-0.25156885486987746,0.8566307094277439,-0.25156885486987746,0.8566307094277439,0,0
1556,102304,105401000.0,clippership apartments lp,125-131 sumner st,boston,2128.0,125 sumner st,boston,2128.0,27864.0,,Multifamily Housing,Multifamily Housing (27864.0),43.9,97.0,1222506.9,616563.0,32745.661,177592.0,36431.223,,,,,,,,,,,,,,,,,,,,,,53.41,in compliance,69176.884,2030.0,,,,,,,,,10.235090812045836,3.7819143200811256,14.016414144487015,11.144422039557112,0,6,-1.66993784268181,-0.1523940350085506,-1.66993784268181,-0.1523940350085506,0,6
1558,102306,105400022.0,clippership wharf,25  65 lewis st,boston,2128.0,25  65 lewis st,boston,2128.0,221261.0,48060.0,Multifamily Housing,"Restaurant (1143.0),Multifamily Housing (220118.0),Parking (48060.0)",51.8,80.0,11471777.8,5347444.2,284002.761,1794939.0,368213.786,419471.3,,,,,,,,,,,,,,,,,,,,,26.16,in compliance,652216.547,2025.0,No,No,No,No,No,No,,,12.307098279148425,3.9473901492654373,16.255400472735772,13.38813191306734,1,2,3.0429999052183665,-0.7181690580503425,3.0429999052183665,-0.7181690580503425,1,2
1568,102342,1701640000.0,,245-265 norfolk st,boston,2124.0,245  265 norfolk st,boston,2124.0,40374.0,,Multifamily Housing,Multifamily Housing (40374.0),44.0,47.0,1775256.8,,,520298.0,106733.932,,,,,,,,,,,,,,,,,,,,,,32.32,in compliance,106733.932,2025.0,Yes,No,No,No,Yes,Yes,,,10.605941292416373,3.784189633918261,14.38945564648342,11.57809439985529,0,6,-0.834002939742132,-0.3066043655452369,-0.834002939742132,-0.3066043655452369,0,6
1572,102350,2101985000.0,colborne place llc mass llc,35-37 colborne rd,boston,2135.0,35  37 colborne rd,boston,2135.0,30609.0,7200.0,Multifamily Housing,"Multifamily Housing (30609.0),Parking (7200.0)",33.4,74.0,1023617.1,,,300005.0,61543.026,,,,,,,,,,,,,,,,,,,,,,2.26,in compliance,61543.026,2030.0,No,No,No,No,No,No,,,10.329049362343415,3.5085558999826545,13.838853088872662,11.027491818937884,0,3,-1.929834128574046,-0.7583433604392843,-1.929834128574046,-0.7583433604392843,0,3
1579,102357,1502411010.0,columbia west lp,392-396 columbia rd,boston,2125.0,392 columbia rd,boston,2125.0,62533.0,,Multifamily Housing,Multifamily Housing (62533.0),30.5,99.0,1906394.0,1021781.8,54266.831,259265.0,53185.622,,,,,,,,,,,,,,,,,,,,,,43.48,in compliance,107452.453,2025.0,No,No,No,No,No,No,,,11.04344969638154,3.417726683613366,14.460724057468388,11.584803731032968,0,4,-0.6302314891530173,-1.2660230252942464,-0.6302314891530173,-1.2660230252942464,0,4
1584,102365,500232000.0,comm of massachusetts,339-351 tremont st,boston,2116.0,339  351 tremont st,boston,2116.0,24432.0,,Multifamily Housing,Multifamily Housing (24432.0),16.6,100.0,406591.0,,,119165.0,24445.508,,,,,,,,,,,,,,,,,,,,,,61.88,in compliance,24445.508,2030.0,No,No,No,No,No,No,,,10.103649027458413,2.8094026953624978,12.915563045155213,10.104201756142695,0,7,-3.701690947315761,-2.114383684015426,-3.701690947315761,-2.114383684015426,0,7
1586,102369,303575000.0,,142 commercial st,boston,2109.0,144  126 commercial st,boston,2109.0,49900.0,,Multifamily Housing,Multifamily Housing (49900.0),34.7,95.0,1729787.4,1156056.2,61398.145,168151.0,34494.496,,,,,,,,,,,,,,,,,,,,,,14.58,in compliance,95892.641,2030.0,I'm not sure,No,No,No,I'm not sure,I'm not sure,,,10.81777628173961,3.5467396869528134,14.363509068748936,11.470984521743633,0,6,-0.8834978836257172,-0.8994828155343627,-0.8834978836257172,-0.8994828155343627,0,6
1587,102369,303575000.0,,142 commercial st,boston,2109.0,144  126 commercial st,boston,2109.0,49900.0,,Multifamily Housing,Multifamily Housing (49900.0),34.7,95.0,1729787.4,1156056.2,61398.145,168151.0,34494.496,,,,,,,,,,,,,,,,,,,,,,14.58,in compliance,95892.641,2030.0,I'm not sure,No,No,No,I'm not sure,I'm not sure,,,10.81777628173961,3.5467396869528134,14.363509068748936,11.470984521743633,0,6,-0.8834978836257172,-0.8994828155343627,-0.8834978836257172,-0.8994828155343627,0,6
1588,102370,303028300.0,commercial wharf east,84 atlantic ave,boston,2110.0,84 atlantic av,boston,2110.0,122032.0,0.0,Multifamily Housing,"Multifamily Housing (122032.0),Parking (1000.0)",8.4,100.0,1027018.4,4500.0,238.995,299683.0,61476.971,,,,,,,,,,,,,,,,,,,,,,17.79,in compliance,61715.966,2025.0,No,No,No,No,No,No,,,11.71203858440402,2.128231705849268,13.842170405011155,11.030297944652142,0,7,-1.5484747244217998,-4.239364623783686,-1.5484747244217998,-4.239364623783686,0,7
1589,102372,2101579000.0,,1156 commonwealth ave,boston,2134.0,1156 commonwealth av,boston,2134.0,153060.0,,Multifamily Housing,Multifamily Housing (153060.0),83.5,91.0,12779547.7,11110858.0,590097.668,489065.0,100326.794,,,,,,,,,,,,,,,,,,,,,,46.47,in compliance,690424.462,2025.0,Yes,No,No,No,Yes,Yes,,,11.938585280363911,4.42484663185681,16.36335661505107,13.445061849757506,1,1,3.1060193308729698,0.43407284496750226,3.1060193308729698,0.43407284496750226,1,1
1590,102376,2101571000.0,commonwealth 1200 montrose mass llc,1200 commonwealth ave,boston,2134.0,1200 commonwealth av,boston,2134.0,33824.0,,Multifamily Housing,Multifamily Housing (33824.0),38.8,97.0,1311084.3,595100.0,31605.761,209843.0,43047.193,,,,,,,,,,,,,,,,,,,,,,29.86,in compliance,74652.954,2025.0,No,No,No,No,No,No,,,10.428925888669964,3.6584202466292277,14.086365062738045,11.220605373517298,0,6,-1.4830016614154198,-0.4942919486116516,-1.4830016614154198,-0.4942919486116516,0,6
1594,102382,2100470000.0,,195 gardner st,boston,2134.0,1035  1037 commonwealth av,boston,2134.0,159000.0,66000.0,Multifamily Housing,"Personal Services (Health/Beauty, Dry Cleaning, etc) (2012.0),Restaurant (2010.0),Multifamily Housing (154978.0),Parking (66000.0)",76.0,26.0,12089878.0,3529900.2,187473.0,2508786.0,514652.36,,,,,,,,,,,,,,,,,,,,,,55.16,in compliance,702125.36,2025.0,No,No,No,No,No,No,,,11.976659481202368,4.330733340286331,16.307879131555776,13.461867242563818,1,1,3.066056588220619,0.22638164446634582,3.066056588220619,0.22638164446634582,1,1
1595,102383,503015000.0,commonwealth condo tr,362-366 commonwealth ave,boston,2115.0,90  82 massachusetts av,boston,2115.0,49412.0,,Multifamily Housing,Multifamily Housing (49412.0),85.7,69.0,4235919.6,3601100.0,191254.421,186055.0,38167.323,,,,,,,,,,,,,,,,,,,,,,41.01,in compliance,229421.744,2025.0,No,No,No,No,No,No,,,10.807948588656703,4.450852825603734,15.259111005353336,12.343317265584764,0,5,0.7551627230037128,0.9854097690797928,0.7551627230037128,0.9854097690797928,0,5
1600,102388,2102628000.0,,1705-1711 commonwealth ave,boston,2135.0,1705  1711 commonwealth av,boston,2135.0,28968.0,,Multifamily Housing,Multifamily Housing (28968.0),52.0,,1505317.5,1292900.0,68665.919,62256.0,12771.196,,,,,,,,,,,,,,,,,,,,,,24.24,in compliance,81437.115,2030.0,I'm not sure,No,No,No,I'm not sure,I'm not sure,,,10.273947051445477,3.9512437185814275,14.224514397370601,11.307586406304223,0,6,-1.3066479142575846,0.17995688748957817,-1.3066479142575846,0.17995688748957817,0,6
1626,102424,2101110000.0,,1409 commonwealth ave #4,boston,2134.0,1409  1427 commonwealth av,boston,2134.0,88508.0,,Multifamily Housing,Multifamily Housing (88508.0),74.3,48.0,6575842.5,3399400.1,180542.139,930962.0,190977.545,,,,,,,,,,,,,,,,,,,,,,68.64,in compliance,371519.684,2025.0,No,No,No,No,No,No,,,11.390848222390822,4.308110951723713,15.698913264701403,12.82535712693144,1,1,1.7590841345550945,0.4348570314946554,1.7590841345550945,0.4348570314946554,1,1
1629,102435,2102300000.0,commonwealth proper lp mass lp,1820 commonwealth ave,boston,2135.0,1820 commonwealth av,boston,2135.0,27000.0,,Multifamily Housing,Multifamily Housing (27000.0),81.8,80.0,2208474.0,1900790.1,100950.962,90177.0,18498.91,,,,,,,,,,,,,,,,,,,,,,46.82,in compliance,119449.872,2025.0,No,No,No,No,No,No,,,10.203592144986466,4.404277243608702,14.60781233725302,11.690652081175315,0,0,-0.6162493786068055,1.1539623389212472,-0.6162493786068055,1.1539623389212472,0,0
1630,102436,2102301000.0,commonwealth properties,1810 commonwealth ave,boston,2135.0,1810 commonwealth av,boston,2135.0,27000.0,,Multifamily Housing,Multifamily Housing (27000.0),80.7,83.0,2179240.0,1900790.1,100950.962,81609.0,16741.27,,,,,,,,,,,,,,,,,,,,,,46.82,in compliance,117692.232,2025.0,No,No,No,No,No,No,,,10.203592144986466,4.390738575275903,14.594486750128638,11.67582829276962,0,0,-0.6421075354541897,1.1257127561082658,-0.6421075354541897,1.1257127561082658,0,0
1631,102437,2102302000.0,commonwealth properties,1800 commonwealth ave,boston,2135.0,1800 commonwealth av,boston,2135.0,27000.0,,Multifamily Housing,Multifamily Housing (27000.0),82.5,80.0,2227837.1,1900790.1,100950.962,95852.0,19663.079,,,,,,,,,,,,,,,,,,,,,,46.82,in compliance,120614.041,2025.0,No,No,No,No,No,No,,,10.203592144986466,4.412798293340635,14.61654176245503,11.70035098270054,0,0,-0.599457824935741,1.1717958691990136,-0.599457824935741,1.1717958691990136,0,0
1632,102438,2102304000.0,commonwealth properties,66 chiswick rd,boston,2135.0,66  70 chiswick rd,boston,2135.0,40484.0,,Multifamily Housing,Multifamily Housing (40484.0),73.2,73.0,2962089.6,2590707.0,137592.449,108846.0,22328.668,,,,,,,,,,,,,,,,,,,,,,31.2,in compliance,159921.117,2025.0,No,No,No,No,No,No,,,10.608662113308792,4.293195420967266,14.90140552318356,11.98243595389226,0,5,0.03646036210421088,0.744510044618063,0.03646036210421088,0.744510044618063,0,5
1633,102439,2205301000.0,commonwealth properties,2045 commonwealth ave,boston,2135.0,2045 commonwealth av,boston,2135.0,22100.0,,Multifamily Housing,Multifamily Housing (22100.0),98.1,40.0,2166992.6,1868817.9,99252.919,87390.0,17927.185,,,,,,,,,,,,,,,,,,,,,,39.35,in compliance,117180.104,2025.0,No,No,No,No,No,No,,,10.003332887505843,4.585987366571318,14.588850865653413,11.671467380621854,0,0,-0.7057907118635928,1.6201448980679334,-0.7057907118635928,1.6201448980679334,0,0
1638,102455,2101532000.0,commonwealth-griggs llc,1298 commonwealth ave,boston,2134.0,1302  1298 commonwealth av,boston,2134.0,77300.0,0.0,Multifamily Housing,"Multifamily Housing (77300.0),Parking (3500.0)",115.5,,8931439.1,7593799.0,403306.665,195847.0,40176.054,,,,,,,,669410.1,49201.642,,,,,,,,,,,,,78.79,in compliance,492684.361,2025.0,I'm not sure,No,No,No,I'm not sure,I'm not sure,,,11.255449234575513,4.749270529961848,16.005088093284318,13.107624006603483,1,1,2.2717911620800115,1.411114428227188,2.2717911620800115,1.411114428227188,1,1
1639,102458,2205284000.0,commonwealth/brighton condo tr,2031 commonwealth ave,boston,2135.0,2031  2309 commonwealth av,boston,2135.0,38000.0,,Multifamily Housing,Multifamily Housing (38000.0),87.6,43.0,3328682.2,2852500.1,151496.28,139561.0,28629.544,,,,,,,,,,,,,,,,,,,,,,25.22,in compliance,180125.824,2025.0,I'm not sure,No,No,No,I'm not sure,I'm not sure,,,10.545341438708522,4.472780997942346,15.01808704789684,12.101410907892332,0,5,0.23687132865466767,1.1463728356442786,0.23687132865466767,1.1463728356442786,0,5
1653,102486,2101375010.0,congregation of sister of,615-647 cambridge st,boston,2135.0,625  667 cambridge st,boston,2135.0,121245.0,,Multifamily Housing,"Worship Facility (5000.0),Multifamily Housing (88317.0),Office (27928.0)",44.3,98.0,5369112.1,4766416.4,253144.375,176640.0,36235.93,,,,,,,,,,,,,,,,,,,,,,8.25,in compliance,289380.305,2025.0,No,No,No,No,No,No,,,11.705568570836055,3.7909846770510898,15.49617310830762,12.575497036267986,1,4,1.4349035623433732,-0.7831115522144662,1.4349035623433732,-0.7831115522144662,1,4
1657,102491,203516001.0,constellation wharf,31 constellation whf,boston,2129.0,ninth st,boston,2129.0,55834.0,,Multifamily Housing,Multifamily Housing (55834.0),25.3,79.0,1411142.3,,,413582.1,84842.232,,,,,,,,,,,,,,,,,,,,,,14.34,in compliance,84842.232,2025.0,No,No,No,No,No,No,C10022,,10.930138281806371,3.2308043957334744,14.15991007621055,11.34854871667768,0,3,-1.1709135907765233,-1.6010485193585955,-1.1709135907765233,-1.6010485193585955,0,3
1658,102492,203516001.0,constellation wharf,3 constellation whf,boston,2129.0,ninth st,boston,2129.0,25737.0,,Multifamily Housing,Multifamily Housing (25737.0),25.3,,650474.1,,,190643.1,39108.526,,,,,,,,,,,,,,,,,,,,,,14.34,in compliance,39108.526,2025.0,No,No,No,No,No,No,C10022,,10.155684924241076,3.2308043957334744,13.38545676061552,10.57409577846863,0,3,-2.8158067969103726,-1.2606330456054673,-2.8158067969103726,-1.2606330456054673,0,3
1659,102493,203516001.0,constellation wharf,13 constellation whf,boston,2129.0,ninth st,boston,2129.0,65835.0,,Multifamily Housing,Multifamily Housing (65835.0),25.3,79.0,1663906.4,,,487663.1,100039.208,,,,,,,,,,,,,,,,,,,,,,14.34,in compliance,100039.208,2025.0,I'm not sure,No,No,No,I'm not sure,I'm not sure,C10022,,11.094906890790444,3.2308043957334744,14.3246786487812,11.513317468126951,0,4,-0.8209546446533058,-1.6734735056654146,-0.8209546446533058,-1.6734735056654146,0,4
1661,102495,104372000.0,constitution apartments llc,917 bennington st,boston,2128.0,917 bennington st,boston,2128.0,47230.0,10000.0,Multifamily Housing,"Multifamily Housing (47230.0),Parking (10000.0)",31.7,99.0,1496607.0,576800.0,30633.848,269580.0,55301.641,,,,,,,,,,,,,,,,,,,,,,25.6,pending revisions,85935.489,2025.0,No,No,No,No,No,No,,,10.762784562890163,3.456316680883235,14.218711103885932,11.361352165841954,0,6,-1.1412573269458486,-1.0610716896441523,-1.1412573269458486,-1.0610716896441523,0,6
1666,102500,501312000.0,copley condominium trust,265-275 dartmouth st,boston,2116.0,265  275 dartmouth st,boston,2116.0,42873.0,,Multifamily Housing,Multifamily Housing (42873.0),47.5,64.0,2037202.8,,,597070.0,122482.94,,,,,,,,,,,,,,,,,,,,,,82.02,in compliance,122482.94,2025.0,No,No,No,No,No,No,,,10.665997536149904,3.8607297110405954,14.527088248427141,11.715727033962484,0,6,-0.5631760732326406,-0.1735251539865709,-0.5631760732326406,-0.1735251539865709,0,6
1668,102502,400985010.0,copley place cooperative,2  16 harcourt st,boston,2116.0,2  16 harcourt st,boston,2116.0,157450.0,,Multifamily Housing,Multifamily Housing (157450.0),30.0,79.0,4728677.4,,,1385896.0,284302.705,,,,,,,,,,,,,,,,,,,,,,17.15,in compliance,284302.705,2025.0,No,No,No,No,No,No,,,11.96686322652917,3.4011973816621555,15.36915610191699,12.557794812191084,1,4,1.3497183602884697,-1.7017468225668844,1.3497183602884697,-1.7017468225668844,1,4
1670,102504,105590100.0,coppersmith village rental,75  109 border st,boston,2128.0,75  109 border st,boston,2128.0,74868.0,,Multifamily Housing,Multifamily Housing (74868.0),46.0,83.0,3443677.1,1725800.0,91657.238,503481.0,103284.092,,,,,,,,,,,,,,,,,,,,,,26.61,in compliance,194941.33,2025.0,No,No,No,No,No,No,,,11.223481841898787,3.828641396489095,15.05205038287527,12.180453920480012,0,4,0.5169344223150382,-0.48947821247745626,0.5169344223150382,-0.48947821247745626,0,4
1673,102508,2102056000.0,corey gardens condo assn,63 corey rd,boston,2134.0,63 corey rd,boston,2134.0,34000.0,,Multifamily Housing,Multifamily Housing (34000.0),53.5,86.0,1819345.5,1700700.0,90324.177,34773.0,7133.333,,,,,,,,,,,,,,,,,,,,,,22.26,in compliance,97457.51,2030.0,I'm not sure,No,No,No,I'm not sure,I'm not sure,,,10.4341158035983,3.979681653901961,14.413987378991244,11.487171767127961,0,6,-0.9197330829176038,0.1682146575794928,-0.9197330829176038,0.1682146575794928,0,6
1676,102511,601700010.0,,351-353 w second st,boston,2127.0,190 f st,boston,2127.0,22387.0,,Multifamily Housing,Multifamily Housing (22387.0),46.2,,1033434.4,85400.0,4535.594,277853.0,56998.764,,,,,,,,,,,,,,,,,,,,,,34.84,pending revisions,61534.358,2030.0,I'm not sure,No,No,No,I'm not sure,I'm not sure,,,10.016235712227882,3.832979798087693,13.848398182456139,11.027350964465152,0,6,-2.0033990077881088,0.05348964107075418,-2.0033990077881088,0.05348964107075418,0,6
1678,102513,1100915000.0,council of elders,2863-2893 washington st,boston,2119.0,2863  2893 washington st,boston,2119.0,110566.0,,Multifamily Housing,Multifamily Housing (110566.0),77.0,46.0,8513809.1,5622269.7,298598.744,847461.7,173848.293,,,,,,,,,,,,,,,,,,,,,,40.08,in compliance,472447.037,2025.0,No,No,No,No,No,No,,,11.613367906704086,4.343805421853684,15.957200003225509,13.065680928627977,1,1,2.2848321750495693,0.41014976561823774,2.2848321750495693,0.41014976561823774,1,1
1679,102514,1807893000.0,country manor condo tr,116-120 bradlee st,boston,2136.0,120  116 bradlee st,boston,2136.0,24957.0,,Multifamily Housing,Multifamily Housing (24957.0),51.3,92.0,1280992.5,967300.0,51373.303,91938.0,18860.161,,,,,,,,,,,,,,,,,,,,,,50.67,in compliance,70233.464,2030.0,I'm not sure,No,No,No,I'm not sure,I'm not sure,,,10.124909622951998,3.937690752176724,14.063145726060796,11.159580171587557,0,6,-1.6367861409346576,0.21833948367345024,-1.6367861409346576,0.21833948367345024,0,6
1681,102516,600007010.0,court square press building,9 w broadway,boston,2127.0,9 w broadway,boston,2127.0,200000.0,,Multifamily Housing,"Veterinary Office (3470.0),Multifamily Housing (196530.0)",61.7,26.0,12334812.4,76600.0,4068.226,1314352.0,269626.169,,,,,,7773643.1,429105.099,,,,,,,,,,,,,,,19.32,in compliance,702799.494,2025.0,Yes,No,No,No,Yes,Yes,C10023,,12.206072645530174,4.122283930911342,16.327936099074368,13.462826915317587,1,2,3.151999418300656,-0.30977277257924185,3.151999418300656,-0.30977277257924185,1,2
1682,102517,600007010.0,court square press building,141 dorchester ave,boston,2127.0,9 w broadway,boston,2127.0,199711.0,289.0,Multifamily Housing,"Office (2051.0),Multifamily Housing (195963.0),Parking (289.0),Fitness Center/Health Club/Gym (1697.0)",57.9,12.0,11570593.3,233200.0,12385.252,2257118.0,463025.187,,,,,,3636106.6,200713.084,,,,,,,,,,,,,,,23.06,in compliance,676123.523,2025.0,I'm not sure,No,No,No,I'm not sure,I'm not sure,C10023,,12.204626600510851,4.05871738457895,16.263977377025395,13.424131064664039,1,2,3.0511300622321484,-0.4395949688456032,3.0511300622321484,-0.4395949688456032,1,2
1687,102529,203690000.0,courtyard condo tr,47 harvard st,boston,2129.0,88  58 main st,boston,2129.0,79613.0,20226.0,Multifamily Housing,"Multifamily Housing (79613.0),Parking (20226.0)",41.3,75.0,3290556.8,939600.0,49902.156,689026.0,141346.794,,,,,,,,,,,,,,,,,,,,,,21.82,in compliance,191248.95,2025.0,No,No,No,No,No,No,,,11.284932675080688,3.720862499966987,15.00656734854364,12.161331261477633,0,4,0.4682616380210288,-0.7389342221744917,0.4682616380210288,-0.7389342221744917,0,4
1688,102531,502627000.0,cousins jesse x trst,236 beacon st,boston,2116.0,236 beacon st,boston,2116.0,36204.0,,Multifamily Housing,Multifamily Housing (36204.0),60.8,84.0,2200893.4,1807090.6,95974.582,115417.0,23676.643,,,,,,,,,,,,,,,,,,,,,,15.13,in compliance,119651.225,2030.0,No,No,No,No,No,No,,,10.496924888947062,4.107589788972121,14.604373926805039,11.692336331478844,0,0,-0.5391342362493826,0.4077944013002443,-0.5391342362493826,0.4077944013002443,0,0
1689,102532,500800000.0,cove plaza associates lp mass llp,230 stuart st,boston,2116.0,246  224 stuart st,boston,2116.0,135160.0,,Multifamily Housing,Multifamily Housing (135160.0),69.9,35.0,9444404.1,6189282.9,328712.815,954021.4,195707.95,,,,,,,,,,,,,,,,,,,,,,52.78,in compliance,524420.765,2025.0,No,No,No,No,No,No,,,11.814214540828226,4.247065649239764,16.06093296534454,13.17004962772311,1,1,2.5321596903376373,0.12048595983422751,2.5321596903376373,0.12048595983422751,1,1
1690,102533,500066000.0,cove plaza associates lp mass lp,285 tremont st,boston,2109.0,283 tremont st,boston,2109.0,85986.0,,Multifamily Housing,Multifamily Housing (85986.0),68.6,43.0,5896791.1,3956551.8,210132.466,568651.6,116653.189,,,,,,,,,,,,,,,,,,,,,,47.94,in compliance,326785.655,2025.0,No,No,No,No,No,No,,,11.361939771286126,4.22829253473184,15.589918879562902,12.697059745655718,1,1,1.5353929088173819,0.28008146197665956,1.5353929088173819,0.28008146197665956,1,1
1713,102580,1806659000.0,cummins towers company,865 american legion hwy,boston,2131.0,915 american legion hw,boston,2131.0,72457.0,,Multifamily Housing,Multifamily Housing (72457.0),83.8,55.0,6068554.9,5033088.0,267307.304,303478.0,62255.477,,,,,,,,,,,,,,,,,,,,,,,in compliance,329562.781,2025.0,No,No,No,No,No,No,C10021,,11.190748561439063,4.428433007488037,15.618631062204283,12.705522148918014,1,5,1.5273889747501617,0.7705305951472331,1.5273889747501617,0.7705305951472331,1,5
1714,102581,1806659000.0,cummins towers company,855 american legion hwy,boston,2131.0,915 american legion hw,boston,2131.0,72457.0,,Multifamily Housing,Multifamily Housing (72457.0),97.4,8.0,7055855.8,4402742.6,233829.659,777583.0,159513.377,,,,,,,,,,,,,,,,,,,,,,,in compliance,393343.036,2025.0,No,No,No,No,No,No,C10021,,11.190748561439063,4.578826210648489,15.769368439952,12.882437375266102,1,1,1.8255179549418858,1.0853902531255408,1.8255179549418858,1.0853902531255408,1,1
1715,102582,1806659000.0,cummins towers company,950 canterbury st,boston,2131.0,915 american legion hw,boston,2131.0,72458.0,,Multifamily Housing,Multifamily Housing (72458.0),84.0,55.0,6085238.0,5054469.4,268442.87,302101.0,61972.999,,,,,,,,,,,,,,,,,,,,,,,in compliance,330415.869,2025.0,No,No,No,No,No,No,C10021,,11.190762362632867,4.430816798843313,15.621376396210787,12.70810734913659,1,5,1.532221901024514,0.7755283425434848,1.532221901024514,0.7755283425434848,1,5
1721,102592,1002221012.0,cwl housing llc,270 centre st,boston,2130.0,270 centre st,boston,2130.0,40932.0,,Multifamily Housing,Multifamily Housing (40932.0),47.1,76.0,1928737.9,1152832.1,61226.913,227405.0,46649.862,,,,,,,,,,,,,,,,,,,,,,44.94,in compliance,107876.775,2030.0,No,No,No,No,No,No,,,10.619667432206645,3.8522730010223722,14.472376409146634,11.588744882479793,0,6,-0.7297923141881774,-0.1756102283300843,-0.7297923141881774,-0.1756102283300843,0,6
1753,102624,1404198000.0,danube apartments llc,825 blue hill ave,boston,2124.0,825  829 blue hill av,boston,2124.0,20025.0,,Multifamily Housing,Multifamily Housing (20025.0),65.4,87.0,1309418.4,1172658.7,62279.904,40082.0,8222.421,,,,,,,,,,,,,,,,,,,,,,32.85,in compliance,70502.325,2030.0,No,No,No,No,No,No,,,9.90473677193656,4.180522258463153,14.085093627128062,11.163400966979978,0,0,-1.6688942270602847,0.8192523798497243,-1.6688942270602847,0.8192523798497243,0,0
1754,102626,903146010.0,dartmouth hotel lp,39-59 warren st,boston,2119.0,39  59 warren st,boston,2119.0,59178.0,0.0,Multifamily Housing,"Multifamily Housing (59178.0),Parking (21000.0)",59.7,79.0,3531910.8,2443807.0,129790.59,318905.0,65420.172,,,,,,,,,,,,,,,,,,,,,,93.56,in compliance,195210.762,2025.0,I'm not sure,No,No,No,I'm not sure,I'm not sure,,,10.988305130182049,4.089332020398556,15.077349585573943,12.181835084638072,0,5,0.48253821594862445,0.1548898062084716,0.48253821594862445,0.1548898062084716,0,5
1757,102630,503917000.0,,20 charlesgate w,boston,2215.0,20 charlesgate west,boston,2215.0,64441.0,,Multifamily Housing,Multifamily Housing (64441.0),11.3,100.0,728221.0,45275.0,2404.555,200160.0,41060.822,,,,,,,,,,,,,,,,,,,,,,6.97,pending revisions,43465.377,2030.0,I'm not sure,No,No,No,I'm not sure,I'm not sure,,,11.07350535548211,2.424802725718295,13.498359852538911,10.679719969121011,0,7,-2.3629958520417653,-3.3421072581896505,-2.3629958520417653,-3.3421072581896505,0,7
1762,102637,1502620000.0,,481-485 columbia rd,boston,2125.0,481  485 columbia rd,boston,2125.0,22750.0,,Multifamily Housing,Multifamily Housing (22750.0),78.5,,1786180.6,1504776.3,79918.669,82474.9,16918.901,,,,,,,,,,,,,,,,,,,,,,59.36,in compliance,96837.57,2025.0,No,No,No,No,No,No,,,10.032320424379096,4.363098624788363,14.395590155127145,11.48079031780036,0,0,-1.0542392284974718,1.1437245414421742,-1.0542392284974718,1.1437245414421742,0,0
1764,102640,200824000.0,,342 bunker hill st,boston,2129.0,340 bunker hill st,boston,2129.0,39500.0,,Multifamily Housing,Multifamily Housing (39500.0),45.8,95.0,1809880.3,1190500.0,63227.455,181530.0,37239.064,,,,,,,,,,,,,,,,,,,,,,39.55,in compliance,100466.519,2030.0,No,No,No,No,No,No,,,10.584055950889214,3.824284091120139,14.408771268458468,11.517579806697778,0,6,-0.862784813278579,-0.21872564040014833,-0.862784813278579,-0.21872564040014833,0,6
1765,102641,2203751000.0,dee development llc,100 tremont st,boston,2135.0,100 tremont st,boston,2135.0,21420.0,,Multifamily Housing,Multifamily Housing (21420.0),50.1,91.0,1073779.6,840183.8,44622.162,68463.0,14044.5,,,,,,,,,,,,,,,,,,,,,,34.3,in compliance,58666.662,2030.0,No,No,No,No,No,No,,,9.97208034400174,3.914021008090819,13.886695318838942,10.979626905806722,0,6,-2.007708835012738,0.23601910654340041,-2.007708835012738,0.23601910654340041,0,6
1769,102645,1800731000.0,delhi limited partnership mass lps,217 delhi st,boston,2126.0,217 delhi st,boston,2126.0,21420.0,,Multifamily Housing,Multifamily Housing (21420.0),61.1,85.0,1308633.1,,,73180.0,15012.145,,,,,,,,,,1058943.0,78584.16,,,,,,,,,,,64.09,in compliance,93596.305,2030.0,Yes,No,No,No,Yes,Yes,,,9.97208034400174,4.11251186617755,14.084493715305433,11.44674618519074,0,6,-1.4448352845339982,0.6671832034518392,-1.4448352845339982,0.6671832034518392,0,6
1788,102669,1501522000.0,ditson street senior hsng in,33 ditson st,boston,2122.0,33 ditson st,boston,2122.0,30325.0,,Multifamily Housing,Multifamily Housing (30325.0),58.7,69.0,1778980.2,1246109.6,66180.881,156175.4,32037.822,,,,,,,,,,,,,,,,,,,,,,44.26,in compliance,98218.703,2025.0,No,No,No,No,No,No,,,10.31972773381225,4.072439726834051,14.391550836737805,11.49495193445616,0,6,-0.9700365935113862,0.4134823450406175,-0.9700365935113862,0.4134823450406175,0,6
1790,102673,105403000.0,,99-111 sumner st,boston,2128.0,99  111 sumner st,boston,2128.0,128944.0,30543.0,Multifamily Housing,"Multifamily Housing (128944.0),Parking (30543.0)",44.2,91.0,5697889.7,2966000.1,157524.265,800671.0,164249.649,,,,,,,,,,,,,,,,,,,,,,15.95,in compliance,321773.914,2025.0,Yes,No,No,No,Yes,Yes,,,11.767133480564292,3.7887247890836524,15.555606436183272,12.681604447482748,1,1,1.5956733111789465,-0.8117198038673044,1.5956733111789465,-0.8117198038673044,1,1
1794,102678,1303046010.0,dna lofts condominium trust,942 dorchester ave,boston,2125.0,942  944 dorchester av,boston,2125.0,36873.0,,Multifamily Housing,Multifamily Housing (36873.0),78.9,,2908327.7,1415100.0,75155.961,437640.0,89777.47,,,,,,,,,,,,,,,,,,,,,,44.43,in compliance,164933.431,2025.0,No,No,No,No,No,No,,,10.51523485488309,4.368181227851829,14.883088800420028,12.013297222990634,0,5,0.012927731243837056,0.9449864222889605,0.012927731243837056,0.9449864222889605,0,5
1801,102686,1500550000.0,dorchester housing assoc lps,10 ellet st,boston,2122.0,adams st,boston,2122.0,59400.0,,Multifamily Housing,Multifamily Housing (59400.0),40.6,94.0,2409392.0,843690.0,44808.376,458881.0,94134.848,,,,,,,,,,,,,,,,,,,,,,45.72,in compliance,138943.224,2025.0,No,No,No,No,No,No,,,10.992049505350737,3.703768066607687,14.694884991480665,11.841820668238489,0,4,-0.19364710161764664,-0.6465626257369981,-0.19364710161764664,-0.6465626257369981,0,4
1813,102710,800132010.0,dudley neighbors two inc,564-570 dudley st,boston,2125.0,564  570 dudley st,boston,2125.0,28392.0,,Multifamily Housing,Multifamily Housing (28392.0),36.2,,1026638.4,605792.1,32173.618,123343.0,25302.583,,,,,,,,,,,,,,,,,,,,,,17.89,in compliance,57476.201,2030.0,No,No,No,No,No,No,,,10.253862694326333,3.5890591188317256,13.84180033343509,10.95912624545482,0,3,-1.9958231879812987,-0.5628773950655801,-1.9958231879812987,-0.5628773950655801,0,3
1818,102715,601233000.0,,45 w third st,boston,2127.0,45 w third st,boston,2127.0,109194.0,0.0,Multifamily Housing,"Multifamily Housing (109194.0),Parking (30000.0)",33.1,99.0,3615619.9,1526152.0,81053.933,612388.0,125625.274,,,,,,,,,,,,,,,,,,,,,,26.12,in compliance,206679.207,2025.0,No,No,No,No,No,No,,,11.600881395728463,3.4995332823830174,15.100773878818671,12.238923145544524,1,4,0.7166714760501133,-1.339693882606991,0.7166714760501133,-1.339693882606991,1,4
1822,102725,306266000.0,,160 e berkeley st,boston,2118.0,160 e berkeley st,boston,2118.0,47706.0,,Multifamily Housing,Multifamily Housing (47706.0),59.7,36.0,2848476.2,1441432.2,76554.464,412381.0,84595.838,,,,,,,,,,,,,,,,,,,,,,32.8,in compliance,161150.302,2025.0,I'm not sure,No,No,No,I'm not sure,I'm not sure,,,10.772812455129538,4.089332020398556,14.862294742592976,11.990092761272235,0,5,0.0424669022345914,0.2512442720787991,0.0424669022345914,0.2512442720787991,0,5
1829,102732,303471000.0,east coast condominium tr,130-132 fulton st,boston,2109.0,132  122 fulton st,boston,2109.0,28548.0,,Multifamily Housing,Multifamily Housing (28548.0),49.2,78.0,1405848.0,840500.0,44638.955,165694.0,33990.467,,,,,,,,,,,,,,,,,,,,,,21.08,in compliance,78629.422,2030.0,No,No,No,No,No,No,,,10.259342160090958,3.8958936234982624,14.156151237400536,11.272501234074657,0,6,-1.4136260195481771,0.07364176284275895,-1.4136260195481771,0.07364176284275895,0,6
1830,102735,801448000.0,east concord street lps mass lp,1640 washington st,boston,2118.0,1640 washington st,boston,2118.0,43375.0,,Multifamily Housing,Multifamily Housing (43375.0),43.6,77.0,1892301.4,1247200.0,66238.792,189068.4,38785.492,,,,,,,,,,,,,,,,,,,,,,15.33,in compliance,105024.284,2025.0,No,No,No,No,No,No,,,10.67763851724916,3.775057150354989,14.453304318232274,11.561946878589922,0,6,-0.7550611263827369,-0.36231199511623097,-0.7550611263827369,-0.36231199511623097,0,6
1831,102736,604307000.0,east four lps,878-886 e fourth st,boston,2127.0,878  886 e fourth st,boston,2127.0,33000.0,,Multifamily Housing,Multifamily Housing (33000.0),42.7,96.0,1410609.1,994700.0,52828.517,121896.0,25005.745,,,,,,,,,,,,,,,,,,,,,,14.99,in compliance,77834.262,2025.0,I'm not sure,No,No,No,I'm not sure,I'm not sure,,,10.404262840448617,3.754198920234579,14.159532154890943,11.262336998829316,0,6,-1.3779111019994834,-0.2858876680514882,-1.3779111019994834,-0.2858876680514882,0,6
1835,102740,604127000.0,east seventh ltd partnership mass lp,160 n st,boston,2127.0,740 e seventh st,boston,2127.0,31416.0,,Multifamily Housing,Multifamily Housing (31416.0),55.9,87.0,1755560.0,1410600.0,74916.966,101102.0,20740.064,,,,,,,,,,,,,,,,,,,,,,20.55,in compliance,95657.03,2025.0,I'm not sure,No,No,No,I'm not sure,I'm not sure,,,10.355072596257845,4.023564380161053,14.37829845230334,11.468524469292552,0,6,-0.9946879488038999,0.2953672979719644,-0.9946879488038999,0.2953672979719644,0,6
1836,102741,604127001.0,east sixth ltd partnership mass lp,741 e sixth st,boston,2127.0,741 e sixth st,boston,2127.0,32500.0,,Multifamily Housing,Multifamily Housing (32500.0),49.9,87.0,1622630.3,1080600.0,57390.666,158860.0,32588.54,,,,,,,,,,,,,,,,,,,,,,18.78,in compliance,89979.206,2025.0,I'm not sure,No,No,No,I'm not sure,I'm not sure,,,10.388995368317829,3.910021002757473,14.299559032502264,11.407333878173079,0,6,-1.118873527735374,0.0454256109563004,-1.118873527735374,0.0454256109563004,0,6
1837,102742,604128000.0,east sixth ltd partnership mass lp,745 e sixth st,boston,2127.0,745 e sixth st,boston,2127.0,32500.0,,Multifamily Housing,Multifamily Housing (32500.0),37.0,100.0,1203000.6,914400.0,48563.784,84584.0,17351.562,,,,,,,,,,,,,,,,,,,,,,18.75,in compliance,65915.346,2025.0,I'm not sure,No,No,No,I'm not sure,I'm not sure,,,10.388995368317829,3.6109179126442243,14.000329493709808,11.09612656136285,0,6,-1.6817763654179372,-0.5779904509239124,-1.6817763654179372,-0.5779904509239124,0,6
1839,102744,103894010.0,ebcdc inc,120-150 orleans st,boston,2128.0,120  150 orleans st,boston,2128.0,41716.0,,Multifamily Housing,Multifamily Housing (41716.0),70.9,25.0,2956081.2,2064000.0,109619.04,261454.0,53634.674,,,,,,,,,,,,,,,,,,,,,,33.54,in compliance,163253.714,2025.0,No,No,No,No,No,No,,,10.638640027241104,4.2612704335380815,14.899375030226398,12.00306079726274,0,5,0.05738752288852298,0.6663906167370774,0.05738752288852298,0.6663906167370774,0,5
1842,102755,2101529000.0,eco brainerd llc,75 brainerd rd,boston,2134.0,75 brainerd rd,boston,2134.0,97476.0,19386.0,Multifamily Housing,"Multifamily Housing (97476.0),Parking (32088.0)",29.1,100.0,2840995.3,1404400.0,74587.684,421042.0,86372.556,,,,,,,,,,,,,,,,,,,,,,18.78,in compliance,160960.24,2025.0,No,No,No,No,No,No,,,11.487361472838954,3.370738174177447,14.859665006487896,11.988912656946077,0,4,0.2322763999196396,-1.5583020702961752,0.2322763999196396,-1.5583020702961752,0,4
1852,102769,2101478000.0,edge brainerd llc,60-66 brainerd rd,boston,2134.0,60  66 brainerd rd,boston,2134.0,64079.0,0.0,Multifamily Housing,"Multifamily Housing (64079.0),Parking (32642.0)",43.3,99.0,2773515.1,1447100.1,76855.486,388750.0,79748.175,,,,,,,,,,,,,,,,,,,,,,26.1,in compliance,156603.661,2025.0,No,No,No,No,No,No,,,11.067871976127341,3.768152635008444,14.835626062846957,11.961473440298784,0,4,0.07205674315905361,-0.5472092473934622,0.07205674315905361,-0.5472092473934622,0,4
1853,102770,1812340010.0,edgemere gardens llc mass llc,baker st,boston,2136.0,baker st,boston,2136.0,125154.0,0.0,Multifamily Housing,"Multifamily Housing (125154.0),Parking (40100.0),Swimming Pool (0.0)",30.1,100.0,3763764.8,1900400.0,100930.244,546121.0,112031.262,,,,,,,,,,,,,,,,,,,,,,53.18,pending revisions,212961.506,2025.0,No,No,No,No,No,No,,,11.737300257995182,3.40452517175483,15.140930291018773,12.268866705354498,1,4,0.8211819190779226,-1.598296153839058,0.8211819190779226,-1.598296153839058,1,4
1855,102774,602875000.0,edward sullivan condominium trust,401-407 w first st,boston,2127.0,401  407 w first st,boston,2127.0,40016.0,,Multifamily Housing,Multifamily Housing (40016.0),19.7,100.0,786323.5,126197.0,6702.323,193472.0,39688.846,,,,,,,,,,,,,,,,,,,,,,19.72,in compliance,46391.169,2025.0,No,No,No,No,No,No,,,10.597034653117401,2.9806186357439426,13.575123564344654,10.744864396824712,0,3,-2.3577386402606106,-1.9768968222773338,-2.3577386402606106,-1.9768968222773338,0,3
1856,102775,602875000.0,edward sullivan condominium trust,405-407 w first st,boston,2127.0,401  407 w first st,boston,2127.0,40980.0,,Multifamily Housing,Multifamily Housing (40980.0),19.7,100.0,809066.5,132907.0,7058.691,198171.0,40652.799,,,,,,,,,,,,,,,,,,,,,,19.72,in compliance,47711.49,2025.0,No,No,No,No,No,No,,,10.62083942179289,2.9806186357439426,13.603636392909593,10.772927528372527,0,3,-2.3006679469812688,-1.9866777799992426,-2.3006679469812688,-1.9866777799992426,0,3
1859,102778,1101005000.0,egleston crossing ue lp,3033-3039 washington st,boston,2119.0,3033  3039 washington st,boston,2119.0,38028.0,,Multifamily Housing,Multifamily Housing (38028.0),61.9,92.0,2352726.4,2056598.9,109225.968,86790.0,17804.101,,,,,,,,,,,,,,,,,,,,,,79.87,in compliance,127030.069,2025.0,I`m not sure,No,No,No,I`m not sure,I`m not sure,,,10.54607800947892,4.12552017969055,14.671085383855722,11.752179101196136,0,0,-0.40707088706132416,0.4229934306893648,-0.40707088706132416,0.4229934306893648,0,0
1860,102779,1101615010.0,egleston infill llc,67 walnut pk,boston,2130.0,67 walnut pk,boston,2130.0,31000.0,,Multifamily Housing,Multifamily Housing (31000.0),48.9,83.0,1516567.0,926175.0,49189.154,173034.0,35496.195,,,,,,,,,,,,,,,,,,,,,,40.77,in compliance,84685.349,2030.0,I'm not sure,No,No,No,I'm not sure,I'm not sure,,,10.341742483467284,3.8897773964808264,14.23195978581403,11.346697890471598,0,6,-1.2518061197223465,0.02451076850735255,-1.2518061197223465,0.02451076850735255,0,6
1862,102781,2102039000.0,egremont associates llc mass llc,9-15 egremont rd,boston,2135.0,9  15 egremont rd,boston,2135.0,20800.0,,Multifamily Housing,Multifamily Housing (20800.0),79.7,72.0,1657038.2,,,70639.0,14490.884,,,,,,,,,,1416017.9,105082.688,,,,,,,,,,,35.34,in compliance,119573.572,2030.0,No,No,No,No,No,No,,,9.94270826568941,4.378269585796169,14.320542349854493,11.691687126181558,0,0,-1.0089999008730604,1.2338229976625459,-1.0089999008730604,1.2338229976625459,0,0
1866,102786,603733010.0,eight 81 east first street,881-883 e first st,boston,2127.0,881 e first st,boston,2127.0,38600.0,0.0,Multifamily Housing,"Multifamily Housing (38600.0),Parking (10344.0)",34.3,90.0,1322249.6,531000.0,28201.41,231902.0,47572.376,,,,,,,,,,,,,,,,,,,,,,19.19,in compliance,75773.786,2030.0,No,No,No,No,No,No,,,10.561007555452923,3.535145354171894,14.094845086413528,11.23550768068252,0,6,-1.4265898027115083,-0.8085672108443248,-1.4265898027115083,-0.8085672108443248,0,6
1873,102793,401603000.0,eighty 7 gainsborough condo tr,83 gainsborough st,boston,2115.0,83  89 gainsborough st,boston,2115.0,28092.0,,Multifamily Housing,Multifamily Housing (28092.0),31.2,82.0,876119.7,,,256776.0,52675.029,,,,,,,,,,,,,,,,,,,,,,38.58,in compliance,52675.029,2025.0,,,,,,,,,10.24324011727891,3.4404180948154366,13.683258004419226,10.871896789218038,0,3,-2.240684876953579,-0.8627057323586184,-2.240684876953579,-0.8627057323586184,0,3
1875,102796,2101528000.0,element brainerd llc,65 brainerd rd,boston,2134.0,9  23 griggs st,boston,2134.0,79949.0,0.0,Multifamily Housing,"Multifamily Housing (79949.0),Parking (19636.0)",44.5,92.0,3557644.8,1613900.0,85714.229,569679.0,116863.95,,,,,,,,,,,,,,,,,,,,,,26.0,in compliance,202578.179,2025.0,No,No,No,No,No,No,,,11.28914421036649,3.7954891891721947,15.084609310858498,12.21888116015902,1,4,0.599340464572066,-0.586945897700209,0.599340464572066,-0.586945897700209,1,4
1878,102800,2100772000.0,,1157-1161 commonwealth ave,boston,2134.0,1157  1161 commonwealth av,boston,2134.0,26256.0,,Multifamily Housing,Multifamily Housing (26256.0),56.6,,1484840.1,1442499.9,76611.17,12409.2,2545.623,,,,,,,,,,,,,,,,,,,,,,24.79,in compliance,79156.793,2030.0,No,No,No,No,No,No,,,10.175649813329873,4.036008985209137,14.210817647653702,11.279185886010538,0,6,-1.3693784454905353,0.398591987708639,-1.3693784454905353,0.398591987708639,0,6
1879,102801,2100778000.0,eleven 57 1177 commonwealth,1165-1177 commonwealth ave,boston,2134.0,1165  1177 commonwealth av,boston,2134.0,55530.0,,Multifamily Housing,Multifamily Housing (55530.0),47.8,98.0,2654254.7,2578500.1,136944.14,22202.4,4554.6,,,,,,,,,,,,,,,,,,,,,,20.57,pending revisions,141498.74,2030.0,No,No,No,No,No,No,,,10.924678694235652,3.86702563949741,14.791674457619283,11.860046091432144,0,4,-0.0902910865636763,-0.28226864970810067,-0.0902910865636763,-0.28226864970810067,0,4
1880,102802,802571000.0,,11 mount pleasant ave,boston,2119.0,11 mt pleasant av,boston,2119.0,23176.0,,Multifamily Housing,Multifamily Housing (23176.0),63.9,,1480580.7,979068.0,51998.301,146985.0,30152.503,,,,,,,,,,,,,,,,,,,,,,35.09,in compliance,82150.804,2030.0,No,No,No,No,No,No,,,10.050872539449186,4.157319361383489,14.207944933650198,11.316311910392567,0,0,-1.3797019434806168,0.708728398472923,-1.3797019434806168,0.708728398472923,0,0
1882,102804,2101741000.0,eleven-15-19 melvin av llc mass llc,305 allston st,boston,2135.0,19 melvin av,boston,2135.0,25800.0,,Multifamily Housing,Multifamily Housing (25800.0),69.7,77.0,1797266.1,1354600.0,71942.806,129738.0,26614.453,,,,,,,,,,,,,,,,,,,,,,24.13,in compliance,98557.259,2030.0,No,No,No,No,No,No,,,10.158129770909708,4.244200317766478,14.401777234936471,11.498392967909849,0,0,-0.9999818135606731,0.841591828046037,-0.9999818135606731,0.841591828046037,0,0
1914,102841,2102331000.0,englewood condominium tr,137 englewood ave,boston,2135.0,137  145 englewood av,boston,2135.0,56239.0,,Multifamily Housing,Multifamily Housing (56239.0),93.5,53.0,5260261.2,42439.9,2253.983,206636.0,42389.309,,,,,,,,,,4512779.4,334893.359,,,,,,,,,,,41.13,in compliance,379536.651,2030.0,No,No,No,No,No,No,,,10.93736574538763,4.537961436294641,15.475691241275662,12.846706448229655,1,5,1.400438683159196,1.1291311149243155,1.400438683159196,1.1291311149243155,1,5
1917,102845,602761030.0,eqr-315 on a apartments llc,315 a st,boston,2127.0,319 r a st,boston,2127.0,148814.0,45324.0,Multifamily Housing,"Multifamily Housing (148814.0),Parking (45324.0)",64.3,78.0,9572292.9,5471656.0,290599.65,1201828.0,246542.996,,,,,,,,,,,,,,,,,,0.0,,,,31.78,in compliance,537142.646,2025.0,No,No,No,No,No,No,,,11.910452482976822,4.163559631243574,16.074383327207933,13.19401897322558,1,1,2.590603711191089,-0.09482029154272525,2.590603711191089,-0.09482029154272525,1,1
1918,102846,306577000.0,eqr-troy llc,55-57 traveler st,boston,2118.0,55  57 traveler st,boston,2118.0,362165.0,45300.0,Multifamily Housing,"Restaurant (4259.0),Multifamily Housing (356708.0),Food Service (1198.0),Swimming Pool (0.0),Parking (60400.0)",44.6,88.0,16167101.3,7962108.3,422867.572,2404746.0,493309.594,,,,,,,,,,,,,,,,,,,,,,29.1,in compliance,916177.166,2025.0,No,No,No,No,No,No,,,12.799855188067111,3.7977338590260183,16.598488951414303,13.727965037618205,1,2,3.81000725085922,-1.2464977720886332,3.81000725085922,-1.2464977720886332,1,2
1927,102855,300449000.0,erp operating lp,175 blossom st,boston,2114.0,1  25 emerson pl,boston,2114.0,132722.0,46585.0,Multifamily Housing,"Multifamily Housing (132722.0),Parking (46585.0)",57.0,56.0,7563527.4,3446915.3,183065.672,1206510.0,247503.461,,,,,,,,,,,,,,,,,,,,,,29.65,in compliance,430569.133,2025.0,No,No,No,No,No,No,,,11.796011994069652,4.04305126783455,15.838848226639296,12.972863177645834,1,1,2.1339619835851793,-0.29448110293590524,2.1339619835851793,-0.29448110293590524,1,1
1928,102856,1001632000.0,es jway llc,201-205 s huntington ave,boston,2115.0,201 s huntington av,boston,2115.0,113126.0,,Multifamily Housing,Multifamily Housing (113126.0),35.8,92.0,4044480.3,1616596.7,85857.451,711572.0,145971.88,,,,,,,,,,,,,,,,,,,,,,24.03,in compliance,231829.331,2025.0,Yes,No,No,No,Yes,Yes,C10026,,11.636257520742163,3.5779478934066544,15.212863620616067,12.353756737689539,1,4,0.9365745769475016,-1.192094459838669,0.9365745769475016,-1.192094459838669,1,4
1929,102857,1001632000.0,es jway llc,221 s huntington ave,boston,2115.0,201 s huntington av,boston,2115.0,36240.0,,Multifamily Housing,Multifamily Housing (36240.0),43.0,88.0,1556956.7,670700.0,35620.877,259747.0,53284.5,,,,,,,,,,,,,,,,,,,,,,23.69,in compliance,88905.377,2025.0,Yes,No,No,No,Yes,Yes,C10026,,10.497918760156915,3.7612001156935624,14.258243640538618,11.39532790336247,0,6,-1.1438724595546126,-0.310471689299996,-1.1438724595546126,-0.310471689299996,0,6
1933,102862,1602615000.0,estuary pt norfolk condo tr,171 walnut st,boston,2122.0,169  171 walnut st,boston,2122.0,20644.0,,Multifamily Housing,Multifamily Housing (20644.0),52.8,,1089891.2,851180.0,45206.17,69962.2,14352.046,,,,,,,,,,,,,,,,,,,,,,24.64,in compliance,59558.216,2030.0,I'm not sure,No,No,No,I'm not sure,I'm not sure,,,9.935179999268618,3.966511190712216,13.901588432709564,10.994709533360762,0,6,-1.9897358370395937,0.3614059567205043,-1.9897358370395937,0.3614059567205043,0,6
1937,102866,2201764010.0,everett st crossing lp mass lps,43-55 everett st,boston,2134.0,33 everett st,boston,2134.0,61999.0,,Multifamily Housing,Multifamily Housing (61999.0),57.1,77.0,3539138.4,2705655.1,143697.342,244280.0,50111.599,,,,,,,,,,,,,,,,,,,,,,42.84,in compliance,193808.941,2025.0,No,No,No,No,No,No,,,11.034873534864897,4.044804116661965,15.079393865655337,12.174628112565527,0,5,0.4922378656816446,0.041112953052141125,0.4922378656816446,0.041112953052141125,0,5
1939,102876,501398002.0,exeter towers llc,180 newbury st,boston,2116.0,180 newbury st,boston,2116.0,114305.0,20000.0,Multifamily Housing,"Restaurant (5868.0),Multifamily Housing (104474.0),Parking (20000.0),Retail Store (3963.0)",38.1,,4352050.7,2445530.9,129882.146,558769.0,114625.873,,,,,,,,,,,,,,,,,,,,,,36.02,in compliance,244508.019,2025.0,No,No,No,No,No,No,,,11.646625593358072,3.6402142821326553,15.286157717266233,12.407003384905249,1,4,1.0602747220299427,-1.0682902905120617,1.0602747220299427,-1.0682902905120617,1,4
1955,102906,504165000.0,fenmore condominium tr,50 charlesgate e,boston,2215.0,1109  1111 boylston st,boston,2215.0,52651.0,,Multifamily Housing,Multifamily Housing (52651.0),104.6,74.0,5506358.8,4662271.0,247613.213,247388.0,50749.174,,,,,,,,,,,,,,,,,,,,,,109.61,in compliance,298362.387,2025.0,No,No,No,No,No,No,,,10.871440510734077,4.650143551630823,15.521414127835772,12.606064090439295,1,5,1.258764176846385,1.3722881701351153,1.258764176846385,1.3722881701351153,1,5
1956,102909,504165000.0,fenmore condominium tr,60 charlesgate e,boston,2215.0,1109  1111 boylston st,boston,2215.0,54812.0,,Multifamily Housing,Multifamily Housing (54812.0),100.7,73.0,5520862.9,4853629.2,257776.247,195555.0,40116.153,,,,,,,,,,,,,,,,,,,,,,21.86,in compliance,297892.4,2025.0,No,No,No,No,No,No,,,10.911664427066091,4.612145799724517,15.524044728499963,12.60448762645919,1,5,1.271340870838298,1.2752925163195372,1.271340870838298,1.2752925163195372,1,5
1959,102913,401777000.0,,56 fenway,boston,2115.0,73 hemenway st,boston,2115.0,66523.0,,Multifamily Housing,"Office (3300.0),Multifamily Housing (63223.0)",62.0,68.0,4123465.8,3210800.1,170525.593,267487.0,54872.283,,,,,,,,,,,,,,,,,,,,,,32.28,in compliance,225397.876,2025.0,No,No,No,No,No,No,,,11.105303031508205,4.127134385045092,15.232204581296088,12.325622457295854,1,5,0.7930666681951299,0.18141371063579173,0.7930666681951299,0.18141371063579173,1,5
1961,102915,504275000.0,fenway by the park condo tr,125 park dr,boston,2215.0,125  131 park dr,boston,2215.0,49150.0,,Multifamily Housing,Multifamily Housing (49150.0),81.3,91.0,3998210.5,3430000.0,182167.3,166533.0,34162.58,,,,,,,,,,,,,,,,,,,,,,39.79,in compliance,216329.88,2025.0,No,No,No,No,No,No,,,10.802632125575313,4.398146016553765,15.201357443982113,12.284559743870677,0,5,0.6459087924797026,0.8780092475369856,0.6459087924797026,0.8780092475369856,0,5
1962,102916,2100063010.0,fenway center owner 1-2 llc,761-779 beacon st,boston,2115.0,771  775 beacon st,boston,2115.0,348113.0,86909.0,Multifamily Housing,"Multifamily Housing (310737.0),Swimming Pool (0.0),Parking (86909.0),Retail Store (37376.0)",37.7,88.0,13139689.7,2860584.7,151925.653,3012633.0,618011.534,,,,,,,,,,,,,,,,,,,,,,19.33,in compliance,769937.187,2025.0,No,No,No,No,No,No,,,12.76028241869255,3.629660094453965,16.391147955825616,13.554064215177744,1,2,3.4394645881313655,-1.5766595428507795,3.4394645881313655,-1.5766595428507795,1,2
1967,102921,401395000.0,fenway inc,38 hemenway st,boston,2115.0,38 hemenway st,boston,2115.0,28060.0,,Multifamily Housing,Multifamily Housing (28060.0),94.1,79.0,2639524.0,2229190.2,118392.292,120262.0,24670.547,,,,,,,,,,,,,,,,,,,,,,43.44,in compliance,143062.839,2025.0,No,No,No,No,No,No,,,10.242100353656452,4.544358046591334,14.78610915583565,11.871039246285823,0,0,-0.2739071595184529,1.4287143605193116,-0.2739071595184529,1.4287143605193116,0,0
1968,102922,901006000.0,fenway ns acquisition llc,599 columbus ave,boston,2127.0,599 columbus av,boston,2127.0,35545.0,,Multifamily Housing,Multifamily Housing (35545.0),76.8,60.0,2731454.3,2256193.4,119826.431,139291.0,28574.156,,,,,,,,,,,,,,,,,,,,,,42.61,in compliance,148400.587,2025.0,No,No,No,No,No,No,,,10.478554778363584,4.341204640153626,14.82034473594392,11.9076705652332,0,0,-0.1448646348991782,0.9022122977642887,-0.1448646348991782,0.9022122977642887,0,0
1969,102923,901045000.0,fenway ns acquisition llc,607-627 columbus ave,boston,2118.0,380 northampton st,boston,2118.0,74156.0,,Multifamily Housing,Multifamily Housing (74156.0),60.0,56.0,4450345.3,3601580.4,191279.935,248758.8,51030.38,,,,,,,,,,,,,,,,,,,,,,27.48,in compliance,242310.315,2025.0,No,No,No,No,No,No,,,11.213926261352483,4.0943445622221,15.308492246637666,12.397974477091227,1,5,0.9608356320447081,0.06521898754894066,0.9608356320447081,0.06521898754894066,1,5
1970,102924,504174000.0,fenway studios inc,30 ipswich st,boston,2215.0,30 ipswich st,boston,2215.0,66000.0,,Multifamily Housing,Multifamily Housing (66000.0),58.3,64.0,3847883.3,3536292.7,187812.505,91322.0,18733.795,,,,,,,,,,,,,,,,,,,,,,11.02,in compliance,206546.3,2025.0,No,No,No,No,No,No,,,11.097410021008562,4.065602093356446,15.163033762865021,12.23827987932629,0,5,0.6494626055863216,0.05561885717995811,0.6494626055863216,0.05561885717995811,0,5
1971,102925,2100033010.0,fenway views condo trust,104-108 peterborough st,boston,2215.0,108 peterborough st,boston,2215.0,56854.0,1646.0,Multifamily Housing,"Multifamily Housing (56854.0),Parking (1646.0)",65.6,83.0,3730596.2,2849000.2,151310.401,258381.0,53004.278,,,,,,,,,,,,,,,,,,,,,,44.25,in compliance,204314.679,2025.0,No,No,No,No,No,No,,,10.948241857301557,4.183575695950044,15.132078617989174,12.227416628444875,0,5,0.5661336750122978,0.36813893086722754,0.5661336750122978,0.36813893086722754,0,5
1978,102935,1401147000.0,fields corner granite,15-15a bowdoin ave,boston,2121.0,15 15a bowdoin av,boston,2121.0,27528.0,,Multifamily Housing,Multifamily Housing (27528.0),86.7,34.0,2386485.4,2106500.0,111876.215,82059.0,16833.583,,,,,,,,,,,,,,,,,,,,,,44.55,in compliance,128709.798,2030.0,No,No,No,No,No,No,,,10.222958947477316,4.462453883786496,14.685332297663722,11.765315521222567,0,0,-0.4694775339879962,1.2663503314496074,-0.4694775339879962,1.2663503314496074,0,0
1979,102936,1401421000.0,fields corner granite,96 bowdoin ave,boston,2121.0,96 bowdoin av,boston,2121.0,21016.0,,Multifamily Housing,Multifamily Housing (21016.0),61.7,,1295859.6,1071565.0,56910.817,65737.0,13485.288,,,,,,,,,,,,,,,,,,,,,,26.53,in compliance,70396.105,2030.0,No,No,No,No,No,No,,,9.953039331365376,4.122283930911342,14.074684816692544,11.161893213911009,0,6,-1.6683714464189014,0.6773226813615034,-1.6683714464189014,0.6773226813615034,0,6
1980,102937,1500608000.0,fields corner housing lps mass lps,444a-452 geneva ave,boston,2122.0,444 a452 geneva st,boston,2122.0,20344.0,,Multifamily Housing,Multifamily Housing (20344.0),67.2,,1366192.3,1193900.0,63408.029,50496.0,10358.749,,,,,,,,,,,,,,,,,,,,,,27.01,in compliance,73766.778,2030.0,No,No,No,No,No,No,,,9.920541307101956,4.207673247529104,14.12753808519315,11.208663746633336,0,0,-1.583726669728349,0.8689330550315538,-1.583726669728349,0.8689330550315538,0,0
1981,102938,1501578000.0,fields corner housing mass lp,12 arcadia st,boston,2122.0,12 arcadia st,boston,2122.0,29040.0,,Multifamily Housing,Multifamily Housing (29040.0),38.7,88.0,1123636.3,507633.8,26960.431,180540.0,37035.976,,,,,,,,,,,,,,,,,,,,,,48.22,in compliance,63996.407,2030.0,No,No,No,No,No,No,,,10.276429468938732,3.655839600035736,13.932080680561143,11.066582220140866,0,6,-1.810333219463061,-0.4324953858902221,-1.810333219463061,-0.4324953858902221,0,6
1983,102940,1404349000.0,fieldstone apartments lp a mass lp,887-907 blue hill ave,boston,2124.0,901  907 blue hill av,boston,2124.0,56432.0,,Multifamily Housing,Multifamily Housing (56432.0),28.6,97.0,1613258.0,1249648.0,66368.805,106568.0,21861.36,,,,,,,,,,,,,,,,,,,,,,15.67,in compliance,88230.165,2030.0,No,No,No,No,No,No,,,10.940791652475832,3.353406717825807,14.29376629471962,11.387704190326609,0,6,-0.9893363135003008,-1.3568061056372795,-0.9893363135003008,-1.3568061056372795,0,6
1991,102949,504250000.0,fifty 1 park drive condo assn,51 park dr,boston,2215.0,51 park dr,boston,2215.0,29310.0,,Multifamily Housing,Multifamily Housing (29310.0),50.1,96.0,1467986.9,1018200.0,54076.602,131825.0,27042.581,,,,,,,,,,,,,,,,,,,,,,37.18,in compliance,81119.183,2025.0,No,No,No,No,No,No,,,10.285684033704937,3.914021008090819,14.19940256441106,11.303674747275279,0,6,-1.3346717896274545,0.09879941957691478,-1.3346717896274545,0.09879941957691478,0,6
1995,102953,2100898000.0,fifty 6 park vale & 178,178 brighton ave,boston,2134.0,178 brighton av,boston,2134.0,44510.0,,Multifamily Housing,Multifamily Housing (44510.0),55.0,88.0,2446599.0,2071016.2,109991.67,110077.0,22581.196,,,,,,,,,,,,,,,,,,,,,,37.05,in compliance,132572.866,2030.0,I'm not sure,No,No,No,I'm not sure,I'm not sure,,,10.7034691620099,4.007333185232471,14.710209454864387,11.794887705326657,0,6,-0.28918891550506526,0.10803042837443158,-0.28918891550506526,0.10803042837443158,0,6
2003,102961,401515000.0,fifty two westland,52 westland ave,boston,2115.0,52 westland av,boston,2115.0,32376.0,,Multifamily Housing,Multifamily Housing (32376.0),60.4,94.0,1955109.5,1532099.9,81369.826,123977.0,25432.642,,,,,,,,,,,,,,,,,,,,,,33.78,in compliance,106802.468,2025.0,I'm not sure,No,No,No,I'm not sure,I'm not sure,,,10.385172686555702,4.100989104940769,14.485956760063267,11.578736313855464,0,6,-0.7852983697279503,0.4434903014683671,-0.7852983697279503,0.4434903014683671,0,6
2025,102985,503693000.0,five 04 beacon llc,504 beacon st,boston,2115.0,7 massachusetts av,boston,2115.0,41041.0,,Multifamily Housing,Multifamily Housing (41041.0),75.9,,3114141.8,2611591.7,138701.635,147289.0,30214.865,,,,,,,,,,,,,,,,,,,,,,31.03,in compliance,168916.5,2025.0,No,No,No,No,No,No,,,10.62232684601953,4.3294166844015844,14.951464166627067,12.037159788965827,0,5,0.1362216530489344,0.8142389860140431,0.1362216530489344,0.8142389860140431,0,5
2031,102991,500695000.0,five appleton condo tr,5 appleton st,boston,2116.0,5 appleton st,boston,2116.0,34961.0,,Multifamily Housing,Multifamily Housing (34961.0),26.1,94.0,910772.0,,,266932.0,54758.43,,,,,,,,,,,,,,,,,,,,,,22.19,in compliance,54758.43,2030.0,I`m not sure,No,No,No,I`m not sure,I`m not sure,,,10.461988433479375,3.261935314328648,13.722047870494515,10.910686608428922,0,3,-2.1088012671035035,-1.3305983086911208,-2.1088012671035035,-1.3305983086911208,0,3
2032,102993,503698000.0,,520 beacon st,boston,2215.0,520 beacon st,boston,2215.0,34562.0,,Multifamily Housing,Multifamily Housing (34562.0),56.4,49.0,1947726.4,770600.0,40926.566,344996.0,70772.479,,,,,,,,,,,,,,,,,,,,,,31.19,pending revisions,111699.045,2025.0,I'm not sure,No,No,No,I'm not sure,I'm not sure,,,10.450510091613937,4.032469158504013,14.482173301574967,11.623563435334082,0,6,-0.7388895389839264,0.27532137096283293,-0.7388895389839264,0.27532137096283293,0,6
2040,103005,1903232000.0,florence apartments lp mass lp,92-106 fawndale rd,boston,2131.0,84  166 fawndale rd,boston,2131.0,28161.0,,Multifamily Housing,Multifamily Housing (28161.0),72.9,73.0,2051980.3,1684368.0,89456.784,107741.0,22101.989,,,,,,,,,,,,,,,,,,,,,,60.39,in compliance,111558.773,2030.0,No,No,No,No,No,No,,,10.2456933210051,4.289088639014612,14.53431588483685,11.622306843115146,0,0,-0.7370192382190011,0.895972462108029,-0.7370192382190011,0.895972462108029,0,0
2041,103006,1903232000.0,florence apartments lp mass lp,108-130 fawndale rd,boston,2131.0,84  166 fawndale rd,boston,2131.0,41652.0,,Multifamily Housing,Multifamily Housing (41652.0),72.0,74.0,2998549.7,2491158.0,132305.401,148708.0,30505.959,,,,,,,,,,,,,,,,,,,,,,60.38,in compliance,162811.36,2030.0,No,No,No,No,No,No,,,10.637104665649787,4.276666119016055,14.913639296407482,12.000347508985923,0,5,0.070858141343975,0.6980319386610239,0.070858141343975,0.6980319386610239,0,5
2042,103007,1903232000.0,florence apartments lp mass lp,132-154 fawndale rd,boston,2131.0,84  166 fawndale rd,boston,2131.0,41481.0,,Multifamily Housing,Multifamily Housing (41481.0),76.1,59.0,3157165.4,2481463.1,131790.505,198037.0,40625.31,,,,,,,,,,,,,,,,,,,,,,60.4,in compliance,172415.815,2030.0,No,No,No,No,No,No,,,10.632990770056727,4.33204826486764,14.96518515767867,12.05766436734314,0,5,0.16930619683341883,0.8155497366627261,0.16930619683341883,0.8155497366627261,0,5
2043,103008,1903232000.0,florence apartments lp mass lp,156-166 fawndale rd,boston,2131.0,84  166 fawndale rd,boston,2131.0,21474.0,,Multifamily Housing,Multifamily Housing (21474.0),74.3,,1595000.4,1284853.0,68238.543,90899.0,18647.021,,,,,,,,,,,,,,,,,,,,,,60.41,in compliance,86885.564,2030.0,No,No,No,No,No,No,,,9.97459817999408,4.308110951723713,14.28238454498475,11.372347175474413,0,0,-1.2759345943190197,1.0548833523727457,-1.2759345943190197,1.0548833523727457,0,0
2048,103013,303990010.0,folio boston condo trust,72-80 broad st,boston,2110.0,72  80 broad st,boston,2110.0,136377.0,37002.0,Multifamily Housing,"Multifamily Housing (136377.0),Parking (37002.0)",69.7,46.0,9503019.4,5760348.6,305932.114,1096914.0,225020.938,,,,,,,,,,,,,,,,,,,,,,24.26,in compliance,530953.052,2025.0,Yes,Yes,No,No,Yes,Yes,,,11.823178388472382,4.244200317766478,16.06712013765196,13.182428882002682,1,1,2.5505318804651407,0.11101124920912131,2.5505318804651407,0.11101124920912131,1,1
2049,103014,400945000.0,,7 follen st,boston,2116.0,25  7 follen st,boston,2116.0,33613.0,,Multifamily Housing,Multifamily Housing (33613.0),31.9,92.0,1072603.7,64600.0,3430.906,295429.0,60604.305,,,,,,,,,,,,,,,,,,,,,,29.22,in compliance,64035.211,2025.0,No,No,No,No,No,No,,,10.422668175884853,3.462606009790799,13.885599615086825,11.06718838292775,0,3,-1.8225772441945438,-0.8957536438358159,-1.8225772441945438,-0.8957536438358159,0,3
2052,103017,1102617010.0,forest hills arborway llc,3611 washington street,boston,2130.0,3589  3612 washington st,boston,2130.0,229047.0,,Multifamily Housing,Multifamily Housing (229047.0),31.9,98.0,7301586.7,3119443.4,165673.639,1225716.0,251443.38,,,,,,,,,,,,,,,,,,,,,,18.06,in compliance,417117.019,2025.0,No,No,No,No,No,No,,,12.341682501652166,3.462606009790799,15.803602238664574,12.94112208251732,1,2,2.219716622724373,-1.7423830651142214,2.219716622724373,-1.7423830651142214,1,2
2054,103021,304015000.0,forest milk llc,30-36 batterymarch st,boston,2110.0,32  34 batterymarch st,boston,2110.0,33250.0,,Multifamily Housing,"Restaurant (2698.0),Multifamily Housing (28665.0),Office (1887.0)",48.4,79.0,1609870.8,887100.0,47113.881,211832.0,43455.216,,,,,,,,,,,,,,,,,,,,,,37.45,in compliance,90569.097,2030.0,No,No,No,No,No,No,,,10.411810046084,3.879499813722586,14.291664485293362,11.413868341130486,0,6,-1.1167066046925582,-0.027191962575618074,-1.1167066046925582,-0.027191962575618074,0,6
2056,103023,1102906000.0,forestvale apartments lp mass lp,129-137 forest hills st,boston,2130.0,107  137 forest hills st,boston,2130.0,25268.0,,Multifamily Housing,Multifamily Housing (25268.0),64.2,,1623210.9,1189886.0,63194.845,127000.3,26052.842,,,,,,,,,,,,,,,,,,,,,,118.36,in compliance,89247.687,2030.0,No,No,No,No,No,No,,,10.137294052018591,4.162003210695915,14.299916782601802,11.399170783339674,0,0,-1.1928539582721014,0.6800094785763248,-1.1928539582721014,0.6800094785763248,0,0
2072,103039,602753010.0,fort point place,21 wormwood st,boston,2210.0,21 wormwood st,boston,2210.0,137772.0,,Multifamily Housing,Multifamily Housing (137772.0),34.1,82.0,4693403.3,1023200.0,54342.152,1075675.0,220663.97,,,,,,,,,,,,,,,,,,,,,,21.18,in compliance,275006.122,2025.0,No,No,No,No,No,No,,,11.833355423881812,3.529297384289471,15.361668527585397,12.5245486382191,1,4,1.2816296541601704,-1.3784652718500583,1.2816296541601704,-1.3784652718500583,1,4
2073,103040,2202408000.0,,15 leicester st,boston,2135.0,15 leicester st,boston,2135.0,24752.0,,Multifamily Housing,Multifamily Housing (24752.0),59.7,88.0,1478320.7,1218200.0,64698.602,76237.0,15639.258,,,,,,,,,,,,,,,,,,,,,,39.83,in compliance,80337.86,2030.0,No,No,No,No,No,No,,,10.116661572812847,4.089332020398556,14.206417339361666,11.29399627076488,0,6,-1.3800673244230512,0.5369969485573235,-1.3800673244230512,0.5369969485573235,0,6
2079,103049,304894000.0,,38-42 boylston st,boston,2116.0,38  42 boylston st,boston,2116.0,52800.0,,Multifamily Housing,Multifamily Housing (52800.0),51.9,66.0,2742605.0,,,397689.0,81581.921,,,,,,1385690.2,92009.829,,,,,,,,,,,,,,,57.79,in compliance,173591.75,2025.0,No,No,No,No,No,No,,,10.874266469694353,3.949318790171843,14.82441875663381,12.064461557037657,0,5,0.08139909242087687,-0.07714318266157096,0.08139909242087687,-0.07714318266157096,0,5
2080,103051,401516000.0,forty six westland av llc mass llc,46 westland ave,boston,2115.0,46 westland av,boston,2115.0,34200.0,,Multifamily Housing,Multifamily Housing (34200.0),59.3,97.0,2028773.5,1737300.0,92268.003,85426.0,17524.29,,,,,,,,,,0.0,,,,,,,,,,,,38.02,in compliance,109792.293,2025.0,I'm not sure,No,No,No,I'm not sure,I'm not sure,,,10.439980923050696,4.08260930600368,14.522941981231218,11.606345614337215,0,6,-0.7089545061850134,0.38059496344957494,-0.7089545061850134,0.38059496344957494,0,6
2083,103054,304556000.0,forty two chauncy st condo,42-48 chauncy st,boston,2111.0,42  48 chauncy st,boston,2111.0,31572.0,,Multifamily Housing,"Office (2144.0),Multifamily Housing (29428.0)",110.6,16.0,3492461.9,2806800.1,149069.153,200956.0,41224.114,,,,,,,,,,,,,,,,,,,,,,15.79,in compliance,190293.267,2030.0,I'm not sure,No,No,No,I'm not sure,I'm not sure,,,10.360025930828293,4.7059200890882344,15.06611746096284,12.156321671680915,0,0,0.2804004782356939,1.7136089321170174,0.2804004782356939,1.7136089321170174,0,0
2091,103062,501490000.0,forty-eight beacon condo tr,48 beacon st,boston,2108.0,48 beacon st,boston,2108.0,22000.0,,Multifamily Housing,Multifamily Housing (22000.0),85.4,,1878392.3,1685204.9,89501.232,56620.0,11615.027,,,,,,,,,,,,,,,,,,,,,,11.89,in compliance,101116.259,2030.0,I'm not sure,No,No,No,I'm not sure,I'm not sure,,,9.998797732340453,4.447346100794524,14.445926809374122,11.524026213047595,0,0,-0.97513598030738,1.3332870995474433,-0.97513598030738,1.3332870995474433,0,0
2093,103064,601728000.0,,314-330 w second st,boston,2127.0,314  330 w second st,boston,2127.0,36308.0,,Multifamily Housing,Multifamily Housing (36308.0),80.5,29.0,2922229.2,1443100.0,76643.041,433508.0,88929.831,,,,,,,,,,,,,,,,,,,,,,2.34,pending revisions,165572.872,2025.0,Yes,No,No,No,Yes,Yes,,,10.499793381646517,4.388257184424518,14.887857307641623,12.0171666910888,0,5,0.016854744572298016,0.9935223509172301,0.016854744572298016,0.9935223509172301,0,5
2098,103069,602842000.0,four 11 d st associates llc,411-415 d st,boston,2127.0,405  409 d st,boston,2127.0,234708.0,,Multifamily Housing,"Multifamily Housing (233508.0),Fast Food Restaurant (1200.0)",24.3,99.0,5701387.9,1647853.1,87517.478,1188023.0,243711.038,,,,,,,,,,,,,,,,,,,,,,17.42,pending revisions,331228.516,2025.0,I'm not sure,No,No,No,I'm not sure,I'm not sure,,,12.366097467325519,3.190476350346503,15.55622019439367,12.710563796820749,1,4,1.7802822193580115,-2.3183792661987033,1.7802822193580115,-2.3183792661987033,1,4
2105,103081,2100122000.0,four 52 park drive,452 park dr,boston,2215.0,452 park dr,boston,2215.0,26460.0,,Multifamily Housing,Multifamily Housing (26460.0),60.9,81.0,1610403.0,1347000.0,71539.17,77199.0,15836.603,,,,,,,,,,,,,,,,,,,,,,28.56,in compliance,87375.773,2030.0,I'm not sure,No,No,No,I'm not sure,I'm not sure,,,10.183389437668946,4.109233174715851,14.291995016197191,11.377973326421156,0,6,-1.2041741590484494,0.5488243890689755,-1.2041741590484494,0.5488243890689755,0,6
2108,103084,503596000.0,four hundred 16 marlborough,416 marlborough st,boston,2115.0,416 marlborough st,boston,2115.0,78100.0,,Multifamily Housing,Multifamily Housing (78100.0),49.2,71.0,3839771.7,1735383.1,92166.196,616761.0,126522.352,,,,,,,,,,,,,,,,,,,,,,34.52,in compliance,218688.548,2025.0,No,No,No,No,No,No,,,11.265745335827777,3.8958936234982624,15.160923469671502,12.295403841324912,1,4,0.7347570127323593,-0.36775671115674907,0.7347570127323593,-0.36775671115674907,1,4
2119,103095,2010637001.0,,1459 vfw pkwy,boston,2132.0,1459  1461 vfw pw,boston,2132.0,90390.0,5000.0,Multifamily Housing,"Multifamily Housing (90390.0),Parking (15000.0)",62.7,98.0,5666520.9,5461059.6,290036.875,60217.3,12352.977,,,,,,,,,,,,,,,,,,,,,,58.2,pending revisions,302389.852,2025.0,No,No,No,No,No,No,,,11.411888920792457,4.138361447638875,15.550085889492113,12.619472364523368,1,1,1.4476205546004677,0.06841646387009415,1.4476205546004677,0.06841646387009415,1,1
2121,103097,2101818000.0,,1450 commonwealth ave,boston,2135.0,1450 commonwealth av,boston,2135.0,24834.0,,Multifamily Housing,Multifamily Housing (24834.0),69.0,91.0,1713205.3,390700.0,20750.077,81630.0,16745.578,,,,,,,,,,1043983.7,77474.03,,,,,,,,,,,29.55,in compliance,114969.685,2025.0,I'm not sure,No,No,No,I'm not sure,I'm not sure,,,10.119968960976788,4.23410650459726,14.35387661834453,11.652423763898856,0,0,-0.9520781592853476,0.8509830327140281,-0.9520781592853476,0.8509830327140281,0,0
2126,103105,602655010.0,,346-354 congress st,boston,2210.0,346  354 congress st,boston,2210.0,90920.0,,Multifamily Housing,Multifamily Housing (90920.0),82.4,2.0,7495738.8,1604958.3,85239.335,1726489.0,354171.953,,,,,,,,,,,,,,,,,,,,,,49.51,in compliance,439411.288,2025.0,Yes,No,No,No,Yes,Yes,,,11.417735277966479,4.411585436915426,15.829845257042486,12.99319112817937,1,1,2.035560683694935,0.6409908243472752,2.035560683694935,0.6409908243472752,1,1
2132,103112,1202327000.0,franklin highlands lp,278 humboldt ave,boston,2121.0,278  280 humboldt av,boston,2121.0,29706.0,,Multifamily Housing,Multifamily Housing (29706.0),60.0,74.0,1782863.7,1397744.4,74234.205,112872.0,23154.562,,,,,,,,,,,,,,,,,,,,,,41.86,in compliance,97388.767,2030.0,No,No,No,No,No,No,,,10.299104324589479,4.0943445622221,14.393731449728094,11.486466154437684,0,6,-0.9797338412308301,0.4675621450258496,-0.9797338412308301,0.4675621450258496,0,6
2139,103120,801385002.0,,11 e newton st,boston,2118.0,11 e newton st,boston,2118.0,193816.0,,Multifamily Housing,Multifamily Housing (193816.0),61.1,85.0,11849387.6,9689622.2,514615.835,632991.0,129851.774,,,,,,,,,,,,,,,,,,,,,,27.34,in compliance,644467.609,2025.0,I'm not sure,No,No,No,I'm not sure,I'm not sure,,,12.174664534370493,4.11251186617755,16.287786744885096,13.376179842534423,1,2,3.0348077793892734,-0.3192776270564307,3.0348077793892734,-0.3192776270564307,1,2
2147,103128,303478000.0,,100 fulton st,boston,2109.0,102  104 fulton st,boston,2109.0,107890.0,7315.0,Multifamily Housing,"Multifamily Housing (107890.0),Parking (14630.0)",22.4,97.0,2419326.4,,,709064.0,145457.389,,,,,,,,,,,,,,,,,,,,,,13.63,pending revisions,145457.389,2025.0,No,No,No,No,No,No,,,11.588867468545386,3.109060958860994,14.698999712279685,11.887638463595552,0,4,0.005754261950303,-2.1436906883027746,0.005754261950303,-2.1436906883027746,0,4
2150,103131,2102229000.0,gable ii realty trust,61-69 chiswick rd,boston,2135.0,69  61 chiswick rd,boston,2135.0,40236.0,,Multifamily Housing,Multifamily Housing (40236.0),80.7,32.0,3245143.4,,,298400.0,61213.776,,,,,,,,,,2227002.6,165265.863,,,,,,,,,,,23.52,in compliance,226479.639,2025.0,No,No,No,No,No,No,,,10.602517396254228,4.390738575275903,14.992670098207105,12.33041032582478,0,5,0.39093231760554303,0.9674863405916795,0.39093231760554303,0.9674863405916795,0,5
2153,103134,1400774000.0,gangemi frank r ts,488 blue hill ave,boston,2121.0,488 blue hill av,boston,2121.0,23540.0,,Multifamily Housing,Multifamily Housing (23540.0),50.3,,1184626.6,967015.8,51358.209,63778.1,13083.439,,,,,,,,,,,,,,,,,,,,,,25.85,in compliance,64441.648,2030.0,No,No,No,No,No,No,,,10.066456380814268,3.9180050771056933,13.98493817740997,11.073515411141427,0,6,-1.8032235447338198,0.2025180676067764,-1.8032235447338198,0.2025180676067764,0,6
2156,103140,2100637000.0,,127-137 brighton ave,boston,2134.0,127  137 brighton av,boston,2134.0,29200.0,,Multifamily Housing,Multifamily Housing (29200.0),85.1,18.0,2484553.9,1808200.0,96033.502,198228.0,40664.492,,,,,,,,,,,,,,,,,,,,,,42.29,in compliance,136697.994,2030.0,I'm not sure,No,No,No,I'm not sure,I'm not sure,,,10.281923988256374,4.443827035579329,14.725603684295127,11.825529348134728,0,0,-0.36430552472179445,1.2029900535593177,-0.36430552472179445,1.2029900535593177,0,0
2158,103142,2100611000.0,,31-35 gardner st,boston,2134.0,31  35 gardner st,boston,2134.0,27916.0,,Multifamily Housing,Multifamily Housing (27916.0),65.3,79.0,1821972.8,1563077.0,83015.019,75878.0,15565.613,,,,,,,,,,,,,,,,,,,,,,32.84,in compliance,98580.632,2025.0,I'm not sure,No,No,No,I'm not sure,I'm not sure,,,10.236955280137042,4.178992036282385,14.415430428040771,11.49863009127554,0,0,-0.9630615907713667,0.6703142764018499,-0.9630615907713667,0.6703142764018499,0,0
2165,103158,306390010.0,gateway terrace condo tr,40 fay st,boston,2118.0,40 fay st,boston,2118.0,38758.0,,Multifamily Housing,Multifamily Housing (38758.0),85.4,8.0,3310390.0,1521707.0,80817.859,524233.0,107541.158,,,,,,,,,,,,,,,,,,,,,,34.47,in compliance,188359.017,2025.0,No,No,No,No,No,No,,,10.565092465086195,4.447346100794524,15.012576565185865,12.146105085613781,0,5,0.26854465797691396,1.0881488254682428,0.26854465797691396,1.0881488254682428,0,5
2166,103159,306396010.0,gateway terrace condominium,35 fay st,boston,2118.0,1166 washington st,boston,2118.0,38718.0,,Multifamily Housing,Multifamily Housing (38718.0),88.4,20.0,3421690.1,815700.0,43321.827,763772.0,156680.188,,,,,,,,,,,,,,,,,,,,,,25.74,in compliance,200002.015,2025.0,No,No,No,No,No,No,,,10.564059887163895,4.481871969643598,15.04564516825798,12.20608272047942,0,5,0.3492897892754846,1.1622138960194488,0.3492897892754846,1.1622138960194488,0,5
2167,103160,306396010.0,gateway terrace condominium,1166 washington st,boston,2118.0,1166 washington st,boston,2118.0,54599.0,,Multifamily Housing,Multifamily Housing (54599.0),79.5,4.0,4342810.4,2014290.9,106978.99,682450.0,139997.793,,,,,,,,,,,,,,,,,,,,,,36.52,in compliance,246976.783,2025.0,No,No,No,No,No,No,,,10.90777084654696,4.375757021660286,15.28403225410532,12.417049615240801,1,5,0.8639375887478604,0.788528934331453,0.8639375887478604,0.788528934331453,1,5
2179,103174,1704048010.0,,40 river st,boston,2126.0,40 river st,boston,2126.0,76708.0,,Multifamily Housing,Multifamily Housing (76708.0),27.2,96.0,2085323.0,986700.0,52403.637,321988.0,66052.618,,,,,,,,,,,,,,,,,,,,,,30.01,pending revisions,118456.255,2025.0,I'm not sure,No,No,No,I'm not sure,I'm not sure,,,11.247761284393405,3.3032169733019514,14.55043431728393,11.682299015284286,0,4,-0.40283836601525597,-1.5936751798916042,-0.40283836601525597,-1.5936751798916042,0,4
2180,103175,105410000.0,gegc 2 new street llc,6-26 new st,boston,2128.0,2  26 new st,boston,2128.0,293648.0,,Multifamily Housing,"Multifamily Housing (293648.0),Swimming Pool (0.0)",42.7,85.0,12529210.3,6288275.9,333970.333,1829113.0,375224.241,,,,,,,,,,,,,,,,,,,,,,24.38,in compliance,709194.574,2025.0,I'm not sure,No,No,No,I'm not sure,I'm not sure,,,12.590137050098253,3.754198920234579,16.343573300145486,13.471885202278697,1,2,3.280680683115026,-1.2452641613038948,3.280680683115026,-1.2452641613038948,1,2
2185,103198,1401380000.0,geneva apartments llc mass llc,211-255 geneva ave,boston,2121.0,211 geneva av,boston,2121.0,80000.0,,Multifamily Housing,Multifamily Housing (80000.0),48.8,90.0,3904105.6,2848262.2,151271.205,309450.0,63480.573,,,,,,,,,,,,,,,,,,,,,,38.84,in compliance,214751.778,2025.0,No,No,No,No,No,No,,,11.289781913656018,3.8877303128591016,15.177539275329625,12.277238119206872,1,4,0.7464245534511621,-0.39753998256511053,0.7464245534511621,-0.39753998256511053,1,4
2186,103203,1400035000.0,geneva av elderly housing inc,22 beechwood st,boston,2121.0,22 beechwood st,boston,2121.0,42420.0,,Multifamily Housing,Multifamily Housing (42420.0),52.5,70.0,2228544.2,1204534.7,63972.838,300120.0,61566.617,,,,,,,,,,,,,,,,,,,,,,22.06,in compliance,125539.455,2025.0,No,No,No,No,No,No,,,10.655375228118674,3.960813169597578,14.616859105141094,11.740375370616281,0,6,-0.44736638287401925,0.035139738251048734,-0.44736638287401925,0.035139738251048734,0,6
2189,103296,1804430000.0,geraghty anne c ts,760 metropolitan ave,boston,2136.0,760 metropolitan av,boston,2136.0,28755.0,,Multifamily Housing,Multifamily Housing (28755.0),38.1,86.0,1094787.4,,,162002.0,33233.09,,,,,,,,,,542036.6,40224.536,,,,,,,,,,,48.27,in compliance,73457.626,2030.0,No,No,No,No,No,No,,,10.266566944147854,3.6402142821326553,13.906070747131025,11.204464001944295,0,6,-1.7415609473247406,-0.44974661317961095,-1.7415609473247406,-0.44974661317961095,0,6
2190,103297,1804432000.0,geraghty anne c ts,752 metropolitan ave,boston,2136.0,752 metropolitan av,boston,2136.0,22680.0,,Multifamily Housing,Multifamily Housing (22680.0),54.0,59.0,1224311.3,,,168225.0,34509.677,,,,,,,,,,650327.6,48260.811,,,,,,,,,,,81.95,in compliance,82770.488,2030.0,No,No,No,No,No,No,,,10.029238757841688,3.9889840465642745,14.017889039783359,11.323826851718048,0,6,-1.5936045703669597,0.3811109196402274,-1.5936045703669597,0.3811109196402274,0,6
2192,103299,1811022000.0,geraghty margaret a,605 truman pkwy,boston,2136.0,605 truman hw,boston,2136.0,66410.0,,Multifamily Housing,Multifamily Housing (66410.0),63.1,60.0,4189902.2,,,240611.0,49358.941,,,,,,,,,,3368937.4,250008.844,,,,,,,,,,,52.99,in compliance,299367.785,2025.0,Yes,No,No,No,Yes,Yes,,,11.103602926534759,4.144720769547168,15.248187950337126,12.609428146648133,1,5,1.0173172336160683,0.2367860004038897,1.0173172336160683,0.2367860004038897,1,5
2193,103300,900190000.0,geraghty susan a ts,1511-1525 washington st,boston,2118.0,1511  1525 washington st,boston,2118.0,58880.0,,Multifamily Housing,"K-12 School (8590.0),Multifamily Housing (41700.0),Other (8590.0)",80.3,18.0,4729865.3,178700.0,9490.757,449740.0,92259.664,,,,,,,,,,3016652.5,223865.782,,,,,,,,,,,25.43,in compliance,325616.203,2030.0,Yes,No,No,No,Yes,Yes,,,10.983256753402758,4.385769620952716,15.369407282261347,12.693474675385874,1,5,1.1818386208647103,0.7890143822658298,1.1818386208647103,0.7890143822658298,1,5
2195,103302,1812141000.0,geraghty thomas j jr,1600-1608 river st,boston,2136.0,1600  1608 river st,boston,2136.0,66954.0,,Multifamily Housing,Multifamily Housing (66954.0),45.2,89.0,3023473.4,2311000.1,122737.215,208814.0,42836.104,,,,,,,,,,,,,,,,,,,,,,28.1,in compliance,165573.319,2025.0,Yes,No,No,No,Yes,Yes,,,11.111761095413756,3.8110970868381857,14.921916860905753,12.017169390802776,0,4,0.22173419559753368,-0.4792496861384098,0.22173419559753368,-0.4792496861384098,0,4
2196,103303,1802440000.0,geraghty thomas j trst,110 livermore st,boston,2126.0,110 livermore st,boston,2126.0,36920.0,,Multifamily Housing,Multifamily Housing (36920.0),67.0,69.0,2474212.8,2054158.1,109096.337,123111.0,25254.991,,,,,,,,,,,,,,,,,,,,,,60.76,in compliance,134351.328,2025.0,No,No,No,No,No,No,,,10.516508688616788,4.204692619390966,14.721432842786864,11.808213498624482,0,0,-0.3180081745736231,0.6012855046664367,-0.3180081745736231,0.6012855046664367,0,0
2197,103304,1802441000.0,geraghty thomas j trst,102 livermore st,boston,2126.0,102 livermore st,boston,2126.0,54016.0,,Multifamily Housing,Multifamily Housing (54016.0),69.0,69.0,3728266.0,3005341.7,159613.698,211877.0,43464.448,,,,,,,,,,,,,,,,,,,,,,67.42,in compliance,203078.146,2025.0,No,No,No,No,No,No,,,10.897035577955629,4.23410650459726,15.131453804173521,12.221346139612526,0,5,0.5470721149813582,0.49546988380353946,0.5470721149813582,0.49546988380353946,0,5
2200,103307,300213000.0,gerald schuster trust,45 myrtle st,boston,2114.0,45 myrtle st,boston,2114.0,34748.0,,Multifamily Housing,Multifamily Housing (34748.0),78.9,15.0,2740780.5,912272.4,48450.787,277300.7,56885.466,,,,,,,,,,882358.2,65479.802,,,,,,,,,,,17.47,in compliance,170816.055,2025.0,No,No,No,No,No,No,,,10.45587729537981,4.368181227851829,14.823753291815649,12.048342554748034,0,0,-0.044342093790734616,0.9774252505471125,-0.044342093790734616,0.9774252505471125,0,0
2204,103311,504277000.0,gilbert joy s trst,137 park dr,boston,2215.0,137 park dr,boston,2215.0,33372.0,,Multifamily Housing,Multifamily Housing (33372.0),44.7,100.0,1492538.5,1184800.0,62924.728,90193.0,18502.192,,,,,,,,,,,,,,,,,,,,,,27.4,in compliance,81426.92,2025.0,I'm not sure,No,No,No,I'm not sure,I'm not sure,C10029,,10.415472504021965,3.7999735016195233,14.215988919561083,11.30746120984801,0,6,-1.2783434135712084,-0.19637548876912037,-1.2783434135712084,-0.19637548876912037,0,6
2205,103312,504278000.0,gilbert joy s trst,143 park dr,boston,2215.0,143 park dr,boston,2215.0,25715.0,,Multifamily Housing,Multifamily Housing (25715.0),110.8,61.0,2847939.9,2572100.2,136604.242,80844.0,16584.338,,,,,,,,,,,,,,,,,,,,,,79.8,in compliance,153188.58,2025.0,I'm not sure,No,No,No,I'm not sure,I'm not sure,C10029,,10.154829758209017,4.707726774313183,14.862106448763251,11.939424990429215,0,0,-0.16236970577323456,1.8066044540967905,-0.16236970577323456,1.8066044540967905,0,0
2208,103315,1704781102.0,girls latin academy llc mass llc,380 talbot av,boston,2124.0,380 talbot av,boston,2124.0,80099.0,,Multifamily Housing,Multifamily Housing (80099.0),95.5,10.0,7647467.9,4967846.9,263842.349,785352.0,161107.109,,,,,,,,,,,,,,,,,,,,,,79.64,in compliance,424949.458,2025.0,I'm not sure,No,No,No,I'm not sure,I'm not sure,,,11.291018648584012,4.5591262474866845,15.84988515754824,12.95972551848179,1,1,1.999567883602813,1.000084795159678,1.999567883602813,1.000084795159678,1,1
2209,103316,2011354000.0,,121-125 grove st,boston,2132.0,95  99 grove st,boston,2132.0,34200.0,,Multifamily Housing,Multifamily Housing (34200.0),47.2,46.0,1614282.3,1046000.0,55553.06,166554.0,34166.888,,,,,,,,,,,,,,,,,,,,,,2.32,pending revisions,89719.948,2025.0,I'm not sure,No,No,No,I'm not sure,I'm not sure,,,10.439980923050696,3.8543938925915096,14.294401019580771,11.404448409053058,0,6,-1.112708680917503,-0.09270024841744151,-1.112708680917503,-0.09270024841744151,0,6
2212,103319,2202145000.0,glencoe park east condo assn,18 glencoe st,boston,2135.0,18 glencoe st,boston,2135.0,32222.0,,Multifamily Housing,Multifamily Housing (32222.0),46.5,93.0,1499744.5,1117279.8,59338.73,112094.0,22994.963,,,,,,,,,,,,,,,,,,,,,,37.76,in compliance,82333.693,2025.0,I'm not sure,No,No,No,I'm not sure,I'm not sure,,,10.380404728050932,3.8394523125933104,14.220805318230735,11.318535695353516,0,6,-1.2745548887044058,-0.0983029008048648,-1.2745548887044058,-0.0983029008048648,0,6
2214,103321,1502434000.0,glendale associates lp,422 columbia rd,boston,2125.0,422 columbia rd,boston,2125.0,31548.0,,Multifamily Housing,Multifamily Housing (31548.0),59.9,87.0,1890428.2,1498249.5,79572.031,114941.0,23578.997,,,,,,,,,,,,,,,,,,,,,,45.02,in compliance,103151.028,2025.0,No,No,No,No,No,No,,,10.359265474517882,4.092676505121403,14.452313922221354,11.543949484518569,0,6,-0.855715681526011,0.4375855000047609,-0.855715681526011,0.4375855000047609,0,6
2215,103322,1502435000.0,glendale associates lp,414 columbia rd,boston,2125.0,414  418 columbia rd,boston,2125.0,26444.0,,Multifamily Housing,Multifamily Housing (26444.0),49.8,87.0,1317180.7,969610.5,51496.014,101867.0,20896.996,,,,,,,,,,,,,,,,,,,,,,25.56,in compliance,72393.01,2030.0,No,No,No,No,No,No,,,10.182784568453469,3.9080149840306073,14.091004177084258,11.189865026751523,0,6,-1.5675548158858226,0.1312407708216346,-1.5675548158858226,0.1312407708216346,0,6
2218,103325,2100968000.0,,43 glenville ave,boston,2134.0,69 quint av,boston,2134.0,42135.0,0.0,Multifamily Housing,"Multifamily Housing (42135.0),Parking (4480.0)",76.6,66.0,3228826.8,2909600.1,154528.861,93560.0,19192.898,,,,,,,,,,,,,,,,,,,,,,38.65,in compliance,173721.759,2025.0,I'm not sure,No,No,No,I'm not sure,I'm not sure,,,10.648634028206454,4.338597076746545,14.987629409404304,12.06521021208679,0,5,0.20417175706350926,0.8213418631317135,0.20417175706350926,0.8213418631317135,0,5
2222,103330,603067001.0,gordon frederick m ts,455-457 e first st,boston,2127.0,dorchester st,boston,2127.0,37000.0,20000.0,Multifamily Housing,"Restaurant (2121.0),Multifamily Housing (34879.0),Parking (20000.0)",37.2,99.0,1376690.8,533200.0,28318.252,247213.0,50713.275,,,,,,,,,,,,,,,,,,,,,,20.05,in compliance,79031.527,2030.0,No,No,No,No,No,No,,,10.51867319162636,3.616308761279101,14.135193206381796,11.277602127788898,0,6,-1.3626976771734498,-0.6206675363616645,-1.3626976771734498,-0.6206675363616645,0,6
2226,103335,2101692000.0,governor apartmnts assoc lps,180 allston st,boston,2134.0,180 allston st,boston,2134.0,63203.0,,Multifamily Housing,Multifamily Housing (63203.0),80.4,51.0,5081944.5,4231097.5,224713.588,249369.0,51155.557,,,,,,,,,,,,,,,,,,,,,,45.31,in compliance,275869.145,2025.0,No,No,No,No,No,No,,,11.054107047362793,4.387014176184921,15.441204521905329,12.527681919953665,1,5,1.1610745996892273,0.7444458130919366,1.1610745996892273,0.7444458130919366,1,5
2230,103340,2005234000.0,gr-conway court limited,3 conway st,boston,2131.0,1  3 conway st,boston,2131.0,25940.0,,Multifamily Housing,Multifamily Housing (25940.0),53.8,84.0,1396788.3,1033830.0,54906.711,106377.0,21822.178,,,,,,,,,,,,,,,,,,,,,,46.95,in compliance,76728.889,2030.0,No,No,No,No,No,No,,,10.163541457870435,3.9852734671677386,14.149686087743733,11.248033565723732,0,6,-1.464735654454703,0.3005813629596127,-1.464735654454703,0.3005813629596127,0,6
2231,103342,2102110000.0,grand lanark condo tr,55-65 lanark rd,boston,2135.0,55  65 lanark rd,boston,2135.0,24460.0,,Multifamily Housing,Multifamily Housing (24460.0),100.6,44.0,2460033.5,2159299.8,114680.412,88140.0,18081.04,,,,,,,,,,,,,,,,,,,,,,,pending revisions,132761.452,2030.0,No,No,No,No,No,No,,,10.104794409241164,4.611152257665639,14.715685525702002,11.796309202803327,0,0,-0.44483216729651187,1.6278259144793394,-0.44483216729651187,1.6278259144793394,0,0
2232,103344,304847010.0,,165-166 tremont st,boston,2111.0,165 tremont st,boston,2111.0,156534.0,,Multifamily Housing,Multifamily Housing (156534.0),52.5,66.0,8214143.8,4433364.8,235456.005,1108083.0,227312.147,,,,,,,,,,,,,,,,,,,,,,13.83,in compliance,462768.152,2025.0,No,No,No,No,No,No,,,11.961028517762626,3.960813169597578,15.921368080041285,13.044981456030538,1,1,2.324173330880374,-0.5389344191028039,2.324173330880374,-0.5389344191028039,1,1
2233,103345,801391022.0,granite james court llc,45 e newton st,boston,2118.0,45 e newton st,boston,2118.0,106050.0,1725.0,Multifamily Housing,"Multifamily Housing (106050.0),Parking (1725.0)",78.7,28.0,8348681.5,3991400.8,211983.296,1277046.0,261973.216,,,,,,,,,,,,,,,,,,,,,,20.3,in compliance,473956.512,2025.0,No,No,No,No,No,No,,,11.571665959992828,4.365643155423357,15.937614180167243,13.068870849632772,1,1,2.253706805731492,0.4755091657136433,2.253706805731492,0.4755091657136433,1,1
2234,103346,801675000.0,grant manor lp mass lp,1810-1854 washington st,boston,2118.0,1854  1810 washington st,boston,2118.0,137893.0,,Multifamily Housing,Multifamily Housing (137893.0),74.6,40.0,10282376.4,7755015.8,411868.889,740727.0,151952.737,,,,,,,,,,,,,,,,,,,,,,50.54,in compliance,563821.626,2025.0,No,No,No,No,No,No,,,11.834233301071668,4.312140507209715,16.145941958591422,13.242493214500124,1,1,2.6859298294551937,0.24628430638873472,2.6859298294551937,0.24628430638873472,1,1
2235,103347,801675000.0,grant manor lp mass lp,20 e lenox st,boston,2118.0,1854  1810 washington st,boston,2118.0,42298.0,,Multifamily Housing,Multifamily Housing (42298.0),83.0,33.0,3508855.4,2825319.2,150052.703,200333.0,41096.312,,,,,,,,,,,,,,,,,,,,,,62.34,in compliance,191149.015,2025.0,No,No,No,No,No,No,,,10.652495082592695,4.418840607796598,15.070800445394807,12.160808586090095,0,5,0.36869671066034937,0.9873680072707182,0.36869671066034937,0.9873680072707182,0,5
2250,103363,103916000.0,greenway apartments llc mass llc,172 maverick st,boston,2128.0,170  172 maverick st,boston,2128.0,38370.0,,Multifamily Housing,Multifamily Housing (38370.0),43.2,91.0,1658593.2,1065062.1,56565.448,173954.0,35684.924,,,,,,,,,,,,,,,,,,,,,,36.79,in compliance,92250.372,2030.0,No,Yes,No,No,No,No,,,10.555031183240999,3.765840495250065,14.321480331147594,11.432261594414967,0,6,-1.030984429171998,-0.32746019873798465,-1.030984429171998,-0.32746019873798465,0,6
2256,103368,1202347000.0,grove hall redeveloper llc,164 seaver st,boston,2121.0,164  176 seaver st,boston,2121.0,74860.0,,Multifamily Housing,Multifamily Housing (74860.0),73.8,55.0,5523063.6,4621040.1,245423.44,264368.0,54232.452,,,,,,,,,,,,,,,,,,,,,,47.3,in compliance,299655.892,2025.0,No,No,No,No,No,No,,,11.22337498145842,4.301358731606427,15.524443264297739,12.610390068633116,1,5,1.3610113156311496,0.49165657594686013,1.3610113156311496,0.49165657594686013,1,5
2257,103369,1202371000.0,grove hall redeveloper llc,102 elm hill ave,boston,2121.0,102  108 elm hill av,boston,2121.0,31920.0,,Multifamily Housing,Multifamily Housing (31920.0),77.4,,2470028.6,2099482.0,111503.489,108601.0,22278.409,,,,,,,,,,,,,,,,,,,,,,39.11,in compliance,133781.898,2030.0,No,No,No,No,No,No,,,10.370988051563746,4.3489867805956814,14.719740287484493,11.803966126043727,0,0,-0.3623658005190351,0.9653601078360783,-0.3623658005190351,0.9653601078360783,0,0
2258,103370,1202393000.0,grove hall redeveloper llc mass llc,573-577 blue hill ave,boston,2121.0,573  577 blue hill av,boston,2121.0,36300.0,,Multifamily Housing,Multifamily Housing (36300.0),63.3,85.0,2296384.7,1893410.4,100559.026,118105.0,24228.06,,,,,,,,,,,,,,,,,,,,,,55.66,in compliance,124787.086,2030.0,No,No,No,No,No,No,,,10.499573020252942,4.147885329150131,14.64684657465109,11.734364251999189,0,0,-0.4598835275538113,0.4904055248570843,-0.4598835275538113,0.4904055248570843,0,0
2259,103371,1202399000.0,grove hall redeveloper llc mass llc,258-260 seaver st,boston,2121.0,258  260 seaver st,boston,2121.0,20005.0,,Multifamily Housing,Multifamily Housing (20005.0),81.8,56.0,1637259.1,1380021.6,73292.947,75392.0,15465.915,,,,,,,,,,,,,,,,,,,,,,68.81,in compliance,88758.862,2030.0,No,No,No,No,No,No,,,9.903737521291335,4.404277243608702,14.308534121165327,11.393678555873757,0,0,-1.2506064953874199,1.286007363971564,-1.2506064953874199,1.286007363971564,0,0
2260,103371,1202399000.0,grove hall redeveloper llc mass llc,258-260 seaver st,boston,2121.0,258  260 seaver st,boston,2121.0,20005.0,,Multifamily Housing,Multifamily Housing (20005.0),81.8,56.0,1637259.1,1380021.6,73292.947,75392.0,15465.915,,,,,,,,,,,,,,,,,,,,,,68.81,in compliance,88758.862,2030.0,No,No,No,No,No,No,,,9.903737521291335,4.404277243608702,14.308534121165327,11.393678555873757,0,0,-1.2506064953874199,1.286007363971564,-1.2506064953874199,1.286007363971564,0,0
2261,103372,1202410000.0,grove hall redeveloper llc mass llc,545-549 blue hill ave,boston,2121.0,6 wayne st,boston,2121.0,60900.0,,Multifamily Housing,Multifamily Housing (60900.0),61.9,91.0,3770615.0,3122553.4,165838.811,189936.0,38963.471,,,,,,,,,,,,,,,,,,,,,,2.91,in compliance,204802.282,2030.0,No,No,No,No,No,No,,,11.016988453697989,4.12552017969055,15.14274867609342,12.229800314663537,0,5,0.5985500137889515,0.2165165155098542,0.5985500137889515,0.2165165155098542,0,5
2263,103379,504272000.0,guarini rosalyn e trst,111 park dr,boston,2215.0,111 park dr,boston,2215.0,32832.0,,Multifamily Housing,Multifamily Housing (32832.0),74.3,94.0,2440195.9,,,67616.0,13870.746,,,,,,,,,,2209490.1,163966.26,,,,,,,,,,,62.95,in compliance,177837.006,2025.0,I'm not sure,No,No,No,I'm not sure,I'm not sure,,,10.399158928530442,4.308110951723713,14.70758888093181,12.088622713138736,0,0,-0.16117007599138147,0.8879292471134294,-0.16117007599138147,0.8879292471134294,0,0
2264,103380,2100010000.0,guarini rosalyn e trst,106 queensberry st,boston,2215.0,106 queensberry st,boston,2215.0,66452.0,,Multifamily Housing,Multifamily Housing (66452.0),57.9,88.0,3850142.9,2842900.0,150986.419,295206.0,60558.559,,,,,,,,,,,,,,,,,,,,,,5.7,in compliance,211544.978,2025.0,I`m not sure,No,No,No,I`m not sure,I`m not sure,C10076,,11.10423516150637,4.05871738457895,15.163620822458268,12.262192916797659,1,5,0.6691426896736777,0.039954039997979925,0.6691426896736777,0.039954039997979925,1,5
2267,103385,1102271000.0,gutting kurt w sr ts,180-186 green st,boston,2130.0,180  186 green st,boston,2130.0,21127.0,,Multifamily Housing,"Multifamily Housing (16452.0),Other (4675.0)",29.6,,625674.1,213641.0,11346.474,120760.0,24772.706,,,,,,,,,,,,,,,,,,,,,,7.56,in compliance,36119.18,2030.0,No,No,No,No,No,No,,,9.958307122300235,3.3877743613300146,13.346584907490591,10.494579305169127,0,3,-2.971674137336377,-0.849636660583059,-2.971674137336377,-0.849636660583059,0,3
2272,103391,2101914000.0,,96 washington st,boston,2135.0,96 washington st,boston,2135.0,30348.0,,Multifamily Housing,Multifamily Housing (30348.0),67.2,89.0,2038360.8,1676600.1,89044.231,106026.0,21750.174,,,,,,,,,,,,,,,,,,,,,,8054.46,in compliance,110794.405,2025.0,No,No,No,No,No,No,,,10.320485896457965,4.207673247529104,14.527656513405837,11.615431555630444,0,0,-0.7291702642936937,0.6936084111917422,-0.7291702642936937,0.6936084111917422,0,0
2273,103392,2100015000.0,,94 queensberry st,boston,2215.0,94 queensberry st,boston,2215.0,21310.0,,Multifamily Housing,Multifamily Housing (21310.0),75.0,,1598624.5,1432600.0,76085.386,48659.0,9981.907,,,,,,,,,,,,,,,,,,,,,,5015.4,in compliance,86067.293,2030.0,No,No,No,No,No,No,,,9.966931725092662,4.31748811353631,14.284654129966787,11.362884746004505,0,0,-1.2825862454061288,1.0770679768462268,-1.2825862454061288,1.0770679768462268,0,0
2284,103403,2101176000.0,,5-11 barrows st,boston,2134.0,5  11 barrows st,boston,2134.0,23724.0,,Multifamily Housing,Multifamily Housing (23724.0),10.5,100.0,249087.1,15000.0,796.65,68607.0,14074.04,,,,,,,,,,,,,,,,,,,,,,178.33,pending revisions,14870.69,2025.0,I'm not sure,No,No,No,I'm not sure,I'm not sure,,,10.074242472958618,2.3513752571634776,12.425557913478157,9.607147440529639,0,7,-4.621367181035165,-3.0557183661246734,-4.621367181035165,-3.0557183661246734,0,7
2287,103406,2101268000.0,hanlon patricia a ts,6 camelot ct,boston,2135.0,6 camelot ct,boston,2135.0,23436.0,,Multifamily Housing,Multifamily Housing (23436.0),11.3,100.0,265396.4,25000.0,1327.75,70456.2,14453.385,,,,,,,,,,,,,,,,,,,,,,30.76,in compliance,15781.135,2030.0,I'm not sure,No,No,No,I'm not sure,I'm not sure,,,10.062028580664679,2.424802725718295,12.488979836357199,9.666570518302507,0,7,-4.511014290816675,-2.8974427497504935,-4.511014290816675,-2.8974427497504935,0,7
2291,103468,302975000.0,harbor towers 1 condo tr,85 e india row,boston,2110.0,85 e india ro,boston,2110.0,406928.0,,Multifamily Housing,Multifamily Housing (406928.0),20.9,,8513103.4,590340.8,31353.0,2322029.0,476341.029,,,,,,,,,,,,,,,,,,,,,,16.98,in compliance,507694.029,2025.0,No,No,No,No,No,No,C10053,,12.916391544598438,3.039749158970765,15.95711711092188,13.137634239983916,1,2,2.6909043414264877,-2.872046395100276,2.6909043414264877,-2.872046395100276,1,2
2292,103469,302970000.0,harbor towers ii condo tr,65 e india row,boston,2110.0,65 e india ro,boston,2110.0,406928.0,,Multifamily Housing,Multifamily Housing (406928.0),16.3,,6640514.2,703136.1,37343.558,1740146.0,356973.55,,,,,,,,,,,,,,,,,,,,,,20.89,in compliance,394317.108,2025.0,No,No,No,No,No,No,C10053,,12.916391544598438,2.791165107812717,15.70869995821335,12.884910707207508,1,2,2.2275874756531855,-3.389745510839264,2.2275874756531855,-3.389745510839264,1,2
2293,103470,105392000.0,harborview condo trust,10 orleans st,boston,2128.0,10 orleans st,boston,2128.0,23633.0,0.0,Multifamily Housing,"Multifamily Housing (23633.0),Parking (6488.0)",26.9,87.0,636679.2,,,186600.0,38279.124,,,,,,,,,,,,,,,,,,,,,,22.12,in compliance,38279.124,2030.0,I'm not sure,No,No,No,I'm not sure,I'm not sure,,,10.070399319380286,3.292126286607793,13.364021197024814,10.552659961292509,0,3,-2.8796975377502756,-1.0951192327048842,-2.8796975377502756,-1.0951192327048842,0,3
2300,103480,504313000.0,,1346-1352 boylston st,boston,2215.0,1350 boylston st,boston,2215.0,189800.0,49000.0,Multifamily Housing,"Multifamily Housing (182752.0),Parking (49000.0),Other (7048.0)",63.8,67.0,12106107.1,6993644.9,371432.481,1498377.0,307377.058,,,,,,,,,,,,,,,,,,,,,,28.59,in compliance,678809.539,2025.0,I'm not sure,Yes,Yes,Yes,I'm not sure,I'm not sure,,,12.153726165157964,4.155753190350744,16.309220602247436,13.428095864983598,1,2,3.0913747785691292,-0.21814846619454695,3.0913747785691292,-0.21814846619454695,1,2
2301,103481,1704416000.0,harmon apartments llc,2045 dorchester ave,boston,2124.0,2049 dorchester av,boston,2124.0,43176.0,,Multifamily Housing,Multifamily Housing (43176.0),57.5,69.0,2483201.2,1593914.5,84652.799,260635.0,53466.664,,,,,,,,,,,,,,,,,,,,,,12.63,in compliance,138119.463,2025.0,No,No,No,No,No,No,,,10.673040064298478,4.051784947803305,14.725059092218343,11.835874263572826,0,6,-0.25124033070617563,0.2158155406680872,-0.25124033070617563,0.2158155406680872,0,6
2302,103482,601986000.0,harrigan william d jr ts,483 e broadway,boston,2127.0,481  487 e broadway,boston,2127.0,27356.0,,Multifamily Housing,Multifamily Housing (27356.0),69.1,17.0,1890703.1,1341900.0,71268.309,160845.0,32995.743,,,,,,,,,,,,,,,,,,,,,,26.81,in compliance,104264.052,2030.0,No,No,No,No,No,No,,,10.216691162217987,4.235554730773624,14.452459328439055,11.554681921944415,0,0,-0.8864155598493494,0.7983477145636427,-0.8864155598493494,0.7983477145636427,0,0
2303,103484,306445010.0,harrison lofts condo trust,485-495 harrison ave,boston,2118.0,485  495 harrison av,boston,2118.0,65121.0,,Multifamily Housing,Multifamily Housing (65121.0),72.3,30.0,4709402.2,2516909.0,133673.037,642583.0,131819.477,,,,,,,,,,,,,,,,,,,,,,26.58,in compliance,265492.514,2025.0,No,No,No,No,No,No,,,11.084002356823872,4.280824129164719,15.365071536493655,12.489341923409746,1,5,1.055660422284895,0.5128325355182947,1.055660422284895,0.5128325355182947,1,5
2307,103507,2200534010.0,harvard 219 western llc,219 western av,boston,2134.0,219 western av,boston,2134.0,349303.0,70419.0,Multifamily Housing,"Restaurant (3118.0),Multifamily Housing (313550.0),Supermarket/Grocery Store (17856.0),Fast Food Restaurant (2694.0),Parking (70419.0),Retail Store (12085.0)",50.8,,17759535.7,6911114.6,367049.296,3179490.0,652240.579,,,,,,,,,,,,,,,,,,,,,,28.96,in compliance,1019289.875,2025.0,No,No,No,No,No,No,,,12.763695019363825,3.927896354584436,16.692433152168544,13.834616741819618,1,2,3.983463878439445,-0.9588209272231559,3.983463878439445,-0.9588209272231559,1,2
2370,103582,2100659000.0,harvard gardner llc mass llc,8 gardner st,boston,2134.0,8  4 gardner st,boston,2134.0,23000.0,,Multifamily Housing,Multifamily Housing (23000.0),29.2,99.0,671791.1,321000.0,17048.31,102811.0,21090.649,,,,,,,,,,,,,,,,,,,,,,46.44,in compliance,38138.959,2030.0,No,No,No,No,No,No,,,10.043249494911286,3.374168709274236,13.4177027080821,10.548991584602579,0,3,-2.8289519548909747,-0.9164502631399933,-2.8289519548909747,-0.9164502631399933,0,3
2371,103584,2100660000.0,harvard gardner llc mass llc,74-84 harvard ave,boston,2134.0,84  74 harvard av,boston,2134.0,23692.0,,Multifamily Housing,Multifamily Housing (23692.0),65.6,88.0,1554568.0,1312459.3,69704.713,70958.0,14556.324,,,,,,,,,,,,,,,,,,,,,,93.8,in compliance,84261.037,2030.0,No,No,No,No,No,No,,,10.072892717396856,4.183575695950044,14.256708251493327,11.341674842601828,0,0,-1.3006445093621917,0.7522032880337801,-1.3006445093621917,0.7522032880337801,0,0
2372,103585,1404445000.0,harvard hill ue llc,436 harvard st,boston,2124.0,436 harvard st,boston,2124.0,23667.0,,Multifamily Housing,Multifamily Housing (23667.0),44.3,,1047683.5,785055.0,41694.271,76972.0,15790.036,,,,,,,,,,,,,,,,,,,,,,38.05,in compliance,57484.307,2030.0,I'm not sure,No,No,No,I'm not sure,I'm not sure,,,10.0718369517632,3.7909846770510898,13.862092094433994,10.959267267796395,0,6,-2.022546920224648,-0.06384828183521465,-2.022546920224648,-0.06384828183521465,0,6
2373,103586,1405129000.0,harvard hill ue llc,70 hazleton st,boston,2126.0,636 walk hill st,boston,2126.0,20850.0,0.0,Multifamily Housing,"Multifamily Housing (20850.0),Parking (4500.0)",76.4,60.0,1593467.7,1194796.0,63455.616,116844.0,23969.378,,,,,,,,,,,,,,,,,,,,,,70.48,in compliance,87424.994,2030.0,I'm not sure,No,No,No,I'm not sure,I'm not sure,,,9.945109227226947,4.335982696172475,14.281423142787842,11.37853649330132,0,0,-1.2807811294109093,1.1264412133956303,-1.2807811294109093,1.1264412133956303,0,0
2382,103596,2100728000.0,harvard terrace llc,8-10 harvard ter,boston,2134.0,16  8 harvard te,boston,2134.0,30820.0,,Multifamily Housing,Multifamily Housing (30820.0),25.9,100.0,799629.9,226100.0,12008.171,168092.0,34482.393,,,,,,,,,,,,,,,,,,,,,,2932.18,pending revisions,46490.564,2030.0,I'm not sure,No,No,No,I'm not sure,I'm not sure,,,10.335919108874107,3.254242968705492,13.591904274606105,10.747004646252256,0,3,-2.4099950332552136,-1.2929024153615942,-2.4099950332552136,-1.2929024153615942,0,3
2386,103603,300475000.0,hawthorne place condominium trust,2 hawthorne pl,boston,2114.0,75  95 wm card oconnell wy,boston,2114.0,286352.0,,Multifamily Housing,Multifamily Housing (286352.0),5.7,100.0,1622965.5,,,475664.0,97577.713,,,,,,,,,,,,,,,,,,,,,,8.57,in compliance,97577.713,2025.0,No,No,No,No,No,No,C10082,,12.56497710225719,1.7404661748405046,14.299765589339188,11.488404395915424,0,7,-0.4657275699591585,-5.422536750340968,-0.4657275699591585,-5.422536750340968,0,7
2387,103604,300475000.0,hawthorne place condominium trust,9 hawthorne pl,boston,2114.0,75  95 wm card oconnell wy,boston,2114.0,290773.0,,Multifamily Housing,Multifamily Housing (290773.0),24.7,94.0,7183065.4,,,2105236.0,431868.113,,,,,,,,,,,,,,,,,,,,,,39.24,in compliance,431868.113,2025.0,No,No,No,No,No,No,C10082,,12.580298173013178,3.2068032436339315,15.787236785846341,12.975875526633072,1,2,2.291171485856191,-2.376168077697127,2.291171485856191,-2.376168077697127,1,2
2395,103612,1401103000.0,hearth inc,16 ronald st,boston,2121.0,ronald st,boston,2121.0,45648.0,,Multifamily Housing,Multifamily Housing (45648.0),52.4,71.0,2393430.2,1607054.5,85350.664,230473.5,47279.334,,,,,,,,,,,,,,,,,,,,,,38.36,in compliance,132629.998,2025.0,No,No,No,No,No,No,,,10.728715073453282,3.9589065913269965,14.68823812507487,11.795318560408854,0,6,-0.3071828470404984,-0.002178885133467447,-0.3071828470404984,-0.002178885133467447,0,6
2396,103613,1405196900.0,hearth olmstead lp,2 kingbird rd,boston,2124.0,2 kingbird rd,boston,2124.0,52356.0,,Multifamily Housing,Multifamily Housing (52356.0),42.8,80.0,2239976.9,1291758.4,68605.289,277906.9,57009.821,,,,,,,,,,,,,,,,,,,,,,20.7,in compliance,125615.11,2025.0,No,No,No,No,No,No,,,10.86582182291161,3.756538102587751,14.621976111278048,11.740977828328235,0,6,-0.38356475575849397,-0.48303087493895996,-0.38356475575849397,-0.48303087493895996,0,6
2398,103618,401448000.0,,75 burbank st,boston,2115.0,75 burbank st,boston,2115.0,31895.0,,Multifamily Housing,Multifamily Housing (31895.0),41.3,52.0,1318391.4,6300.0,334.593,384552.0,78886.997,,,,,,,,,,,,,,,,,,,,,,25.57,pending revisions,79221.59,2030.0,I'm not sure,No,No,No,I'm not sure,I'm not sure,,,10.370204536676056,3.720862499966987,14.091922915057816,11.280004141663714,0,6,-1.4501692436834512,-0.33460783923010984,-1.4501692436834512,-0.33460783923010984,0,6
2410,103630,401397000.0,hemenway park drive llc del llc,26 hemenway st,boston,2115.0,26 hemenway st,boston,2115.0,30720.0,,Multifamily Housing,Multifamily Housing (30720.0),67.8,93.0,2083123.9,1780476.1,94561.086,88701.0,18196.123,,,,,,,,,,,,,,,,,,,,,,35.97,in compliance,112757.209,2025.0,No,No,No,No,No,No,,,10.332669187261608,4.216562194946349,14.549379199991197,11.632992193236726,0,0,-0.688917655440274,0.7065744699434007,-0.688917655440274,0.7065744699434007,0,0
2412,103632,504274000.0,hemenway park drive llc del llc,121 park dr,boston,2215.0,121 park dr,boston,2215.0,27800.0,,Multifamily Housing,Multifamily Housing (27800.0),72.8,96.0,2022531.4,601410.0,31940.885,69432.0,14243.28,,,,,,,,,,1184219.4,87880.922,,,,,,,,,,,45.42,pending revisions,134065.087,2025.0,No,No,No,No,No,No,,,10.232791299678729,4.28771595520264,14.519860453134193,11.806080684887986,0,0,-0.6227885707474142,0.9120844779608269,-0.6227885707474142,0.9120844779608269,0,0
2420,103647,1500389000.0,heritage hill condo tr,46 adams st,boston,2122.0,46 adams st,boston,2122.0,20975.0,,Multifamily Housing,Multifamily Housing (20975.0),75.4,71.0,1582538.0,1236800.0,65686.448,101330.0,20786.836,,,,,,,,,,,,,,,,,,,,,,47.65,in compliance,86473.284,2030.0,No,No,No,No,No,No,,,9.951086531335408,4.32280727501391,14.2745404453504,11.36759078972296,0,0,-1.2949912310885203,1.096163462482521,-1.2949912310885203,1.096163462482521,0,0
2421,103648,105398000.0,heritage housing corp,30 s bremen st,boston,2128.0,2  30 marginal st,boston,2128.0,52800.0,,Multifamily Housing,Multifamily Housing (52800.0),83.0,7.0,4380912.4,2451300.1,130188.548,565537.0,116014.26,,,,,,,,,,,,,,,,,,,,,,60.07,in compliance,246202.808,2025.0,No,No,No,No,No,No,,,10.874266469694353,4.418840607796598,15.292767571161292,12.413910898028945,1,5,0.8626969449785524,0.8920097393679319,0.8626969449785524,0.8920097393679319,1,5
2432,103660,105399000.0,,2 monsignor albert a. jacobbe rd,boston,2128.0,2 msgr albert a jacobbe rd,boston,2128.0,63250.0,,Multifamily Housing,Multifamily Housing (63250.0),83.0,,5248172.1,2936600.1,155962.831,677483.0,138978.863,,,,,,,,,,,,,,,,,,,,,,120.84,in compliance,294941.694,2025.0,,,,,,,,,11.054850406589766,4.418840607796598,15.473390402513491,12.594532968329498,1,5,1.2463025826600362,0.8126388653309068,1.2463025826600362,0.8126388653309068,1,5
2444,103753,501560000.0,hill condominium apts assoc,70-72 mount vernon st,boston,2108.0,70  72 mt vernon st,boston,2108.0,65564.0,,Multifamily Housing,Multifamily Housing (65564.0),41.6,94.0,2730447.4,1769362.1,93970.821,281678.0,57783.425,,,,,,,,,,,,,,,,,,,,,,10.87,in compliance,151754.246,2030.0,No,No,No,No,No,No,,,11.09078204380925,3.728100167267218,14.819976036517708,11.930017688760948,0,4,0.03718305881456363,-0.6414864298907229,0.03718305881456363,-0.6414864298907229,0,4
2446,103758,1001250000.0,hillside & parkerhill llc,40 parker hill ave,boston,2120.0,40  44 parker hill av,boston,2120.0,25920.0,,Multifamily Housing,Multifamily Housing (25920.0),29.2,99.0,758038.9,263200.0,13978.552,145029.0,29751.249,,,,,,,,,,,,,,,,,,,,,,30.62,in compliance,43729.801,2030.0,I'm not sure,No,No,No,I'm not sure,I'm not sure,,,10.16277015046621,3.374168709274236,13.538489982568935,10.685785093744885,0,3,-2.5615944686432797,-0.9677185102923831,-2.5615944686432797,-0.9677185102923831,0,3
2453,103771,2101651000.0,hls bellvista realty llc,35 bellvista rd,boston,2135.0,35 bellvista rd,boston,2135.0,26400.0,,Multifamily Housing,Multifamily Housing (26400.0),51.0,89.0,1347067.4,1128173.9,59917.316,64154.0,13160.552,,,,,,,,,,,,,,,,,,,,,,35.57,in compliance,73077.868,2030.0,No,No,No,No,No,No,,,10.181119289134408,3.9318256327243257,14.11344049126021,11.199280836557904,0,6,-1.5360549840851874,0.18070408409454358,-1.5360549840851874,0.18070408409454358,0,6
2454,103772,1701421010.0,holland john p,49 norfolk st,boston,2124.0,49  51 norfolk st,boston,2124.0,36416.0,,Multifamily Housing,Multifamily Housing (36416.0),49.3,88.0,1796233.9,1159500.1,61581.05,186616.0,38282.406,,,,,,,,,,,,,,,,,,,,,,47.99,in compliance,99863.456,2030.0,No,No,No,No,No,No,,,10.502763517486002,3.8979240810486444,14.401202753217596,11.511559091907575,0,6,-0.8978012386171402,-0.029592557789195905,-0.8978012386171402,-0.029592557789195905,0,6
2455,103776,1807581000.0,holland paul ts,491-495 huntington ave,boston,2136.0,491  495 huntington av,boston,2136.0,22320.0,,Multifamily Housing,Multifamily Housing (22320.0),45.9,74.0,1025291.5,451400.0,23973.854,168198.0,34504.138,,,,,,,,,,,,,,,,,,,,,,48.88,in compliance,58477.992,2030.0,No,No,No,No,No,No,,,10.013238416495247,3.8264651170664994,13.840487520367308,10.976405757308841,0,6,-2.0508624296630718,0.03859616304832266,-2.0508624296630718,0.03859616304832266,0,6
2469,103790,202161000.0,hood park llc mass llc,50 hood park dr,boston,2129.0,480  570 rutherford av,boston,2129.0,160647.0,,Multifamily Housing,Multifamily Housing (160647.0),41.8,97.0,6709743.4,4254841.9,225974.653,719490.5,147596.281,,,,,,,,,,,,,,,,,,,,,,2.13,pending revisions,373570.934,2025.0,No,No,No,No,No,No,,,11.98696469023332,3.7328963395307104,15.719071266785942,12.830863182524396,1,1,1.948045251786293,-1.025592827857312,1.948045251786293,-1.025592827857312,1,1
2477,103802,306896000.0,hotel union condo tr,301-303 shawmut ave,boston,2118.0,301 shawmut av,boston,2118.0,24713.0,,Multifamily Housing,Multifamily Housing (24713.0),39.8,78.0,983017.8,442400.0,23495.864,158446.0,32503.612,,,,,,,,,,,,,,,,,,,,,,20.73,in compliance,55999.476,2030.0,No,No,No,No,No,No,,,10.115084699949966,3.6838669122903918,13.798382506798523,10.93309761253065,0,3,-2.101505907351626,-0.30327898369122885,-2.101505907351626,-0.30327898369122885,0,3
2480,103805,500120010.0,,78-96 broadway st,boston,2116.0,80  96 broadway st,boston,2116.0,26333.0,7743.0,Multifamily Housing,"Multifamily Housing (26333.0),Parking (7743.0)",71.7,64.0,1887566.0,1281953.0,68084.524,177495.0,36411.324,,,,,,,,,,,,,,,,,,,,,,23.67,in compliance,104495.848,2030.0,No,No,No,No,No,No,,,10.178578184473086,4.272490747605575,14.450798726381407,11.556902617540247,0,0,-0.8968276775691413,0.8921715703842522,-0.8968276775691413,0.8921715703842522,0,0
2489,103815,401147000.0,hub contracting inc trustee,219-223 columbus ave,boston,2116.0,219  223 columbus av,boston,2116.0,60506.0,2000.0,Multifamily Housing,"Restaurant (7506.0),Multifamily Housing (53000.0),Parking (2000.0)",44.2,28.0,2674779.4,,,783933.0,160816.016,,,,,,,,,,,,,,,,,,,,,,45.82,in compliance,160816.016,2030.0,I'm not sure,No,No,No,I'm not sure,I'm not sure,,,11.01049781265528,3.7887247890836524,14.79937746762191,11.988016232757104,0,4,0.034857095682420486,-0.4748637776019748,0.034857095682420486,-0.4748637776019748,0,4
2492,103818,304308000.0,hudson fc group llc,118-120 kingston st,boston,2111.0,120 kingston st,boston,2111.0,295446.0,,Multifamily Housing,Multifamily Housing (295446.0),42.8,66.0,12646781.0,4337099.8,230343.37,2435428.0,499603.7,,,,,,,,,,,,,,,,,,,,,,2.64,in compliance,729947.07,2025.0,No,No,No,No,No,No,,,12.596241358012346,3.756538102587751,16.352913274352574,13.50072730364651,1,2,3.313490717551632,-1.2416315574881356,3.313490717551632,-1.2416315574881356,1,2
2495,103821,1001783000.0,huntington hill east cd tr,238-246 s huntington ave,boston,2115.0,238  246 s huntington av,boston,2115.0,45804.0,,Multifamily Housing,Multifamily Housing (45804.0),66.4,52.0,3040748.4,487000.0,25864.57,221804.0,45500.873,,,,,,,,,,1796953.2,133351.897,,,,,,,,,,,23.37,in compliance,204717.34,2025.0,I'm not sure,No,No,No,I'm not sure,I'm not sure,,,10.73212670253323,4.1956970564823886,14.92761422729457,12.229385477392476,0,5,0.2793016490640064,0.5021703024674666,0.2793016490640064,0.5021703024674666,0,5
2502,103837,2006994000.0,hv 91 llc,223-233 independence dr,boston,2132.0,201  259 independence dr,boston,2132.0,236023.0,0.0,Multifamily Housing,"Multifamily Housing (236023.0),Parking (80600.0)",10.9,100.0,2578275.2,41204.1,2188.35,743573.0,152536.565,,,,,,,,,,,,,,,,,,,,,,8.27,pending revisions,154724.915,2025.0,No,No,No,No,No,No,,,12.37168453688618,2.388762789235098,14.76263120620211,11.94940407724564,1,4,0.3345491843125611,-3.9870609200890264,0.3345491843125611,-3.9870609200890264,1,4
2504,103855,1905063000.0,hyde park ave venture llc,253-261 hyde park ave,boston,2130.0,253  261 hyde park av,boston,2130.0,32240.0,,Multifamily Housing,Multifamily Housing (32240.0),59.7,71.0,1924079.4,1445418.0,76766.15,140287.6,28778.598,,,,,,,,,,,,,,,,,,,,,,49.54,in compliance,105544.748,2025.0,No,No,No,No,No,No,,,10.380963196620565,4.089332020398556,14.469958177547548,11.56689029363014,0,6,-0.8129960514725579,0.42133520861118245,-0.8129960514725579,0.42133520861118245,0,6
2507,103860,1002301000.0,hyde square commons condo,319-329 centre st,boston,2130.0,319 -329a centre st,boston,2130.0,26856.0,,Multifamily Housing,"Multifamily Housing (22291.0),Other (4565.0)",88.9,24.0,2386963.7,1448500.0,76929.835,275048.0,56423.347,,,,,,,,,,,,,,,,,,,,,,27.56,in compliance,133353.182,2030.0,I'm not sure,No,No,No,I'm not sure,I'm not sure,,,10.198244538659871,4.487512142519859,14.685532697832063,11.800756391342714,0,0,-0.450087748542232,1.3317204236038174,-0.450087748542232,1.3317204236038174,0,0
2512,103871,1801487010.0,,50 poydras st,boston,2136.0,36 poydras st,boston,2136.0,27894.0,,Multifamily Housing,Multifamily Housing (27894.0),54.4,48.0,1517410.9,888466.7,47186.466,184333.0,37814.072,,,,,,,,,,,,,,,,,,,,,,30.45,in compliance,85000.538,2030.0,No,No,No,No,No,No,,,10.23616689091864,3.996364153861897,14.232516085200235,11.350412864864188,0,6,-1.2769841724452882,0.29292401838434484,-1.2769841724452882,0.29292401838434484,0,6
2515,103874,301536000.0,"imp victor llc, lessee",96-120 beverly st,boston,2114.0,95 haverhill st,boston,2114.0,311716.0,0.0,Multifamily Housing,"Multifamily Housing (311716.0),Parking (50256.0)",42.1,80.0,13128198.3,4567735.6,242592.438,2508928.0,514681.49,,,,,,,,,,,,,,,,,,,,,,23.54,in compliance,757273.928,2025.0,No,No,No,No,No,No,,,12.649847795846423,3.7400477406883357,16.39027301675681,13.537480326937635,1,2,3.3967164352159607,-1.2995236365740332,3.3967164352159607,-1.2995236365740332,1,2
2519,103878,306625000.0,ink block ii phase 1 llc,300 harrison ave,boston,2118.0,300 harrison av,boston,2118.0,393839.0,107654.0,Multifamily Housing,"Food Sales (50000.0),Multifamily Housing (317210.0),Parking (107654.0),Other (26629.0)",49.0,64.0,19285302.2,,,4043758.0,829536.516,,,,,,,,,,,,,,,,,,,,,,35.62,in compliance,829536.516,2025.0,No,No,No,No,No,No,,,12.883697475326684,3.8918202981106265,16.774853819711698,13.628622409343528,1,2,3.9591836455690874,-1.106278047317207,3.9591836455690874,-1.106278047317207,1,2
2522,103886,400001000.0,,278-284a columbus ave,boston,2116.0,72  76 clarendon st,boston,2116.0,31230.0,,Multifamily Housing,Multifamily Housing (31230.0),84.3,31.0,2632634.6,1917148.5,101819.757,209697.0,43017.243,,,,,,,,,,,,,,,,,,,,,,46.6,pending revisions,144837.0,2030.0,No,No,No,No,No,No,,,10.349134450277123,4.4343818650078095,14.783495651787632,11.883364251154715,0,0,-0.23890614612936167,1.1538022538325892,-0.23890614612936167,1.1538022538325892,0,0
2523,103887,900628000.0,,68 w concord st,boston,2118.0,68 w concord st,boston,2118.0,38493.0,,Multifamily Housing,Multifamily Housing (38493.0),64.1,72.0,2466411.0,1852500.0,98386.275,179927.0,36910.225,,,,,,,,,,,,,,,,,,,,,,37.57,in compliance,135296.5,2030.0,No,No,No,No,No,No,,,10.558231685563127,4.160444363926624,14.718274615485747,11.815223945383783,0,0,-0.30485657024507135,0.491429630688988,-0.30485657024507135,0.491429630688988,0,0
2525,103889,2100154000.0,,857 beacon st,boston,2215.0,857 beacon st,boston,2215.0,31423.0,,Multifamily Housing,Multifamily Housing (31423.0),24.3,98.0,764054.6,55372.0,2940.807,207703.0,42608.193,,,,,,,,,,,,,,,,,,,,,,16.0,in compliance,45549.0,2030.0,No,No,No,No,No,No,,,10.355295387837245,3.190476350346503,13.546394531563672,10.726543948550297,0,3,-2.4703220316159813,-1.4326370452973485,-2.4703220316159813,-1.4326370452973485,0,3
2532,103896,1001052000.0,,170 parker hill ave,boston,2120.0,170 parker hill av,boston,2120.0,40319.0,,Multifamily Housing,Multifamily Housing (40319.0),51.8,75.0,2090408.7,1496481.8,79478.148,174070.0,35708.72,,,,,,,,,,,,,,,,,,,,,,43.2,in compliance,115186.868,2025.0,Yes,No,No,No,Yes,Yes,,,10.604578100850384,3.9473901492654373,14.552870155062772,11.654311027690671,0,6,-0.5958676135304262,0.028078539550555698,-0.5958676135304262,0.028078539550555698,0,6
2533,103897,1001052000.0,,30 iroquois st,boston,2120.0,170 parker hill av,boston,2120.0,80648.0,,Multifamily Housing,Multifamily Housing (80648.0),48.3,95.0,3892286.0,2728200.3,144894.718,341174.0,69988.434,,,,,,,,,,,,,,,,,,,,,,14.81,in compliance,214883.152,2025.0,No,No,No,No,No,No,,,11.297849284733777,3.877431560658527,15.174507203658097,12.277849680301752,1,4,0.7459759894663499,-0.4223994818960594,0.7459759894663499,-0.4223994818960594,1,4
2543,103910,1901499000.0,jamaica house condo tr,804 centre st,boston,2130.0,804 centre st,boston,2130.0,23305.0,,Multifamily Housing,Multifamily Housing (23305.0),51.7,96.0,1203707.6,934900.0,49652.539,78783.0,16161.545,,,,,,,,,,,,,,,,,,,,,,44.65,in compliance,65814.084,2030.0,No,No,No,No,No,No,,,10.05642320880684,3.9454577815143836,14.000917018213475,11.09458913696276,0,6,-1.772066402145297,0.26419617759573955,-1.772066402145297,0.26419617759573955,0,6
2545,103912,1901974000.0,,539-551 centre st,boston,2130.0,539  551 centre st,boston,2130.0,125000.0,,Multifamily Housing,Multifamily Housing (125000.0),69.4,72.0,8678803.0,,,661210.0,135640.619,,,,,,,,,,6422754.5,476632.611,,,,,,,,,,,25.38,in compliance,612273.23,2025.0,I'm not sure,No,No,No,I'm not sure,I'm not sure,,,11.736069016284437,4.239886867512759,15.976394173901202,13.324933916111783,1,1,2.5284821837609717,0.15610601871264995,2.5284821837609717,0.15610601871264995,1,1
2546,103913,1002467010.0,jamaica plain neighborhood development corporation,61 heath st,boston,2130.0,61 heath st,boston,2130.0,56920.0,,Multifamily Housing,Multifamily Housing (56920.0),57.6,21.0,3276404.8,1961713.4,104186.599,385314.0,79043.314,,,,,,,,,,,,,,,,,,,,,,43.88,in compliance,183229.913,2025.0,No,No,No,No,No,No,,,10.949402052203789,4.053522567701846,15.002257281645097,12.118496998461032,0,5,0.34159797555069105,0.09818411893439428,0.34159797555069105,0.09818411893439428,0,5
2548,103915,1001248000.0,jamaica view llc mass llc,70 parker hill ave,boston,2120.0,25 sunset st,boston,2120.0,29100.0,0.0,Multifamily Housing,"Multifamily Housing (29100.0),Parking (13819.0)",67.4,67.0,1961191.5,946200.0,50252.682,297477.0,61024.432,,,,,,,,,,,,,,,,,,,,,,36.57,in compliance,111277.114,2025.0,I`m not sure,No,No,No,I`m not sure,I`m not sure,,,10.278493453159584,4.210645017918261,14.489062754668648,11.619778891681579,0,0,-0.7809466077372181,0.7212035074066687,-0.7809466077372181,0.7212035074066687,0,0
2549,103916,1001609000.0,jamaicaway place condo tr,40 jamaicaway,boston,2130.0,60  40 jamaicaway st,boston,2130.0,31942.0,,Multifamily Housing,Multifamily Housing (31942.0),82.2,55.0,2625260.9,2267099.9,120405.676,104971.0,21533.751,,,,,,,,,,,,,,,,,,,,,,36.11,in compliance,141939.427,2025.0,No,No,No,No,No,No,,,10.371677037216255,4.409155302062135,14.780690839545146,11.863155675153818,0,0,-0.25060773076591175,1.0901954867914234,-0.25060773076591175,1.0901954867914234,0,0
2550,103919,1002149000.0,,111 perkins st,boston,2130.0,111 perkins st,boston,2130.0,445701.0,,Multifamily Housing,Multifamily Housing (445701.0),43.4,93.0,19325518.3,13519683.0,718030.364,1701593.0,349064.788,,,,,,,,,,,,,,,,,,,,,,16.48,in compliance,1067095.152,2025.0,No,No,No,No,No,No,,,13.007403602593786,3.770459441106359,16.776936972259218,13.880450703439992,1,2,4.178741333398707,-1.3965210753198871,4.178741333398707,-1.3965210753198871,1,2
2555,103926,2102551000.0,jche 132 cha llc,132 chestnut hill ave,boston,2135.0,132 chestnut hill av,boston,2135.0,58480.0,,Multifamily Housing,Multifamily Housing (58480.0),53.2,42.0,3110865.7,1077733.3,57238.416,595877.0,122238.208,,,,,,,,,,,,,,,,,,,,,,36.17,in compliance,179476.624,2025.0,No,No,Yes,Yes,No,No,,,10.97644009442366,3.9740583963475986,14.950411605549041,12.097800250017759,0,5,0.2753831596072015,-0.07692578720328493,0.2753831596072015,-0.07692578720328493,0,5
2556,103927,300050010.0,jdmd owner llc,33  61 temple st,boston,2114.0,33  61 temple st,boston,2114.0,134725.0,28940.0,Multifamily Housing,"Multifamily Housing (134725.0),Parking (28940.0)",34.3,82.0,4617249.0,1744699.9,92661.012,841896.0,172706.545,,,,,,,,,,,,,,,,,,,,,,8.35,in compliance,265367.557,2025.0,No,No,No,No,No,No,,,11.810990942801697,3.535145354171894,15.345309631159001,12.488871151509073,1,4,1.2311128187811644,-1.3577369010501061,1.2311128187811644,-1.3577369010501061,1,4
2557,103928,1001671000.0,jefferson schoolhouse,240 heath st,boston,2130.0,240 heath st,boston,2130.0,38215.0,0.0,Multifamily Housing,"Multifamily Housing (38215.0),Parking (10000.0)",41.6,65.0,1590657.3,,,466195.0,95635.242,,,,,,,,,,,,,,,,,,,,,,40.96,in compliance,95635.242,2025.0,No,No,No,No,No,No,,,10.550983387676984,3.728100167267218,14.279657884998151,11.468296671275764,0,6,-1.0528028084880283,-0.3990099578222315,-1.0528028084880283,-0.3990099578222315,0,6
2563,103935,1000315000.0,jhb massachusetts prop llc mass llc,364 riverway,boston,2115.0,364  352 riverway st,boston,2115.0,51324.0,,Multifamily Housing,Multifamily Housing (51324.0),105.0,59.0,5388660.9,162700.0,8640.997,171298.0,35140.072,,,,,,,,,,4641492.1,344445.129,,,,,,,,,,,60.09,pending revisions,388226.198,2025.0,I'm not sure,No,No,No,I'm not sure,I'm not sure,,,10.845913758014909,4.653960350157523,15.499807470460022,12.869343433272025,1,5,1.419347019939435,1.4106198145266606,1.419347019939435,1.4106198145266606,1,5
2569,103942,201912010.0,john hancock life insurance,30 caldwell st,boston,2129.0,48  52 brighton st,boston,2129.0,152798.0,0.0,Multifamily Housing,"Multifamily Housing (152798.0),Parking (73042.0)",45.0,80.0,6883178.4,3532441.0,187607.942,982045.0,201456.711,,,,,,,,,,,,,,,,,,,,,,25.73,in compliance,389064.653,2025.0,No,No,No,No,No,No,,,11.93687206662366,3.8066624897703196,15.74459107997531,12.871500811875213,1,1,1.9919766036479638,-0.8487321633738734,1.9919766036479638,-0.8487321633738734,1,1
2570,103943,203517600.0,john hancock life insurance,246-260 first ave,boston,2129.0,220 first av,boston,2129.0,310639.0,126656.0,Multifamily Housing,"Multifamily Housing (269823.0),Parking (126656.0),Other - Lodging/Residential (40816.0)",44.3,86.0,13767461.0,5106511.5,271206.826,2538379.0,520723.068,,,,,,,,,,,,,,,,,,,,,,23.33,in compliance,791929.894,2025.0,No,No,No,No,No,No,,,12.646386745239925,3.7909846770510898,16.437818467356454,13.582228149201875,1,2,3.4817721124194865,-1.1921531364204185,3.4817721124194865,-1.1921531364204185,1,2
2572,103945,306444000.0,,477-481 harrison ave,boston,2118.0,477 harrison av,boston,2118.0,33265.0,,Multifamily Housing,Multifamily Housing (33265.0),48.2,,1604276.4,770892.0,40942.074,244251.0,50105.65,,,,,,,,,,,,,,,,,,,,,,13.03,in compliance,91047.724,2030.0,No,No,No,No,No,No,,,10.412261072175989,3.8753590210565547,14.288183371765344,11.41913908758906,0,6,-1.116738063327991,-0.03538948023572124,-1.116738063327991,-0.03538948023572124,0,6
2575,103950,401519000.0,joy realty assoc inc,28 westland ave,boston,2115.0,28 westland av,boston,2115.0,23640.0,,Multifamily Housing,Multifamily Housing (23640.0),9.4,100.0,222056.4,,,65081.0,13350.716,,,,,,,,,,,,,,,,,,,,,,38.15,in compliance,13350.716,2030.0,I'm not sure,No,No,No,I'm not sure,I'm not sure,C10031,,10.070695471520034,2.2407096892759584,12.310686682642205,9.499325295349001,0,7,-4.829693356160554,-3.284138706236109,-4.829693356160554,-3.284138706236109,0,7
2577,103952,1102605020.0,,3531  3541 washington st,boston,2130.0,3531  3541 washington st,boston,2130.0,127745.0,38255.0,Multifamily Housing,"Restaurant (1938.0),Multifamily Housing (102307.0),Urgent Care/Clinic/Other Outpatient (7500.0),Bank Branch (3500.0),Parking (38255.0),Fitness Center/Health Club/Gym (12500.0)",45.6,86.0,5829121.8,2209000.1,117319.995,1060997.0,217652.925,,,,,,,,,,,,,,,,,,,,,,11.46,in compliance,334972.92,2025.0,I'm not sure,No,No,No,I'm not sure,I'm not sure,,,11.757791368356754,3.8199077165203406,15.578376912331766,12.721804971718917,1,1,1.6476381320509947,-0.7413928144231506,1.6476381320509947,-0.7413928144231506,1,1
2578,103955,802604000.0,jpndc  pitts  llc,22-24 greenville st,boston,2119.0,22  24 greenville st,boston,2119.0,33310.0,,Multifamily Housing,Multifamily Housing (33310.0),17.2,100.0,571738.3,15012.5,797.314,163167.0,33472.078,,,,,,,,,,,,,,,,,,,,,,33.72,in compliance,34269.392,2030.0,No,No,No,No,No,No,,,10.413612931187725,2.8449093838194073,13.25643664818636,10.442007873246435,0,3,-2.986493346847314,-2.1776240908240903,-2.986493346847314,-2.1776240908240903,0,3
2579,103957,903454000.0,jpndc  pitts  llc,286 roxbury st,boston,2119.0,gardner st,boston,2119.0,28216.0,,Multifamily Housing,Multifamily Housing (28216.0),51.4,84.0,1449775.9,1200044.8,63734.379,73192.0,15014.607,,,,,,,,,,,,,,,,,,,,,,37.3,in compliance,78748.986,2030.0,No,No,No,No,No,No,,,10.247644471915889,3.9396381724611196,14.186919550728271,11.274020680414505,0,6,-1.38061773346935,0.16767933630306556,-1.38061773346935,0.16767933630306556,0,6
2588,103968,1200921000.0,kasanof land llc,215-233 blue hill ave,boston,2119.0,233 blue hill av,boston,2119.0,72728.0,0.0,Multifamily Housing,"Multifamily Housing (72728.0),Parking (12150.0)",56.9,43.0,4137622.4,2335700.9,124049.075,528113.0,108337.101,,,,,,,,,,,,,,,,,,,,,,39.05,in compliance,232386.176,2025.0,I'm not sure,No,No,No,I'm not sure,I'm not sure,,,11.194481733801695,4.041295341132285,15.235631881311456,12.35615581854179,1,5,0.8433659651707283,-0.034626346369600144,0.8433659651707283,-0.034626346369600144,1,5
2592,103978,2101512000.0,,1340 commonwealth ave,boston,2134.0,1340 commonwealth av,boston,2134.0,30156.0,,Multifamily Housing,Multifamily Housing (30156.0),55.3,94.0,1666155.1,57000.0,3027.27,90175.0,18498.5,,,,,,,,,,1301478.0,96582.682,,,,,,,,,,,196.57,in compliance,118108.452,2030.0,I'm not sure,No,No,No,I'm not sure,I'm not sure,,,10.314139187331593,4.012772908528289,14.326029194614541,11.67935856609379,0,6,-0.9106975884338236,0.30850114506306703,-0.9106975884338236,0.30850114506306703,0,6
2593,103979,502434000.0,keating doris j,112 revere st,boston,2114.0,112 revere st,boston,2114.0,20862.0,,Multifamily Housing,"Multifamily Housing (17622.0),Fitness Center/Health Club/Gym (1080.0),Retail Store (2160.0)",96.4,,2011829.2,1755100.1,93213.366,75243.0,15435.349,,,,,,,,,,,,,,,,,,,,,,18.38,in compliance,108648.715,2030.0,I'm not sure,No,No,No,I'm not sure,I'm not sure,,,9.945684601235916,4.5685062016165,14.514554915942288,11.59587515864731,0,0,-0.8603443570855782,1.60913603651053,-0.8603443570855782,1.60913603651053,0,0
2594,103980,501260000.0,keezer robert a trsts,90 commonwealth ave,boston,2116.0,90 commonwealth av,boston,2116.0,40240.0,,Multifamily Housing,Multifamily Housing (40240.0),71.7,81.0,2887158.5,2356200.1,125137.787,155615.0,31922.861,,,,,,,,,,,,,,,,,,,,,,21.01,in compliance,157060.648,2030.0,I`m not sure,No,No,No,I`m not sure,I`m not sure,,,10.602616804773621,4.272490747605575,14.875783358419659,11.964387302732145,0,5,-0.007571671840167954,0.7047497801573708,-0.007571671840167954,0.7047497801573708,0,5
2597,103983,2101703000.0,,60 woodstock ave,boston,2134.0,60 woodstock av,boston,2134.0,21175.0,,Multifamily Housing,Multifamily Housing (21175.0),85.8,52.0,1816614.3,1672000.1,88799.925,42384.0,8694.654,,,,,,,,,,,,,,,,,,,,,,25.41,in compliance,97494.579,2030.0,I'm not sure,No,No,No,I'm not sure,I'm not sure,,,9.960576519520256,4.4520190064939165,14.412485051867776,11.4875520554402,0,0,-1.049715331912507,1.3596265281294073,-1.049715331912507,1.3596265281294073,0,0
2600,103986,2101821000.0,,145-149 kelton st,boston,2134.0,147 kelton st,boston,2134.0,71762.0,,Multifamily Housing,Multifamily Housing (71762.0),41.9,61.0,3003859.5,344100.0,18275.151,779530.9,159912.969,,,,,,,,,,,,,,,,,,,,,,31.98,in compliance,178188.12,2025.0,No,No,No,No,No,No,,,11.181110367024342,3.735285826928092,14.915408519800328,12.090595125129859,0,4,0.28678840700634295,-0.6621695263278009,0.28678840700634295,-0.6621695263278009,0,4
2601,103987,2101825000.0,,159 kelton st,boston,2134.0,159  161 kelton st,boston,2134.0,26580.0,,Multifamily Housing,Multifamily Housing (26580.0),81.0,57.0,2151786.6,1994223.8,105913.226,46179.0,9473.16,,,,,,,,,,,,,,,,,,,,,,42.68,in compliance,115386.386,2025.0,I'm not sure,No,No,No,I'm not sure,I'm not sure,,,10.187914332267237,4.394449154672439,14.581809031778008,11.656041653826497,0,0,-0.6747454984619488,1.1397422602313265,-0.6747454984619488,1.1397422602313265,0,0
2602,103988,503924000.0,,545 newbury st,boston,2215.0,545 newbury st,boston,2215.0,46858.0,,Multifamily Housing,Multifamily Housing (46858.0),53.9,87.0,2526330.8,1260596.9,66950.301,370965.4,76099.842,264829.3,,,,,,,,,,,,,,,,,,,,,28.45,in compliance,143050.143,2025.0,No,No,No,No,No,No,,,10.754877030826584,3.9871304779149512,14.742278531354739,11.870950498128229,0,6,-0.18410995756740425,0.04646945385795776,-0.18410995756740425,0.04646945385795776,0,6
2603,103989,503924000.0,,490-496 commonwealth ave,boston,2215.0,545 newbury st,boston,2215.0,165800.0,,Multifamily Housing,"Multifamily Housing (157653.0),Retail Store (3254.0),Other (4893.0)",53.2,,8823509.0,6076425.8,322718.974,805124.0,165163.137,,,,,,,,,,,,,,,,,,,,,,34.96,in compliance,487882.111,2025.0,No,No,No,No,No,No,,,12.018537521683331,3.9740583963475986,15.992930194668304,13.097829079831474,1,1,2.4583888056748924,-0.5377782359573118,2.4583888056748924,-0.5377782359573118,1,1
2607,103993,1604327000.0,keystone apartments company lp,151 hallet st,boston,2124.0,151 hallet st,boston,2124.0,279125.0,0.0,Multifamily Housing,"Multifamily Housing (279125.0),Parking (73435.0)",45.8,95.0,12771248.8,9674169.1,513795.121,907702.1,186206.009,,,,,,,,,,,,,,,,,,,,,,24.79,in compliance,700001.13,2025.0,I'm not sure,No,No,No,I'm not sure,I'm not sure,,,12.53941498914246,3.824284091120139,16.36270701492672,13.458837228309953,1,2,3.2789778632646995,-1.0792827441622188,3.2789778632646995,-1.0792827441622188,1,2
2612,103999,203512200.0,,33 third ave,boston,2129.0,sixth st,boston,2129.0,59994.0,,Multifamily Housing,Multifamily Housing (59994.0),53.5,30.0,3207266.1,1994300.0,105917.273,355500.0,72927.27,,,,,,,,,,,,,,,,,,,,,,14.34,in compliance,178844.543,2025.0,Yes,No,No,No,Yes,Yes,,,11.001999836203904,3.979681653901961,14.980929449975829,12.094272232619774,0,5,0.31431233770111383,-0.07884510331017643,0.31431233770111383,-0.07884510331017643,0,5
2614,104001,2102128000.0,kilsyth terrace condo tr,12 kilsyth ter,boston,2135.0,12  4 kilsyth te,boston,2135.0,34174.0,,Multifamily Housing,Multifamily Housing (34174.0),18.1,100.0,619297.5,194500.0,10329.895,124501.0,25540.135,,,,,,,,,,,,,,,,,,,,,,30.87,in compliance,35870.03,2025.0,No,No,No,No,No,No,,,10.43922040000822,2.89591193827178,13.336341050102245,10.487657406879478,0,3,-2.857813438101474,-2.084520646218998,-2.857813438101474,-2.084520646218998,0,3
2615,104004,2102071000.0,,71-75 kilsyth rd,boston,2135.0,71  75 kilsyth rd,boston,2135.0,28868.0,0.0,Multifamily Housing,"Multifamily Housing (28868.0),Parking (0.0)",84.5,35.0,2439280.0,2213838.9,117576.984,66073.0,13554.215,,,,,,,,,,,,,,,,,,,,,,18.53,in compliance,131131.199,2030.0,No,No,No,No,No,No,,,10.270488994192164,4.436751534363128,14.707213471756921,11.783953620081624,0,0,-0.4184171559314621,1.1917481290543985,-0.4184171559314621,1.1917481290543985,0,0
2638,104028,304896020.0,kp washington street llc,659-665 washington st,boston,2111.0,659  677 washington st,boston,2111.0,315480.0,53185.0,Multifamily Housing,"Multifamily Housing (312580.0),Parking (53185.0),Swimming Pool (0.0),Other (2900.0)",39.0,97.0,12315466.0,5441332.0,288989.143,2014693.0,413294.122,,,,,,,,,,,,,,,,,,,,,,11.99,pending revisions,702283.265,2025.0,I'm not sure,No,No,No,I'm not sure,I'm not sure,,,12.661850567511927,3.6635616461296463,16.32636642885334,13.46209211301513,1,2,3.2730155702188277,-1.4646920522427846,3.2730155702188277,-1.4646920522427846,1,2
2644,104034,504244000.0,,25-29a queensberry st,boston,2215.0,29 a25 queensberry st,boston,2215.0,38220.0,,Multifamily Housing,Multifamily Housing (38220.0),68.6,,2622733.9,2291500.3,121701.581,97079.0,19914.786,,,,,,,,,,,,,,,,,,,,,,2064.76,in compliance,141616.367,2025.0,I'm not sure,No,No,No,I'm not sure,I'm not sure,,,10.551114217794265,4.22829253473184,14.779727804979904,11.860877039720384,0,0,-0.20477014002110536,0.6348333452375372,-0.20477014002110536,0.6348333452375372,0,0
2645,104035,504231000.0,,100 jersey st,boston,2215.0,100 jersey st,boston,2215.0,43124.0,,Multifamily Housing,Multifamily Housing (43124.0),34.1,82.0,1470121.6,,,430868.0,88388.262,,,,,,,,,,,,,,,,,,,,,,22.72,in compliance,88388.262,2025.0,I'm not sure,No,No,No,I'm not sure,I'm not sure,,,10.67183496565901,3.529297384289471,14.200855676422155,11.389494457003888,0,6,-1.1655750042370667,-0.8660735547483785,-1.1655750042370667,-0.8660735547483785,0,6
2647,104038,1200420000.0,laconcha limited partnership,3 alaska st,boston,2119.0,3  15 alaska st,boston,2119.0,42548.0,,Multifamily Housing,Multifamily Housing (42548.0),53.9,80.0,2293667.0,1852782.0,98401.252,129216.0,26507.37,,,,,,,,,,,,,,,,,,,,,,41.18,in compliance,124908.622,2025.0,I'm not sure,No,No,No,I'm not sure,I'm not sure,,,10.658388129371556,3.9871304779149512,14.645662404844211,11.735337724956104,0,6,-0.4176462329199408,0.08624098683127719,-0.4176462329199408,0.08624098683127719,0,6
2648,104039,306395010.0,,1180-1200 washington st,boston,2118.0,1180  1200 washington st,boston,2118.0,125022.0,,Multifamily Housing,Multifamily Housing (125022.0),48.6,,6080163.5,3026100.0,160716.171,895094.8,183619.747,,,,,,,,,,,,,,,,,,,,,,21.92,in compliance,344335.918,2025.0,Yes,No,No,No,Yes,Yes,,,11.736245000798256,3.883623530906448,15.62054214502815,12.749372965697846,1,1,1.7092454995374338,-0.6002775757298603,1.7092454995374338,-0.6002775757298603,1,1
2651,104042,503585000.0,lafayette condominium tr,333 commonwealth ave,boston,2115.0,333 commonwealth av,boston,2115.0,42864.0,8050.0,Multifamily Housing,"Multifamily Housing (42864.0),Parking (8050.0)",23.2,99.0,995065.4,,,291637.0,59826.414,,,,,,,,,,,,,,,,,,,,,,13.11,in compliance,59826.414,2030.0,No,No,No,No,No,No,,,10.66578759178439,3.1441522786722644,13.810563742623913,10.999202548101103,0,3,-1.890467813707455,-1.6649697384675828,-1.890467813707455,-1.6649697384675828,0,3
2652,104043,304242000.0,,120-128a essex st,boston,2111.0,88  100 kingston st,boston,2111.0,75600.0,,Multifamily Housing,Multifamily Housing (75600.0),35.1,94.0,2651757.5,1493775.9,79334.438,339385.0,69621.439,,,,,,,,,,,,,,,,,,,,,,14.05,in compliance,148955.877,2025.0,No,No,No,No,No,No,,,11.233211562167625,3.55820113047182,14.790733185684637,11.911405413556407,0,4,0.030182216820647558,-1.0572957743401674,0.030182216820647558,-1.0572957743401674,0,4
2660,104052,103647000.0,,344-352 meridian st,boston,2128.0,344  352 meridian st,boston,2128.0,50000.0,,Multifamily Housing,Multifamily Housing (50000.0),66.9,70.0,3344770.1,2485683.1,132014.629,251784.0,51650.97,,,,,,,,,,,,,,,,,,,,,,45.26,in compliance,183665.599,2025.0,No,Yes,No,No,No,No,,,10.819778284410283,4.203198967134183,15.022908519735553,12.120871986382895,0,5,0.33106432891209775,0.46557880184845424,0.33106432891209775,0.46557880184845424,0,5
2662,104054,103613000.0,,401 border st,boston,2128.0,401 border st,boston,2128.0,51488.0,,Multifamily Housing,Multifamily Housing (51488.0),55.1,65.0,2835791.1,1900106.5,100914.656,274233.5,56256.26,,,,,,,,,,,,,,,,,,,,,,23.74,in compliance,157170.916,2025.0,No,No,No,No,No,No,,,10.84910404979211,4.009149716158869,14.857831503836492,11.965089129137631,0,5,0.040195773216606105,0.04934061390834443,0.040195773216606105,0.04934061390834443,0,5
2664,104058,900660000.0,,508 shawmut ave,boston,2118.0,83 w springfield st,boston,2118.0,107340.0,10000.0,Multifamily Housing,"Multifamily Housing (107340.0),Parking (10000.0)",60.1,50.0,6447157.6,4600269.3,244320.303,541292.0,111040.641,,,,,,,,,,,,,,,,,,,,,,36.14,in compliance,355360.944,2025.0,I'm not sure,No,No,No,I'm not sure,I'm not sure,,,11.58375664573082,4.096009841541162,15.679149909472489,12.78088929558578,1,1,1.7571320074417744,-0.09317867854934535,1.7571320074417744,-0.09317867854934535,1,1
2665,104059,2100170000.0,,829 beacon st,boston,2215.0,829  833 beacon st,boston,2215.0,50634.0,,Multifamily Housing,Multifamily Housing (50634.0),58.9,96.0,2980532.8,2306400.1,122492.909,197577.0,40530.946,,,,,,,,,,,,,,,,,,,,,,28.59,in compliance,163023.855,2025.0,I'm not sure,No,No,No,I'm not sure,I'm not sure,,,10.832378566386021,4.075841090657541,14.90761263444652,12.001651818774079,0,5,0.11829608923066334,0.19459587158376893,0.11829608923066334,0.19459587158376893,0,5
2688,104086,504273000.0,levenson norman a mtgee,117 park dr,boston,2215.0,117 park dr,boston,2215.0,33360.0,,Multifamily Housing,Multifamily Housing (33360.0),49.7,95.0,1656537.6,,,125215.0,25686.605,,,,,,,,,,1229304.0,91226.65,,,,,,,,,,,35.6,in compliance,116913.255,2025.0,I'm not sure,No,No,No,I'm not sure,I'm not sure,,,10.415112856472684,3.906004933102583,14.320240198925092,11.669187528542976,0,6,-0.8971737749312695,0.0415831864302205,-0.8971737749312695,0.0415831864302205,0,6
2689,104087,504270000.0,levenson norman a trst,16 queensberry st,boston,2215.0,16 queensberry st,boston,2215.0,20890.0,,Multifamily Housing,Multifamily Housing (20890.0),86.2,51.0,1800718.0,,,76332.0,15658.746,,,,,,,,,,1540273.2,114303.674,,,,,,,,,,,38.64,in compliance,129962.42,2030.0,I`m not sure,No,No,No,I`m not sure,I`m not sure,C10086,This building has been reported as part of a campus within Energy Star Portfolio Manager. This reported row of data may not encompass the energy and water usage of the entire building. See this building's corresponding Campus ID at the bottom of this data disclosure spreadsheet to view the reported energy usage for the entire campus of buildings.,9.947025854550612,4.456670177669648,14.403696032220259,11.775000610723854,0,0,-0.8538688824318402,1.3951949546571394,-0.8538688824318402,1.3951949546571394,0,0
2691,104089,2100004000.0,levenson norman a trst,195 park dr,boston,2215.0,195 park dr,boston,2215.0,20720.0,,Multifamily Housing,Multifamily Housing (20720.0),49.8,88.0,1030989.1,,,83671.0,17164.269,,,,,,,,,,745503.6,55323.822,,,,,,,,,,,61.63,in compliance,72488.091,2025.0,I'm not sure,No,No,No,I'm not sure,I'm not sure,,,9.938854696373419,3.9080149840306073,13.846029190683268,11.19117756528131,0,6,-1.9077094263666896,0.25485942911719334,-1.9077094263666896,0.25485942911719334,0,6
2692,104090,105398005.0,lewis mall apartments inc,225 sumner st,boston,2128.0,s bremen st,boston,2128.0,30096.0,0.0,Multifamily Housing,"Multifamily Housing (30096.0),Parking (1296.0)",67.9,39.0,2042101.1,1107180.7,58802.367,274009.5,56210.309,,,,,,,,,,,,,,,,,,,,,,47.71,in compliance,115012.676,2025.0,No,Yes,No,No,No,No,,,10.31214755154081,4.21803603456465,14.52948978676519,11.652797627357895,0,0,-0.7020735897433004,0.7212036867596103,-0.7020735897433004,0.7212036867596103,0,0
2700,104098,504213000.0,lincoln halls at park dr,11 park dr,boston,2215.0,11  15 park dr,boston,2215.0,52865.0,,Multifamily Housing,Multifamily Housing (52865.0),72.8,87.0,3851060.2,3277799.9,174083.953,168013.0,34466.187,,,,,,,,,,,,,,,,,,,,,,29.13,in compliance,208550.14,2025.0,No,No,No,No,No,No,,,10.875496773166628,4.28771595520264,15.16385904497816,12.247934770926712,0,5,0.5968668583938814,0.6161866621970354,0.5968668583938814,0.6161866621970354,0,5
2701,104101,304304100.0,,66-86 lincoln st,boston,2111.0,66  86 lincoln st,boston,2111.0,121133.0,367.0,Multifamily Housing,"Multifamily Housing (107440.0),Parking (367.0),Retail Store (13693.0)",76.7,7.0,9290327.2,3195382.9,169706.786,1786326.0,366446.916,,,,,,,,,,,,,,,,,,,,,,24.71,in compliance,536153.702,2025.0,I'm not sure,No,No,No,I'm not sure,I'm not sure,,,11.70464439448365,4.33990170837321,16.04448433083717,13.192176156408562,1,1,2.4999100768586167,0.36452543675887766,2.4999100768586167,0.36452543675887766,1,1
2704,104104,502282002.0,lincolnshire condominium tr,20-26 charles st,boston,2114.0,20  26 charles st,boston,2114.0,62800.0,,Multifamily Housing,Multifamily Housing (62800.0),66.4,86.0,4172942.9,3843599.7,204133.58,96525.0,19801.139,,,,,,,,,,,,,,,,,,,,,,19.77,in compliance,223934.719,2025.0,No,No,No,No,No,No,,,11.04771035245629,4.1956970564823886,15.24413207627854,12.319109855326603,1,5,0.7856878245376242,0.3483494625406463,0.7856878245376242,0.3483494625406463,1,5
2707,104109,1301235000.0,lionhead apartments llc mass llc,713 dudley st,boston,2125.0,713 dudley st,boston,2125.0,37254.0,,Multifamily Housing,Multifamily Housing (37254.0),47.8,94.0,1782149.8,1213830.0,64466.511,166565.0,34169.144,,,,,,,,,,,,,,,,,,,,,,19.05,in compliance,98635.655,2030.0,No,No,No,No,No,No,,,10.525514600592947,3.86702563949741,14.393330946330538,11.499188087800722,0,6,-0.9095867098520614,-0.10416965789228641,-0.9095867098520614,-0.10416965789228641,0,6
2708,104110,1301236000.0,lionhead apartments llc mass llc,715-723 dudley st,boston,2125.0,715  723 dudley st,boston,2125.0,47624.0,,Multifamily Housing,Multifamily Housing (47624.0),42.6,97.0,2029739.8,1340410.0,71189.175,202031.0,41444.639,,,,,,,,,,,,,,,,,,,,,,48.81,pending revisions,112633.814,2025.0,No,No,No,No,No,No,,,10.771092114833227,3.751854253275325,14.523418165462651,11.63189725155994,0,6,-0.5998649092260095,-0.45171927366831477,-0.5998649092260095,-0.45171927366831477,0,6
2709,104111,2100792000.0,,56 brighton ave,boston,2134.0,56 brighton av,boston,2134.0,21235.0,,Multifamily Housing,Multifamily Housing (21235.0),16.2,100.0,343264.0,45700.0,2427.127,87211.0,17890.465,,,,,,,,,,,,,,,,,,,,,,11133.89,pending revisions,20317.592,2025.0,No,No,No,No,No,No,,,9.963406042747371,2.785011242238338,12.746255109397156,9.919242390733263,0,7,-4.0629286598637275,-2.1052702803079373,-4.0629286598637275,-2.1052702803079373,0,7
2713,104115,304466000.0,,40-44 harrison ave,boston,2111.0,40  44 harrison av,boston,2111.0,33457.0,,Multifamily Housing,"Personal Services (Health/Beauty, Dry Cleaning, etc) (2850.0),Restaurant (5311.0),Multifamily Housing (25296.0)",67.4,10.0,2253810.7,401449.6,21320.988,542896.0,111369.685,,,,,,,,,,,,,,,,,,,,,,59.2,in compliance,132690.673,2030.0,No,No,No,No,No,No,,,10.4180163112265,4.210645017918261,14.628132986026609,11.795775931489885,0,0,-0.45835913913937754,0.6622892214682744,-0.45835913913937754,0.6622892214682744,0,0
2719,104121,2101072000.0,long-glen rental llc mass llc,10 long ave,boston,2134.0,10 long av,boston,2134.0,50250.0,,Multifamily Housing,Multifamily Housing (50250.0),54.7,99.0,2748706.8,2540274.5,134913.979,61088.0,12531.592,,,,,,,,,,,,,,,,,,,,,,32.64,in compliance,147445.571,2030.0,No,No,No,No,No,No,,,10.824765825921322,4.001863709427935,14.826641104492955,11.901214376491513,0,5,-0.048177308083983045,0.042741138898507954,-0.048177308083983045,0.042741138898507954,0,5
2721,104125,2101770000.0,longfellow manor condo tr,1476-1480 commonwealth ave,boston,2135.0,1488  1476 commonwealth av,boston,2135.0,55000.0,,Multifamily Housing,Multifamily Housing (55000.0),15.5,100.0,855085.9,233300.0,12390.563,182235.0,37383.688,,,,,,,,,,,,,,,,,,,,,,35.3,in compliance,49774.251,2025.0,No,No,No,No,No,No,,,10.915088464214607,2.740840023925201,13.6589572107086,10.815253081104462,0,3,-2.1280462158254063,-2.6158675938721405,-2.1280462158254063,-2.6158675938721405,0,3
2722,104127,2004863000.0,longfellow non profit,885 south st,boston,2131.0,885 south st,boston,2131.0,44990.0,,Multifamily Housing,Multifamily Housing (44990.0),67.5,27.0,3038070.6,2121556.3,112675.855,268615.0,55103.681,,,,,,,,,,,,,,,,,,,,,,34.28,in compliance,167779.536,2025.0,No,No,No,No,No,No,,,10.714195521835219,4.212127597878484,14.926733200840843,12.030406110870176,0,5,0.12820575668512085,0.5310298135165,0.12820575668512085,0.5310298135165,0,5
2723,104128,1000017000.0,,1575 tremont st,boston,2120.0,1575 tremont st,boston,2120.0,166440.0,,Multifamily Housing,Multifamily Housing (166440.0),64.0,71.0,10648223.4,7807392.0,414650.589,832600.1,170799.585,,,,,,,,,,,,,,,,,,,,,,43.13,in compliance,585450.174,2025.0,No,No,No,No,No,No,,,12.022390163096878,4.1588830833596715,16.180903619302814,13.280136358484103,1,1,2.803748451426608,-0.1552412148242143,2.803748451426608,-0.1552412148242143,1,1
2725,104133,2101822000.0,,153 kelton st,boston,2134.0,3  15 lorraine te,boston,2134.0,37488.0,,Multifamily Housing,Multifamily Housing (37488.0),54.7,95.0,2050903.1,1575400.0,83669.494,139362.0,28588.721,,,,,,,,,,,,,,,,,,,,,,62.77,in compliance,112258.215,2025.0,No,No,No,No,No,No,,,10.531776160747578,4.001863709427935,14.533790790692205,11.628556987781854,0,6,-0.6555543051328899,0.17290495679768134,-0.6555543051328899,0.17290495679768134,0,6
2728,104136,303063000.0,,100 lovejoy whf,boston,2114.0,100 lovejoy wh,boston,2114.0,253788.0,,Multifamily Housing,"Restaurant (7169.0),Multifamily Housing (245012.0),Fitness Center/Health Club/Gym (1607.0)",46.5,67.0,11797578.0,5284367.0,280652.731,1908913.0,391594.413,,,,,,,,,,,,,,,,,,,,,,23.99,in compliance,672247.144,2025.0,I'm not sure,No,No,No,I'm not sure,I'm not sure,,,12.44425455182075,3.8394523125933104,16.28340481413107,13.4183813257026,1,2,3.1342642925652364,-1.0031655133823802,3.1342642925652364,-1.0031655133823802,1,2
2732,104140,306171000.0,,140 shawmut ave,boston,2118.0,136 -140r shawmut av,boston,2118.0,58814.0,10000.0,Multifamily Housing,"Multifamily Housing (58814.0),Parking (10000.0)",56.6,65.0,3326596.3,1468752.0,78005.419,544503.0,111699.345,,,,,,,,,,,,,,,,,,,,,,16.38,in compliance,189704.764,2030.0,No,No,No,No,No,No,,,10.98213520078464,4.036008985209137,15.017460207091215,12.15322426894462,0,5,0.39288516926057343,0.04865100492705185,0.39288516926057343,0.04865100492705185,0,5
2735,104143,105744000.0,lyman school limited,30 gove st,boston,2128.0,30 gove st,boston,2128.0,41373.0,,Multifamily Housing,Multifamily Housing (41373.0),59.6,81.0,2465433.2,1829361.4,97157.384,186422.0,38242.609,,,,,,,,,,,,,,,,,,,,,,34.34,in compliance,135399.993,2025.0,No,Yes,No,No,No,No,,,10.630383773142448,4.087655574071304,14.71787809038351,11.81598858776164,0,5,-0.2852324941964164,0.3083172107038849,-0.2852324941964164,0.3083172107038849,0,5
2739,104147,902160000.0,madison  haynes  llc,735 shawmut ave,boston,2119.0,725  751 shawmut av,boston,2119.0,138710.0,0.0,Multifamily Housing,"Multifamily Housing (138710.0),Parking (35370.0)",56.6,77.0,7851496.9,5449472.9,289421.506,703993.0,144417.124,,,,,,,,,,,,,,,,,,,,,,44.88,in compliance,433838.63,2025.0,I'm not sure,No,No,No,I'm not sure,I'm not sure,,,11.840140701757337,4.036008985209137,15.876214759478055,12.980427923663745,1,1,2.193337157260987,-0.3304977937649085,2.193337157260987,-0.3304977937649085,1,1
2742,104150,402270000.0,madison botolph ii,351 massachusetts ave,boston,2115.0,351  367 massachusetts av,boston,2115.0,57750.0,,Multifamily Housing,Multifamily Housing (57750.0),81.8,60.0,4723660.7,3679384.0,195412.084,306060.0,62785.148,,,,,,,,,,,,,,,,,,,,,,53.94,in compliance,258197.232,2025.0,I'm not sure,No,No,No,I'm not sure,I'm not sure,,,10.96387862838404,4.404277243608702,15.368094628995062,12.461479036965411,1,5,1.0062317809977315,0.8204822340253637,1.0062317809977315,0.8204822340253637,1,5
2744,104152,1200023010.0,madison housing dev llc mass llc,205  213 dudley st,boston,2119.0,205  213 dudley st,boston,2119.0,44000.0,,Multifamily Housing,Multifamily Housing (44000.0),43.5,97.0,1911904.3,1283216.0,68151.602,184258.0,37798.686,,,,,,,,,,,,,,,,,,,,,,56.1,in compliance,105950.288,2030.0,I'm not sure,No,No,No,I'm not sure,I'm not sure,,,10.691944912900398,3.7727609380946383,14.46361031903957,11.570725281956083,0,6,-0.7325165615197949,-0.3737407868667649,-0.7325165615197949,-0.3737407868667649,0,6
2745,104153,902230010.0,madison melnea cass llc,40 raynor ci,boston,2119.0,40 raynor ci,boston,2119.0,22256.0,0.0,Multifamily Housing,"Multifamily Housing (22256.0),Parking (3000.0)",45.4,,1011277.6,625271.2,33208.153,113132.0,23207.898,,,,,,,,,,,,,,,,,,,,,,32.1,in compliance,56416.051,2030.0,I'm not sure,No,No,No,I'm not sure,I'm not sure,,,10.010366914163225,3.8155121050473024,13.826725039936656,10.940508989196054,0,6,-2.093286173747696,0.015580802898254162,-2.093286173747696,0.015580802898254162,0,6
2749,104157,902126010.0,,2093  2115 washington st,boston,2119.0,2093  2115 washington st,boston,2119.0,45200.0,,Multifamily Housing,Multifamily Housing (45200.0),46.6,54.0,2106527.5,1042700.0,55377.797,311790.0,63960.601,,,,,,,,,,,,,,,,,,,,,,32.01,in compliance,119338.398,2030.0,I'm not sure,No,No,No,I'm not sure,I'm not sure,,,10.718852365820323,3.8416005411316,14.560551415146282,11.689718417154902,0,6,-0.530061190888637,-0.24061331340145617,-0.530061190888637,-0.24061331340145617,0,6
2757,104167,2100555000.0,,40 malvern st,boston,2134.0,ashford st,boston,2134.0,39180.0,0.0,Multifamily Housing,"Multifamily Housing (39180.0),Parking (13000.0)",71.0,83.0,2780396.1,1933039.5,102663.728,248346.0,50945.698,,,,,,,,,,,,,,,,,,,,,,61.87,in compliance,153609.426,2025.0,No,No,No,No,No,No,,,10.575921691498532,4.2626798770413155,14.83810395753161,11.94216846500032,0,5,-0.07288110873237261,0.6969238063384027,-0.07288110873237261,0.6969238063384027,0,5
2759,104174,1902115000.0,mansion house,332 jamaicaway,boston,2130.0,332 jamaicaway st,boston,2130.0,20000.0,,Multifamily Housing,Multifamily Housing (20000.0),103.1,33.0,2061663.0,1683253.4,89397.588,110905.5,22751.154,,,,,,,,,,,,,,,,,,,,,,30.67,in compliance,112148.742,2030.0,No,No,No,No,No,No,,,9.903487552536127,4.635699391022914,14.539023496642672,11.627581322765513,0,0,-0.8210074384837177,1.7679552189940342,-0.8210074384837177,1.7679552189940342,0,0
2760,104175,1202491000.0,maple commons apartments,15-19 maple st,boston,2121.0,15  19 maple st,boston,2121.0,27344.0,,Multifamily Housing,Multifamily Housing (27344.0),61.9,75.0,1692056.4,1268313.3,67360.119,124192.0,25476.747,,,,,,,,,,,,,,,,,,,,,,60.2,in compliance,92836.866,2030.0,No,No,No,No,No,No,,,10.216252405355371,4.12552017969055,14.341455151926096,11.4385991028173,0,6,-1.0956224409498398,0.5690786968166425,-1.0956224409498398,0.5690786968166425,0,6
2763,104182,2002294000.0,,26-30 bellevue st,boston,2132.0,26  30 bellevue st,boston,2132.0,36210.0,,Multifamily Housing,Multifamily Housing (36210.0),69.9,55.0,2532293.1,39000.0,2071.29,61588.0,12634.162,,,,,,,,,,2283154.8,169432.918,,,,,,,,,,,21.09,in compliance,184138.37,2030.0,No,No,No,No,No,No,,,10.497090602759688,4.247065649239764,14.744635813840569,12.123442764842194,0,5,-0.06762498739655888,0.7176898624781423,-0.06762498739655888,0.7176898624781423,0,5
2765,104184,2101287000.0,,116 warren st,boston,2135.0,116 warren st,boston,2135.0,20190.0,,Multifamily Housing,Multifamily Housing (20190.0),60.3,90.0,1217930.6,54500.0,2894.495,40178.0,8242.115,,,,,,,,,,1026343.3,76164.936,,,,,,,,,,,29.27,in compliance,87301.546,2030.0,No,No,No,No,No,No,,,9.912942711306883,4.09933210373314,14.012663746975104,11.377123450720145,0,6,-1.5925351183159242,0.6659656062064373,-1.5925351183159242,0.6659656062064373,0,6
2768,104187,303543000.0,,300-322 commercial st,boston,2109.0,300 commercial st,boston,2109.0,186285.0,,Multifamily Housing,Multifamily Housing (186285.0),30.9,82.0,5760951.3,1425548.4,75710.876,1270634.0,260657.859,,,,,,,,,,,,,,,,,,,,,,11.4,in compliance,336368.735,2025.0,Yes,No,No,No,Yes,Yes,,,12.135033038050242,3.4307561839036995,15.566613175285282,12.725963262809307,1,4,1.7399138755626322,-1.7161493014904787,1.7399138755626322,-1.7161493014904787,1,4
2776,104207,304838000.0,,70-80 mason st,boston,2111.0,19 avery st,boston,2111.0,134915.0,,Multifamily Housing,"Multifamily Housing (121629.0),College/University (13286.0)",66.9,70.0,9030730.3,6889888.0,365921.952,627445.0,128714.067,,,,,,,,,,,,,,,,,,,,,,40.46,in compliance,494636.019,2025.0,No,No,No,No,No,No,,,11.81240022949096,4.203198967134183,16.016143796984544,13.111577455922527,1,1,2.438382694101232,0.029188895758756984,2.438382694101232,0.029188895758756984,1,1
2790,104224,1000037000.0,mass college of pharmacy &,660 huntington ave,boston,2120.0,660 huntington av,boston,2120.0,21700.0,,Multifamily Housing,Multifamily Housing (21700.0),97.3,81.0,2111400.0,1970060.6,104629.918,41424.2,8497.76,,,,,,,,,,,,,,,,,,,,,,30.71,in compliance,113127.678,2025.0,No,No,No,No,No,No,,,9.98506753952855,4.577798989191959,14.562861792537731,11.636272353650204,0,0,-0.7657845253888341,1.6105806917350383,-0.7657845253888341,1.6105806917350383,0,0
2826,104266,104447000.0,,marginal st,boston,2128.0,marginal st,boston,2128.0,196763.0,40052.0,Multifamily Housing,"Multifamily Housing (196763.0),Parking (74456.0)",31.3,96.0,6158554.6,1180617.3,62702.585,1458950.0,299289.003,,,,,,,,,,,,,,,,,,,,,,22.3,in compliance,361991.588,2025.0,No,No,No,No,No,No,,,12.189755237794465,3.4436180975461075,15.633352665119617,12.79937625296885,1,4,1.8835989525989538,-1.7131095792688973,1.8835989525989538,-1.7131095792688973,1,4
2827,104267,104447010.0,,marginal st,boston,2128.0,marginal st,boston,2128.0,291137.0,98817.0,Multifamily Housing,"Multifamily Housing (291137.0),Swimming Pool (0.0),Parking (98817.0)",30.4,99.0,8851694.8,2297738.7,122032.902,1920855.0,394044.195,,,,,,,,,,,,,,,,,,,,,,25.78,in compliance,516077.097,2025.0,No,No,No,No,No,No,,,12.581549225744617,3.414442608412176,15.996119501474645,13.154011446093419,1,2,2.655998652639445,-1.9465786850926545,2.655998652639445,-1.9465786850926545,1,2
2883,104325,503529000.0,,8 gloucester st,boston,2115.0,8 gloucester st,boston,2115.0,20206.0,,Multifamily Housing,Multifamily Housing (20206.0),71.4,,1442878.9,,,61576.0,12631.701,,,,,,,,,,1232781.6,91484.723,,,,,,,,,,,21.21,in compliance,104116.424,2030.0,No,No,No,No,No,No,,,9.913734868987678,4.268297869345539,14.182150911850405,11.553265013532146,0,0,-1.2734428340396327,1.0177308743216953,-1.2734428340396327,1.0177308743216953,0,0
2889,104331,1801691020.0,mattapan center for life inc,555 river st,boston,2126.0,555 river st,boston,2126.0,52970.0,,Multifamily Housing,Multifamily Housing (52970.0),47.4,91.0,2511151.7,2251157.3,119558.964,76200.0,15631.668,,,,,,,,,,,,,,,,,,,,,,23.11,in compliance,135190.632,2025.0,No,No,No,No,No,No,,,10.877480994538573,3.858622228701031,14.736252050492478,11.814441150249513,0,6,-0.19868781932656612,-0.2783275594999321,-0.19868781932656612,-0.2783275594999321,0,6
2920,104371,1103774000.0,mcleod robert n,131 morton st,boston,2130.0,131  141 morton st,boston,2130.0,52300.0,,Multifamily Housing,Multifamily Housing (52300.0),52.7,72.0,2757387.6,1883484.2,100031.846,256126.4,52541.77,,,,,,,,,,,,,,,,,,,,,,37.62,in compliance,152573.616,2025.0,No,No,No,No,No,No,,,10.864751650053014,3.9646154555473165,14.829794267719636,11.935402486422841,0,5,-0.00902298650330963,-0.050219007099305865,-0.00902298650330963,-0.050219007099305865,0,5
2921,104373,1704530000.0,,1943-1945 dorchester ave,boston,2124.0,1943 r dorchester av,boston,2124.0,43836.0,,Multifamily Housing,Multifamily Housing (43836.0),38.3,79.0,1680126.7,,,492417.0,101014.423,,,,,,,,,,,,,,,,,,,,,,20.53,in compliance,101014.423,2025.0,I'm not sure,No,No,No,I'm not sure,I'm not sure,,,10.688210676583283,3.6454498961866,14.334379765202414,11.523018587608362,0,6,-0.9142125162521328,-0.6313460015635434,-0.9142125162521328,-0.6313460015635434,0,6
2928,104384,2101749000.0,melvin hill condo tr,301 allston st,boston,2135.0,301 allston st,boston,2135.0,45654.0,,Multifamily Housing,Multifamily Housing (45654.0),93.1,56.0,4251522.9,3809999.8,202349.089,129403.0,26545.731,,,,,,,,,,,,,,,,,,,,,,3334.34,in compliance,228894.82,2025.0,No,No,No,No,No,No,,,10.728846505404578,4.533674184283021,15.262787806127713,12.341017875715178,0,5,0.7361380680326018,1.1921664354152606,0.7361380680326018,1.1921664354152606,0,5
2935,104401,801172000.0,,83-93 e dedham st,boston,2118.0,100  112 e canton st,boston,2118.0,280000.0,37000.0,Multifamily Housing,"Multifamily Housing (280000.0),Swimming Pool (0.0),Parking (37000.0)",62.1,50.0,17399151.2,8024373.2,426174.461,2747590.0,563640.613,,,,,,,,,,,,,,,,,,,,,,19.35,in compliance,989815.074,2025.0,No,No,No,No,No,No,,,12.542544882151386,4.128745988939433,16.6719319813857,13.805273410723219,1,2,3.8790285957462256,-0.4441635554716627,3.8790285957462256,-0.4441635554716627,1,2
2937,104407,303636000.0,mercantile wharf associates,101-117 atlantic ave,boston,2109.0,71  87 commercial st,boston,2109.0,159005.0,,Multifamily Housing,Multifamily Housing (159005.0),58.8,58.0,9356949.1,6499172.1,345171.03,837566.5,171818.392,,,,,,,,,,,,,,,,,,,,,,24.29,in compliance,516989.422,2025.0,No,No,No,No,No,No,,,11.976690927248818,4.074141854904581,16.05162984446555,13.155777692933087,1,1,2.555006245725185,-0.3110381294618587,2.555006245725185,-0.3110381294618587,1,1
2940,104410,400790000.0,methunion manor coop corp,4-6 braddock park,boston,2116.0,6  4 braddock pk,boston,2116.0,168265.0,,Multifamily Housing,"Multifamily Housing (151767.0),Retail Store (16498.0)",102.5,47.0,17251400.2,14200570.8,754192.315,894147.0,183425.316,,,,,,,,,,,,,,,,,,,,,,48.08,in compliance,937617.631,2025.0,No,No,No,No,No,No,,,12.03329539657914,4.629862798578463,16.663403869161947,13.751097502022283,1,1,3.691733755910874,0.8196407028423005,3.691733755910874,0.8196407028423005,1,1
2941,104411,305424030.0,metropolitan residential i,1-3 nassau st,boston,2111.0,1 nassau st,boston,2111.0,350000.0,,Multifamily Housing,Multifamily Housing (350000.0),54.0,47.0,18916800.3,9914303.3,526548.648,2638481.0,541257.992,,,,,,,,,,,,,,,,,,,,,,36.72,in compliance,1067806.64,2025.0,No,No,No,No,No,No,,,12.765688433465597,3.9889840465642745,16.755560989949906,13.881117233421847,1,2,4.088795387728345,-0.8336520043394285,4.088795387728345,-0.8336520043394285,1,2
2942,104412,401451100.0,,120 norway st,boston,2116.0,120 norway st,boston,2116.0,21241.0,,Multifamily Housing,Multifamily Housing (21241.0),28.5,67.0,605896.1,,,177578.0,36428.351,,,,,,,,,,,,,,,,,,,,,,18.11,in compliance,36428.351,2030.0,I'm not sure,No,No,No,I'm not sure,I'm not sure,,,9.963688555226884,3.349904087274605,13.314463798206639,10.50310262408655,0,3,-3.000237223276951,-0.9280422708852135,-3.000237223276951,-0.9280422708852135,0,3
2943,104413,2100917000.0,mg quint corp,36 quint ave,boston,2134.0,36  44 quint av,boston,2134.0,51784.0,,Multifamily Housing,Multifamily Housing (51784.0),58.3,85.0,3017251.7,2622200.1,139265.047,115783.0,23751.725,,,,,,,,,,,,,,,,,,,,,,24.09,in compliance,163016.772,2025.0,No,No,No,No,No,No,,,10.854836500225346,4.065602093356446,14.919856941906946,12.001608370201021,0,5,0.13811443700034226,0.16258941330925644,0.13811443700034226,0.16258941330925644,0,5
2947,104420,602750050.0,,15 channel center st,boston,2127.0,15 channel center st,boston,2127.0,201748.0,,Multifamily Housing,Multifamily Housing (201748.0),36.5,52.0,7365167.2,2368801.0,125807.021,1464351.0,300396.964,,,,,,,,,,,,,,,,,,,,,,12.56,in compliance,426203.985,2025.0,No,No,No,No,No,No,,,12.214774672824074,3.597312260588446,15.812272309589954,12.96267334867333,1,2,2.2103234264985696,-1.4052071615305988,2.2103234264985696,-1.4052071615305988,1,2
2949,104422,304488000.0,,558-580 washington st,boston,2111.0,580 washington st,boston,2111.0,456000.0,,Multifamily Housing,Multifamily Housing (456000.0),45.1,72.0,20572039.5,8116701.0,431077.99,3650451.0,748853.518,,,,,,,,,,,,,,,,,,,,,,31.21,in compliance,1179931.508,2025.0,No,No,No,No,No,No,,,13.030248088496522,3.8088822465086327,16.839443405960655,13.980966950689428,1,2,4.327922994309952,-1.3238415933096168,4.327922994309952,-1.3238415933096168,1,2
2950,104423,304832020.0,,1 avery st #ph,boston,2111.0,1 avery st,boston,2111.0,362409.0,,Multifamily Housing,"Restaurant (6196.0),Multifamily Housing (356213.0)",58.6,52.0,21248215.1,11525273.0,612107.249,2848875.0,584418.218,,,,,,,,,,,,,,,,,,2580.6,191.506,,,20.98,in compliance,1196716.973,2025.0,No,No,No,No,No,No,,,12.800528687279678,4.070734696582967,16.87178345451278,13.995092509631412,1,2,4.312038094666047,-0.6790067380230266,4.312038094666047,-0.6790067380230266,1,2
2954,104427,2101025000.0,,1277 commonwealth ave,boston,2134.0,1277 commonwealth av,boston,2134.0,63287.0,,Multifamily Housing,Multifamily Housing (63287.0),61.8,90.0,3909404.1,2831454.4,150378.543,315929.0,64809.675,,,,,,,,,,,,,,,,,,,,,,43.87,in compliance,215188.218,2025.0,No,No,No,No,No,No,,,11.055435215792679,4.123903364463645,15.178895516254792,12.27926835670035,1,5,0.6859282746508775,0.19704363676977255,0.6859282746508775,0.19704363676977255,1,5
2957,104430,2100169000.0,miner realty inc,839-843 beacon st,boston,2215.0,839 beacon st,boston,2215.0,46850.0,0.0,Multifamily Housing,"Multifamily Housing (46850.0),Parking (0.0)",42.2,89.0,1975288.6,1081000.0,57411.91,262101.0,53767.399,,,,,,,,,,,,,,,,,,,,,,15.8,in compliance,111179.309,2025.0,No,No,No,No,No,No,,,10.754706287666568,3.742420221041966,14.496225072224188,11.618899573341537,0,6,-0.6437921321697422,-0.46340765248494353,-0.6437921321697422,-0.46340765248494353,0,6
2959,104432,900860010.0,,1721 washington st,boston,2118.0,1721 washington st,boston,2118.0,53960.0,,Multifamily Housing,Multifamily Housing (53960.0),67.9,21.0,3663915.0,1935000.0,102767.85,506716.0,103947.72,,,,,,,,,,,,,,,,,,,,,,18.0,in compliance,206715.57,2025.0,I'm not sure,No,No,No,I'm not sure,I'm not sure,,,10.895998310321692,4.21803603456465,15.114042805817109,12.23909906939319,0,5,0.5402852119078121,0.4647925719903783,0.5402852119078121,0.4647925719903783,0,5
2960,104435,202350000.0,,9 w school st,boston,2129.0,9 w school st,boston,2129.0,43081.0,,Multifamily Housing,Multifamily Housing (43081.0),50.0,73.0,2154222.5,1433436.7,76129.823,211250.2,43335.866,,,,,,,,,,,,,,,,,,,,,,6.5,in compliance,119465.689,2025.0,No,No,No,No,No,No,,,10.670837343628586,3.912023005428146,14.582940427556915,11.690784487787568,0,6,-0.5171710948935361,-0.07435781085923959,-0.5171710948935361,-0.07435781085923959,0,6
2962,104437,202315000.0,mishawum park tenants assoc,216-232 main st,boston,2129.0,main st,boston,2129.0,20689.0,,Multifamily Housing,Multifamily Housing (20689.0),48.1,,995806.8,749957.3,39830.232,72054.4,14781.24,68704.6,,,,,,,,,,,,,,,,,,,,,56.56,in compliance,54611.472,2030.0,No,No,No,No,No,No,,,9.937357437043744,3.8732821771117156,13.811308541847362,10.907999249553114,0,6,-2.1540658026843533,0.16674675194475855,-2.1540658026843533,0.16674675194475855,0,6
2965,104440,202370000.0,mishawum park tenants assoc,2-60 dunstable st,boston,2129.0,rutherford av,boston,2129.0,53548.0,,Multifamily Housing,Multifamily Housing (53548.0),54.5,89.0,2919360.9,1941066.0,103090.015,286721.8,58818.11,126264.4,,,,,,,,,,,,,,,,,,,,,44.67,in compliance,161908.125,2025.0,No,No,No,No,No,No,,,10.888333726905788,3.9982007016691985,14.886875280425947,11.994784323706055,0,5,0.104820875160528,0.00946561714090712,0.104820875160528,0.00946561714090712,0,5
2969,104444,202390000.0,mishawum park tenants assoc,65-91 dunstable st,boston,2129.0,main st,boston,2129.0,25557.0,,Multifamily Housing,Multifamily Housing (25557.0),56.0,83.0,1432388.7,926417.8,49202.049,148291.6,30420.539,39456.4,,,,,,,,,,,,,,,,,,,,,51.0,in compliance,79622.588,2025.0,No,No,No,No,No,No,,,10.14866653071095,4.02535169073515,14.174854028217437,11.285053100421932,0,6,-1.4135129460941032,0.39133504836700556,-1.4135129460941032,0.39133504836700556,0,6
2970,104445,202390000.0,mishawum park tenants assoc,3-59 dunstable st,boston,2129.0,main st,boston,2129.0,45029.0,,Multifamily Housing,Multifamily Housing (45029.0),53.3,91.0,2402037.1,1632260.1,86689.334,225608.7,46281.369,110474.4,,,,,,,,,,,,,,,,,,,,,60.6,in compliance,132970.703,2025.0,No,No,No,No,No,No,,,10.715062005631752,3.975936331171799,14.6918277269649,11.797884104743597,0,6,-0.30507597911964357,0.039233693498512454,-0.30507597911964357,0.039233693498512454,0,6
2973,104448,202400000.0,mishawum park tenants assoc,70-110 dunstable st,boston,2129.0,310  320 main st,boston,2129.0,37727.0,,Multifamily Housing,Multifamily Housing (37727.0),55.0,86.0,2076420.2,1367569.2,72631.6,207752.4,42618.327,47391.3,,,,,,,,,,,,,,,,,,,,,45.76,in compliance,115249.927,2025.0,No,No,No,No,No,No,,,10.538131297472674,4.007333185232471,14.546155911263925,11.654858327453054,0,6,-0.6209862937330882,0.1825150541972938,-0.6209862937330882,0.1825150541972938,0,6
2974,104449,202400000.0,mishawum park tenants assoc,2-38 tibbett's town way,boston,2129.0,310  320 main st,boston,2129.0,34076.0,,Multifamily Housing,Multifamily Housing (34076.0),53.8,90.0,1834747.9,1235223.7,65602.731,175710.5,36045.252,76067.4,,,,,,,,,,,,,,,,,,,,,40.49,in compliance,101647.983,2025.0,No,No,No,No,No,No,,,10.436348603162731,3.9852734671677386,14.42241764583655,11.52927097626248,0,6,-0.8792213100577815,0.18122775038570435,-0.8792213100577815,0.18122775038570435,0,6
2976,104451,202450000.0,mishawum park tenants assoc,1-43 tibbett's town way,boston,2129.0,330  340 main st,boston,2129.0,35293.0,,Multifamily Housing,Multifamily Housing (35293.0),50.9,95.0,1797085.9,1279338.9,67945.689,151743.0,31128.559,75467.3,,,,,,,,,,,,,,,,,,,,,26.59,in compliance,99074.248,2025.0,No,No,No,No,No,No,,,10.471439922974001,3.929862923556477,14.401676966515264,11.503624827820392,0,6,-0.9115060004070918,0.05007094125151429,-0.9115060004070918,0.05007094125151429,0,6
2977,104452,202450000.0,mishawum park tenants assoc,53-89 tibbett's town way,boston,2129.0,330  340 main st,boston,2129.0,29208.0,,Multifamily Housing,Multifamily Housing (29208.0),57.9,80.0,1691415.1,1058763.2,56230.914,185419.6,38036.977,75331.3,,,,,,,,,,,,,,,,,,,,,62.65,in compliance,94267.891,2025.0,No,No,No,No,No,No,,,10.282197923335472,4.05871738457895,14.341076073806077,11.453895912229472,0,6,-1.0671718350540982,0.4021661861216696,-1.0671718350540982,0.4021661861216696,0,6
2980,104457,1000001020.0,mission main phase two lps mass lps,24-46 saint alphonsus st,boston,2120.0,34  46 st alphonsus st,boston,2120.0,63502.0,,Multifamily Housing,Multifamily Housing (63502.0),60.9,75.0,3864542.5,2664316.9,141501.871,351766.0,72161.277,,,,,,,,,,,,,,,,,,,,,,58.57,in compliance,213663.148,2025.0,I'm not sure,No,No,No,I'm not sure,I'm not sure,,,11.058826680447785,4.109233174715851,15.167353863010316,12.272155979080377,0,5,0.6688052383178292,0.16527441500060217,0.6688052383178292,0.16527441500060217,0,5
2982,104462,1000001040.0,mission main phase two lps mass lps,32-38 mcgreevey way,boston,2120.0,32  38 mcgreevey wy,boston,2120.0,28502.0,,Multifamily Housing,Multifamily Housing (28502.0),65.8,67.0,1875870.5,1267589.4,67321.673,178277.0,36571.744,,,,,,,,,,,,,,,,,,,,,,60.46,in compliance,103893.417,2030.0,I'm not sure,No,No,No,I'm not sure,I'm not sure,,,10.257729539233157,4.186619838331271,14.44458337631489,11.551120816081015,0,0,-0.8867146362113697,0.678742832878109,-0.8867146362113697,0.678742832878109,0,0
2983,104464,1000001045.0,mission main phase two lps mass lps,631-651 parker st,boston,2120.0,631  649 parker st,boston,2120.0,68290.0,,Multifamily Housing,Multifamily Housing (68290.0),59.6,85.0,4069393.2,2876298.7,152760.224,349676.0,71732.535,,,,,,,,,,,,,,,,,,,,,,62.24,in compliance,224492.759,2025.0,I'm not sure,No,No,No,I'm not sure,I'm not sure,,,11.131518621955134,4.087655574071304,15.219004455394533,12.321598731746727,1,5,0.7824033143032266,0.0883406234357807,0.7824033143032266,0.0883406234357807,1,5
2985,104473,1000001025.0,mission main revitalization,69 mcgreevey way,boston,2120.0,69 mcgreevey wy,boston,2120.0,105918.0,0.0,Multifamily Housing,"Multifamily Housing (105918.0),Parking (20790.0)",48.8,89.0,5165173.1,3197404.5,169814.153,576720.0,118308.341,,,,,,,,,,,,,,,,,,,,,,37.09,in compliance,288122.494,2025.0,I'm not sure,No,No,No,I'm not sure,I'm not sure,,,11.570420488817337,3.8877303128591016,15.45744917401108,12.571140995081343,1,1,1.351621953368389,-0.5200659632171148,1.351621953368389,-0.5200659632171148,1,1
2986,104474,1000001035.0,mission main revitalization,601-629 parker st,boston,2120.0,mcgreevey wy,boston,2120.0,113145.0,0.0,Multifamily Housing,"Multifamily Housing (113145.0),Parking (17010.0)",59.3,84.0,6707911.9,4784895.0,254125.773,563604.0,115617.725,,,,,,,,,,,,,,,,,,,,,,62.52,in compliance,369743.498,2025.0,I'm not sure,No,No,No,I'm not sure,I'm not sure,,,11.636425460955842,4.08260930600368,15.718798268267136,12.820564795563799,1,1,1.8447491701417453,-0.14416379468399523,1.8447491701417453,-0.14416379468399523,1,1
2987,104480,1000001050.0,mission main revitalization,2-20 horadan way,boston,2120.0,smith st,boston,2120.0,74517.0,,Multifamily Housing,Multifamily Housing (74517.0),61.7,76.0,4595973.2,3251304.0,172676.755,394100.0,80845.674,,,,,,,,,,,,,,,,,,,,,,55.42,in compliance,253522.429,2025.0,I'm not sure,No,No,No,I'm not sure,I'm not sure,,,11.21878256625621,4.122283930911342,15.340691086776253,12.443207575417043,1,5,1.0315292221708834,0.12202681296368653,1.0315292221708834,0.12202681296368653,1,5
2990,104486,2100542000.0,montrose inc,72 gardner st,boston,2134.0,72 gardner st,boston,2134.0,61020.0,,Multifamily Housing,Multifamily Housing (61020.0),20.1,100.0,1227863.3,876400.0,46545.604,103008.0,21131.061,,,,,,,,,,,,,,,,,,,,,,31.38,in compliance,67676.665,2030.0,No,No,No,No,No,No,,,11.01895695827066,3.0007198150650303,14.02078606227454,11.122496717061274,0,3,-1.4686536669326744,-2.12453624662067,-1.4686536669326744,-2.12453624662067,0,3
2991,104487,502952000.0,,191 commonwealth ave,boston,2116.0,191 commonwealth av,boston,2116.0,40203.0,,Multifamily Housing,Multifamily Housing (40203.0),55.0,,2212793.0,1737085.1,92256.59,139422.0,28601.029,,,,,,,,,,,,,,,,,,,,,,9.94,in compliance,120857.619,2030.0,No,No,No,No,No,No,,,10.601696898688338,4.007333185232471,14.609766076474756,11.702368429241599,0,6,-0.49764318335997143,0.15349888510953785,-0.49764318335997143,0.15349888510953785,0,6
2997,104494,401452000.0,morville house apartments,100-112 norway st,boston,2115.0,112  100 norway st,boston,2115.0,152987.0,,Multifamily Housing,Multifamily Housing (152987.0),63.3,79.0,9677315.9,7265669.0,385879.681,706813.3,144995.68,,,,,,,,,,,,,,,,,,,,,,30.27,in compliance,530875.361,2025.0,No,No,No,No,No,No,,,11.938108229444383,4.147885329150131,16.085295137744854,13.182282547624759,1,1,2.602255166610297,-0.1412874643437559,2.602255166610297,-0.1412874643437559,1,1
2998,104495,2202115000.0,,180-182 n beacon st,boston,2135.0,glencoe st,boston,2135.0,42240.0,,Multifamily Housing,Multifamily Housing (42240.0),71.5,41.0,3019910.8,2499942.5,132771.946,152394.0,31262.105,,,,,,,,,,,,,,,,,,,,,,67.4,in compliance,164034.051,2025.0,No,No,No,No,No,No,,,10.651122918380143,4.269697449699962,14.920737852491003,12.007829313303397,0,5,0.08807526952897526,0.6773978252817803,0.08807526952897526,0.6773978252817803,0,5
3000,104497,2101038000.0,,1315 commonwealth ave,boston,2134.0,1315 commonwealth av,boston,2134.0,37182.0,,Multifamily Housing,Multifamily Housing (37182.0),64.2,81.0,2386282.5,2074899.9,110197.934,91261.0,18721.282,,,,,,,,,,,,,,,,,,,,,,78.32,in compliance,128919.216,2025.0,No,No,No,No,No,No,,,10.523580052190162,4.162003210695915,14.685247273625523,11.76694125462016,0,0,-0.3865880247704354,0.5088901437520622,-0.3865880247704354,0.5088901437520622,0,0
3002,104499,504238000.0,,25 park dr,boston,2215.0,31  25 park dr,boston,2215.0,78582.0,,Multifamily Housing,Multifamily Housing (78582.0),64.1,16.0,5036153.6,4266095.9,226572.353,225691.0,46298.252,,,,,,,,,,,,,,,,,,,,,,40.45,in compliance,272870.605,2025.0,No,No,No,No,No,No,,,11.271897944557457,4.160444363926624,15.432153174078387,12.51675298744677,1,5,1.2022386880245426,0.1769354830704883,1.2022386880245426,0.1769354830704883,1,5
3006,104503,2101992000.0,mount hood condo assn,25 mount hood rd,boston,2135.0,25  39 mt hood rd,boston,2135.0,37293.0,,Multifamily Housing,Multifamily Housing (37293.0),56.0,95.0,2088141.8,1523199.9,80897.147,165575.0,33966.056,,,,,,,,,,,,,,,,,,,,,,,pending revisions,114863.203,2025.0,No,No,No,No,No,No,,,10.526560920459826,4.02535169073515,14.551785137556154,11.651497160151713,0,6,-0.6199279049802945,0.22437858169383337,-0.6199279049802945,0.22437858169383337,0,6
3017,104520,2102008000.0,,7-19 mount hood rd,boston,2135.0,7  19 mt hood rd,boston,2135.0,30000.0,,Multifamily Housing,Multifamily Housing (30000.0),71.2,88.0,2135106.0,1829257.7,97151.876,89639.0,18388.544,,,,,,,,,,,,,,,,,,,,,,39.87,in compliance,115540.42,2030.0,No,No,No,No,No,No,,,10.308952660644293,4.26549281841793,14.57402685212435,11.657375704433376,0,0,-0.649677254443888,0.8187461996753048,-0.649677254443888,0.8187461996753048,0,0
3024,104529,2200584000.0,,516  530 western av,boston,2135.0,516  530 western av,boston,2135.0,132000.0,,Multifamily Housing,Multifamily Housing (132000.0),35.8,82.0,4722331.7,1297715.0,68921.644,1003698.0,205898.608,,,,,,,,,,,,,,,,,,,,,,20.52,in compliance,274820.252,2025.0,I'm not sure,No,No,No,I'm not sure,I'm not sure,,,11.790557201568507,3.5779478934066544,15.367813239819103,12.523872533849175,1,4,1.276292845852303,-1.2587998639668445,1.276292845852303,-1.2587998639668445,1,4
3028,104534,1000305000.0,,887-895 huntington ave,boston,2115.0,887  895 huntington av,boston,2115.0,23920.0,,Multifamily Housing,Multifamily Housing (23920.0),72.9,62.0,1742644.6,1314500.0,69813.095,125482.0,25741.377,,,,,,,,,,,,,,,,,,,,,,147.3,in compliance,95554.472,2030.0,No,No,No,No,No,No,,,10.082470208064567,4.289088639014612,14.370914402391893,11.467451751294295,0,0,-1.0777273600702375,0.9682656294471804,-1.0777273600702375,0.9682656294471804,0,0
3029,104535,101082000.0,,720 bennington st,boston,2128.0,720 bennington st,boston,2128.0,23940.0,,Multifamily Housing,Multifamily Housing (23940.0),23.3,100.0,557979.5,,,89681.0,18397.16,,,,,,,,,,251988.0,18700.029,,,,,,,,,,,31.15,in compliance,37097.189,2030.0,No,No,No,No,No,No,,,10.083305979111964,3.1484533605716547,13.232077502337324,10.521296477530901,0,3,-3.0468150667189398,-1.3932687748002905,-3.0468150667189398,-1.3932687748002905,0,3
3034,104540,1900029010.0,nate smith housing corp,153-159 lamartine st,boston,2130.0,155 lamartine st,boston,2130.0,50426.0,,Multifamily Housing,Multifamily Housing (50426.0),47.8,79.0,2410474.0,1859494.0,98757.726,161483.0,33126.623,,,,,,,,,,,,,,,,,,,,,,25.53,in compliance,131884.349,2025.0,No,No,No,No,No,No,,,10.828262194058594,3.86702563949741,14.69533396662569,11.78968067359068,0,6,-0.27603707308910475,-0.23813059925852156,-0.27603707308910475,-0.23813059925852156,0,6
3037,104543,203520010.0,nautica leasehold condo tr,1 warren st,boston,2129.0,1 warren st,boston,2129.0,151044.0,88458.0,Multifamily Housing,"Multifamily Housing (151044.0),Parking (88458.0)",67.6,62.0,10207851.4,4903000.0,260398.33,1554763.0,318944.082,,,,,,,,,,,,,,,,,,,,,,32.66,in compliance,579342.412,2025.0,No,No,No,No,No,No,,,11.925326464079506,4.213607983048918,16.13866772725072,13.269648966902654,1,1,2.7222338571566222,0.0034849558377819155,2.7222338571566222,0.0034849558377819155,1,1
3038,104544,601960000.0,navem west broadway llc,457-469a w broadway,boston,2127.0,457 469a w broadway,boston,2127.0,50295.0,,Multifamily Housing,"Multifamily Housing (36417.0),Retail Store (13878.0)",21.9,98.0,1101222.6,139100.0,7387.601,281982.0,57845.787,,,,,,,,,,,,,,,,,,,,,,17.22,in compliance,65233.388,2025.0,No,No,No,No,No,No,,,10.825660947568439,3.086486636822455,13.91193157510574,11.08572670273308,0,3,-1.669748799099748,-1.8564006859627946,-1.669748799099748,-1.8564006859627946,0,3
3041,104547,1202365000.0,nazing lp mass lp,1-8 nazing ct,boston,2121.0,1  8 nazing ct,boston,2121.0,96746.0,,Multifamily Housing,Multifamily Housing (96746.0),78.5,29.0,7598973.0,5352454.1,284268.837,658417.0,135067.663,,,,,,,,,,,,,,,,,,,,,,35.43,in compliance,419336.5,2025.0,I'm not sure,No,No,No,I'm not sure,I'm not sure,,,11.479844266368104,4.363098624788363,15.843523664546519,12.946428979215217,1,1,2.03371238428427,0.508709295075997,2.03371238428427,0.508709295075997,1,1
3042,104548,2009219000.0,,165 gardner st,boston,2132.0,165 gardner st,boston,2132.0,104588.0,0.0,Multifamily Housing,"Multifamily Housing (104588.0),Parking (26147.0)",44.4,73.0,4646192.3,2421400.1,128600.559,652049.3,133761.393,,,,,,,,,,,,,,,,,,,,,,28027.16,in compliance,262361.952,2025.0,I'm not sure,No,No,No,I'm not sure,I'm not sure,,,11.557784101278456,3.7932394694381792,15.351558581899322,12.477480325538554,1,4,1.1604767978443518,-0.710187637817688,1.1604767978443518,-0.710187637817688,1,4
3049,104561,1100915001.0,new academy estates llc mass llc,2895-2933 washington st,boston,2119.0,2897  2933 washington st,boston,2119.0,98211.0,0.0,Multifamily Housing,"Multifamily Housing (98211.0),Parking (86418.0)",61.8,89.0,6073759.0,4635038.0,246166.868,421665.0,86500.358,,,,,,,,,,,,,,,,,,,,,,54.99,in compliance,332667.226,2025.0,I'm not sure,No,No,No,I'm not sure,I'm not sure,,,11.494873504362479,4.123903364463645,15.619488246487528,12.714897947986803,1,1,1.6173298983711446,0.0037271472660514227,1.6173298983711446,0.0037271472660514227,1,1
3050,104568,1101752000.0,new academy estates llc mass llc,2948-2962 washington st,boston,2119.0,2986  2930 washington st,boston,2119.0,175746.0,,Multifamily Housing,Multifamily Housing (175746.0),60.9,81.0,10705733.1,8261250.0,438754.988,716437.0,146969.886,,,,,,,,,,,,,,,,,,,,,,78.89,in compliance,585724.874,2025.0,No,No,No,No,No,No,,,12.076795049812201,4.109233174715851,16.186289959678884,13.280605460016801,1,1,2.824674991952407,-0.28273788094003405,2.824674991952407,-0.28273788094003405,1,1
3057,104587,2100760000.0,,48 brighton ave,boston,2134.0,48 brighton av,boston,2134.0,38274.0,,Multifamily Housing,Multifamily Housing (38274.0),90.4,77.0,3459171.8,3173700.0,168555.207,83667.0,17163.448,,,,,,,,,,,,,,,,,,,,,,34.81,in compliance,185718.655,2025.0,I'm not sure,No,No,No,I'm not sure,I'm not sure,,,10.55252609347001,4.504244267398131,15.056539754219884,12.131988200022775,0,5,0.30438469936729073,1.208147523094421,0.30438469936729073,1.208147523094421,0,5
3086,104619,1202352000.0,,140 seaver st,boston,2121.0,140 seaver st,boston,2121.0,30559.0,,Multifamily Housing,Multifamily Housing (30559.0),72.9,43.0,2228085.8,1709419.1,90787.248,152012.5,31183.844,,,,,,,,,,,,,,,,,,,,,,48.63,in compliance,121971.092,2025.0,No,No,No,No,No,No,,,10.327414520231974,4.289088639014612,14.616653389162153,11.71153934481844,0,0,-0.5575290159865738,0.8606082455439445,-0.5575290159865738,0.8606082455439445,0,0
3087,104620,1202394000.0,,280-296 seaver st,boston,2121.0,294  296 seaver st,boston,2121.0,31928.0,,Multifamily Housing,Multifamily Housing (31928.0),81.1,16.0,2590539.0,2123453.3,112776.605,136895.0,28082.64,,,,,,,,,,,,,,,,,,,,,,45.0,in compliance,140859.245,2030.0,No,No,No,No,No,No,,,10.37123864672857,4.395682961121367,14.76737652013234,11.85551640835319,0,0,-0.27149061226092946,1.0628169046047558,-0.27149061226092946,1.0628169046047558,0,0
3115,104653,603924002.0,nine 02 east second st llc,906 e second st,boston,2127.0,902 e second st,boston,2127.0,39600.0,,Multifamily Housing,Multifamily Housing (39600.0),34.5,94.0,1367767.0,718800.0,38175.468,190201.3,39017.895,,,,,,,,,,,,,,,,,,,,,,25.99,in compliance,77193.363,2025.0,I'm not sure,No,No,No,I'm not sure,I'm not sure,,,10.586584397242571,3.5409593240373143,14.128690041020828,11.254068760814516,0,6,-1.3690694831110695,-0.808363580733773,-1.3690694831110695,-0.808363580733773,0,6
3123,104662,401646000.0,,88-98 gainsborough st,boston,2115.0,98  88 gainsborough st,boston,2115.0,42942.0,,Multifamily Housing,Multifamily Housing (42942.0),33.5,75.0,1440631.7,,,422225.0,86615.237,,,,,,,,,,,,,,,,,,,,,,34.16,in compliance,86615.237,2025.0,No,No,No,No,No,No,,,10.667605646966653,3.5115454388310208,14.180592255915554,11.369231025955907,0,6,-1.2049424100199126,-0.9009056425125377,-1.2049424100199126,-0.9009056425125377,0,6
3124,104663,2101276000.0,,91 gordon st,boston,2135.0,91  99 gordon st,boston,2135.0,49784.0,,Multifamily Housing,Multifamily Housing (49784.0),48.5,93.0,2414805.7,1881319.1,99916.857,156356.0,32074.87,,,,,,,,,,,,,,,,,,,,,,11.03,pending revisions,131991.727,2025.0,,,,,,,,,10.815448926249054,3.8815637979434374,14.697129386345551,11.790494525361972,0,6,-0.27693724338375847,-0.20229216143765497,-0.27693724338375847,-0.20229216143765497,0,6
3125,104666,401607000.0,,91 gainsborough st,boston,2115.0,91  97 gainsborough st,boston,2115.0,28570.0,,Multifamily Housing,Multifamily Housing (28570.0),29.5,86.0,842648.8,,,246966.3,50662.667,,,,,,,,,,,,,,,,,,,,,,30.75,in compliance,50662.667,2025.0,No,No,No,No,No,No,,,10.260112495224819,3.3843902633457743,13.644305542824354,10.832944567254842,0,3,-2.308327331721413,-0.9867148874615101,-2.308327331721413,-0.9867148874615101,0,3
3126,104667,303604000.0,ninty 9 fulton st condo tr,81-101 fulton st,boston,2109.0,99 fulton st,boston,2109.0,32436.0,,Multifamily Housing,Multifamily Housing (32436.0),49.6,97.0,1608292.8,,,164799.0,33806.867,,,,,,,,,,1045998.6,77623.556,,,,,,,,,,,31.69,pending revisions,111430.423,2025.0,No,No,No,No,No,No,,,10.387024196064448,3.903990833730882,14.290683801696998,11.621155666139073,0,6,-0.9732313765345197,0.0485780617105569,-0.9732313765345197,0.0485780617105569,0,6
3137,104686,903573000.0,,10-18 john eliot sq,boston,2119.0,10  18 john eliot sq,boston,2119.0,29449.0,,Multifamily Housing,"Multifamily Housing (22585.0),Office (6864.0)",32.3,76.0,950992.6,,,278720.0,57176.621,,,,,,,,,,,,,,,,,,,,,,37.87,in compliance,57176.621,2030.0,No,No,No,No,No,No,,,10.290415232645834,3.475067230228611,13.765261560214393,10.953900370041335,0,3,-2.076050935174494,-0.8112914999783728,-2.076050935174494,-0.8112914999783728,0,3
3140,104690,2202114000.0,,144a-144b n beacon st,boston,2135.0,152  140 n beacon st,boston,2135.0,22086.0,,Multifamily Housing,Multifamily Housing (22086.0),28.2,,623450.9,,,182723.0,37483.796,,,,,,,,,,,,,,,,,,,,,,,in compliance,37483.796,2025.0,No,No,No,No,No,No,C10068,,10.002699202607076,3.339321977944068,13.34302529200377,10.531664011906848,0,3,-2.936787785391315,-0.9671964706615633,-2.936787785391315,-0.9671964706615633,0,3
3141,104691,2202114000.0,,146a-148b n beacon st,boston,2135.0,152  140 n beacon st,boston,2135.0,22086.0,,Multifamily Housing,Multifamily Housing (22086.0),28.1,,620192.4,,,181768.0,37287.888,,,,,,,,,,,,,,,,,,,,,,,in compliance,37287.888,2025.0,No,No,No,No,No,No,C10068,,10.002699202607076,3.3357695763397,13.337785031461827,10.52642383440078,0,3,-2.9458190037402012,-0.9748464319902552,-2.9458190037402012,-0.9748464319902552,0,3
3142,104692,2202114000.0,,150a-152b n beacon st,boston,2135.0,152  140 n beacon st,boston,2135.0,22086.0,,Multifamily Housing,Multifamily Housing (22086.0),26.1,,577044.3,,,169122.0,34693.687,,,,,,,,,,,,,,,,,,,,,,,in compliance,34693.687,2025.0,No,No,No,No,No,No,C10068,,10.002699202607076,3.261935314328648,13.265674318972886,10.454313018547793,0,3,-3.08006969619819,-1.1282736487457459,-3.08006969619819,-1.1282736487457459,0,3
3145,104695,203645000.0,north crescent condo tr,31a main st,boston,2129.0,21  33 main st,boston,2129.0,23512.0,,Multifamily Housing,Multifamily Housing (23512.0),19.3,97.0,452707.6,,,132681.0,27218.18,,,,,,,,,,,,,,,,,,,,,,20.76,in compliance,27218.18,2030.0,No,No,No,No,No,No,,,10.065266208098754,2.9601050959108397,13.023001721443059,10.211640411369025,0,3,-3.511175907811745,-1.784559851056505,-3.511175907811745,-1.784559851056505,0,3
3210,104769,901401010.0,northeastern university,742  744 columbus av,boston,2120.0,742  744 columbus av,boston,2120.0,313765.0,,Multifamily Housing,Multifamily Housing (313765.0),51.4,92.0,16128952.7,6482900.4,344306.84,2827096.0,579950.473,,,,,,,,,,,,,,,,,,,,,,46.02,in compliance,924257.313,2025.0,No,No,No,No,No,No,,,12.656399577050268,3.9396381724611196,16.596126519289154,13.73674578912895,1,2,3.775088988885265,-0.8874368251467216,3.775088988885265,-0.8874368251467216,1,2
3217,104778,401396000.0,norway housing assoc lps,30 hemenway st,boston,2115.0,30 hemenway st,boston,2115.0,31104.0,,Multifamily Housing,Multifamily Housing (31104.0),69.7,84.0,2168714.0,92529.6,4914.247,125600.0,25765.584,,,,,,,,,,1647637.2,122271.157,,,,,,,,,,,36.65,in compliance,152950.988,2025.0,No,No,No,No,No,No,,,10.345091707260165,4.244200317766478,14.589644923115904,11.937872809185516,0,0,-0.41823409170863923,0.7764628005286708,-0.41823409170863923,0.7764628005286708,0,0
3218,104779,401410000.0,norway housing assoc lps,99-103 norway st,boston,2115.0,99  103 norway st,boston,2115.0,47570.0,,Multifamily Housing,Multifamily Housing (47570.0),60.9,72.0,2899250.7,1267573.4,67320.823,188255.5,38618.733,,,,,,,,,,,,,,,,,,,,,,40.49,in compliance,105939.556,2025.0,No,No,No,No,No,No,,,10.769957589426328,4.109233174715851,14.879962882260672,11.570623984038196,0,5,-0.24435059746058999,0.26463261086105055,-0.24435059746058999,0.26463261086105055,0,5
3219,104780,401665000.0,,87 saint stephen st,boston,2115.0,87 st stephen st,boston,2115.0,39048.0,,Multifamily Housing,Multifamily Housing (39048.0),65.7,87.0,2565502.9,2072325.8,110061.223,144541.9,29651.325,,,,,,,,,,,,,,,,,,,,,,39.81,in compliance,139712.548,2025.0,No,No,No,No,No,No,,,10.572546937566983,4.185098925490565,14.757665079747458,11.847342362256482,0,0,-0.23347496992088854,0.5360313022377109,-0.23347496992088854,0.5360313022377109,0,0
3227,104793,1400470010.0,nu-life condo trust,79 brunswick st,boston,2121.0,392  402 blue hill av,boston,2121.0,26209.0,,Multifamily Housing,"Multifamily Housing (21557.0),Office (4652.0)",29.7,,779140.4,535800.0,28456.338,71319.0,14630.38,,,,,,,,,,,,,,,,,,,,,,32.59,in compliance,43086.718,2030.0,I'm not sure,No,No,No,I'm not sure,I'm not sure,,,10.17385814221302,3.391147045808654,13.565946539678686,10.670970061545251,0,3,-2.5382840227754286,-0.9401853299174506,-2.5382840227754286,-0.9401853299174506,0,3
3228,104799,1300723000.0,nuestra quincy commons,278  292 blue hill av,boston,2119.0,278  292 blue hill av,boston,2119.0,49650.0,0.0,Multifamily Housing,"Multifamily Housing (49650.0),Parking (17682.0)",46.5,63.0,2311165.3,1496874.4,79498.999,238655.0,48957.687,,,,,,,,,,,,,,,,,,,,,,34.24,in compliance,128456.686,2025.0,I'm not sure,No,No,No,I'm not sure,I'm not sure,,,10.812753669473318,3.8394523125933104,14.653262414175833,11.763347052565264,0,6,-0.3471121123384998,-0.2874975118232458,-0.3471121123384998,-0.2874975118232458,0,6
3233,104805,702836000.0,,5 major michael j o'connor way,boston,2127.0,5 oconnor wy,boston,2127.0,40818.0,,Multifamily Housing,Multifamily Housing (40818.0),37.6,93.0,1535558.1,835600.0,44378.716,205146.0,42083.65,93137.4,,,,,,,,,,,,,,,,,,,,,18.82,in compliance,86462.366,2025.0,Yes,No,No,No,Yes,Yes,,,10.616878439573116,3.6270040503958487,14.24440445598502,11.36746452310281,0,6,-1.1479530632871835,-0.6428253059500868,-1.1479530632871835,-0.6428253059500868,0,6
3235,104807,2203712010.0,oak square mainsail inc mass llc,109  111 tremont st,boston,2135.0,109  111 tremont st,boston,2135.0,53707.0,,Multifamily Housing,Multifamily Housing (53707.0),60.3,97.0,3239597.2,2921800.1,155176.803,93141.0,19106.945,,,,,,,,,,,,,,,,,,,,,,45.22,in compliance,174283.748,2025.0,No,No,No,No,No,No,,,10.89129862581914,4.09933210373314,14.990959559052364,12.068439985623272,0,5,0.2762422017992525,0.21662300631160758,0.2762422017992525,0.21662300631160758,0,5
3238,104810,2102115000.0,,85 sutherland rd,boston,2135.0,85  93 sutherland rd,boston,2135.0,29700.0,,Multifamily Housing,Multifamily Housing (29700.0),44.4,94.0,1317717.9,970100.0,51522.011,101881.0,20899.868,,,,,,,,,,,,,,,,,,,,,,28.58,in compliance,72421.879,2030.0,I'm not sure,No,No,No,I'm not sure,I'm not sure,,,10.298902324790792,3.7932394694381792,14.09141193471671,11.190263728854351,0,6,-1.5348759140127515,-0.15885010343437303,-1.5348759140127515,-0.15885010343437303,0,6
3239,104812,504225000.0,,1282 boylston st,boston,2215.0,1284  1282 boylston st,boston,2215.0,272845.0,86715.0,Multifamily Housing,"Multifamily Housing (262165.0),Parking (86715.0),Retail Store (10680.0)",61.5,89.0,16778485.1,10815524.9,574412.527,1747644.0,358511.69,,,,,,,,,,,,,,,,,,,,,,39.99,in compliance,932924.217,2025.0,No,No,No,No,No,No,,,12.516659147359427,4.119037174812473,16.63560797483249,13.74607925145016,1,2,3.788342623293866,-0.4546423408615618,3.788342623293866,-0.4546423408615618,1,2
3240,104813,700538012.0,old colony revitalization corporation,20 rev richard a burke,boston,2127.0,20 rev richard a burke,boston,2127.0,48000.0,,Multifamily Housing,Multifamily Housing (48000.0),45.9,79.0,2205574.1,1166500.0,61952.815,304535.2,62472.351,52252.1,,,,,,,,,,,,,,,,,,,,,40.63,in compliance,124425.166,2025.0,No,No,No,No,No,No,,,10.778956289890028,3.8264651170664994,14.60649839578636,11.731459737862895,0,6,-0.4320806465075147,-0.2986717380140439,-0.4320806465075147,-0.2986717380140439,0,6
3241,104814,700539002.0,old colony revitalization corporation,20 rev richard a burke,boston,2127.0,20 rev richard a burke,boston,2127.0,108000.0,,Multifamily Housing,Multifamily Housing (108000.0),48.0,79.0,5182837.6,3042599.8,161592.475,627267.8,128677.716,39841.4,,,,,,,,,,,,,,,,,,,,,38.07,in compliance,290270.191,2025.0,No,No,No,No,No,No,,,11.589886506106357,3.871201010907891,15.460863263476242,12.578567461309483,1,1,1.3659684347975796,-0.5626865872440524,1.3659684347975796,-0.5626865872440524,1,1
3242,104815,700540130.0,,25 james o'neill st,boston,2127.0,25 james oneill st,boston,2127.0,61678.0,,Multifamily Housing,Multifamily Housing (61678.0),68.6,71.0,4230763.1,2437648.6,129463.517,525531.8,107807.593,183889.1,,,,,,,,,,,,,,,,,,,,,71.21,in compliance,237271.11,2025.0,No,No,No,No,No,No,,,11.029682582289965,4.22829253473184,15.257892936643248,12.376958690385322,1,5,0.8387230052716912,0.4269636597730192,0.8387230052716912,0.4269636597730192,1,5
3243,104816,700540230.0,old colony revitilizating,20 patterson wy,boston,2127.0,20 patterson wy,boston,2127.0,66996.0,,Multifamily Housing,Multifamily Housing (66996.0),52.0,74.0,3481243.5,1945481.8,103324.538,450106.0,92334.745,217218.2,,,,,,,,,,,,,,,,,,,,,38.58,in compliance,195659.283,2025.0,No,No,No,No,No,No,,,11.112388195098362,3.9512437185814275,15.062900115510566,12.184130073484619,0,4,0.5018750272963671,-0.1860280673229056,0.5018750272963671,-0.1860280673229056,0,4
3244,104817,700540160.0,,35 patterson wy,boston,2127.0,35 patterson wy,boston,2127.0,51331.0,,Multifamily Housing,Multifamily Housing (51331.0),49.3,76.0,2531155.4,1485455.9,78892.563,306477.0,62870.692,128693.8,,,,,,,,,,,,,,,,,,,,,32.11,in compliance,141763.255,2025.0,No,No,No,No,No,No,,,10.846050137149113,3.8979240810486444,14.744186436299097,11.861913726918415,0,6,-0.16374978451807873,-0.18003654150992024,-0.16374978451807873,-0.18003654150992024,0,6
3248,104822,1000358010.0,oliver lofts trust,156  168 terrace st,boston,2120.0,156  168 terrace st,boston,2120.0,98454.0,1500.0,Multifamily Housing,"Multifamily Housing (98454.0),Parking (2325.0)",35.3,84.0,3476730.4,2143140.0,113822.165,390853.0,80179.584,,,,,,,,,,,,,,,,,,,,,,21.43,in compliance,194001.749,2025.0,I'm not sure,No,No,No,I'm not sure,I'm not sure,,,11.497344713003205,3.563882963939251,15.0616028698762,12.175622453468744,1,4,0.5983938351500877,-1.1618576520576565,0.5983938351500877,-1.1618576520576565,1,4
3262,104836,1405198510.0,olmsted green mixed-income rental llc,harvard st,boston,2124.0,harvard st,boston,2124.0,85794.0,,Multifamily Housing,Multifamily Housing (85794.0),47.0,86.0,4030585.4,2956600.4,157025.047,314767.0,64571.302,,,,,,,,,,,,,,,,,,,,,,26.49,in compliance,221596.349,2025.0,No,No,No,No,No,No,,,11.359704352960902,3.8501476017100584,15.20942218391948,12.308612758087772,1,4,0.8242920375802426,-0.5066076245653431,0.8242920375802426,-0.5066076245653431,1,4
3263,104837,1405198525.0,olmsted green mixed-income rental llc,harvard st,boston,2124.0,harvard st,boston,2124.0,33025.0,,Multifamily Housing,Multifamily Housing (33025.0),86.3,32.0,2850964.9,2256400.0,119837.404,174257.0,35747.081,,,,,,,,,,,,,,,,,,,,,,38.63,in compliance,155584.485,2030.0,No,No,No,No,No,No,,,10.405020129390525,4.457829598089382,14.863168056349362,11.954944174958062,0,0,-0.08218306686496099,1.1775518411509898,-0.08218306686496099,1.1775518411509898,0,0
3264,104838,1405198700.0,olmsted green rental 1 llc mass llc,51-55 catbird ct,boston,2124.0,harvard st,boston,2124.0,52428.0,0.0,Multifamily Housing,"Multifamily Housing (52428.0),Parking (11700.0)",84.1,40.0,4409028.1,3399649.4,180555.38,295832.0,60686.976,,,,,,,,,,,,,,,,,,,,,,40.6,in compliance,241242.356,2025.0,No,No,No,No,No,No,,,10.867196078739436,4.432006566978902,15.29916483764705,12.393557333725159,1,5,0.8530118820854461,0.9207703101993907,0.8530118820854461,0.9207703101993907,1,5
3265,104847,1405196980.0,olmsted green rental iii llc,2  76 osprey wy,boston,2124.0,2  76 osprey wy,boston,2124.0,33324.0,0.0,Multifamily Housing,"Multifamily Housing (33324.0),Parking (12240.0)",48.8,95.0,1626030.6,1094284.0,58117.423,155846.0,31970.248,,,,,,,,,,,,,,,,,,,,,,52.5,in compliance,90087.671,2025.0,No,No,No,No,No,No,,,10.4140331370948,3.8877303128591016,14.301652388101006,11.408538597385467,0,6,-1.1085780891663781,-0.012137310556252683,-1.1085780891663781,-0.012137310556252683,0,6
3271,104853,401719000.0,on the fens condo tr,70 fenway,boston,2115.0,74  70 fenway st,boston,2115.0,63713.0,,Multifamily Housing,Multifamily Housing (63713.0),59.2,92.0,3771044.0,547400.0,29072.414,180801.0,37089.517,,,,,,,,,,2606751.0,193446.992,,,,,,,,,,,14.18,in compliance,259608.923,2030.0,No,No,No,No,No,No,,,11.062143902371083,4.0809215418899605,15.142862444164999,12.466931635332305,1,5,0.7839111331185912,0.11970069827571504,0.7839111331185912,0.11970069827571504,1,5
3272,104855,801380010.0,,1 saint george st,boston,2118.0,1  4 st george st,boston,2118.0,30946.0,,Multifamily Housing,Multifamily Housing (30946.0),54.4,58.0,1683888.9,1042600.0,55372.486,187951.0,38556.268,,,,,,,,,,,,,,,,,,,,,,30.8,in compliance,93928.754,2030.0,No,No,No,No,No,No,,,10.339999029049618,3.996364153861897,14.336616497736303,11.450291837703091,0,6,-1.0591370602497603,0.24704084297391385,-1.0591370602497603,0.24704084297391385,0,6
3273,104857,401645000.0,,100-110 gainsborough st,boston,2115.0,110  100 gainsborough st,boston,2115.0,42799.0,,Multifamily Housing,Multifamily Housing (42799.0),34.4,73.0,1473506.3,,,431860.0,88591.76,,,,,,,,,,,,,,,,,,,,,,31.8,in compliance,88591.76,2025.0,No,No,No,No,No,No,,,10.664270016810953,3.5380565643793527,14.203155356685189,11.391794130010858,0,6,-1.163813314449318,-0.8443484875597241,-1.163813314449318,-0.8443484875597241,0,6
3274,104858,401611000.0,,103 gainsborough st,boston,2115.0,97  105 gainsborough st,boston,2115.0,28540.0,,Multifamily Housing,Multifamily Housing (28540.0),30.5,84.0,869370.8,,,254798.0,52269.262,,,,,,,,,,,,,,,,,,,,,,3316.02,in compliance,52269.262,2025.0,No,No,No,No,No,No,,,10.259061891030827,3.417726683613366,13.67552501059138,10.86416375260978,0,3,-2.2503628997304204,-0.9170238276792535,-2.2503628997304204,-0.9170238276792535,0,3
3277,104861,401615000.0,,107-113 gainsborough st,boston,2115.0,107  113 gainsborough st,boston,2115.0,30856.0,,Multifamily Housing,Multifamily Housing (30856.0),29.5,83.0,911365.7,,,267106.0,54794.125,,,,,,,,,,,,,,,,,,,,,,2877.05,in compliance,54794.125,2025.0,I'm not sure,No,No,No,I'm not sure,I'm not sure,,,10.337086499888064,3.3843902633457743,13.722699522695125,10.911338259159718,0,3,-2.142776761338935,-1.0203342918999183,-2.142776761338935,-1.0203342918999183,0,3
3278,104862,401707000.0,,114 fenway,boston,2115.0,114 fenway st,boston,2115.0,29400.0,,Multifamily Housing,Multifamily Housing (29400.0),61.7,,1814266.1,1537989.6,81682.628,80972.0,16610.596,,,,,,,,,,,,,,,,,,,,,,15.34,in compliance,98293.224,2030.0,No,No,No,No,No,No,,,10.288749953326773,4.122283930911342,14.411191591291445,11.495710371918047,0,6,-0.9561451293639135,0.5296988738817164,-0.9561451293639135,0.5296988738817164,0,6
3281,104865,303474000.0,one 20 fulton st condo tr,120 fulton st #a,boston,2109.0,120 fulton st,boston,2109.0,51132.0,3507.0,Multifamily Housing,"Multifamily Housing (51132.0),Parking (3507.0)",41.2,82.0,2106374.6,1035300.1,54984.788,313914.0,64396.318,,,,,,,,,,,,,,,,,,,,,,12.17,in compliance,119381.106,2030.0,No,No,No,No,No,No,,,10.842165803287912,3.7184382563554808,14.560478828603117,11.690076226213147,0,6,-0.4962803035331549,-0.5511872485681137,-0.4962803035331549,-0.5511872485681137,0,6
3282,104866,304332000.0,,118-128 lincoln st,boston,2111.0,118  128 lincoln st,boston,2111.0,25800.0,,Multifamily Housing,Multifamily Housing (25800.0),41.7,,1076748.9,,,116290.0,23855.731,,,,,,,,,,679967.4,50460.381,,,,,,,,,,,35.37,in compliance,74316.112,2030.0,No,No,No,No,No,No,,,10.158129770909708,3.730501128804756,13.889456781323078,11.216083057802809,0,6,-1.7818445957008326,-0.21201724077857256,-1.7818445957008326,-0.21201724077857256,0,6
3283,104868,2101552000.0,,1236-1232 commonwealth ave,boston,2134.0,1236 1232a commonwealth av,boston,2134.0,25970.0,,Multifamily Housing,"Personal Services (Health/Beauty, Dry Cleaning, etc) (1500.0),Restaurant (1500.0),Multifamily Housing (22970.0)",73.8,42.0,1916443.8,1748999.9,92889.385,49075.0,10067.246,,,,,,,,,,,,,,,,,,,,,,19.6,in compliance,102956.631,2030.0,No,No,No,No,No,No,,,10.164697304656794,4.301358731606427,14.465981839083712,11.542063120289429,0,0,-0.8944323821548034,0.9563740109914511,-0.8944323821548034,0.9563740109914511,0,0
3292,104879,700324010.0,one 52 old colony av condo,119 w ninth st,boston,2127.0,152 old colony av,boston,2127.0,37243.0,9836.0,Multifamily Housing,"Multifamily Housing (37243.0),Parking (9836.0)",26.5,99.0,985491.7,287492.0,15268.7,204572.0,41965.9,,,,,,,,,,,,,,,,,,,,,,23.06,in compliance,57234.6,2030.0,No,No,No,No,No,No,,,10.525219286685545,3.2771447329921766,13.800895983418695,10.954913889597483,0,3,-1.970966025380868,-1.3289985078795405,-1.970966025380868,-1.3289985078795405,0,3
3293,104880,1401034000.0,,155-157 washington st,boston,2121.0,157  155 washington st,boston,2121.0,40650.0,0.0,Multifamily Housing,"Multifamily Housing (40650.0),Parking (4320.0)",39.5,93.0,1606313.2,1133990.0,60226.209,138430.0,28397.53,,,,,,,,,,,,,,,,,,,,,,30.21,in compliance,88623.739,2030.0,I'm not sure,No,No,No,I'm not sure,I'm not sure,,,10.612754114975957,3.676300671907076,14.289452173155123,11.39215503524237,0,6,-1.0804209842283217,-0.5397874176360136,-1.0804209842283217,-0.5397874176360136,0,6
3296,104883,304842000.0,one 70 parkside condo trust,170-170a tremont st,boston,2111.0,168 170a tremont st,boston,2111.0,96696.0,22752.0,Multifamily Housing,"Multifamily Housing (96696.0),Parking (22752.0)",61.5,59.0,5946378.2,2946500.0,156488.615,879214.0,180361.96,,,,,,,,,,,,,,,,,,,,,,29.01,in compliance,336850.575,2025.0,I'm not sure,No,No,No,I'm not sure,I'm not sure,,,11.479327315539292,4.119037174812473,15.59829288630282,12.727394713378592,1,1,1.5987099849953317,0.002577781619677972,1.5987099849953317,0.002577781619677972,1,1
3300,104888,501380000.0,one 84-190 commonwealth condo assn,190 commonwealth ave,boston,2116.0,190  184 commonwealth av,boston,2116.0,51936.0,,Multifamily Housing,Multifamily Housing (51936.0),63.6,72.0,3303675.2,2814500.1,149478.1,143369.0,29410.717,,,,,,,,,,,,,,,,,,,,,,29.58,in compliance,178888.817,2025.0,No,No,No,No,No,No,,,10.857767470314318,4.152613470346076,15.010546103705998,12.094519757760992,0,5,0.3082040046497181,0.34268023914773876,0.3082040046497181,0.34268023914773876,0,5
3310,104901,304980012.0,one greenway pr llc,99 kneeland st,boston,2111.0,99 kneeland st,boston,2111.0,301507.0,58722.0,Multifamily Housing,"Multifamily Housing (293054.0),Parking (58722.0),Other (8453.0)",40.1,90.0,12104687.9,3303730.3,175461.116,2579413.0,529140.783,,,,,,,,,,,,,,,,,,,,,,21.46,in compliance,704601.899,2025.0,No,No,No,No,No,No,,,12.61654851212696,3.6913763343125234,16.30910336528751,13.465388240031825,1,2,3.243620513373676,-1.385466190853884,3.243620513373676,-1.385466190853884,1,2
3311,104904,500805000.0,,100 arlington st,boston,2116.0,100 arlington st,boston,2116.0,203204.0,,Multifamily Housing,"Restaurant (9232.0),Multifamily Housing (193972.0)",58.7,24.0,11920389.1,1131117.1,60073.629,1751235.0,359248.348,,,,,,4814058.9,265736.051,,,,,,,,,,,,,,,14.29,in compliance,685058.028,2025.0,I'm not sure,No,No,No,I'm not sure,I'm not sure,,,12.221965679532087,4.072439726834051,16.29376086168617,13.437258826065229,1,2,3.0993811413409613,-0.41996612898000196,3.0993811413409613,-0.41996612898000196,1,2
3315,104909,2101912000.0,,108 washington st,boston,2135.0,108  100 washington st,boston,2135.0,20000.0,,Multifamily Housing,Multifamily Housing (20000.0),59.6,88.0,1192841.4,34000.0,1805.74,55467.0,11378.5,,,,,,,,,,969588.0,71953.125,,,,,,,,,,,23.61,in compliance,85137.365,2030.0,No,No,No,No,No,No,,,9.903487552536127,4.087655574071304,13.991848750079845,11.352021289878078,0,6,-1.636908139518169,0.6455763935167975,-1.636908139518169,0.6455763935167975,0,6
3318,104917,2100552000.0,one six ashford l p mass lps,1 ashford ct,boston,2134.0,1  6 ashford ct,boston,2134.0,40224.0,,Multifamily Housing,Multifamily Housing (40224.0),50.8,95.0,2041416.3,1737100.0,92257.381,89190.0,18296.437,,,,,,,,,,,,,,,,,,,,,,25.03,in compliance,110553.818,2030.0,No,No,No,No,No,No,,,10.602219111389974,3.927896354584436,14.529154389636028,11.613257722098089,0,6,-0.6523227920016372,-0.012908980107805978,-0.6523227920016372,-0.012908980107805978,0,6
3323,104922,2203750000.0,one-06 tremont lp mass lps,106 tremont st,boston,2135.0,106 tremont st,boston,2135.0,25463.0,,Multifamily Housing,Multifamily Housing (25463.0),61.5,40.0,1567024.4,889333.0,47232.476,198620.0,40744.907,,,,,,,,,,,,,,,,,,,,,,40.28,in compliance,87977.383,2025.0,No,No,No,No,No,No,,,10.144981697062931,4.119037174812473,14.264689092372002,11.384835049063627,0,6,-1.240810058966994,0.5886073715763795,-1.240810058966994,0.5886073715763795,0,6
3324,104923,2203750000.0,one-06 tremont lp mass lps,116 tremont st,boston,2135.0,106 tremont st,boston,2135.0,27600.0,,Multifamily Housing,Multifamily Housing (27600.0),42.4,95.0,1169086.1,847453.9,45008.277,94265.0,19337.522,,,,,,,,,,,,,,,,,,,,,,32.94,in compliance,64345.799,2025.0,No,No,No,No,No,No,,,10.225571051705241,3.7471483622379123,13.97173289043659,11.072026927287922,0,6,-1.7753180119551633,-0.22249880020655585,-1.7753180119551633,-0.22249880020655585,0,6
3325,104924,2100033000.0,,110 peterborough st,boston,2215.0,110 peterborough st,boston,2215.0,40752.0,,Multifamily Housing,Multifamily Housing (40752.0),50.0,93.0,2035924.7,1362634.8,72369.534,197330.0,40480.276,,,,,,,,,,,,,,,,,,,,,,49.3,in compliance,112849.81,2025.0,No,No,No,No,No,No,,,10.615260197219238,3.912023005428146,14.526460671685708,11.6338130985934,0,6,-0.6368829576506433,-0.05009825853695309,-0.6368829576506433,-0.05009825853695309,0,6
3326,104925,2100256000.0,one-20 mountfort street,120 mountfort st,boston,2215.0,120 mountfort st,boston,2215.0,54883.0,,Multifamily Housing,Multifamily Housing (54883.0),40.1,95.0,2198243.5,1234200.0,65548.362,282545.0,57961.281,,,,,,,,,,,,,,,,,,,,,,38.97,in compliance,123509.643,2025.0,No,No,No,No,No,No,,,10.912958925628738,3.6913763343125234,14.603169190339345,11.724074512973669,0,6,-0.4038885571172055,-0.639376834399378,-0.4038885571172055,-0.639376834399378,0,6
3330,104932,1301149015.0,one-50 magnolia lp mass lps,150 magnolia st,boston,2125.0,150 magnolia st,boston,2125.0,32775.0,,Multifamily Housing,Multifamily Housing (32775.0),62.2,76.0,2039162.3,1453339.0,77186.834,171695.0,35221.512,,,,,,,,,,,,,,,,,,,,,,70.55,in compliance,112408.346,2030.0,I'm not sure,No,No,No,I'm not sure,I'm not sure,,,10.3974213086319,4.130354999745133,14.528049644230931,11.629893466354174,0,0,-0.6975927438265753,0.4999140576125856,-0.6975927438265753,0.4999140576125856,0,0
3331,104933,2102503000.0,,160 strathmore rd,boston,2135.0,160 strathmore rd,boston,2135.0,29938.0,,Multifamily Housing,Multifamily Housing (29938.0),65.4,88.0,1959154.8,1767100.1,93850.686,56288.0,11546.92,,,,,,,,,,,,,,,,,,,,,,32.42,in compliance,105397.606,2030.0,I'm not sure,No,No,No,I'm not sure,I'm not sure,,,10.306883855475181,4.180522258463153,14.488023713712886,11.565495201358958,0,0,-0.8142291229690712,0.6425486664901333,-0.8142291229690712,0.6425486664901333,0,0
3333,104935,601267000.0,one-84 west second st llc mass llc,154 w second st,boston,2127.0,154  158 w second st,boston,2127.0,90848.0,,Multifamily Housing,Multifamily Housing (90848.0),28.5,87.0,2586405.2,696100.0,36969.871,554016.8,113651.006,,,,,,,,,,,,,,,,,,,,,,23.4,in compliance,150620.877,2025.0,I'm not sure,No,No,No,I'm not sure,I'm not sure,,,11.416943059272699,3.349904087274605,14.765779515907887,11.922521210238312,0,4,0.060332410647476,-1.5692664142577168,0.060332410647476,-1.5692664142577168,0,4
3342,104954,304608000.0,,90-114 arch st,boston,2108.0,114  90 arch st,boston,2108.0,164211.0,,Multifamily Housing,"Worship Facility (55664.0),Office (40054.0),Multifamily Housing (68493.0)",48.0,,7882224.1,204700.0,10871.617,600180.0,123120.925,,,,,,5629709.9,310759.986,,,,,,,,,,,,,,,9.44,in compliance,444752.528,2025.0,No,No,No,No,No,No,,,12.008907465230449,3.871201010907891,15.880120668202991,13.005273289604114,1,1,2.2617150860129978,-0.746333167101903,2.2617150860129978,-0.746333167101903,1,1
3351,104968,2202632000.0,,207-209 market st,boston,2135.0,236 n beacon st,boston,2135.0,24714.0,,Multifamily Housing,Multifamily Housing (24714.0),30.8,75.0,762090.7,,,223356.0,45819.25,,,,,,,,,,,,,,,,,,,,,,6.79,in compliance,45819.25,2030.0,No,No,No,No,No,No,,,10.115125163664135,3.427514689979529,13.5438208564568,10.732459587475443,0,3,-2.5343962494106855,-0.8330114858386016,-2.5343962494106855,-0.8330114858386016,0,3
3352,104969,2102312000.0,palica ann c ts,1848-1850 commonwealth ave,boston,2135.0,1850  1848 commonwealth av,boston,2135.0,62916.0,,Multifamily Housing,Multifamily Housing (62916.0),52.4,,3295134.4,2730799.9,145032.783,165397.0,33929.541,,,,,,,,,,,,,,,,,,,,,,27.66,in compliance,178962.324,2025.0,No,No,No,No,No,No,,,11.049555782360533,3.9589065913269965,15.007957514161248,12.094930582221847,0,5,0.35798417248709735,-0.1447277076226303,0.35798417248709735,-0.1447277076226303,0,5
3359,104985,902908050.0,parcel 25d primary,1 gurney st,boston,2120.0,1 gurney st,boston,2120.0,77529.0,,Multifamily Housing,Multifamily Housing (77529.0),59.3,45.0,4596881.4,2410403.6,128016.535,640820.0,131457.815,,,,,,,,,,,,,,,,,,,,,,22.82,in compliance,259474.35,2025.0,No,No,No,No,No,No,,,11.25840733889688,4.08260930600368,15.34088867502114,12.466413132772061,1,5,1.0593295676472934,0.023609754736942785,1.0593295676472934,0.023609754736942785,1,5
3361,104988,602681002.0,,899 congress st,boston,2210.0,295  315 northern av,boston,2210.0,259730.0,81000.0,Multifamily Housing,"Multifamily Housing (259730.0),Parking (81000.0)",62.9,35.0,16332163.8,4652099.8,247073.02,3423231.0,702241.607,,,,,,,,,,,,,,,,,,,,,,30.88,in compliance,949314.627,2025.0,No,No,No,No,No,No,,,12.467397908884436,4.141546163706395,16.608646960761465,13.763495557946698,1,2,3.7574373351554935,-0.38318461215238797,3.7574373351554935,-0.38318461215238797,1,2
3370,104998,2100029000.0,park 231-235 assoc llc,231 park dr,boston,2215.0,231  235 park dr,boston,2215.0,58002.0,,Multifamily Housing,Multifamily Housing (58002.0),67.3,88.0,3903866.5,3208855.8,170422.332,203696.0,41786.197,,,,,,,,,,,,,,,,,,,,,,43.2,in compliance,212208.529,2025.0,No,No,No,No,No,No,,,10.96823277169266,4.209160236650682,15.177478030233713,12.265324697568243,0,5,0.6502660522463102,0.4120765303076138,0.6502660522463102,0.4120765303076138,0,5
3374,105004,602680150.0,,225 northern av,boston,2127.0,225 northern av,boston,2127.0,535587.0,151079.0,Multifamily Housing,"Restaurant (18740.0),Multifamily Housing (516847.0),Parking (151079.0)",51.3,67.0,27484139.0,10112056.9,537051.342,5091466.0,1044463.335,,,,,,,,,,,,,,,,,,,,,,29.72,in compliance,1581514.677,2025.0,No,No,No,No,No,No,,,13.191118620659928,3.937690752176724,17.129119632608308,14.273893602114748,1,2,4.910542946927097,-1.1262164545004372,4.910542946927097,-1.1262164545004372,1,2
3385,105018,2100900000.0,park vale limited patrnershi,50 park vale ave,boston,2134.0,50 park vale av,boston,2134.0,23985.0,,Multifamily Housing,Multifamily Housing (23985.0),40.3,98.0,966194.4,,,47269.0,9696.763,,,,,,,,,,804912.6,59732.564,,,,,,,,,,,20.56,in compliance,69429.327,2030.0,No,No,No,No,No,No,,,10.085183913936165,3.696351468952637,13.781120335184177,11.14806463648415,0,6,-1.9724534247201886,-0.2485145640799215,-1.9724534247201886,-0.2485145640799215,0,6
3386,105020,2102469000.0,parklake realty corp,1960-1980 commonwealth ave,boston,2135.0,1980  1960 commonwealth av,boston,2135.0,141204.0,,Multifamily Housing,Multifamily Housing (141204.0),80.3,56.0,11331857.0,10164100.1,539815.356,342250.0,70209.165,,,,,,,,,,,,,,,,,,,,,,25.93,in compliance,610024.521,2025.0,Yes,No,No,No,Yes,Yes,,,11.85796093225193,4.385769620952716,16.24312852072126,13.321254433702217,1,1,2.8590272965942587,0.387851454374743,2.8590272965942587,0.387851454374743,1,1
3388,105022,401474000.0,parkside tower llc,91 westland ave,boston,2115.0,91 westland av,boston,2115.0,119638.0,,Multifamily Housing,Multifamily Housing (119638.0),65.4,76.0,7828132.6,2773886.2,147321.096,708155.0,145270.917,,,,,,,,,,2638021.6,195767.583,,,,,,,,,,,37.59,in compliance,488359.596,2025.0,No,No,No,No,No,No,,,11.692225795787039,4.180522258463153,15.873234546547279,13.09880729052387,1,1,2.2358787669621343,0.04354953518883981,2.2358787669621343,0.04354953518883981,1,1
3390,105024,2101467000.0,,130 brainerd rd,boston,2134.0,130 brainerd rd,boston,2134.0,47312.0,,Multifamily Housing,Multifamily Housing (47312.0),48.4,96.0,2289701.6,1908100.1,101339.196,111841.0,22943.063,,,,,,,,,,,,,,,,,,,,,,26.88,in compliance,124282.259,2030.0,I'm not sure,No,No,No,I'm not sure,I'm not sure,,,10.764519242092259,3.879499813722586,14.643932061363044,11.730310540039568,0,6,-0.39431837494262234,-0.18470246315238406,-0.39431837494262234,-0.18470246315238406,0,6
3392,105026,801615010.0,parmelee court limited,1762-1786 washington st,boston,2118.0,1762  1786 washington st,boston,2118.0,39781.0,0.0,Multifamily Housing,"Multifamily Housing (38342.0),Office (1439.0),Parking (5686.0)",78.4,31.0,3120126.2,2345632.9,124576.563,226991.0,46564.934,,,,,,,,,,,,,,,,,,,,,,73.87,in compliance,171141.497,2025.0,I'm not sure,No,No,No,I'm not sure,I'm not sure,,,10.591144690352435,4.361823927356363,14.953384007685587,12.050245961158284,0,5,0.13916192264038557,0.896257712291338,0.13916192264038557,0.896257712291338,0,5
3399,105033,1300691000.0,peabody medeiros llc,11 woodcliff st,boston,2125.0,11 woodcliff st,boston,2125.0,51132.0,,Multifamily Housing,Multifamily Housing (51132.0),45.7,93.0,2334420.1,1554061.6,82536.212,228710.0,46917.569,,,,,,,,,,,,,,,,,,,,,,39.27,in compliance,129453.781,2025.0,No,No,No,No,No,No,,,10.842165803287912,3.822098297900159,14.663274067063144,11.771079192941622,0,6,-0.32141859230307235,-0.33701173668968454,-0.32141859230307235,-0.33701173668968454,0,6
3400,105034,700195000.0,peabody oreilly llc,347 dorchester st,boston,2127.0,347 dorchester st,boston,2127.0,27876.0,,Multifamily Housing,Multifamily Housing (27876.0),27.3,94.0,759699.2,0.0,,222655.1,45675.467,,,,,,,,,,,,,,,,,,,,,,31.89,in compliance,45675.467,2030.0,No,No,No,No,No,No,,,10.23552138255841,3.3068867021909143,13.540677844443502,10.729316605605542,0,3,-2.5063345659448855,-1.1374637439195256,-2.5063345659448855,-1.1374637439195256,0,3
3401,105035,1303411010.0,peninsula housing assoc ii llc,375 mount vernon st,boston,2125.0,401 mt vernon st,boston,2125.0,134338.0,19191.0,Multifamily Housing,"Multifamily Housing (134338.0),Parking (28356.0)",51.6,83.0,6934984.7,3751199.8,199226.221,933114.0,191419.006,,,,,,,,,,,,,,,,,,,,,,36.46,in compliance,390645.227,2025.0,I'm not sure,No,No,No,I'm not sure,I'm not sure,,,11.808114291111403,3.9435216724875173,15.752089405528203,12.875555079252207,1,1,1.9686044872046466,-0.5075824147842078,1.9686044872046466,-0.5075824147842078,1,1
3402,105036,1303412000.0,,401 mount vernon st,boston,2125.0,375  401 mt vernon st,boston,2125.0,305286.0,33921.0,Multifamily Housing,"Multifamily Housing (305286.0),Parking (66931.0)",39.5,95.0,12056206.2,7201200.2,382455.743,1422921.0,291898.014,,,,,,,,,,,,,,,,,,,,,,32.87,in compliance,674353.757,2025.0,I'm not sure,No,No,No,I'm not sure,I'm not sure,,,12.62900432113697,3.676300671907076,16.305090122659127,13.421510114220357,1,2,3.2110819027452404,-1.4252124228092597,3.2110819027452404,-1.4252124228092597,1,2
3403,105037,801401510.0,,21 father francis gilday street,boston,2118.0,21 fr francis gilday st,boston,2118.0,81750.0,,Multifamily Housing,Multifamily Housing (81750.0),48.0,78.0,3923388.4,2825400.0,150056.994,321802.0,66014.462,,,,,,,,,,,,,,,,,,,,,,22.07,in compliance,216071.456,2025.0,No,No,No,No,No,No,,,11.3114210887595,3.871201010907891,15.182466226153792,12.28336444677396,1,4,0.7623779397154566,-0.44140489623851353,0.7623779397154566,-0.44140489623851353,1,4
3406,105041,504224000.0,peterborough condo tr,82 jersey st,boston,2215.0,86  82 jersey st,boston,2215.0,27584.0,,Multifamily Housing,Multifamily Housing (27584.0),81.1,68.0,2236361.8,1893199.9,100547.847,100575.0,20631.956,,,,,,,,,,,,,,,,,,,,,,28.1,in compliance,121179.803,2025.0,No,No,No,No,No,No,,,10.224991173463419,4.395682961121367,14.620360906965672,11.705030696816854,0,0,-0.5857558625290996,1.126751260464342,-0.5857558625290996,1.126751260464342,0,0
3407,105043,504236000.0,peterborough gardens cd tr,24-30 peterborough st,boston,2215.0,30  24 peterborough st,boston,2215.0,25672.0,,Multifamily Housing,Multifamily Housing (25672.0),93.1,50.0,2391055.6,1958100.0,103994.691,126892.0,26030.625,,,,,,,,,,,,,,,,,,,,,,36.39,in compliance,130025.316,2025.0,No,No,No,No,No,No,,,10.153156182789694,4.533674184283021,14.687245500038768,11.775484448940185,0,0,-0.4790865243671959,1.4459096716749258,-0.4790865243671959,1.4459096716749258,0,0
3408,105044,504233000.0,peterborough housing,42 peterborough st,boston,2215.0,42 peterborough st,boston,2215.0,63142.0,,Multifamily Housing,Multifamily Housing (63142.0),80.4,40.0,5074888.5,1362150.0,72343.787,256469.0,52612.051,,,,,,,,,,2837666.3,210583.216,,,,,,,,,,,63.37,in compliance,335539.054,2025.0,No,No,No,No,No,No,,,11.053141437251751,4.387014176184921,15.439815112207421,12.723493633984422,1,5,1.3020977390287125,0.7580624756247774,1.3020977390287125,0.7580624756247774,1,5
3409,105045,504305000.0,,80 peterborough st,boston,2215.0,80 peterborough st,boston,2215.0,28801.0,,Multifamily Housing,Multifamily Housing (28801.0),83.6,44.0,2406854.0,,,115681.0,23730.8,,,,,,,,,,2012150.4,149321.681,,,,,,,,,,,36.78,in compliance,173052.481,2025.0,No,No,No,No,No,No,,,10.268165387743457,4.426043520090656,14.693831058506756,12.061350185857568,0,0,-0.23182037537726516,1.1899742714552435,-0.23182037537726516,1.1899742714552435,0,0
3410,105046,504307000.0,,76 peterborough st,boston,2215.0,76 peterborough st,boston,2215.0,28801.0,,Multifamily Housing,Multifamily Housing (28801.0),77.3,26.0,2226219.5,1778568.5,94459.773,131199.0,26914.163,,,,,,,,,,,,,,,,,,,,,,44.0,in compliance,121373.936,2030.0,No,No,No,No,No,No,,,10.268165387743457,4.3476939555933765,14.615815413323716,11.706631439334812,0,0,-0.578070878360326,1.0083372192161861,-0.578070878360326,1.0083372192161861,0,0
3411,105047,504308000.0,,72 peterborough st,boston,2215.0,72 peterborough st,boston,2215.0,41712.0,,Multifamily Housing,Multifamily Housing (41712.0),56.6,74.0,2359608.2,,,170955.0,35069.709,,,,,,,,,,1776309.7,131819.943,,,,,,,,,,,19.52,in compliance,166889.652,2030.0,No,No,No,No,No,No,,,10.638544136173284,4.036008985209137,14.674006146270301,12.02508810652945,0,5,-0.17979281589417045,0.21417342600172437,-0.17979281589417045,0.21417342600172437,0,5
3412,105048,504221000.0,,39 peterborough st,boston,2215.0,39 peterborough st,boston,2215.0,63147.0,,Multifamily Housing,Multifamily Housing (63147.0),68.5,54.0,4324069.3,,,212591.0,43610.918,,,,,,,,,,3598708.8,267060.18,,,,,,,,,,,42.29,in compliance,310671.098,2025.0,No,No,No,No,No,No,,,11.053220620711953,4.22683374526818,15.27970748443982,12.646490068846386,1,5,1.0661276276694578,0.4301929776998098,1.0661276276694578,0.4301929776998098,1,5
3413,105049,2100749000.0,,1125 commonwealth ave,boston,2134.0,1125 commonwealth av,boston,2134.0,71440.0,,Multifamily Housing,Multifamily Housing (71440.0),28.5,100.0,2037114.8,56100.0,2979.471,72975.0,14970.092,,,,,,,,,,1732024.1,128533.508,,,,,,,,,,,14.55,in compliance,146483.071,2025.0,I'm not sure,No,No,No,I'm not sure,I'm not sure,,,11.17661321555038,3.349904087274605,14.52704505100924,11.89466514444812,0,4,-0.29414133095527395,-1.4492106971336223,-0.29414133095527395,-1.4492106971336223,0,4
3416,105052,306989000.0,,336 shawmut ave,boston,2118.0,336  346 shawmut av,boston,2118.0,104678.0,,Multifamily Housing,Multifamily Housing (104678.0),55.8,73.0,5845565.1,4658209.6,247397.512,347994.0,71387.489,,,,,,,,,,,,,,,,,,,,,,37.22,in compliance,318785.001,2025.0,No,No,No,No,No,No,,,11.558644250615174,4.021773869387265,15.581193829138874,12.672272176485242,1,1,1.560550827778081,-0.23717057777397998,1.560550827778081,-0.23717057777397998,1,1
3418,105054,1300741010.0,phillips brooks school,5 perth st,boston,2121.0,quincy st,boston,2121.0,55000.0,0.0,Multifamily Housing,"Multifamily Housing (55000.0),Parking (6370.0)",62.7,66.0,3449674.2,2696946.1,143234.807,220612.0,45256.346,,,,,,,,,,,,,,,,,,,,,,32.45,in compliance,188491.153,2025.0,I'm not sure,No,No,No,I'm not sure,I'm not sure,,,10.915088464214607,4.138361447638875,15.05379034976569,12.14680635108178,0,5,0.41039642545645705,0.28845285490077116,0.41039642545645705,0.28845285490077116,0,5
3421,105059,901071000.0,,789-793 tremont st,boston,2118.0,272  268 northampton st,boston,2118.0,242904.0,0.0,Multifamily Housing,"Multifamily Housing (242904.0),Swimming Pool (0.0),Parking (12500.0)",53.3,88.0,12955622.5,9452118.6,502002.019,1026818.0,210641.445,,,,,,,,,,,,,,,,,,,,,,20.78,in compliance,712643.464,2025.0,No,No,No,No,No,No,,,12.400421582536847,3.975936331171799,16.377040421769518,13.476736523838607,1,2,3.26968125794236,-0.7020256258193045,3.26968125794236,-0.7020256258193045,1,2
3422,105060,602641050.0,pier 4 llc,142 northern av,boston,2110.0,142 northern av,boston,2110.0,417842.0,,Multifamily Housing,"Restaurant (10761.0),Multifamily Housing (407081.0)",51.1,66.0,21335637.2,8786400.3,466645.72,3641371.0,746990.847,,,,,,,,,,124879.0,9267.271,,,,,,,,,,,31.53,in compliance,1222903.838,2025.0,No,No,No,No,No,No,,,12.94285864961988,3.933784497209659,16.875889340574933,14.016738783613945,1,2,4.371613109997156,-1.0256482501829098,4.371613109997156,-1.0256482501829098,1,2
3423,105061,602672070.0,pier 4 residences condominium trust,300 pier 4 boulevard,boston,2110.0,300 pier 4 boulevard,boston,2110.0,216953.0,60000.0,Multifamily Housing,"Restaurant (16953.0),Multifamily Housing (200000.0),Parking (60000.0)",75.8,8.0,16441855.2,5853275.8,310867.478,3103335.0,636618.142,,,,,,,,,,,,,,,,,,,,,,29.95,in compliance,947485.62,2025.0,No,No,No,No,No,No,,,12.287436019201873,4.328098292648326,16.615340787940927,13.761567039042548,1,2,3.7146040733846997,0.08366839691181154,3.7146040733846997,0.08366839691181154,1,2
3431,105072,1900520010.0,,82 green st,boston,2130.0,82 green st,boston,2130.0,29600.0,0.0,Multifamily Housing,"Multifamily Housing (29600.0),Parking (10000.0)",77.3,67.0,2286884.9,1663999.0,88374.987,182557.4,37449.825,,,,,,,,,,,,,,,,,,,,,,67.05,in compliance,125824.812,2025.0,No,No,No,No,No,No,,,10.295529640312152,4.3476939555933765,14.642701143797892,11.74264583750476,0,0,-0.5139943024847577,0.9968503097461234,-0.5139943024847577,0.9968503097461234,0,0
3432,105073,2100040000.0,,115-125 peterborough st,boston,2215.0,115  125 peterborough st,boston,2215.0,62536.0,,Multifamily Housing,Multifamily Housing (62536.0),64.8,88.0,4051624.2,3510948.4,186466.47,158463.0,32507.1,,,,,,,,,,,,,,,,,,,,,,10.26,in compliance,218973.57,2025.0,No,No,No,No,No,No,,,11.043497669900166,4.1713056033582285,15.2146283957259,12.29670631658412,1,5,0.7354299637107912,0.2997707560811654,0.7354299637107912,0.2997707560811654,1,5
3434,105075,401673000.0,pizzi salvatore trsts,121 saint stephen st,boston,2115.0,121 st stephen st,boston,2115.0,30654.0,,Multifamily Housing,Multifamily Housing (30654.0),56.8,98.0,1740914.2,1412400.0,75012.564,96282.0,19751.289,,,,,,,,,,,,,,,,,,,,,,27.97,in compliance,94763.853,2025.0,I'm not sure,No,No,No,I'm not sure,I'm not sure,,,10.330518438558853,4.039536325727106,14.3699209355141,11.459143318062395,0,6,-1.017690657670324,0.3393698103496634,-1.017690657670324,0.3393698103496634,0,6
3435,105076,401721000.0,,60 fenway,boston,2115.0,60 fenway st,boston,2115.0,33882.0,,Multifamily Housing,Multifamily Housing (33882.0),98.9,,3350138.6,3065100.2,162787.472,83540.0,17137.396,,,,,,,,,,,,,,,,,,,,,,25.54,in compliance,179924.868,2030.0,I'm not sure,No,No,No,I'm not sure,I'm not sure,,,10.430639178900892,4.594109238628667,15.024512276079733,12.100294642736719,0,5,0.2121850675972409,1.448801767502707,0.2121850675972409,1.448801767502707,0,5
3438,105080,303176000.0,,26-30 fleet st,boston,2113.0,30  26 fleet st,boston,2113.0,21500.0,,Multifamily Housing,"Restaurant (2000.0),Multifamily Housing (18300.0),Social/Meeting Hall (1200.0)",47.5,99.0,1021090.1,744800.0,39556.328,80976.0,16611.417,,,,,,,,,,,,,,,,,,,,,,37.5,in compliance,56167.745,2030.0,No,No,No,No,No,No,,,9.975808214115753,3.8607297110405954,13.836381340070128,10.936097938735205,0,6,-2.0946422368408113,0.12379559622434513,-2.0946422368408113,0.12379559622434513,0,6
3439,105081,2100669000.0,pizzuti donato f trst,4-12 farrington ave,boston,2134.0,33 highgate st,boston,2134.0,37792.0,,Multifamily Housing,Multifamily Housing (37792.0),62.2,74.0,2350560.7,1911600.0,101525.076,128652.0,26391.671,,,,,,,,,,,,,,,,,,,,,,18.01,in compliance,127916.747,2030.0,No,No,No,No,No,No,,,10.53985271899709,4.130354999745133,14.670164453405585,11.759134917228266,0,0,-0.40491674488760737,0.43639419472949115,-0.40491674488760737,0.43639419472949115,0,0
3440,105082,2100881000.0,,15 glenville ave,boston,2134.0,15 glenville av,boston,2134.0,24216.0,,Multifamily Housing,Multifamily Housing (24216.0),49.0,91.0,1187454.7,912700.0,48473.497,80526.0,16519.104,,,,,,,,,,,,,,,,,,,,,,28.24,in compliance,64992.601,2030.0,No,No,No,No,No,No,,,10.094768850701554,3.8918202981106265,13.987322666794883,11.082028711629329,0,6,-1.786749616811127,0.13601965679034697,-1.786749616811127,0.13601965679034697,0,6
3441,105083,2100816000.0,,1193 commonwealth ave,boston,2134.0,1193 commonwealth av,boston,2134.0,21270.0,,Multifamily Housing,Multifamily Housing (21270.0),11.1,100.0,235677.6,60700.0,3223.777,51283.0,10520.195,,,,,,,,,,,,,,,,,,,,,,14.61,in compliance,13743.972,2030.0,No,No,No,No,No,No,C10033,,9.965052908194282,2.4069451083182885,12.370220048345217,9.528355606969342,0,7,-4.76993948242727,-2.893889974042326,-4.76993948242727,-2.893889974042326,0,7
3442,105084,2100817000.0,pizzuti family inc,1197 commonwealth ave,boston,2134.0,1197 commonwealth av,boston,2134.0,21770.0,,Multifamily Housing,Multifamily Housing (21770.0),92.4,44.0,2011477.2,1825100.1,96931.066,54624.0,11205.567,,,,,,,,,,,,,,,,,,,,,,34.31,in compliance,108136.633,2030.0,No,No,No,No,No,No,C10033,,9.988288154228593,4.526126978647638,14.514379935482983,11.591150826886265,0,0,-0.8522455535282822,1.5018295449642092,-0.8522455535282822,1.5018295449642092,0,0
3455,105116,1202461000.0,,32-36 maple st,boston,2121.0,32  36 maple st,boston,2121.0,22254.0,,Multifamily Housing,Multifamily Housing (22254.0),66.5,62.0,1479345.3,1158300.0,61517.313,94093.0,19302.238,,,,,,,,,,,,,,,,,,,,,,35.93,in compliance,80819.551,2025.0,No,No,No,No,No,No,,,10.010277046717645,4.197201947661808,14.207110183003232,11.299974183061478,0,0,-1.403527957615005,0.8085285407074152,-1.403527957615005,0.8085285407074152,0,0
3457,105118,1202555000.0,,89-91 georgia st,boston,2121.0,89  91 georgia st,boston,2121.0,40122.0,,Multifamily Housing,Multifamily Housing (40122.0),81.0,36.0,3251542.5,2712600.1,144066.191,157955.0,32402.889,,,,,,,,,,,,,,,,,,,,,,41.92,in compliance,176469.08,2025.0,No,No,No,No,No,No,,,10.599680091282034,4.394449154672439,14.994640057096278,12.080900955872979,0,5,0.21013247704363489,0.9597180980201632,0.21013247704363489,0.9597180980201632,0,5
3459,105121,1202006000.0,,20-24 deckard st,boston,2121.0,20  24 deckard st,boston,2121.0,21496.0,,Multifamily Housing,Multifamily Housing (21496.0),23.5,,504498.3,,,147860.0,30332.0,,,,,,,,,,,,,,,,,,,,,,28.41,pending revisions,30332.0,2025.0,I'm not sure,No,No,No,I'm not sure,I'm not sure,,,9.975622150295328,3.1570004211501135,13.13131974909718,10.319958539820826,0,3,-3.335340261503849,-1.33515145645868,-3.335340261503849,-1.33515145645868,0,3
3460,105122,1202067000.0,,515 warren st,boston,2121.0,515 warren st,boston,2121.0,25660.0,,Multifamily Housing,Multifamily Housing (25660.0),91.5,,2347826.9,1747100.0,92788.481,176063.0,36117.564,,,,,,,,,,,,,,,,,,,,,,60.74,in compliance,128906.045,2025.0,No,No,No,No,No,No,,,10.152688638169627,4.516338972281476,14.669000734895635,11.766839084646897,0,0,-0.5058348885055267,1.4106098157692992,-0.5058348885055267,1.4106098157692992,0,0
3461,105123,1202208000.0,pnc arhpf new port antonio apts llc,55 elm hill ave,boston,2121.0,55 elm hill av,boston,2121.0,37448.0,,Multifamily Housing,Multifamily Housing (37448.0),54.8,75.0,2051997.9,1783483.8,94720.825,78697.0,16143.903,,,,,,,,,,,,,,,,,,,,,,29.16,in compliance,110864.728,2030.0,No,No,No,No,No,No,,,10.530708582979907,4.00369019395397,14.53432446188046,11.61606607044973,0,6,-0.6642562607048402,0.17626644913096332,-0.6642562607048402,0.17626644913096332,0,6
3462,105125,1202262000.0,,181-185 ruthven st,boston,2121.0,181  185 ruthven st,boston,2121.0,37448.0,,Multifamily Housing,Multifamily Housing (37448.0),54.8,75.0,2051997.9,1783483.8,94720.825,78697.0,16143.903,,,,,,,,,,,,,,,,,,,,,,29.16,in compliance,110864.728,2025.0,No,No,No,No,No,No,,,10.530708582979907,4.00369019395397,14.53432446188046,11.61606607044973,0,6,-0.6642562607048402,0.17626644913096332,-0.6642562607048402,0.17626644913096332,0,6
3468,105134,2100054014.0,,176  200 brookline av,boston,2215.0,176  200 brookline av,boston,2215.0,423117.0,,Multifamily Housing,"Hotel (44762.0),Restaurant (6477.0),Office (3013.0),Multifamily Housing (355699.0),Swimming Pool (0.0),Retail Store (13166.0)",62.0,42.0,26248038.8,11908477.4,632459.235,4202685.0,862138.801,,,,,,,,,,,,,,,,,,,,,,27.31,in compliance,1494598.036,2025.0,No,No,No,No,No,No,,,12.955404015527545,4.127134385045092,17.083101831829847,14.2173678564135,1,2,4.753493097015569,-0.6289423767276474,4.753493097015569,-0.6289423767276474,1,2
3470,105137,200136010.0,polk street development llc,30 polk st,boston,2129.0,30 polk st,boston,2129.0,33112.0,8278.0,Multifamily Housing,"Multifamily Housing (33112.0),Parking (8278.0)",31.0,100.0,1027024.8,515800.0,27394.138,149831.4,30736.413,,,,,,,,,,,,,,,,,,,,,,14.26,in compliance,58130.551,2030.0,No,No,No,No,No,No,,,10.407651033428568,3.4339872044851463,13.842176636623032,10.970446639404988,0,3,-1.9460209574468976,-0.9522756301773139,-1.9460209574468976,-0.9522756301773139,0,3
3471,105138,1001643000.0,pond place condo tr,90 bynner st,boston,2130.0,90 90b bynner st,boston,2130.0,20832.0,,Multifamily Housing,Multifamily Housing (20832.0),67.1,65.0,1398109.0,1094400.0,58123.584,89012.0,18259.922,,,,,,,,,,,,,,,,,,,,,,40.76,in compliance,76383.506,2030.0,I'm not sure,No,No,No,I'm not sure,I'm not sure,,,9.944245545008295,4.206184043977636,14.150631167262972,11.243522061794645,0,0,-1.5262904881198436,0.8563377260985187,-1.5262904881198436,0.8563377260985187,0,0
3476,105151,1900914000.0,pondview jp lp,560-568 centre st,boston,2130.0,560  568 centre st,boston,2130.0,56278.0,,Multifamily Housing,Multifamily Housing (56278.0),64.8,70.0,3645473.3,2923753.5,155280.548,211524.0,43392.033,,,,,,,,,,,,,,,,,,,,,,61.36,in compliance,198672.581,2025.0,No,No,No,No,No,No,,,10.938058973994185,4.1713056033582285,15.108996764103598,12.199413427070484,0,5,0.5172800976133753,0.3466482854907367,0.5172800976133753,0.3466482854907367,0,5
3485,105170,903453000.0,prang estates associates mass lp,45 centre st,boston,2119.0,45 centre st,boston,2119.0,48273.0,,Multifamily Housing,Multifamily Housing (48273.0),65.5,65.0,3159934.8,2649479.1,140713.835,149606.0,30690.175,,,,,,,,,,,,,,,,,,,,,,38.65,in compliance,171404.01,2030.0,No,No,No,No,No,No,,,10.78462767712726,4.182050142641207,14.96606195243884,12.051778680438073,0,5,0.2075169143097487,0.43610146955192514,0.2075169143097487,0.43610146955192514,0,5
3503,105198,401323010.0,,30 dalton st,boston,2115.0,30 dalton st,boston,2115.0,260000.0,10000.0,Multifamily Housing,"Food Sales (1400.0),Multifamily Housing (258600.0),Parking (10000.0)",41.0,74.0,10671716.4,3438220.5,182603.891,2120016.0,434900.082,,,,,,,,,,,,,,,,,,,,,,19.56,in compliance,617503.973,2025.0,I'm not sure,No,No,No,I'm not sure,I'm not sure,,,12.468436909997665,3.713572066704308,16.18310747257155,13.33344078147167,1,2,2.965697746879458,-1.2745740176325888,2.965697746879458,-1.2745740176325888,1,2
3510,105208,303547000.0,,45-63 atlantic ave,boston,2110.0,45  63 atlantic av,boston,2110.0,58000.0,,Multifamily Housing,Multifamily Housing (58000.0),60.7,29.0,3521469.1,1992899.9,105842.914,447998.0,91902.31,,,,,,,,,,,,,,,,,,,,,,19.06,in compliance,197745.224,2025.0,No,No,No,No,No,No,,,10.968198289528557,4.1059436980654525,15.07438881845922,12.194734733631543,0,5,0.48293303792817194,0.19945265841894938,0.48293303792817194,0.19945265841894938,0,5
3513,105212,503228000.0,prince on newbury condo tr,201 newbury st,boston,2116.0,201 newbury st,boston,2116.0,63248.0,,Multifamily Housing,Multifamily Housing (63248.0),38.8,7.0,2452770.8,0.0,,718866.0,147468.171,,,,,,,,,,,,,,,,,,,,,,14.66,in compliance,147468.171,2030.0,No,No,No,No,No,No,,,11.054818785536467,3.6584202466292277,14.71272888226692,11.901367641645528,0,4,-0.11332066316231175,-0.7656786768022121,-0.11332066316231175,-0.7656786768022121,0,4
3521,105221,1302364011.0,,25 william t morrissey blvd,boston,2124.0,25 wm t morrissey bl,boston,2124.0,218777.0,21870.0,Multifamily Housing,"Multifamily Housing (218777.0),Parking (30270.0)",34.6,98.0,7569951.3,2745827.0,145830.872,1413870.0,290041.292,,,,,,,,,,,,,,,,,,,,,,27.31,pending revisions,435872.164,2025.0,No,No,No,No,No,No,C10084,This building has been reported as part of a campus within Energy Star Portfolio Manager. This reported row of data may not encompass the energy and water usage of the entire building. See this building's corresponding Campus ID at the bottom of this data disclosure spreadsheet to view the reported energy usage for the entire campus of buildings.,12.29580822517461,3.543853682063679,15.839697192103637,12.985104277504247,1,2,2.279562409822319,-1.5524599361443525,2.279562409822319,-1.5524599361443525,1,2
3532,105236,1202025000.0,,140 humboldt ave,boston,2121.0,140 humboldt av,boston,2121.0,44352.0,,Multifamily Housing,Multifamily Housing (44352.0),52.6,76.0,2332044.5,1679919.1,89220.503,191127.0,39207.793,,,,,,,,,,,,,,,,,,,,,,29.12,in compliance,128428.296,2025.0,No,No,No,No,No,No,,,10.699913082549575,3.9627161197436642,14.662255908603216,11.763126019791027,0,6,-0.36726340304753835,0.017843517500334465,-0.36726340304753835,0.017843517500334465,0,6
3533,105237,1203099000.0,,236 harold st,boston,2121.0,49  67 hutchings st,boston,2121.0,39944.0,,Multifamily Housing,Multifamily Housing (39944.0),44.3,81.0,1771120.0,1075058.4,57096.352,204004.0,41849.381,,,,,,,,,,,,,,,,,,,,,,23.6,in compliance,98945.733,2030.0,No,No,No,No,No,No,,,10.595233752180444,3.7909846770510898,14.387122672798107,11.50232682731161,0,6,-0.8953730124373493,-0.29245105696344176,-0.8953730124373493,-0.29245105696344176,0,6
3534,105245,2201904004.0,,125 guest st,boston,2135.0,125 guest st,boston,2135.0,333783.0,,Multifamily Housing,"Office (100000.0),Multifamily Housing (233783.0)",33.8,97.0,11275908.8,5135877.5,272766.454,1799540.0,369157.636,,,,,,,,,,,,,,,,,,,,,,19.41,pending revisions,641924.09,2025.0,No,No,No,No,No,No,,,12.718246360213142,3.520460802488973,16.238179043208973,13.372225335805824,1,2,3.1243721895891765,-1.787687013531265,3.1243721895891765,-1.787687013531265,1,2
3537,105248,402425000.0,,76-82 w rutland sq,boston,2118.0,76  82 w rutland sq,boston,2118.0,24416.0,4000.0,Multifamily Housing,"Multifamily Housing (24416.0),Parking (4000.0)",36.2,,882799.4,293100.0,15566.541,172831.0,35454.551,,,,,,,,,,,,,,,,,,,,,,18.11,in compliance,51021.092,2030.0,No,No,No,No,No,No,,,10.102993934084184,3.5890591188317256,13.690853273708846,10.83999439483798,0,3,-2.293191330326352,-0.4944353121575845,-2.293191330326352,-0.4944353121575845,0,3
3553,105268,2101829000.0,,1455 commonwealth ave,boston,2135.0,1455 commonwealth av,boston,2135.0,102948.0,0.0,Multifamily Housing,"Multifamily Housing (102948.0),Parking (20500.0)",58.1,95.0,5976761.3,5081701.6,269889.172,262327.0,53813.761,,,,,,,,,,,,,,,,,,,,,,26.12,in compliance,323702.933,2025.0,No,No,No,No,No,No,,,11.541979285360966,4.062165663857866,15.603389390585956,12.687581500732106,1,1,1.5927263591381429,-0.14646345047182655,1.5927263591381429,-0.14646345047182655,1,1
3554,105269,602867010.0,reserve channel condo tr,404 w first st,boston,2127.0,392  412 w first st,boston,2127.0,56919.0,0.0,Multifamily Housing,"Multifamily Housing (56919.0),Parking (5000.0)",14.5,100.0,823827.4,,,241450.0,49531.053,,,,,,,,,,,,,,,,,,,,,,18.95,in compliance,49531.053,2025.0,No,No,No,No,No,No,,,10.949384483532244,2.6741486494265287,13.621716320931121,10.810355085198816,0,3,-2.162199281062603,-2.7683220668493376,-2.162199281062603,-2.7683220668493376,0,3
3557,105277,2205081000.0,reservoir heights condo tr,1997-2003 commonwealth ave,boston,2135.0,1997  2003 commonwealth av,boston,2135.0,67979.0,,Multifamily Housing,Multifamily Housing (67979.0),86.1,84.0,5852036.8,5072899.8,269421.708,228352.0,46844.129,,,,,,,,,,,,,,,,,,,,,,,pending revisions,316265.837,2025.0,No,No,No,No,No,No,,,11.126954112933026,4.455509411433685,15.582300329550774,12.664338395240389,1,5,1.4390700148602342,0.8546645372261676,1.4390700148602342,0.8546645372261676,1,5
3558,105278,504217000.0,,25 peterborough st,boston,2215.0,25 peterborough st,boston,2215.0,31932.0,,Multifamily Housing,Multifamily Housing (31932.0),11.1,100.0,355082.8,44700.0,2374.017,90968.0,18661.176,,,,,,,,,,,,,,,,,,,,,,25.72,in compliance,21035.193,2030.0,No,No,No,No,No,No,,,10.37136392076569,2.4069451083182885,12.780106280698083,9.953952171166746,0,7,-3.8903184651386664,-3.070888948970733,-3.8903184651386664,-3.070888948970733,0,7
3559,105279,2102478000.0,reservoir manor realty tr,1945-1949 commonwealth ave,boston,2135.0,1945  1949 commonwealth av,boston,2135.0,48655.0,,Multifamily Housing,Multifamily Housing (48655.0),102.2,64.0,4970813.1,4347399.7,230890.398,182712.0,37481.54,,,,,,,,,,,,,,,,,,,,,,43.54,in compliance,268371.938,2025.0,No,No,No,No,No,No,,,10.79250985725609,4.626931677769604,15.419093986301185,12.500129125707517,1,5,1.0452357083056971,1.3583965183399471,1.0452357083056971,1.3583965183399471,1,5
3562,105285,2102474000.0,,1925 commonwealth ave,boston,2135.0,271 chestnut hill av,boston,2135.0,232810.0,18177.0,Multifamily Housing,"Multifamily Housing (232810.0),Parking (18177.0)",49.2,92.0,11457335.9,7522300.1,399509.358,1153293.0,236586.526,,,,,,,,,,,,,,,,,,0.0,,,,33.83,in compliance,636095.884,2025.0,No,No,No,No,No,No,,,12.357977949243327,3.8958936234982624,16.254140772766668,13.36310459196525,1,2,3.037432818330284,-0.8494200684608318,3.037432818330284,-0.8494200684608318,1,2
3563,105286,503939000.0,residences @ 534-538 comm av,534-538 commonwealth ave,boston,2215.0,534  538 commonwealth av,boston,2215.0,43078.0,,Multifamily Housing,"Multifamily Housing (30770.0),Other (12308.0)",44.9,,1933994.2,862500.0,45807.375,314037.0,64421.55,,,,,,,,,,,,,,,,,,,,,,19.52,in compliance,110228.925,2030.0,I'm not sure,No,No,No,I'm not sure,I'm not sure,,,10.670767704937301,3.8044377947482086,14.475097956025007,11.610314618573781,0,6,-0.6969133811707525,-0.29645727722580945,-0.6969133811707525,-0.29645727722580945,0,6
3565,105288,305358202.0,residences at 210 south st,208  212 south st,boston,2111.0,208  212 south st,boston,2111.0,77799.0,,Multifamily Housing,Multifamily Housing (77799.0),36.9,91.0,2870007.4,1509799.9,80185.473,398654.0,81779.882,,,,,,,,,,,,,,,,,,,,,,27.49,in compliance,161965.355,2025.0,No,No,No,No,No,No,,,11.261883856613439,3.6082115510464816,14.869825166129692,11.995137733318941,0,4,0.18768421588403172,-0.9654268104844452,0.18768421588403172,-0.9654268104844452,0,4
3566,105290,1808728010.0,residences at fairmount,11 nott st,boston,2136.0,11 nott st,boston,2136.0,35318.0,,Multifamily Housing,Multifamily Housing (35318.0),45.2,66.0,1595985.1,735100.0,39041.161,252311.0,51759.079,,,,,,,,,,,,,,,,,,,,,,169.28,in compliance,90800.24,2030.0,No,No,No,No,No,No,,,10.47214802797307,3.8110970868381857,14.283001721108713,11.416417207757698,0,6,-1.1079454911075555,-0.19543299032674422,-1.1079454911075555,-0.19543299032674422,0,6
3567,105291,1103719020.0,residences at forest hills,3686 washington st,boston,2130.0,3694 washington st,boston,2130.0,189903.0,21045.0,Multifamily Housing,"Multifamily Housing (189903.0),Parking (22260.0)",35.9,99.0,6812900.1,3818300.3,202789.929,877667.0,180044.608,,,,,,,,,,,,,,,,,,,,,,26.25,in compliance,382834.537,2025.0,No,No,No,No,No,No,,,12.154268694463903,3.580737295494233,15.73432844650431,12.85535815653924,1,1,2.0284578622168916,-1.4152177435088094,2.0284578622168916,-1.4152177435088094,1,1
3568,105292,502221000.0,,41 phillips st,boston,2114.0,41  43 phillips st,boston,2114.0,42588.0,,Multifamily Housing,Multifamily Housing (42588.0),45.4,,1932021.0,213400.0,11333.674,503699.0,103328.813,,,,,,,,,,,,,,,,,,,,,,13.78,pending revisions,114662.487,2030.0,No,No,No,No,No,No,,,10.659327802434497,3.8155121050473024,14.474077163260745,11.649748196441692,0,6,-0.6721742913303682,-0.265757050582466,-0.6721742913303682,-0.265757050582466,0,6
3569,105293,602640060.0,,77-91 seaport blvd,boston,2210.0,85 seaport bl,boston,2210.0,293938.0,,Multifamily Housing,Multifamily Housing (293938.0),57.0,79.0,16767747.8,10146781.7,538895.576,1940494.0,398072.939,,,,,,,,,,,,,,,,,,,,,,37.08,in compliance,936968.515,2025.0,I'm not sure,No,No,No,I'm not sure,I'm not sure,,,12.591124139727846,4.04305126783455,16.63496782543636,13.750404958734977,1,2,3.8106602672877434,-0.6450735575734187,3.8106602672877434,-0.6450735575734187,1,2
3570,105294,700775000.0,,225 dorchester st,boston,2127.0,225 dorchester st,boston,2127.0,41499.0,,Multifamily Housing,Multifamily Housing (41499.0),28.0,100.0,1162640.2,603700.0,32062.507,163816.0,33605.214,,,,,,,,,,,,,,,,,,,,,,27.62,in compliance,65667.721,2030.0,No,No,No,No,No,No,,,10.633424609542924,3.332204510175204,13.966204011322331,11.092362774760685,0,3,-1.6564959359048224,-1.2635157307204579,-1.6564959359048224,-1.2635157307204579,0,3
3571,105296,600022010.0,,48-52 w broadway,boston,2127.0,48  78 w broadway,boston,2127.0,200755.0,50000.0,Multifamily Housing,"Multifamily Housing (197055.0),Parking (50000.0),Other (3700.0)",33.1,98.0,6637685.3,2956147.5,157000.994,1078997.0,221345.445,,,,,,,,,,,,,,,,,,,,,,21.2,in compliance,378346.439,2025.0,No,No,No,No,No,No,,,12.209840538099092,3.4995332823830174,15.708273861280132,12.843565560158195,1,2,2.005863430808726,-1.6077783961044974,2.005863430808726,-1.6077783961044974,1,2
3573,105299,301918055.0,,80 causeway st,boston,2114.0,80 causeway st,boston,2114.0,320000.0,,Multifamily Housing,Multifamily Housing (320000.0),57.8,54.0,18484513.8,6913923.5,367198.477,3391146.0,695659.69,,,,,,,,,,,,,,,,,,,,,,33.08,in compliance,1062858.167,2025.0,No,No,No,No,No,No,,,12.676076274775909,4.056988775678332,16.732443847599598,13.876472221328767,1,2,4.035687930993024,-0.6516954739958346,4.035687930993024,-0.6516954739958346,1,2
3584,105310,302356000.0,riccio gennaro,290-296 hanover st,boston,2113.0,290  296 hanover st,boston,2113.0,33522.0,,Multifamily Housing,"Multifamily Housing (25022.0),Other - Restaurant/Bar (8500.0)",58.7,,1966335.6,1429686.0,75930.623,157283.0,32265.035,,,,,,,,,,,,,,,,,,,,,,53.7,in compliance,108195.658,2030.0,No,No,No,No,No,No,,,10.419957218687204,4.072439726834051,14.491682267054191,11.591696515199294,0,6,-0.7597652764585111,0.36918337819508934,-0.7597652764585111,0.36918337819508934,0,6
3586,105315,2012112000.0,,15  39 ridgecrest te,boston,2132.0,15  39 ridgecrest te,boston,2132.0,156555.0,,Multifamily Housing,"Multifamily Housing (156555.0),Swimming Pool (0.0)",39.7,93.0,6211121.8,3606800.2,191557.159,763283.0,156579.875,,,,,,,,,,,,,,,,,,,,,,38.1,in compliance,348137.034,2025.0,No,No,No,No,No,No,,,11.961162664922261,3.681351187693145,15.64185208171786,12.760351457109312,1,1,1.8028458233211349,-1.1210738530378797,1.8028458233211349,-1.1210738530378797,1,1
3587,105323,2101882000.0,,2 larose pl,boston,2135.0,2 larose pl,boston,2135.0,23000.0,,Multifamily Housing,Multifamily Housing (23000.0),42.1,92.0,968662.5,583400.0,30984.374,112914.0,23163.178,,,,,,,,,,,,,,,,,,,,,,37.97,in compliance,54147.552,2030.0,I'm not sure,No,No,No,I'm not sure,I'm not sure,,,10.043249494911286,3.7400477406883357,13.783671532989718,10.899468043651003,0,6,-2.1624375315033597,-0.1558903125914259,-2.1624375315033597,-0.1558903125914259,0,6
3588,105324,1809143010.0,riley house non-profit,39 maple st,boston,2136.0,39 maple st,boston,2136.0,46834.0,,Multifamily Housing,Multifamily Housing (46834.0),30.8,85.0,1444761.9,606114.3,32190.73,245793.6,50422.099,,,,,,,,,,,,,,,,,,,,,,25.13,in compliance,82612.829,2025.0,No,No,No,No,No,No,,,10.754364713861957,3.427514689979529,14.183455090865259,11.321920262218955,0,6,-1.2126743444469408,-1.1173059644374188,-1.2126743444469408,-1.1173059644374188,0,6
3594,105339,502442001.0,river house condo tr,145 pinckney st,boston,2114.0,145 pinckney st,boston,2114.0,150000.0,13000.0,Multifamily Housing,"Multifamily Housing (150000.0),Parking (13000.0)",60.7,93.0,9103969.3,6886339.9,365733.512,649950.0,133330.743,,,,,,,,,,,,,,,,,,,,,,27.79,in compliance,499064.255,2025.0,Yes,No,No,No,Yes,Yes,,,11.918390573078392,4.1059436980654525,16.02422106319845,13.1204901339789,1,1,2.483019333453294,-0.21988286182331343,2.483019333453294,-0.21988286182331343,1,1
3599,105344,402005000.0,riverway sq condo tr,114-122 riverway,boston,2215.0,122  114 riverway st,boston,2215.0,69855.0,,Multifamily Housing,Multifamily Housing (69855.0),91.0,85.0,6354500.8,5533399.5,293878.847,240651.0,49367.146,,,,,,,,,,,,,,,,,,,,,,34.24,in compliance,343245.993,2025.0,No,No,No,No,No,No,,,11.154176944084588,4.51085950651685,15.664673907199289,12.746202649854869,1,5,1.5987471730807623,0.9578469904823989,1.5987471730807623,0.9578469904823989,1,5
3600,105345,402289000.0,riviera condominium assn,270-280 huntington ave,boston,2115.0,280  270 huntington av,boston,2115.0,53457.0,,Multifamily Housing,Multifamily Housing (53457.0),90.0,53.0,4812887.6,3872963.5,205693.091,275476.0,56511.147,,,,,,,,,,,,,,,,,,,,,,66.51,in compliance,262204.238,2025.0,No,No,No,No,No,No,,,10.886632871395525,4.499809670330265,15.386807794594723,12.476879013415285,1,5,1.0173145514216326,1.053131413220097,1.0173145514216326,1.053131413220097,1,5
3601,105346,900939000.0,robert l fortes house lp,541-549 shawmut ave,boston,2118.0,541  549 shawmut av,boston,2118.0,39280.0,,Multifamily Housing,Multifamily Housing (39280.0),50.5,85.0,1984168.9,1238349.8,65768.758,218587.1,44840.958,,,,,,,,,,,,,,,,,,,,,,36.72,in compliance,110609.716,2025.0,No,No,No,No,No,No,,,10.578470762468402,3.9219733362813143,14.5007106942519,11.613763212313218,0,6,-0.6908565024688802,-0.012667280539053968,-0.6908565024688802,-0.012667280539053968,0,6
3605,105351,1200724000.0,rockland st elderly housing,30 rockland st,boston,2119.0,26  28 rockland st,boston,2119.0,32980.0,,Multifamily Housing,Multifamily Housing (32980.0),45.8,85.0,1509077.6,985156.2,52321.646,153552.6,31499.78,,,,,,,,,,,,,,,,,,,,,,32.11,in compliance,83821.426,2025.0,No,No,No,No,No,No,,,10.40365659611359,3.824284091120139,14.227009161212402,11.336443933980496,0,6,-1.247465557219129,-0.13959428527648948,-1.247465557219129,-0.13959428527648948,0,6
3606,105352,1404715000.0,,51 deering rd,boston,2126.0,51  59 deering rd,boston,2126.0,41000.0,,Multifamily Housing,Multifamily Housing (41000.0),68.3,20.0,2801012.6,2144902.0,113915.745,192295.0,39447.396,,,,,,,,,,,,,,,,,,,,,,36.11,in compliance,153363.141,2030.0,No,No,No,No,No,No,,,10.621327345686446,4.223909766576744,14.845491552625559,11.940563858730446,0,5,-0.053711008191132385,0.5957737619743965,-0.053711008191132385,0.5957737619743965,0,5
3609,105358,306455010.0,rollins square condo trust,3 rollins st,boston,2118.0,2 rollins st,boston,2118.0,399507.0,,Multifamily Housing,Multifamily Housing (399507.0),43.5,94.0,17394093.5,11645617.1,618498.724,1684782.0,345616.179,,,,,,,,,,,,,,,,,,,,,,19.34,in compliance,964114.903,2025.0,No,No,No,No,No,No,,,12.897986565937337,3.7727609380946383,16.67164125253421,13.778965760473048,1,2,3.9560287192471795,-1.3431038634110384,3.9560287192471795,-1.3431038634110384,1,2
3668,105426,801103000.0,roman catholic archbishop of boston,50 malden st,boston,2118.0,50 malden st,boston,2118.0,192793.0,57408.0,Multifamily Housing,"Restaurant (3504.0),Multifamily Housing (189289.0),Parking (62104.0)",48.4,80.0,9324470.1,3736006.8,198419.321,1637885.0,335995.729,,,,,,,,,,,,,,,,,,,,,,31.21,in compliance,534415.05,2025.0,No,No,No,No,No,No,,,12.169372353445523,3.879499813722586,16.048152696142246,13.188928063233169,1,2,2.628224647641107,-0.7986528067543417,2.628224647641107,-0.7986528067543417,1,2
3671,105429,2101597000.0,rosati anthony g trst,1082 commonwealth ave,boston,2134.0,1082 commonwealth av,boston,2134.0,25735.0,,Multifamily Housing,Multifamily Housing (25735.0),92.0,71.0,2367935.0,2034900.0,108073.539,97607.0,20023.1,,,,,,,,,,,,,,,,,,,,,,51.04,in compliance,128096.639,2025.0,I'm not sure,No,No,No,I'm not sure,I'm not sure,,,10.155607212086855,4.5217885770490405,14.67752882528497,11.760540250226024,0,0,-0.5001136735568869,1.4196979548358852,-0.5001136735568869,1.4196979548358852,0,0
3680,105438,1806016300.0,roslindale senior,15 blue ledge dr,boston,2131.0,washington st,boston,2131.0,72186.0,,Multifamily Housing,Multifamily Housing (72186.0),43.4,92.0,3130393.5,1825706.3,96963.262,382381.9,78441.823,,,,,,,,,,,,,,,,,,,,,,22.75,in compliance,175405.085,2025.0,No,No,No,No,No,No,,,11.187001400261579,3.770459441106359,14.956669273464223,12.074853349377985,0,4,0.3231985846736281,-0.5953462398620007,0.3231985846736281,-0.5953462398620007,0,4
3681,105440,1904205100.0,roslindale senior housing cp,120 poplar st,boston,2131.0,114  110 poplar st,boston,2131.0,82142.0,,Multifamily Housing,Multifamily Housing (82142.0),33.1,89.0,2717766.2,1241772.5,65950.537,432589.0,88741.307,,,,,,,,,,,,,,,,,,,,,,31.89,in compliance,154691.844,2025.0,No,No,No,No,No,No,,,11.316204735887123,3.4995332823830174,14.815320850861655,11.949190313775086,0,4,0.10778880737011334,-1.2149678553349854,0.10778880737011334,-1.2149678553349854,0,4
3687,105449,901180010.0,roxbury corners llc,1797-1815 washington st,boston,2118.0,1797  1815 washington st,boston,2118.0,81011.0,0.0,Multifamily Housing,"Multifamily Housing (81011.0),Parking (3512.0)",60.6,28.0,4910965.9,3840679.5,203978.488,313683.0,64348.931,,,,,,,,,,,,,,,,,,,,,,83.85,in compliance,268327.419,2025.0,I'm not sure,No,No,No,I'm not sure,I'm not sure,,,11.302340226903391,4.104294893075269,15.406981201401265,12.499963226495895,1,5,1.1697826523076844,0.04732215919496283,1.1697826523076844,0.04732215919496283,1,5
3688,105450,902921010.0,roxbury crossing senior,30 gurney st,boston,2120.0,30 gurney st,boston,2120.0,34700.0,,Multifamily Housing,Multifamily Housing (34700.0),54.0,60.0,1874805.5,1195854.9,63511.854,198989.0,40820.603,,,,,,,,,,,,,,,,,,,,,,22.4,in compliance,104332.457,2025.0,No,No,No,No,No,No,,,10.45449496593495,3.9889840465642745,14.444015478672641,11.555337781457883,0,6,-0.8309269128091932,0.1812362776937269,-0.8309269128091932,0.1812362776937269,0,6
3689,105452,903516000.0,,15 highland ave,boston,2119.0,15  27 highland av,boston,2119.0,27423.0,,Multifamily Housing,Multifamily Housing (27423.0),111.8,8.0,3065663.1,2623754.5,139347.601,129516.0,26568.912,,,,,,,,,,,,,,,,,,,,,,53.83,in compliance,165916.513,2025.0,No,No,No,No,No,No,,,10.219137356321928,4.716711560720999,14.935774449793193,12.019240007090149,0,0,-0.0041181560879617095,1.7975098580096023,-0.0041181560879617095,1.7975098580096023,0,0
3690,105453,2003597001.0,roxbury home for aged,1205-1215 centre st,boston,2132.0,1205 centre st,boston,2132.0,105970.0,,Multifamily Housing,Multifamily Housing (105970.0),12.9,100.0,1363135.0,,,399512.0,81955.892,,,,,,,,,,,,,,,,,,,,,,,pending revisions,81955.892,2025.0,No,No,No,No,No,No,,,11.570911314168882,2.5572273113676265,14.125297751995486,11.31393647908595,0,3,-1.060159109161804,-3.285047965346021,-1.060159109161804,-3.285047965346021,0,3
3691,105470,1100182000.0,,122a highland st,boston,2119.0,80 a58 cedar st,boston,2119.0,47740.0,,Multifamily Housing,Multifamily Housing (47740.0),75.2,77.0,3591307.6,2907699.7,154427.931,200354.0,41100.62,,,,,,,,,,,,,,,,,,,,,,12.36,in compliance,195528.551,2025.0,No,No,No,No,No,No,,,10.773524899892822,4.320151230955794,15.094026928130654,12.183461688665336,0,5,0.443836015134686,0.7288394600704745,0.443836015134686,0.7288394600704745,0,5
3692,105494,1200721000.0,,82 walnut ave,boston,2119.0,82 walnut av,boston,2119.0,20688.0,,Multifamily Housing,Multifamily Housing (20688.0),123.6,,2556083.0,2310900.1,122731.904,71859.0,14741.155,,,,,,,,,,,,,,,,,,,,,,,pending revisions,137473.059,2030.0,No,No,No,No,No,No,,,9.937309101011639,4.817050545023591,14.753986566565796,11.831183242345627,0,0,-0.42186089589292475,2.1297809733759387,-0.42186089589292475,2.1297809733759387,0,0
3693,105495,1200302000.0,,2 waverly st,boston,2119.0,2 waverly st,boston,2119.0,91430.0,,Multifamily Housing,Multifamily Housing (91430.0),46.4,92.0,4243864.5,3060337.2,162534.509,346872.0,71157.322,,,,,,,,,,,,,,,,,,,,,,29.66,in compliance,233691.831,2025.0,No,No,No,No,No,No,,,11.423328931158473,3.8372994592322094,15.260984850779364,12.361758564845402,1,4,0.937925432067636,-0.5610924979920174,0.937925432067636,-0.5610924979920174,1,4
3695,105499,901120000.0,roxse residences lp mass lp,228-232 northampton st,boston,2118.0,65  109 camden st,boston,2118.0,28496.0,,Multifamily Housing,Multifamily Housing (28496.0),39.4,,1122346.3,825805.2,43858.514,86911.2,17828.964,,,,,,,,,,,,,,,,,,,,,,48.08,in compliance,61687.478,2025.0,No,No,No,No,No,No,,,10.257519005529442,3.673765816303888,13.930931962719916,11.029836239539502,0,6,-1.8434720831924678,-0.3892870882653771,-1.8434720831924678,-0.3892870882653771,0,6
3697,105501,901120000.0,roxse residences lp mass lp,59-105 camden st,boston,2118.0,65  109 camden st,boston,2118.0,71033.0,,Multifamily Housing,Multifamily Housing (71033.0),39.3,100.0,2793916.3,2256874.3,119862.594,157398.0,32288.626,,,,,,,,,,,,,,,,,,,,,,48.33,in compliance,152151.22,2025.0,No,No,No,No,No,No,,,11.170899836775021,3.6712245188752153,14.8429548612995,11.932630173695863,0,4,0.08678253199261142,-0.7964999225221461,0.08678253199261142,-0.7964999225221461,0,4
3698,105503,901120000.0,roxse residences lp mass lp,172-196 northampton st,boston,2118.0,65  109 camden st,boston,2118.0,36887.0,,Multifamily Housing,Multifamily Housing (36887.0),39.8,,1466614.9,1205890.3,64044.834,76414.0,15675.568,,,,,,,,,,,,,,,,,,,,,,37.86,in compliance,79720.402,2025.0,No,No,No,No,No,No,,,10.515614464432117,3.6838669122903918,14.198467514142935,11.28628081696329,0,6,-1.2856249314132906,-0.4825543529434393,-1.2856249314132906,-0.4825543529434393,0,6
3699,105507,901580000.0,roxse residences lp mass lp,91-105 hammond st,boston,2118.0,10  70 kendall st,boston,2118.0,54004.0,,Multifamily Housing,Multifamily Housing (54004.0),43.0,98.0,2319847.2,1985563.3,105453.267,97973.0,20098.181,,,,,,,,,,,,,,,,,,,,,,31.55,in compliance,125551.448,2025.0,No,No,No,No,No,No,,,10.896813396877137,3.7612001156935624,14.657011879404527,11.740470897772907,0,6,-0.3359009859666688,-0.48943209711914776,-0.3359009859666688,-0.48943209711914776,0,6
3700,105508,901580000.0,roxse residences lp mass lp,5-15 hammond st,boston,2118.0,10  70 kendall st,boston,2118.0,21613.0,,Multifamily Housing,Multifamily Housing (21613.0),43.5,,939678.0,766938.7,40732.114,50627.0,10385.623,,,,,,,,,,,,,,,,,,,,,,44.66,in compliance,51117.737,2025.0,No,No,No,No,No,No,,,9.981050264483919,3.7727609380946383,13.75329254236995,10.841886819683436,0,6,-2.2550722318506633,-0.062420614301290554,-2.2550722318506633,-0.062420614301290554,0,6
3701,105509,901580000.0,roxse residences lp mass lp,17-21-25 hammond st,boston,2118.0,10  70 kendall st,boston,2118.0,40350.0,,Multifamily Housing,Multifamily Housing (40350.0),38.4,,1549780.0,1254109.8,66605.771,86656.0,17776.612,,,,,,,,,,,,,,,,,,,,,,24.21,in compliance,84382.383,2025.0,No,No,No,No,No,No,,,10.605346673698095,3.648057459593681,14.253623543337765,11.343113926568957,0,6,-1.158351076509361,-0.59623562151208,-1.158351076509361,-0.59623562151208,0,6
3702,105510,901580000.0,roxse residences lp mass lp,35-45 hammond st,boston,2118.0,10  70 kendall st,boston,2118.0,39574.0,,Multifamily Housing,Multifamily Housing (39574.0),34.1,,1351220.6,1041387.1,55308.069,90807.0,18628.148,,,,,,,,,,,,,,,,,,,,,,28.44,in compliance,73936.217,2025.0,No,No,No,No,No,No,,,10.585927615952386,3.529297384289471,14.116518890067033,11.210958068076526,0,6,-1.414394011823213,-0.8344070504765643,-1.414394011823213,-0.8344070504765643,0,6
3703,105511,901580000.0,roxse residences lp mass lp,47-55 hammond st,boston,2118.0,10  70 kendall st,boston,2118.0,40062.0,,Multifamily Housing,Multifamily Housing (40062.0),43.4,,1738231.3,1442806.7,76627.464,86584.0,17761.842,,,,,,,,,,,,,,,,,,,,,,37.67,in compliance,94389.306,2025.0,No,No,No,No,No,No,,,10.598183533085924,3.770459441106359,14.368378659957187,11.45518306181818,0,6,-0.9495148641121635,-0.3385575485438728,-0.9495148641121635,-0.3385575485438728,0,6
3704,105513,901580000.0,roxse residences lp mass lp,65-83 hammond st,boston,2118.0,10  70 kendall st,boston,2118.0,38734.0,,Multifamily Housing,Multifamily Housing (38734.0),36.1,,1398183.9,1151090.3,61134.406,72419.0,14856.034,,,,,,,,,,,,,,,,,,,,,,23.68,in compliance,75990.44,2025.0,No,No,No,No,No,No,,,10.564473046287677,3.586292865338835,14.150684738188977,11.238362821882625,0,6,-1.3613202955902133,-0.7070015090752294,-1.3613202955902133,-0.7070015090752294,0,6
3705,105515,901580000.0,roxse residences lp mass lp,85-89 hammond st,boston,2118.0,10  70 kendall st,boston,2118.0,41078.0,,Multifamily Housing,Multifamily Housing (41078.0),44.7,,1837032.7,1549500.0,82293.945,84271.0,17287.353,,,,,,,,,,,,,,,,,,,,,,52.75,in compliance,99581.298,2025.0,No,No,No,No,No,No,,,10.623227977365595,3.7999735016195233,14.423662164800943,11.508729654857156,0,6,-0.8418692256315207,-0.28813860287592147,-0.8418692256315207,-0.28813860287592147,0,6
3706,105517,902000010.0,roxse residences lp mass lps,1030-1070 tremont st,boston,2120.0,1030  1070 tremont st,boston,2120.0,285517.0,,Multifamily Housing,Multifamily Housing (285517.0),17.6,100.0,5033875.8,2600990.2,138138.59,713038.0,146272.615,,,,,,,,,,,,,,,,,,,,,,31.01,in compliance,284411.205,2025.0,No,No,No,No,No,No,,,12.562056850963984,2.8678989020441064,15.43170078214419,12.55817637486929,1,4,1.581760589168587,-3.0775242676107997,1.581760589168587,-3.0775242676107997,1,4
3707,105518,902000010.0,roxse residences lp mass lps,35-65 warwick st,boston,2120.0,1030  1070 tremont st,boston,2120.0,44132.0,,Multifamily Housing,Multifamily Housing (44132.0),39.9,,1761020.0,1429738.7,75933.422,97093.0,19917.658,,,,,,,,,,,,,,,,,,,,,,49.66,in compliance,95851.08,2025.0,No,No,No,No,No,No,,,10.694940421880197,3.686376323895818,14.38140374459727,11.470551016015945,0,6,-0.897528251145429,-0.5558983571466594,-0.897528251145429,-0.5558983571466594,0,6
3709,105520,2101546000.0,,11 royce rd,boston,2134.0,11 royce rd,boston,2134.0,37608.0,,Multifamily Housing,Multifamily Housing (37608.0),52.6,94.0,1979928.4,1721834.4,91446.625,75643.0,15517.405,,,,,,,,,,,,,,,,,,,,,,24.61,in compliance,106964.03,2025.0,I'm not sure,No,No,No,I'm not sure,I'm not sure,,,10.534972072703967,3.9627161197436642,14.49857124040071,11.58024788870254,0,6,-0.7297488322252902,0.08924426317298893,-0.7297488322252902,0.08924426317298893,0,6
3710,105521,703892100.0,rpp commerce llc mass llc,600-618 columbia rd,boston,2125.0,600 columbia rd,boston,2125.0,29712.0,,Multifamily Housing,Multifamily Housing (29712.0),47.7,,1417070.2,1056200.0,56094.782,105765.0,21696.632,,,,,,,,,,,,,,,,,,,,,,35.19,pending revisions,77791.414,2030.0,I'm not sure,No,No,No,I'm not sure,I'm not sure,,,10.299306283592488,3.8649313978942956,14.164102058730093,11.261786344179209,0,6,-1.401219419686313,-0.009787357887741814,-1.401219419686313,-0.009787357887741814,0,6
3721,105564,902453000.0,ruggles assisted living lp mass lp,25 ruggles st,boston,2119.0,25 ruggles st,boston,2119.0,27516.0,,Multifamily Housing,Multifamily Housing (27516.0),64.2,55.0,1765320.3,1042856.8,55386.125,211741.9,43436.733,,,,,,,,,,,,,,,,,,,,,,21.2,in compliance,98822.858,2025.0,No,No,No,No,No,No,,,10.222522932645905,4.162003210695915,14.383842704973103,11.501084213252527,0,0,-1.0006188434016474,0.6435585340071761,-1.0006188434016474,0.6435585340071761,0,0
3722,105565,902454000.0,ruggles shawmut housing llc,41 ruggles st,boston,2119.0,41 ruggles st,boston,2119.0,39610.0,,Multifamily Housing,Multifamily Housing (39610.0),57.3,69.0,2271523.8,1638649.0,87028.648,185485.0,38050.393,,,,,,,,,,,,,,,,,,,,,,48.52,in compliance,125079.041,2025.0,I'm not sure,No,No,No,I'm not sure,I'm not sure,,,10.586836890615963,4.048300623720694,14.635961441784639,11.736701144449325,0,6,-0.4472690912315925,0.24586592403230464,-0.4472690912315925,0.24586592403230464,0,6
3724,105567,2102026010.0,,84 90 corey rd,boston,2134.0,84  90 corey rd,boston,2134.0,27200.0,,Multifamily Housing,Multifamily Housing (27200.0),60.3,88.0,1639348.4,433225.8,23008.622,59423.2,12190.075,,,,,,,,,,1003370.4,74460.117,,,,,,,,,,,15.28,in compliance,109658.814,2030.0,No,No,No,No,No,No,,,10.210972252284089,4.09933210373314,14.30980940377587,11.605129133652428,0,6,-1.0112001703734557,0.5301834090391375,-1.0112001703734557,0.5301834090391375,0,6
3725,105571,2102137010.0,russell wm w,51 strathmore rd,boston,2135.0,51  55 strathmore rd,boston,2135.0,20248.0,,Multifamily Housing,Multifamily Housing (20248.0),24.4,,493299.0,295229.0,15679.612,58051.0,11908.582,,,,,,,,,,,,,,,,,,,,,,16.98,in compliance,27588.194,2030.0,No,No,No,No,No,No,,,9.91581130222496,3.1945831322991562,13.108870760055778,10.225143206569374,0,3,-3.4458153527887814,-1.2355298475945362,-3.4458153527887814,-1.2355298475945362,0,3
3726,105575,2101436000.0,russell wm w trsts,1368 commonwealth ave,boston,2134.0,1368 commonwealth av,boston,2134.0,93568.0,,Multifamily Housing,Multifamily Housing (93568.0),53.2,77.0,4981728.6,472164.6,25076.662,253018.9,51904.297,,,,,,,,,,3646263.5,270589.214,,,,,,,,,,,41.96,in compliance,347570.173,2030.0,No,No,No,No,No,No,,,11.446443723669395,3.9740583963475986,15.421287497206375,12.758721860291162,1,1,1.4133861331713142,-0.27061115433717214,1.4133861331713142,-0.27061115433717214,1,1
3727,105576,2102176000.0,,81 strathmore rd,boston,2135.0,81  89 strathmore rd,boston,2135.0,51400.0,,Multifamily Housing,Multifamily Housing (51400.0),48.0,98.0,2468966.6,,,138993.5,28513.127,,,,,,,,,,1994720.8,148028.231,,,,,,,,,,,42.92,in compliance,176541.358,2025.0,No,No,No,No,No,No,,,10.847393451443256,3.871201010907891,14.71931024049179,12.08131045085233,0,4,-0.03167284816526075,-0.2197549309276301,-0.03167284816526075,-0.2197549309276301,0,4
3728,105579,2102471000.0,,1950 commonwealth ave,boston,2135.0,1950 commonwealth av,boston,2135.0,60500.0,,Multifamily Housing,Multifamily Housing (60500.0),49.0,99.0,2965407.1,,,159008.1,32618.922,,,,,,,,,,2422871.4,179801.287,,,,,,,,,,,32.62,in compliance,212420.209,2025.0,No,No,No,No,No,No,,,11.010398644018933,3.8918202981106265,14.9025248828439,12.266321709774868,0,4,0.3534449895410335,-0.24842643637437412,0.3534449895410335,-0.24842643637437412,0,4
3733,105584,1200183001.0,s a m h corp,138  148 warren st,boston,2119.0,138  148 warren st,boston,2119.0,24200.0,,Multifamily Housing,"Personal Services (Health/Beauty, Dry Cleaning, etc) (1500.0),Multifamily Housing (21525.0),Social/Meeting Hall (1175.0)",68.0,,1645749.0,1389599.9,73801.651,75073.0,15400.475,,,,,,,,,,,,,,,,,,,,,,5.61,in compliance,89202.126,2030.0,Yes,No,No,No,Yes,Yes,,,10.094107912144779,4.219507705176107,14.313706157704235,11.39866015236479,0,0,-1.1892582993434266,0.8176480937084666,-1.1892582993434266,0.8176480937084666,0,0
3743,105596,304878000.0,saint francis house inc,39 boylston st,boston,2116.0,39 boylston st,boston,2116.0,75319.0,,Multifamily Housing,"Restaurant (3500.0),Multifamily Housing (44819.0),Office (20000.0),Other (7000.0)",65.0,59.0,4895801.6,2828068.7,150198.729,606017.8,124318.491,,,,,,,,,,,,,,,,,,,,,,30.42,in compliance,274517.22,2025.0,No,No,No,No,No,No,,,11.229487705996814,4.174387269895637,15.403888579477409,12.522769270204575,1,5,1.1632596097422458,0.2269348568889477,1.1632596097422458,0.2269348568889477,1,5
3749,105602,303039000.0,san marco-lincoln wh,357-371 commercial st,boston,2109.0,357  371 commercial st,boston,2109.0,256779.0,,Multifamily Housing,Multifamily Housing (256779.0),33.8,98.0,8686016.5,,,1379561.0,283003.144,,,,,,,,,,3978954.1,295278.184,,,,,,,,,,,27.49,in compliance,578281.328,2025.0,No,No,No,No,No,No,,,12.455971071753194,3.520460802488973,15.977224991683665,13.267815755885122,1,2,2.6832992776073383,-1.661679025975577,2.6832992776073383,-1.661679025975577,1,2
3752,105606,2100471000.0,,1039-1045 commonwealth ave,boston,2134.0,1039  1045 commonwealth av,boston,2134.0,36796.0,,Multifamily Housing,"Multifamily Housing (18796.0),Retail Store (18000.0)",56.4,90.0,2073745.3,1570100.1,83388.016,147610.0,30280.715,,,,,,,,,,,,,,,,,,,,,,21.91,in compliance,113668.731,2025.0,Yes,No,No,No,Yes,Yes,,,10.513144422597048,4.032469158504013,14.544866854058665,11.641043628722953,0,6,-0.6387163582418331,0.24475969277219134,-0.6387163582418331,0.24475969277219134,0,6
3760,105614,1503123000.0,,130 auckland st,boston,2125.0,130 auckland st,boston,2125.0,145206.0,0.0,Multifamily Housing,"Multifamily Housing (145206.0),Parking (20521.0)",49.9,94.0,7242859.9,5686953.5,302034.1,456010.1,93545.912,,,,,,,,,,,,,,,,,,,,,,28.71,in compliance,395580.012,2025.0,No,No,No,No,No,No,,,11.88590870283314,3.910021002757473,15.795526700176637,12.888108351670605,1,1,2.0480386433492948,-0.6137157827181895,2.0480386433492948,-0.6137157827181895,1,1
3770,105632,1202311000.0,school house brookledge,60 brookledge st,boston,2121.0,20 hutchings st,boston,2121.0,76905.0,,Multifamily Housing,Multifamily Housing (76905.0),46.9,79.0,3608763.6,2774587.6,147358.347,244483.0,50153.243,,,,,,,,,,,,,,,,,,,,,,29.47,in compliance,197511.59,2025.0,No,No,No,No,No,No,,,11.250326172885911,3.8480176754522337,15.098875778570124,12.193552545145806,1,4,0.5861420967063429,-0.46312114717069497,0.5861420967063429,-0.46312114717069497,1,4
3771,105633,1802473000.0,school house brookledge,610 cummins hwy,boston,2126.0,610 cummins hw,boston,2126.0,46288.0,,Multifamily Housing,Multifamily Housing (46288.0),35.8,95.0,1657369.2,1147657.4,60952.085,149388.0,30645.454,,,,,,,,,,,,,,,,,,,,,,35.37,in compliance,91597.539,2025.0,No,No,No,No,No,No,,,10.742638027215916,3.5779478934066544,14.320742083901129,11.425159683489076,0,6,-0.9858227823473037,-0.8015240476222073,-0.9858227823473037,-0.8015240476222073,0,6
3772,105634,902131000.0,school house kenilworth,37 williams st,boston,2119.0,37 williams st,boston,2119.0,25630.0,,Multifamily Housing,Multifamily Housing (25630.0),61.7,58.0,1581863.0,1162763.6,61754.375,122831.0,25197.551,,,,,,,,,,,,,,,,,,,,,,41.69,in compliance,86951.926,2030.0,No,No,No,No,No,No,,,10.151518819358117,4.122283930911342,14.27411382431834,11.373110670198406,0,6,-1.2368438810874953,0.5910160844594633,-1.2368438810874953,0.5910160844594633,0,6
3773,105635,903214000.0,school house kenilworth,6 kenilworth st,boston,2119.0,6 kenilworth st,boston,2119.0,34688.0,,Multifamily Housing,Multifamily Housing (34688.0),50.1,,1738462.2,1336241.9,70967.807,117884.0,24182.724,,,,,,,,,,,,,,,,,,,,,,18.05,in compliance,95150.531,2030.0,No,No,No,No,No,No,,,10.454149084799319,3.914021008090819,14.368511487311878,11.463215453370836,0,6,-0.9828985075065109,0.024203914773454772,-0.9828985075065109,0.024203914773454772,0,6
3774,105636,203150000.0,school house on monument,30 monument sq,boston,2129.0,30 monument sq,boston,2129.0,48393.0,11000.0,Multifamily Housing,"Multifamily Housing (48393.0),Parking (15400.0)",56.5,37.0,2732659.0,,,475456.0,97535.044,,,,,,,,,,1110403.2,82403.021,,,,,,,,,,,21.64,in compliance,179938.065,2025.0,No,No,No,No,No,No,,,10.787110454145898,4.034240638152395,14.820785685812043,12.100367987328761,0,5,0.08035340844552077,0.14038018971882324,0.08035340844552077,0.14038018971882324,0,5
3775,105637,402322000.0,,145 saint botolph st,boston,2115.0,145 st botolph st,boston,2115.0,22000.0,,Multifamily Housing,Multifamily Housing (22000.0),47.4,86.0,1042678.5,836400.0,44421.204,60456.8,12402.108,,,,,,,,,,,,,,,,,,,,,,20.76,in compliance,56823.312,2030.0,No,No,No,No,No,No,,,9.998797732340453,3.858622228701031,13.857303441019688,10.947701943044162,0,6,-2.0564486660236487,0.10868331383006667,-2.0564486660236487,0.10868331383006667,0,6
3782,105645,1901395000.0,,9-11 seaverns ave,boston,2130.0,9  11 seaverns av,boston,2130.0,20336.0,,Multifamily Housing,Multifamily Housing (20336.0),25.3,99.0,515219.4,161900.0,8598.509,103552.0,21242.657,,,,,,,,,,,,,,,,,,,,,,1521.1,pending revisions,29841.166,2030.0,No,No,No,No,No,No,,,9.920147993429236,3.2308043957334744,13.152348108342842,10.303644128621311,0,3,-3.3397561602684567,-1.159244085616695,-3.3397561602684567,-1.159244085616695,0,3
3790,105659,306624010.0,sepia condominium trust,30  36 traveler st,boston,2118.0,30  36 traveler st,boston,2118.0,221200.0,,Multifamily Housing,"Multifamily Housing (211400.0),Retail Store (9800.0)",38.7,,8556108.9,6696319.8,355641.545,545073.0,111816.275,,,,,,,,,,,,,,,,,,,,,,8.32,in compliance,467457.82,2025.0,No,No,No,No,No,No,,,12.306822548630317,3.655839600035736,15.962156077013672,13.055064399041465,1,2,2.4713345625247736,-1.3278104837615543,2.4713345625247736,-1.3278104837615543,1,2
3793,105663,703469000.0,,4 lucy st,boston,2125.0,55 enterprise st,boston,2125.0,529523.0,109251.0,Multifamily Housing,"Multifamily Housing (529523.0),Swimming Pool (0.0),Parking (109251.0)",28.5,99.0,15105617.3,3648200.2,193755.913,3357977.0,688855.402,,,,,,,,,,,,,,,,,,,,,,12.44,pending revisions,882611.315,2025.0,I'm not sure,No,No,No,I'm not sure,I'm not sure,,,13.179731880285141,3.349904087274605,16.53057723923036,13.690640195812453,1,2,3.8097304921910493,-2.343583002184128,3.8097304921910493,-2.343583002184128,1,2
3797,105668,1000131000.0,seven 06 huntington lp mass lp,706-712 huntington ave,boston,2120.0,706  712 huntington av,boston,2120.0,28600.0,,Multifamily Housing,Multifamily Housing (28600.0),100.3,31.0,2868437.5,2319873.2,123208.466,160775.0,32981.384,,,,,,,,,,,,,,,,,,,,,,55.27,in compliance,156189.85,2025.0,No,No,No,No,No,No,,,10.261161996807944,4.60816569496789,14.869278014395547,11.958827533482525,0,0,-0.1114372963439118,1.5535090567320269,-0.1114372963439118,1.5535090567320269,0,0
3798,105669,304310000.0,seven 17 atlantic avenue,717-719 atlantic ave,boston,2111.0,717  719 atlantic av,boston,2111.0,32640.0,,Multifamily Housing,"Office (2472.0),Multifamily Housing (30168.0)",88.1,26.0,2874598.9,2134699.9,113373.912,216852.0,44485.019,,,,,,,,,,,,,,,,,,,,,,23.73,in compliance,157858.931,2030.0,I'm not sure,No,No,No,I'm not sure,I'm not sure,,,10.393293809078044,4.478472532942134,14.87142370943726,11.96945707141633,0,0,-0.06525546513080217,1.2259956390028175,-0.06525546513080217,1.2259956390028175,0,0
3802,105677,503207200.0,seven 55 boylston llc,755 boylston st,boston,2116.0,755 boylston st,boston,2116.0,54384.0,,Multifamily Housing,"Restaurant (19875.0),Multifamily Housing (34509.0)",67.3,,3662327.1,1820399.8,96681.433,539838.0,110742.367,,,,,,,,,,,,,,,,,,,,,,31.89,in compliance,207423.8,2025.0,I'm not sure,No,No,No,I'm not sure,I'm not sure,,,10.903825271935897,4.209160236650682,15.113609323001992,12.242519322292177,0,5,0.54417148043705,0.44322917788646266,0.54417148043705,0.44322917788646266,0,5
3804,105680,604129000.0,seven sixty one east sixth,761 e sixth st,boston,2127.0,761 e sixth st,boston,2127.0,36500.0,0.0,Multifamily Housing,"Multifamily Housing (36500.0),Parking (12358.0)",29.6,100.0,1079701.8,785700.0,41728.527,86167.0,17676.298,,,,,,,,,,,,,,,,,,,,,,17.85,in compliance,59404.825,2030.0,No,No,No,No,No,No,,,10.505067539570582,3.3877743613300146,13.8921954498636,10.992130731008071,0,3,-1.8470752753332895,-1.0933731088725593,-1.8470752753332895,-1.0933731088725593,0,3
3805,105681,500826000.0,,7 warren ave,boston,2116.0,7 warren av,boston,2116.0,45000.0,,Multifamily Housing,Multifamily Housing (45000.0),52.8,44.0,2373936.2,1352864.5,71850.634,299259.0,61389.991,,,,,,,,,,,,,,,,,,,,,,24.2,in compliance,133240.625,2030.0,No,No,No,No,No,No,,,10.714417768752456,3.966511190712216,14.680059979317162,11.799911983080163,0,6,-0.31631608082184076,0.02056841610301874,-0.31631608082184076,0.02056841610301874,0,6
3807,105684,801212000.0,,700 harrison ave,boston,2118.0,700 harrison av,boston,2118.0,174156.0,,Multifamily Housing,Multifamily Housing (174156.0),40.8,100.0,7098782.0,4188192.4,222434.898,853045.0,174993.651,,,,,,,,,,,,,,,,,,,,,,15.01,in compliance,397428.549,2025.0,No,No,No,No,No,No,,,12.067706728258363,3.708682081410116,15.775433777999506,12.89277044597599,1,1,2.0784876398417333,-1.1111384241827393,2.0784876398417333,-1.1111384241827393,1,1
3815,105693,501048000.0,,75 clarendon st,boston,2116.0,75 clarendon st,boston,2116.0,46100.0,,Multifamily Housing,Multifamily Housing (46100.0),42.7,78.0,1969043.5,607740.7,32277.109,398975.0,81845.732,,,,,,,,,,,,,,,,,,,,,,32.25,in compliance,114122.841,2025.0,No,No,No,No,No,No,,,10.73856822898474,3.754198920234579,14.493058449809935,11.645030699865094,0,6,-0.6331720960130847,-0.4296463202987711,-0.6331720960130847,-0.4296463202987711,0,6
3816,105694,401647000.0,,76-110r gainsborough st,boston,2115.0,86  76 gainsborough st,boston,2115.0,42723.0,,Multifamily Housing,Multifamily Housing (42723.0),33.0,77.0,1410077.3,,,413270.0,84778.208,,,,,,,,,,,,,,,,,,,,,,3112.73,in compliance,84778.208,2025.0,No,No,No,No,No,No,,,10.662492695887538,3.4965075614664802,14.159155083546677,11.34779380762261,0,6,-1.245523257427285,-0.9301547466304472,-1.245523257427285,-0.9301547466304472,0,6
3817,105695,401599000.0,,75 gainsborough st,boston,2115.0,75  81 gainsborough st,boston,2115.0,28557.0,,Multifamily Housing,Multifamily Housing (28557.0),32.6,77.0,930165.8,,,272616.0,55924.446,,,,,,,,,,,,,,,,,,,,,,3248.6,in compliance,55924.446,2025.0,No,No,No,No,No,No,,,10.259657368919415,3.484312288372662,13.743118128809417,10.931756880184992,0,3,-2.1251713813037583,-0.7786233274248336,-2.1251713813037583,-0.7786233274248336,0,3
3819,105697,801717010.0,,70-72 northampton st #101,boston,2118.0,70  72 northampton st,boston,2118.0,27935.0,,Multifamily Housing,Multifamily Housing (27935.0),43.1,99.0,1203052.6,1034278.0,54930.505,49465.0,10147.25,,,,,,,,,,,,,,,,,,,,,,4.87,in compliance,65077.755,2030.0,No,No,No,No,No,No,,,10.237635661893249,3.763522997109702,14.000372718024224,11.083338064733056,0,6,-1.7316998958549632,-0.19485210559601554,-1.7316998958549632,-0.19485210559601554,0,6
3832,105711,800437000.0,shetland street llc,13 shetland st,boston,2119.0,13 shetland st,boston,2119.0,49693.0,0.0,Multifamily Housing,"Multifamily Housing (49693.0),Parking (14000.0)",38.9,93.0,1932409.3,961900.0,51086.509,284440.0,58350.022,,,,,,,,,,,,,,,,,,,,,,33.29,in compliance,109436.531,2025.0,No,No,No,No,No,No,,,10.8136193570947,3.6609942506244004,14.474278124318992,11.603100034620075,0,6,-0.6641781475304399,-0.6582948163686373,-0.6641781475304399,-0.6582948163686373,0,6
3835,105717,203515600.0,shipways condominium assn,35 shipway pl,boston,2129.0,first av,boston,2129.0,22192.0,,Multifamily Housing,Multifamily Housing (22192.0),21.9,,485133.9,,,142184.6,29167.749,,,,,,,,,,,,,,,,,,,,,,20.97,in compliance,29167.749,2025.0,No,No,No,No,No,No,C10060,,10.007487142554613,3.086486636822455,13.092180214290094,10.280818891560518,0,3,-3.3989777220330666,-1.4960086863231632,-3.3989777220330666,-1.4960086863231632,0,3
3850,105772,306731010.0,,40 traveler st,boston,2118.0,40 traveler st,boston,2118.0,130000.0,14487.0,Multifamily Housing,"Multifamily Housing (130000.0),Parking (14487.0)",40.0,71.0,5206447.1,2219590.5,117882.451,875397.6,179579.064,,,,,,,,,,,,,,,,,,,,,,14.1,in compliance,297461.515,2025.0,I`m not sure,No,No,No,I`m not sure,I`m not sure,,,11.77528972943772,3.6888794541139363,15.465408242524019,12.603040134255384,1,4,1.4387080337165008,-1.022128104726816,1.4387080337165008,-1.022128104726816,1,4
3851,105772,306731010.0,,40 traveler st,boston,2118.0,40 traveler st,boston,2118.0,130000.0,14487.0,Multifamily Housing,"Multifamily Housing (130000.0),Parking (14487.0)",40.0,71.0,5206447.1,2219590.5,117882.451,875397.6,179579.064,,,,,,,,,,,,,,,,,,,,,,14.1,in compliance,297461.515,2025.0,I`m not sure,No,No,No,I`m not sure,I`m not sure,,,11.77528972943772,3.6888794541139363,15.465408242524019,12.603040134255384,1,4,1.4387080337165008,-1.022128104726816,1.4387080337165008,-1.022128104726816,1,4
3853,105778,302303010.0,,21 n bennet st,boston,2113.0,21 n bennet st,boston,2113.0,54425.0,,Multifamily Housing,Multifamily Housing (54425.0),53.0,68.0,2886331.3,1815400.0,96415.894,313872.0,64387.702,,,,,,,,,,,,,,,,,,,,,,7.69,in compliance,160803.596,2030.0,I'm not sure,No,No,No,I'm not sure,I'm not sure,,,10.904578886102748,3.970291913552122,14.875496807292242,11.987938998661031,0,5,0.09134989074911835,-0.05542008398036109,0.09134989074911835,-0.05542008398036109,0,5
3876,105803,602077010.0,six-06 e fourth st condo tr,606 e fourth st,boston,2127.0,606 e fourth st,boston,2127.0,20000.0,,Multifamily Housing,Multifamily Housing (20000.0),32.4,,647157.6,346400.0,18397.304,88147.0,18082.476,,,,,,,,,,,,,,,,,,,,,,11.85,in compliance,36479.78,2030.0,No,No,No,No,No,No,,,9.903487552536127,3.4781584227982836,13.380345129601364,10.50451341346833,0,3,-2.940681952048536,-0.6392781818728902,-2.940681952048536,-0.6392781818728902,0,3
3881,105808,2101917000.0,,1615 commonwealth ave,boston,2135.0,1615 commonwealth av,boston,2135.0,25045.0,,Multifamily Housing,Multifamily Housing (25045.0),76.2,88.0,1907424.0,71700.0,3807.987,78996.0,16205.239,,,,,,,,,,1566189.7,116226.938,,,,,,,,,,,28.62,in compliance,136240.164,2025.0,I'm not sure,No,No,No,I'm not sure,I'm not sure,,,10.128429485791717,4.333361462692601,14.461264198620926,11.822174519093918,0,0,-0.7053064930724378,1.058008803313396,-0.7053064930724378,1.058008803313396,0,0
3882,105809,2101916000.0,sixteen 07 commonwealth,1607 commonwealth ave,boston,2135.0,1607 commonwealth av,boston,2135.0,50000.0,0.0,Multifamily Housing,"Multifamily Housing (50000.0),Parking (3500.0)",33.1,100.0,1655876.4,1629399.9,86537.429,7759.8,1591.845,,,,,,,,,,,,,,,,,,,,,,15.8,pending revisions,88129.274,2025.0,No,No,No,No,No,No,,,10.819778284410283,3.4995332823830174,14.319840973460652,11.386560038229298,0,6,-0.9941457868011231,-1.0011314627568462,-0.9941457868011231,-1.0011314627568462,0,6
3884,105811,401446000.0,sixty 3-65 burbank street,63-65 burbank st,boston,2115.0,63  65 burbank st,boston,2115.0,55280.0,,Multifamily Housing,Multifamily Housing (55280.0),7.2,100.0,397034.4,31500.0,1672.965,107132.0,21977.058,,,,,,,,,,,,,,,,,,,,,,25.76,in compliance,23650.023,2025.0,No,No,No,No,No,No,,,10.920166458441551,1.9740810260220096,12.8917782057895,10.071119366435463,0,7,-3.5286275986836433,-4.213413929101259,-3.5286275986836433,-4.213413929101259,0,7
3885,105812,2102144000.0,sixty 5 strathmore rd,65 strathmore rd,boston,2135.0,65 strathmore rd,boston,2135.0,22559.0,,Multifamily Housing,Multifamily Housing (22559.0),107.7,24.0,2429513.9,2125600.2,112890.627,89072.0,18272.23,,,,,,,,,,,,,,,,,,,,,,,pending revisions,131162.857,2030.0,No,No,No,No,No,No,,,10.023889378388423,4.679349584162343,14.703201754153568,11.784195013277005,0,0,-0.48976169108505596,1.8054016441596714,-0.48976169108505596,1.8054016441596714,0,0
3889,105816,502280000.0,,67-69 beacon st,boston,2108.0,10 charles st,boston,2108.0,55000.0,,Multifamily Housing,"Multifamily Housing (48310.0),Office (2429.0),Bank Branch (4261.0)",58.3,,3206874.2,2707896.5,143816.383,146242.0,30000.084,,,,,,,,,,,,,,,,,,,,,,9.7,in compliance,173816.467,2030.0,No,No,No,No,No,No,,,10.915088464214607,4.065602093356446,14.980807251214292,12.065755234160674,0,5,0.26942957314478677,0.13642592459026004,0.26942957314478677,0.13642592459026004,0,5
3890,105817,502892000.0,,65 commonwealth ave,boston,2116.0,65 commonwealth av,boston,2116.0,45460.0,,Multifamily Housing,Multifamily Housing (45460.0),54.1,,2461145.4,1873500.0,99501.585,172229.0,35331.057,,,,,,,,,,,,,,,,,,,,,,12.48,in compliance,134832.642,2030.0,Yes,No,No,No,Yes,Yes,,,10.724588097406535,3.9908341858524357,14.716137409302055,11.811789599481752,0,6,-0.2649965934846111,0.06534006388905501,-0.2649965934846111,0.06534006388905501,0,6
3902,105830,902505000.0,smith senior residences llc,757 shawmut ave,boston,2119.0,757 shawmut st,boston,2119.0,103792.0,,Multifamily Housing,Multifamily Housing (103792.0),51.8,53.0,5371735.1,1518086.0,80625.547,1129440.0,231693.322,,,,,,,,,,,,,,,,,,,,,,23.61,in compliance,312318.869,2025.0,I'm not sure,No,No,No,I'm not sure,I'm not sure,,,11.550144175452836,3.9473901492654373,15.49666152416594,12.651779960914448,1,1,1.4489934482239242,-0.3842108241037793,1.4489934482239242,-0.3842108241037793,1,1
3908,105836,1001492000.0,,46 s huntington ave,boston,2116.0,82  46 s huntington av,boston,2116.0,80124.0,,Multifamily Housing,Multifamily Housing (80124.0),57.3,89.0,4591434.1,3870301.2,205551.697,211352.0,43356.749,,,,,,,,,,,,,,,,,,,,,,43.26,in compliance,248908.446,2025.0,No,No,No,No,No,No,,,11.29133071364587,4.048300623720694,15.339702973324634,12.424840421086511,1,5,1.0365732963375134,-0.06496112230901244,1.0365732963375134,-0.06496112230901244,1,5
3911,105839,2100065000.0,,61 brookline ave,boston,2215.0,61  65 brookline av,boston,2215.0,88434.0,11250.0,Multifamily Housing,"Restaurant (9000.0),Multifamily Housing (71834.0),Other - Restaurant/Bar (600.0),Bank Branch (7000.0),Parking (14830.0)",38.4,44.0,3393534.0,65622.6,3485.216,975355.0,200084.325,,,,,,,,,,,,,,,,,,,,,,22.22,in compliance,203569.541,2025.0,No,No,No,No,No,No,,,11.390011790064813,3.648057459593681,15.037382414230024,12.223762950305884,1,4,0.5775138481570105,-0.9347636910265607,0.5775138481570105,-0.9347636910265607,1,4
3913,105841,503809000.0,somerset condo tr,400-416 commonwealth ave,boston,2215.0,416  400 commonwealth av,boston,2215.0,215278.0,,Multifamily Housing,"Office (28326.0),Multifamily Housing (186952.0)",42.7,93.0,9201806.1,2541800.1,134995.003,1951936.0,400420.151,,,,,,,,,,,,,,,,,,,,,,25.02,in compliance,535415.154,2025.0,No,No,No,No,No,No,,,12.279685495130952,3.754198920234579,16.03491033796935,13.190797713739558,1,2,2.6439904257878246,-1.106678900876065,2.6439904257878246,-1.106678900876065,1,2
3914,105844,400864000.0,,150 huntington ave,boston,2115.0,150 huntington av,boston,2115.0,495900.0,65536.0,Multifamily Housing,"Multifamily Housing (495900.0),Parking (65536.0)",43.1,76.0,21358045.7,10138871.4,538475.46,3288152.0,674531.501,,,,,,,,,,,,,,,,,,,,,,,in compliance,1213006.961,2025.0,No,No,No,No,No,No,,,13.114129572477225,3.763522997109702,16.876939074424794,14.00861292657419,1,2,4.4134010179619665,-1.4559463178318726,4.4134010179619665,-1.4559463178318726,1,2
3919,105853,601507001.0,south boston non profit,225 w second st,boston,2127.0,225 w second st,boston,2127.0,58304.0,,Multifamily Housing,Multifamily Housing (58304.0),56.3,78.0,3284928.7,2161983.1,114822.922,329116.5,67514.959,,,,,,,,,,,,,,,,,,,,,,34.28,in compliance,182337.881,2025.0,No,No,No,No,No,No,,,10.97342598061963,4.030694535145645,15.00485550494688,12.11361673392406,0,5,0.34692956283267046,0.039816639119147436,0.34692956283267046,0.039816639119147436,0,5
3934,105877,601254000.0,spice lofts condominium tr,141 w second st,boston,2127.0,141 w second st,boston,2127.0,36000.0,8569.0,Multifamily Housing,"Multifamily Housing (36000.0),Parking (8569.0)",24.6,,884533.4,474800.0,25216.628,120086.0,24634.442,,,,,,,,,,,,,,,,,,,,,,12.93,in compliance,49851.07,2030.0,No,No,No,No,No,No,,,10.491274217438248,3.202746442938317,13.692815553316176,10.816795239552807,0,3,-2.202367399452106,-1.470919393094741,-2.202367399452106,-1.470919393094741,0,3
3952,105897,402366000.0,,4-24 albemarle st,boston,2115.0,4  24 albemarle st,boston,2115.0,23200.0,,Multifamily Housing,Multifamily Housing (23200.0),102.5,25.0,2377498.5,1794152.2,95287.423,170969.0,35072.581,,,,,,,,,,,,,,,,,,,,,,55.17,in compliance,130360.004,2025.0,No,No,No,No,No,No,,,10.0519075576544,4.629862798578463,14.681559442486657,11.778055163635756,0,0,-0.5108674819389977,1.6910937332876201,-0.5108674819389977,1.6910937332876201,0,0
3954,105899,402385000.0,,144-150 saint botolph st,boston,2115.0,2 blackwood st,boston,2115.0,60430.0,,Multifamily Housing,Multifamily Housing (60430.0),38.7,91.0,2339131.7,1650691.4,87668.22,201770.3,41391.159,,,,,,,,,,,,,,,,,,,,,,19.47,in compliance,129059.379,2025.0,No,No,No,No,No,No,,,11.009240949355604,3.655839600035736,14.66529035009491,11.768027879762773,0,4,-0.276450902295913,-0.7566818766319513,-0.276450902295913,-0.7566818766319513,0,4
3955,105901,504281010.0,st cecilias house inc,108 kilmarnock st,boston,2215.0,108 kilmarnock st,boston,2215.0,80731.0,,Multifamily Housing,Multifamily Housing (80731.0),62.1,83.0,5011421.6,3258981.9,173084.529,513610.7,105362.099,,,,,,,,,,,,,,,,,,,,,,35.44,in compliance,278446.628,2030.0,No,No,No,No,No,No,,,11.298877919281251,4.128745988939433,15.427230185305932,12.536981679050433,1,5,1.2188610789869567,0.10075498306174585,1.2188610789869567,0.10075498306174585,1,5
3956,105902,400218000.0,,565-569a tremont st,boston,2118.0,557 569a tremont st,boston,2118.0,34287.0,,Multifamily Housing,Multifamily Housing (34287.0),44.4,16.0,1522475.4,,,446212.0,91535.93,,,,,,,,,,,,,,,,,,,,,,29.74,in compliance,91535.93,2030.0,No,No,No,No,No,No,,,10.442521552565708,3.7932394694381792,14.235848120800185,11.424486851781571,0,6,-1.1632276653137095,-0.2158193595028348,-1.1632276653137095,-0.2158193595028348,0,6
3957,105904,801080000.0,st helenas house inc,89 union park st,boston,2118.0,89 union park st,boston,2118.0,85828.0,,Multifamily Housing,Multifamily Housing (85828.0),58.5,79.0,5020538.6,3762038.4,199801.859,368845.3,75664.925,,,,,,,,,,,,,,,,,,,,,,37.37,in compliance,275466.784,2025.0,No,No,No,No,No,No,,,11.360100572564972,4.069026754237811,15.429047776749314,12.526222334063219,1,1,1.2295760742334798,-0.051260992808870386,1.2295760742334798,-0.051260992808870386,1,1
3958,105905,1201440000.0,st james estates condo trust,66 saint james st,boston,2119.0,66  70 st james st,boston,2119.0,27000.0,,Multifamily Housing,Multifamily Housing (27000.0),46.4,95.0,1251919.9,896700.0,47623.737,104109.0,21356.92,,,,,,,,,,,,,,,,,,,,,,18.75,in compliance,68980.657,2030.0,No,No,No,No,No,No,,,10.203592144986466,3.8372994592322094,14.040188850959742,11.14158141094533,0,6,-1.6538115976834344,-0.025068918974067055,-1.6538115976834344,-0.025068918974067055,0,6
3986,105936,1301320010.0,st kevin's lp mass lp,516 columbia rd,boston,2125.0,516 columbia rd,boston,2125.0,25701.0,,Multifamily Housing,Multifamily Housing (25701.0),48.7,67.0,1252688.2,716100.0,38032.071,157265.0,32261.342,,,,,,,,,,,,,,,,,,,,,,49.71,in compliance,70293.413,2030.0,No,No,No,No,No,No,,,10.154285180632154,3.885679030088544,14.04080236013437,11.160433374973506,0,6,-1.653401700319752,0.09876704750939133,-1.653401700319752,0.09876704750939133,0,6
3997,105950,203511400.0,,45 first st,boston,2129.0,45 first st,boston,2129.0,45461.0,,Multifamily Housing,Multifamily Housing (45461.0),37.3,94.0,1697810.1,945000.0,50188.95,220636.0,45261.269,,,,,,,,,,,,,,,,,,,,,,21.35,in compliance,95450.219,2025.0,No,No,No,No,No,No,,,10.724610094524913,3.6189933266497696,14.344849802143324,11.466360123546233,0,6,-0.9340516199435234,-0.7068484322028484,-0.9340516199435234,-0.7068484322028484,0,6
4006,105959,1604106000.0,stock st condo tr,15 stock st,boston,2122.0,15  44 stock st,boston,2122.0,24213.0,,Multifamily Housing,Multifamily Housing (24213.0),38.0,,919268.0,703117.8,37342.586,63350.0,12995.619,,,,,,,,,,,,,,,,,,,,,,2121.46,in compliance,50338.205,2030.0,No,No,No,No,No,No,,,10.094644957992482,3.6375861597263857,13.73133298015212,10.826519610524757,0,3,-2.25991897122748,-0.39333632795908835,-2.25991897122748,-0.39333632795908835,0,3
4014,105975,2002929000.0,,14 heron st,boston,2132.0,4925 washington st,boston,2132.0,35591.0,,Multifamily Housing,Multifamily Housing (35591.0),64.7,56.0,2303897.3,1619300.0,86001.023,200644.0,41160.11,,,,,,,,,,,,,,,,,,,,,,37.38,in compliance,127161.133,2025.0,I'm not sure,No,No,No,I'm not sure,I'm not sure,,,10.479848075889779,4.169761201506855,14.650112725151661,11.753210325019648,0,0,-0.4482880971080716,0.5458271670078302,-0.4482880971080716,0.5458271670078302,0,0
4018,105979,503892000.0,stratford 31 condo tr,31 massachusetts ave,boston,2115.0,31 massachusetts av,boston,2115.0,25088.0,,Multifamily Housing,Multifamily Housing (25088.0),62.6,84.0,1569948.6,1157100.0,61453.581,120999.0,24821.735,,,,,,,,,,,,,,,,,,,,,,26.57,in compliance,86275.316,2030.0,No,No,No,No,No,No,,,10.130144923150134,4.136765278106052,14.266553437935059,11.365298810665958,0,6,-1.2565720418484876,0.6304364326063315,-1.2565720418484876,0.6304364326063315,0,6
4020,105981,2102164000.0,strathmore arms condo tr,68-70 strathmore rd,boston,2135.0,63 sutherland rd,boston,2135.0,24956.0,,Multifamily Housing,Multifamily Housing (24956.0),111.0,44.0,2770782.9,2432199.9,129174.137,99233.0,20356.658,,,,,,,,,,,,,,,,,,,,,,60.78,in compliance,149530.795,2025.0,No,No,No,No,No,No,,,10.124869553230678,4.709530201312334,14.834640473608728,11.91525763722262,0,0,-0.21925624937906155,1.823853849593446,-0.21925624937906155,1.823853849593446,0,0
4021,105982,2102366000.0,,48-52 strathmore rd,boston,2135.0,52  48 strathmore rd,boston,2135.0,33793.0,,Multifamily Housing,Multifamily Housing (33793.0),111.9,35.0,3782703.2,3336700.2,177212.148,130716.0,26815.08,,,,,,,,,,,,,,,,,,,,,,41.61,in compliance,204027.228,2025.0,Yes,No,No,No,Yes,Yes,,,10.428008959431105,4.71760561531788,15.145949444285662,12.226008734508182,0,5,0.4392814338815507,1.7073931349782265,0.4392814338815507,1.7073931349782265,0,5
4045,106013,1901237000.0,sumner hill house condo tr,76 elm st,boston,2130.0,76 elm st,boston,2130.0,75400.0,,Multifamily Housing,Multifamily Housing (75400.0),50.5,84.0,3805702.9,2427511.2,128925.12,403924.9,82861.154,,,,,,,,,,,,,,,,,,,,,,32.22,in compliance,211786.274,2025.0,No,No,No,No,No,No,,,11.230562553996048,3.9219733362813143,15.152011262834932,12.263332903628264,1,4,0.6917378030846464,-0.2995341347216612,0.6917378030846464,-0.2995341347216612,1,4
4046,106014,704012000.0,sumner st housing corp,67 sumner st,boston,2125.0,63  69 sumner st,boston,2125.0,26400.0,,Multifamily Housing,Multifamily Housing (26400.0),28.9,94.0,761812.8,,,156584.0,32121.642,,,,,,,,,,227548.2,16886.352,,,,,,,,,,,37.37,in compliance,49007.994,2030.0,No,No,No,No,No,No,,,10.181119289134408,3.3638415951183864,13.543456135195802,10.799738706643558,0,3,-2.466775080759241,-0.9904163950673817,-2.466775080759241,-0.9904163950673817,0,3
4061,106030,401461010.0,,41  43 westland av,boston,2115.0,41  43 westland av,boston,2115.0,101128.0,,Multifamily Housing,Multifamily Housing (101128.0),43.9,46.0,4437516.7,958696.2,50916.355,1019584.0,209157.462,,,,,,,,,,,,,,,,,,,,,,10.16,in compliance,260073.817,2025.0,I'm not sure,No,No,No,I'm not sure,I'm not sure,,,11.524142320175393,3.7819143200811256,15.305605476139009,12.468720781240872,1,4,1.0937159417113829,-0.716622880482379,1.0937159417113829,-0.716622880482379,1,4
4062,106031,402277000.0,,333 massachusetts ave,boston,2115.0,333 massachusetts av,boston,2115.0,174779.0,,Multifamily Housing,"Personal Services (Health/Beauty, Dry Cleaning, etc) (650.0),Restaurant (2017.0),Multifamily Housing (166033.0),Retail Store (6079.0)",56.9,77.0,9940306.7,5666261.2,300935.132,1252651.0,256968.826,,,,,,,,,,,,,,,,,,,,,,40.4,in compliance,557903.958,2025.0,No,No,No,No,No,No,,,12.071277597686738,4.041295341132285,16.11210843328753,13.231942108269827,1,1,2.704662237775703,-0.4201217723571006,2.704662237775703,-0.4201217723571006,1,1
4063,106032,402295000.0,,334 massachusetts ave,boston,2115.0,334 massachusetts av,boston,2115.0,154105.0,,Multifamily Housing,"Personal Services (Health/Beauty, Dry Cleaning, etc) (1100.0),Restaurant (6052.0),Multifamily Housing (146083.0),Office (670.0),Retail Store (200.0)",61.4,,9459829.3,6301354.6,334664.943,925696.0,189897.277,,,,,,,,,,,,,,,,,,,,,,42.47,in compliance,524562.22,2025.0,No,No,No,No,No,No,,,11.945389467245167,4.117409835153096,16.062564896467794,13.170319327046892,1,1,2.5697934186750087,-0.2071295580251304,2.5697934186750087,-0.2071295580251304,1,1
4078,106050,2101918000.0,tahoe group llc mass llc,1619 commonwealth ave,boston,2135.0,1619 commonwealth av,boston,2135.0,30456.0,,Multifamily Housing,Multifamily Housing (30456.0),52.1,100.0,1587445.7,1521725.0,80818.815,19261.6,3951.325,,,,,,,,,,,,,,,,,,,,,,24.86,in compliance,84770.14,2025.0,No,No,No,No,No,No,,,10.324038298062334,3.9531649487593215,14.27763680443958,11.347698637128751,0,6,-1.204566217577036,0.1612315507871968,-1.204566217577036,0.1612315507871968,0,6
4079,106051,900248000.0,,640 tremont st,boston,2118.0,143 w brookline st,boston,2118.0,24732.0,,Multifamily Housing,Multifamily Housing (24732.0),65.1,49.0,1608987.3,1074300.0,57056.073,156707.9,32147.059,,,,,,,,,,,,,,,,,,,,,,42.28,in compliance,89203.132,2030.0,No,No,No,No,No,No,,,10.115853230678459,4.175924549214524,14.291115532842065,11.39867143005931,0,0,-1.2084208582346077,0.7187756017979365,-1.2084208582346077,0.7187756017979365,0,0
4080,106052,1402922010.0,talbot bernard housing llc mass llc,112-114 bernard st,boston,2124.0,112  114 bernard st,boston,2124.0,45187.0,0.0,Multifamily Housing,"Multifamily Housing (45187.0),Parking (3420.0)",65.7,69.0,2970732.8,2107135.0,111909.94,253106.0,51922.165,,,,,,,,,,,,,,,,,,,,,,79.85,in compliance,163832.105,2025.0,I'm not sure,No,No,No,I'm not sure,I'm not sure,,,10.718564713832988,4.185098925490565,14.904319214351787,12.006597432416378,0,5,0.08676414394089045,0.4727917586690599,0.08676414394089045,0.4727917586690599,0,5
4081,106060,1402922020.0,,193 talbot ave,boston,2124.0,193 talbot av,boston,2124.0,28283.0,,Multifamily Housing,Multifamily Housing (28283.0),38.8,100.0,1096821.8,909640.7,48311.018,54859.6,11253.898,101700.6,,,,,,,,,,,,,,,,,,,,,29.51,in compliance,59564.916,2030.0,No,No,No,No,No,No,,,10.250016196420983,3.6584202466292277,13.907927283035635,10.994822022008343,0,6,-1.8968080242701137,-0.4187624096647173,-1.8968080242701137,-0.4187624096647173,0,6
4087,106065,1201992000.0,taurus apartments company,120 humboldt ave,boston,2121.0,120 humboldt av,boston,2121.0,42336.0,,Multifamily Housing,Multifamily Housing (42336.0),74.2,40.0,3143347.6,2542646.3,135039.945,176055.5,36116.025,,,,,,,,,,,,,,,,,,,,,,32.4,in compliance,171155.97,2025.0,No,No,No,No,No,No,,,10.653393066914683,4.3067641501733345,14.960798904637487,12.050330525032715,0,5,0.1643809030788911,0.7538290559760102,0.1643809030788911,0.7538290559760102,0,5
4088,106066,1201345000.0,taurus at fountain hill associates,16 akron st,boston,2119.0,16 akron st,boston,2119.0,77571.0,,Multifamily Housing,Multifamily Housing (77571.0),71.7,57.0,5564132.8,4484330.3,238162.782,316472.0,64921.066,,,,,,,,,,,,,,,,,,,,,,49.16,in compliance,303083.848,2025.0,No,No,No,No,No,No,,,11.258948924983619,4.272490747605575,15.531851699461704,12.621764772282516,1,5,1.3870100371815097,0.41630327679540846,1.3870100371815097,0.41630327679540846,1,5
4089,106067,1202882000.0,,295  311 blue hill av,boston,2121.0,295  311 blue hill av,boston,2121.0,48837.0,,Multifamily Housing,"Multifamily Housing (42847.0),Other - Education (5990.0)",54.2,54.0,2649068.8,1475299.9,78353.178,344012.0,70570.622,,,,,,,,,,,,,,,,,,,,,,47.7,in compliance,148923.8,2025.0,No,No,No,No,No,No,,,10.796243501276619,3.9926809084456005,14.789718739981868,11.911190044717236,0,5,-0.09045624827012133,0.03943514541648114,-0.09045624827012133,0.03943514541648114,0,5
4095,106073,2200562010.0,,180 telford st,boston,2135.0,180 telford st,boston,2135.0,79627.0,29327.0,Multifamily Housing,"Multifamily Housing (79627.0),Parking (29327.0)",21.8,100.0,1735995.8,1037300.0,55091.003,204776.0,42007.749,,,,,,,,,,,,,,,,,,,,,,25.31,pending revisions,97098.752,2025.0,Yes,No,No,No,Yes,Yes,,,11.285108510298423,3.0819099697950434,14.367091754844667,11.483483801467674,0,4,-0.7437921793708853,-2.0716949691310664,-0.7437921793708853,-2.0716949691310664,0,4
4100,106078,1001612000.0,ten jamaicaway condo assn,10 jamaicaway,boston,2130.0,10 jamaicaway st,boston,2130.0,29568.0,,Multifamily Housing,Multifamily Housing (29568.0),72.6,88.0,2147703.0,1842799.9,97871.103,89362.0,18331.721,,,,,,,,,,,,,,,,,,,,,,31.96,in compliance,116202.824,2030.0,No,No,No,No,No,No,,,10.294447974441411,4.28496492183075,14.579909456894544,11.663092426030627,0,0,-0.6432101567877013,0.8657809724228404,-0.6432101567877013,0.8657809724228404,0,0
4105,106083,402545000.0,tenants development ii lp,23 wellington st,boston,2118.0,23 wellington st,boston,2118.0,22975.0,,Multifamily Housing,Multifamily Housing (22975.0),88.4,,2031541.5,1664338.7,88393.028,107621.0,22077.372,,,,,,,,,,,,,,,,,,,,,,36.93,in compliance,110470.4,2030.0,No,No,No,No,No,No,,,10.042161947223887,4.481871969643598,14.524305422456248,11.612502890752316,0,0,-0.8110174470156318,1.3868454857306927,-0.8110174470156318,1.3868454857306927,0,0
4106,106085,900740000.0,tenants' development iii lp mass lp,400 massachusetts ave,boston,2118.0,400 massachusetts av,boston,2118.0,60000.0,,Multifamily Housing,Multifamily Housing (60000.0),44.7,99.0,2679737.3,1908973.3,101385.572,225898.0,46340.716,,,,,,,,,,,,,,,,,,,,,,28.26,in compliance,147726.288,2025.0,No,No,No,No,No,No,,,11.002099841204238,3.7999735016195233,14.801229325294472,11.903116435079234,0,4,-0.02680713463665347,-0.4537407878203442,-0.02680713463665347,-0.4537407878203442,0,4
4109,106088,400600040.0,tent city apartments llc,100  128 dartmouth st,boston,2118.0,100  128 dartmouth st,boston,2118.0,327174.0,,Multifamily Housing,"Multifamily Housing (318400.0),Retail Store (8774.0)",50.2,84.0,16435997.1,8445799.7,448556.422,2341793.0,480395.416,,,,,,,,,,,,,,,,,,,,,,43.32,in compliance,928951.838,2025.0,No,No,No,No,No,No,,,12.698247418450759,3.9160150266976834,16.614984432543466,13.741812173610324,1,2,3.811087740011384,-0.9558347818325075,3.811087740011384,-0.9558347818325075,1,2
4111,106090,401834000.0,tetlow realty asso inc,11 tetlow st,boston,2115.0,11 tetlow st,boston,2115.0,32864.0,,Multifamily Housing,Multifamily Housing (32864.0),113.8,26.0,3740506.3,3360000.0,178449.6,111520.0,22877.213,,,,,,,,,,,,,,,,,,,,,,48.32,in compliance,201326.813,2025.0,I'm not sure,No,No,No,I'm not sure,I'm not sure,C10066,,10.400133112728284,4.73444252169223,15.134731534559988,12.212684801962823,0,5,0.40946519155929983,1.7545239639368937,0.40946519155929983,1.7545239639368937,0,5
4125,106105,203506010.0,,42 eighth st,boston,2129.0,42 eighth st,boston,2129.0,520580.0,0.0,Multifamily Housing,"Multifamily Housing (520580.0),Parking (80000.0)",39.2,99.0,20410516.6,15138301.0,803995.166,1545198.0,316981.918,,,,,,,,,,,,,,,,,,,,,,21.43,in compliance,1120977.084,2025.0,No,No,No,No,No,No,,,13.162698853593731,3.6686767467964168,16.831560845587706,13.929711259383259,1,2,4.317766087887386,-1.6768379075186333,4.317766087887386,-1.6768379075186333,1,2
4126,106111,104164010.0,the porter 156 condominium trust,156-204 porter st,boston,2128.0,156  204 porter st,boston,2128.0,198660.0,,Multifamily Housing,Multifamily Housing (198660.0),44.7,70.0,8874934.3,4797099.7,254773.965,1195145.0,245172.045,,,,,,,,,,,,,,,,,,,,,,26.7,in compliance,499946.01,2025.0,No,No,No,No,No,No,,,12.199350099769347,3.7999735016195233,15.998741490481452,13.122255391574068,1,2,2.5322209160802647,-0.978505584252971,2.5322209160802647,-0.978505584252971,1,2
4129,106114,600026000.0,,26 w broadway #1,boston,2127.0,26 hf26 w broadway,boston,2127.0,40924.0,6440.0,Multifamily Housing,"Multifamily Housing (40924.0),Parking (6440.0)",69.8,68.0,2854674.8,2299852.8,122145.182,162609.0,33357.61,,,,,,,,,,,,,,,,,,,,,,26.14,in compliance,155502.792,2030.0,No,No,No,No,No,No,,,10.61947196699883,4.2456340097683265,14.86446848915546,11.95441896542416,0,5,-0.02244211325654805,0.6413296053121499,-0.02244211325654805,0.6413296053121499,0,5
4131,106117,105937000.0,,250 meridian st,boston,2128.0,248  270 meridian st,boston,2128.0,71263.0,14647.0,Multifamily Housing,"Multifamily Housing (60000.0),Parking (14647.0),Retail Store (5435.0),Other (5828.0)",38.7,95.0,2761105.2,915800.0,48638.138,540828.0,110945.456,,,,,,,,,,,,,,,,,,,,,,19.74,in compliance,159583.594,2025.0,I'm not sure,No,No,No,I'm not sure,I'm not sure,,,11.17413253762815,3.655839600035736,14.83114159232333,11.980323164227915,0,4,0.1090042762177406,-0.8258935425822194,0.1090042762177406,-0.8258935425822194,0,4
4141,106129,2102405000.0,thirty 6-46 orkney road condo tr,36 orkney rd,boston,2135.0,46  36 orkney rd,boston,2135.0,40000.0,,Multifamily Housing,Multifamily Housing (40000.0),90.6,50.0,3625550.2,476700.0,25317.537,103749.0,21283.07,,,,,,,,,,2794858.6,207406.457,,,,,,,,,,,12.81,in compliance,254007.064,2025.0,I'm not sure,No,No,No,I'm not sure,I'm not sure,,,10.596634733096073,4.506454213048934,15.103516614063944,12.445117356637576,0,5,0.5970487432482028,1.2113505117318506,0.5970487432482028,1.2113505117318506,0,5
4142,106130,501607000.0,thirty 7 beacon st condo tr,37 beacon st,boston,2108.0,37 beacon st,boston,2108.0,40062.0,,Multifamily Housing,Multifamily Housing (40062.0),60.3,88.0,2416631.1,3900.0,207.129,110459.0,22659.559,,,,,,,,,,2035845.0,151080.057,,,,,,,,,,,28.99,in compliance,173946.745,2025.0,I'm not sure,No,No,No,I'm not sure,I'm not sure,,,10.598183533085924,4.09933210373314,14.697885020813068,12.06650446813137,0,5,-0.1341211907325199,0.36504071857777093,-0.1341211907325199,0.36504071857777093,0,5
4148,106137,2201752000.0,,1 everett st,boston,2134.0,31 n beacon st,boston,2134.0,32110.0,,Multifamily Housing,"Personal Services (Health/Beauty, Dry Cleaning, etc) (1805.0),Multifamily Housing (30305.0)",31.4,93.0,1006664.5,299200.0,15890.512,207346.0,42534.958,,,,,,,,,,,,,,,,,,,,,,14.66,in compliance,58425.47,2030.0,I'm not sure,No,No,No,I'm not sure,I'm not sure,,,10.37692278708356,3.4468078929142076,13.822152948362746,10.9755072038762,0,3,-1.9723359303164003,-0.9107163677265888,-1.9723359303164003,-0.9107163677265888,0,3
4149,106138,401518000.0,thirty-2 westland ave llc mass llc,32-34 westland ave,boston,2115.0,32  34 westland av,boston,2115.0,22440.0,,Multifamily Housing,Multifamily Housing (22440.0),34.7,92.0,778747.4,,,134287.0,27547.635,,,,,,,,,,320560.2,23788.772,,,,,,,,,,,25.27,in compliance,51336.407,2030.0,I'm not sure,No,No,No,I'm not sure,I'm not sure,,,10.018600359636633,3.5467396869528134,13.565442010394438,10.8461554675585,0,3,-2.4530610870566814,-0.5363870257365637,-2.4530610870566814,-0.5363870257365637,0,3
4150,106139,602751300.0,,35 channel center st,boston,2210.0,35 channel center st,boston,2210.0,72193.0,,Multifamily Housing,Multifamily Housing (72193.0),41.7,50.0,3010478.6,1093600.0,58081.096,561805.0,115248.678,,,,,,,,,,,,,,,,,,,,,,22.82,in compliance,173329.774,2025.0,No,No,No,No,No,No,,,11.187098367272093,3.730501128804756,14.917609627407629,12.062951267063278,0,4,0.27034738735440245,-0.6766162655237566,0.27034738735440245,-0.6766162655237566,0,4
4151,106140,304806000.0,,37-43 temple pl,boston,2111.0,37  43 temple pl,boston,2111.0,25150.0,,Multifamily Housing,"Multifamily Housing (20957.0),Retail Store (4193.0)",21.8,,548523.7,248800.0,13213.768,87844.0,18020.318,,,,,,,,,,,,,,,,,,,,,,28.12,pending revisions,31234.086,2030.0,I'm not sure,No,No,No,I'm not sure,I'm not sure,,,10.132613175527885,3.0819099697950434,13.21498576651509,10.349265277453746,0,3,-3.178025590492632,-1.5638476049081929,-3.178025590492632,-1.5638476049081929,0,3
4152,106141,600072010.0,,36 a st,boston,2127.0,36 a st,boston,2127.0,29550.0,,Multifamily Housing,"Multifamily Housing (27550.0),Urgent Care/Clinic/Other Outpatient (2000.0)",45.9,93.0,1356087.4,753750.0,40031.663,176535.0,36214.39,,,,,,,,,,,,,,,,,,,,,,27.8,in compliance,76246.053,2030.0,I'm not sure,No,No,No,I'm not sure,I'm not sure,,,10.293839022834245,3.8264651170664994,14.120114199682677,11.241720929195433,0,6,-1.4667258183494802,-0.08585296187605397,-1.4667258183494802,-0.08585296187605397,0,6
4158,106148,400019000.0,,306-310 columbus ave,boston,2116.0,715 boylston st second floor,boston,2116.0,21300.0,,Multifamily Housing,Multifamily Housing (21300.0),30.5,,649996.2,229300.0,12178.123,123299.0,25293.557,,,,,,,,,,,,,,,,,,,,,,20.14,in compliance,37471.68,2030.0,Yes,No,No,No,Yes,Yes,,,9.966462351697517,3.417726683613366,13.384721795700885,10.531340726651331,0,3,-2.899835545428706,-0.7909627339562174,-2.899835545428706,-0.7909627339562174,0,3
4162,106155,602706000.0,three 26 a street condo tr,326 a st,boston,2127.0,326 a st,boston,2127.0,55000.0,,Multifamily Housing,"Multifamily Housing (38844.0),Office (16156.0)",31.3,,1720130.7,1244300.0,66084.773,139458.0,28608.414,,,,,,,,,,,,,,,,,,,,,,6.3,in compliance,94693.187,2030.0,No,No,No,No,No,No,,,10.915088464214607,3.4436180975461075,14.357910834274758,11.458397333608325,0,6,-0.8725976038209207,-1.1573453648240937,-0.8725976038209207,-1.1573453648240937,0,6
4171,106163,2202435001.0,375 market street llc,375-375c market st,boston,2135.0,375 market st,boston,2135.0,66574.0,,Multifamily Housing,Multifamily Housing (66574.0),12.9,100.0,858236.1,473700.0,25158.207,112701.1,23119.504,,,,,,,,,,,,,,,,,,,,,,1.19,in compliance,48277.711,2025.0,No,No,No,No,No,No,,,11.106069389915923,2.5572273113676265,13.662634515441626,10.784725263151328,0,7,-2.0927814314539903,-3.084867696993941,-2.0927814314539903,-3.084867696993941,0,7
4174,106166,303081000.0,,380-390 commercial st,boston,2109.0,390  380 commercial st,boston,2109.0,24878.0,,Multifamily Housing,"Multifamily Housing (19524.0),Office (3243.0),Other (2111.0)",28.6,88.0,710433.0,,,208216.0,42713.43,,,,,,,,,,,,,,,,,,,,,,25.01,in compliance,42713.43,2030.0,No,No,No,No,No,No,,,10.12173915776991,3.353406717825807,13.473629922283907,10.662268669672022,0,3,-2.6615268365839793,-0.9905849095192417,-2.6615268365839793,-0.9905849095192417,0,3
4182,106175,602687000.0,three- 81 congress st llc mass llc,381-389 congress st,boston,2127.0,381  389 congress st,boston,2127.0,44236.0,,Multifamily Housing,"Restaurant (5611.0),Multifamily Housing (38625.0)",93.4,1.0,4130716.4,1117900.0,59371.669,883006.0,181139.851,,,,,,,,,,,,,,,,,,,,,,46.8,in compliance,240511.52,2025.0,No,No,No,No,No,No,,,10.697294216195251,4.536891345234797,15.233961412364074,12.390523267588675,0,5,0.7314441045222337,1.217923334433459,0.7314441045222337,1.217923334433459,0,5
4188,106182,503045010.0,,360 newbury st,boston,2115.0,360 newbury st,boston,2115.0,143151.0,,Multifamily Housing,Multifamily Housing (143151.0),33.2,76.0,4755502.6,1417536.1,75285.342,978302.0,200688.872,,,,,,,,,,,,,,,,,,,,,,14.86,in compliance,275974.214,2025.0,No,No,No,No,No,No,,,11.871655296181219,3.502549875922443,15.374812947639787,12.52806271279843,1,4,1.3087305893247494,-1.4513822564033012,1.3087305893247494,-1.4513822564033012,1,4
4192,106187,400561000.0,three31-335 columbus av llc mass llc,331-335 columbus ave,boston,2116.0,331 335a columbus av,boston,2116.0,24743.0,,Multifamily Housing,Multifamily Housing (24743.0),38.4,62.0,949344.6,,,278237.0,57077.538,,,,,,,,,,,,,,,,,,,,,,51.74,in compliance,57077.538,2030.0,I'm not sure,No,No,No,I'm not sure,I'm not sure,,,10.116297899710545,3.648057459593681,13.763527130752998,10.952165938214852,0,3,-2.126339699364937,-0.3747650007478613,-2.126339699364937,-0.3747650007478613,0,3
4193,106189,303823000.0,tishman speyer archstone-,8-20 broad st,boston,2109.0,131 state st,boston,2109.0,125124.0,,Multifamily Housing,"Restaurant (11053.0),Multifamily Housing (104848.0),Office (9223.0)",80.5,13.0,10077167.6,4296680.4,228196.696,1694164.0,347540.803,,,,,,,,,,,,,,,,,,,,,,35.61,in compliance,575737.499,2025.0,No,No,No,No,No,No,,,11.737060524577593,4.388257184424518,16.125782789058338,13.263407104898361,1,1,2.651752508391899,0.4503330627585083,2.651752508391899,0.4503330627585083,1,1
4209,106242,1203393000.0,townsend house condo tr,135 townsend st,boston,2121.0,135 townsend st,boston,2121.0,32000.0,,Multifamily Housing,Multifamily Housing (32000.0),39.5,70.0,1265334.7,418571.9,22230.354,248172.0,50910.004,,,,,,,,,,,,,,,,,,,,,,25.81,in compliance,73140.358,2025.0,No,No,No,No,No,No,,,10.373491181781864,3.676300671907076,14.050847230127562,11.200135586413843,0,6,-1.5537014191175005,-0.4313867944597335,-1.5537014191175005,-0.4313867944597335,0,6
4210,106243,2201865000.0,,61 braintree st,boston,2134.0,61 braintree st,boston,2134.0,74693.0,28518.0,Multifamily Housing,"Multifamily Housing (74693.0),Parking (28518.0)",38.3,98.0,2862633.2,1172400.0,62266.164,495379.0,101622.048,,,,,,,,,,,,,,,,,,,,,,24.93,in compliance,163888.212,2025.0,No,No,No,No,No,No,,,11.221141658564028,3.6454498961866,14.867252458513109,12.006939840241817,0,4,0.18194877078548893,-0.8688983611252804,0.18194877078548893,-0.8688983611252804,0,4
4217,106250,304797000.0,tremont commons corp,131-134 tremont st,boston,2111.0,134  131 tremont st,boston,2111.0,43101.0,,Multifamily Housing,"Restaurant (3026.0),Multifamily Housing (18784.0),Office (12347.0),Medical Office (2206.0),Other (6738.0)",36.4,,1569752.9,520700.0,27654.377,307459.8,63072.303,,,,,,,,,,,,,,,,,,,,,,28.49,in compliance,90726.68,2025.0,I'm not sure,No,No,No,I'm not sure,I'm not sure,,,10.67130147767883,3.594568774642695,14.266428776402584,11.415606749407758,0,6,-1.0733537848246928,-0.7325009814856208,-1.0733537848246928,-0.7325009814856208,0,6
4218,106251,304850000.0,,151 tremont st,boston,2111.0,151  162 tremont st,boston,2111.0,405000.0,118000.0,Multifamily Housing,"Strip Mall (6000.0),Multifamily Housing (399000.0),Swimming Pool (0.0),Parking (118000.0)",43.8,87.0,17738405.9,837100.0,44458.381,2989449.0,613255.568,,,,,,6701305.8,369912.08,,,,,,,,,,,,,,,24.15,in compliance,1027626.029,2025.0,I'm not sure,No,No,No,I'm not sure,I'm not sure,,,12.911642346088676,3.7796338173824005,16.691242671732603,13.84276187379197,1,2,4.028618009543747,-1.3319697411493185,4.028618009543747,-1.3319697411493185,1,2
4220,106253,900789000.0,tremont towers condo trust,492-498 massachusetts ave,boston,2118.0,492  498 massachusetts av,boston,2118.0,25088.0,,Multifamily Housing,Multifamily Housing (25088.0),68.3,,1714655.5,1235000.0,65590.85,140579.0,28838.376,,,,,,,,,,,,,,,,,,,,,,24.5,in compliance,94429.226,2030.0,No,No,No,No,No,No,,,10.130144923150134,4.223909766576744,14.354722743768598,11.455605901675815,0,0,-1.0921188669792865,0.8121290716597048,-1.0921188669792865,0.8121290716597048,0,0
4224,106257,105413010.0,,126 border st,boston,2128.0,126 border st,boston,2128.0,203508.0,,Multifamily Housing,Multifamily Housing (203508.0),37.8,97.0,7698448.0,4199500.0,223035.445,1025483.0,210367.583,,,,,,,,,,,,,,,,,,,,,,23.89,in compliance,433403.028,2025.0,No,No,No,No,No,No,,,12.223460595131401,3.632309102625542,15.85652930806672,12.979423354677433,1,2,2.2743833744700748,-1.337940324111752,2.2743833744700748,-1.337940324111752,1,2
4235,106269,1501703010.0,,307 bowdoin st,boston,2122.0,307 bowdoin st,boston,2122.0,20400.0,,Multifamily Housing,Multifamily Housing (20400.0),81.1,71.0,1654189.4,1258800.0,66854.868,115882.0,23772.033,,,,,,,,,,,,,,,,,,,,,,283.38,in compliance,90626.901,2030.0,No,No,No,No,No,No,,,9.923290179832307,4.395682961121367,14.318821658288085,11.414506368488695,0,0,-1.2182901910247403,1.2601306134433143,-1.2182901910247403,1.2601306134433143,0,0
4236,106270,1502099000.0,,123 hamilton st,boston,2125.0,121  129 hamilton st,boston,2125.0,28500.0,,Multifamily Housing,Multifamily Housing (28500.0),64.4,79.0,1835760.9,1215200.0,64539.272,181876.0,37310.043,,,,,,,,,,,,,,,,,,,,,,28.78,in compliance,101849.315,2025.0,No,No,No,No,No,No,,,10.257659366256743,4.165113633110308,14.422969612923902,11.531249696055507,0,0,-0.9254814943780587,0.6341193742176825,-0.9254814943780587,0.6341193742176825,0,0
4246,106282,303168000.0,trulli alphonses j trst,35-49 clark st,boston,2109.0,35  49 clark st,boston,2109.0,24350.0,,Multifamily Housing,Multifamily Housing (24350.0),50.8,96.0,1236830.5,947800.0,50337.658,84710.0,17377.409,,,,,,,,,,,,,,,,,,,,,,23.86,in compliance,67715.067,2030.0,No,No,No,No,No,No,,,10.100287128510736,3.927896354584436,14.028062616925203,11.123063989530023,0,6,-1.7092357039114698,0.20857792151093998,-1.7092357039114698,0.20857792151093998,0,6
4247,106283,1810591000.0,,745 truman pkwy,boston,2136.0,735  745 truman hw,boston,2136.0,49805.0,,Multifamily Housing,Multifamily Housing (49805.0),30.6,92.0,1523721.7,617300.0,32784.803,265657.0,54496.877,,,,,,,,,,,,,,,,,,,,,,26.69,in compliance,87281.68,2025.0,I'm not sure,No,No,No,I'm not sure,I'm not sure,,,10.815870659579266,3.4210000089583352,14.236666387004654,11.376895868717671,0,6,-1.0954054956077357,-1.1580526386870487,-1.0954054956077357,-1.1580526386870487,0,6
4250,106286,802041010.0,trustees boston university,815 albany st,boston,2119.0,817 albany st,boston,2119.0,102126.0,,Multifamily Housing,Multifamily Housing (102126.0),72.8,30.0,7431620.0,4003254.4,212612.841,1003551.0,205868.452,,,,,,,,,,,,,,,,,,4250.4,315.422,,,61.23,in compliance,418796.715,2025.0,No,Yes,No,No,No,No,,,11.533962624036029,4.28771595520264,15.821254427921037,12.945140914108213,1,1,2.0228627955496115,0.3292683157898187,2.0228627955496115,0.3292683157898187,1,1
4295,106335,501604000.0,,34hf beacon st,boston,2108.0,34 hf beacon st,boston,2108.0,45000.0,,Multifamily Housing,Multifamily Housing (45000.0),54.5,,2451723.5,1245472.3,66147.034,353532.0,72523.554,,,,,,,,,,,,,,,,,,,,,,8.1,in compliance,138670.588,2030.0,No,No,No,No,No,No,,,10.714417768752456,3.9982007016691985,14.712301804590055,11.839856529021606,0,6,-0.25120674102867235,0.08713246767293757,-0.25120674102867235,0.08713246767293757,0,6
4298,106338,600685010.0,tudor place condo trust,116-138 tudor st,boston,2127.0,118  130 tudor st,boston,2127.0,55000.0,,Multifamily Housing,Multifamily Housing (55000.0),19.8,100.0,1088285.0,183600.0,9750.996,265148.0,54392.461,,,,,,,,,,,,,,,,,,,,,,37.73,in compliance,64143.457,2030.0,No,No,No,No,No,No,,,10.915088464214607,2.9856819377004897,13.90011362062491,11.068877369518445,0,3,-1.6708243667535936,-2.1059419210284225,-1.6708243667535936,-2.1059419210284225,0,3
4305,106349,2102379000.0,,4 ayr rd,boston,2135.0,4 ayr rd,boston,2135.0,21120.0,,Multifamily Housing,Multifamily Housing (21120.0),102.2,17.0,2158236.4,50800.0,2697.988,44295.0,9086.676,,,,,,,,,,1956301.9,145177.164,,,,,,,,,,,24.04,in compliance,156961.828,2030.0,I'm not sure,No,No,No,I'm not sure,I'm not sure,,,9.957975737820197,4.626931677769604,14.584801964676316,11.96375792101068,0,0,-0.5098357032044744,1.745284491758144,-0.5098357032044744,1.745284491758144,0,0
4306,106350,2102380000.0,,2 ayr rd,boston,2135.0,2 ayr rd,boston,2135.0,20835.0,,Multifamily Housing,Multifamily Housing (20835.0),8.0,100.0,165652.3,20400.0,1083.444,42571.0,8733.015,,,,,,,,,,,,,,,,,,,,,,17.19,in compliance,9816.459,2030.0,I'm not sure,No,No,No,I'm not sure,I'm not sure,,,9.944389543856554,2.0794415416798357,12.0176462923283,9.191815745688713,0,7,-5.415139438780795,-3.56610477410047,-5.415139438780795,-3.56610477410047,0,7
4316,106366,801132010.0,,27 wareham st,boston,2118.0,27 wareham st,boston,2118.0,34029.0,,Multifamily Housing,Multifamily Housing (34029.0),66.4,53.0,2259242.4,1376814.0,73122.592,258625.0,53054.333,,,,,,,,,,,,,,,,,,,,,,20.63,in compliance,126176.925,2030.0,No,No,No,No,No,No,,,10.434968381227153,4.1956970564823886,14.630540093810332,11.745440367680155,0,0,-0.4878855222377176,0.6202387374148758,-0.4878855222377176,0.6202387374148758,0,0
4322,106373,602751100.0,,25 channel center st,boston,2210.0,25 channel center st,boston,2210.0,131888.0,,Multifamily Housing,Multifamily Housing (131888.0),44.0,72.0,5802042.4,2089373.7,110966.637,1088121.0,223217.142,,,,,,,,,,,,,,,,,,,,,,22.79,in compliance,334183.779,2025.0,No,No,No,No,No,No,,,11.789708356553009,3.784189633918261,15.573720551461673,12.719446357161173,1,1,1.6497037337344904,-0.8297453593742297,1.6497037337344904,-0.8297453593742297,1,1
4324,106375,602670010.0,,22 liberty dr,boston,2210.0,22 liberty dr,boston,2210.0,222191.0,,Multifamily Housing,Multifamily Housing (222191.0),76.0,7.0,16881185.6,11612998.5,616766.35,1544017.0,316739.647,,,,,,,,,,,,,,,,,,,,,,16.72,in compliance,933505.997,2025.0,I'm not sure,No,No,No,I'm not sure,I'm not sure,,,12.31129265131695,4.330733340286331,16.64171028163241,13.746702666153242,1,2,3.7399324106919383,0.07587665512581152,3.7399324106919383,0.07587665512581152,1,2
4325,106377,302469010.0,,63-69 endicott st,boston,2113.0,26 stillman st,boston,2113.0,31359.0,0.0,Multifamily Housing,"Multifamily Housing (31359.0),Parking (940.0)",80.2,1.0,2513745.3,890500.0,47294.455,475746.0,97594.534,,,,,,,,,,,,,,,,,,,,,,21.55,in compliance,144888.989,2030.0,No,No,No,No,No,No,,,10.353256586200818,4.384523514872469,14.737284350350691,11.883723135083198,0,0,-0.2892543509046155,1.05126739069625,-0.2892543509046155,1.05126739069625,0,0
4327,106379,2010441000.0,,218 spring st,boston,2132.0,218 spring st,boston,2132.0,20400.0,,Multifamily Housing,Multifamily Housing (20400.0),57.9,83.0,1180863.8,885325.8,47019.653,86617.2,17768.652,,,,,,,,,,,,,,,,,,,,,,50.58,in compliance,64788.305,2030.0,Yes,No,No,No,Yes,Yes,,,9.923290179832307,4.05871738457895,13.981756762534026,11.078880387657119,0,6,-1.841505613762373,0.5588087034316788,-1.841505613762373,0.5588087034316788,0,6
4328,106380,2010454000.0,,250 spring st,boston,2132.0,250 spring st,boston,2132.0,28860.0,,Multifamily Housing,Multifamily Housing (28860.0),54.8,84.0,1580876.3,1222583.9,64931.431,105009.5,21541.649,,,,,,,,,,,,,,,,,,,,,,37.42,in compliance,86473.08,2030.0,Yes,No,No,No,Yes,Yes,,,10.270211832327862,4.00369019395397,14.273489871511346,11.367588430610052,0,6,-1.20902297228481,0.2915488175868804,-1.20902297228481,0.2915488175868804,0,6
4335,106389,503368000.0,,220-224 marlborough st,boston,2116.0,220  224 marlborough st,boston,2116.0,44939.0,,Multifamily Housing,Multifamily Housing (44939.0),81.9,,3679199.7,2884200.2,153179.873,233001.0,47797.825,,,,,,,,,,,,,,,,,,,,,,14.31,pending revisions,200977.698,2030.0,I'm not sure,No,No,No,I'm not sure,I'm not sure,,,10.713061293600333,4.405498990859024,15.118205813668382,12.210949225661347,0,5,0.4748803829408325,0.9331860591937519,0.4748803829408325,0.9331860591937519,0,5
4340,106397,602752000.0,,249-257 a st,boston,2210.0,6 binford st,boston,2210.0,79916.0,,Multifamily Housing,Multifamily Housing (79916.0),53.1,78.0,4247190.4,1270899.8,67497.488,226964.7,46559.539,,,,,,,,,,2201887.1,163402.042,,,,,,,,,,,9.58,in compliance,277459.069,2025.0,No,No,No,No,No,No,,,11.28873136201984,3.9721769282478934,15.261768239936368,12.533428702190465,1,5,1.0271120045589304,-0.209614313024391,1.0271120045589304,-0.209614313024391,1,5
4343,106400,502640000.0,,274 beacon st,boston,2116.0,274 beacon st,boston,2116.0,55220.0,0.0,Multifamily Housing,"Multifamily Housing (55220.0),Parking (1920.0)",73.1,,4037645.1,3326400.0,176665.104,208454.0,42762.254,,,,,,,,,,,,,,,,,,,,,,3.57,in compliance,219427.358,2030.0,I'm not sure,No,No,No,I'm not sure,I'm not sure,,,10.919080485484145,4.291828366755733,15.211172183947786,12.298776513671234,0,5,0.6990678358298851,0.6057685122770476,0.6990678358298851,0.6057685122770476,0,5
4347,106406,503076000.0,,290 commonwealth ave,boston,2115.0,290 commonwealth av,boston,2115.0,24000.0,,Multifamily Housing,Multifamily Housing (24000.0),71.3,84.0,1712166.6,1436900.1,76313.764,80676.0,16549.875,,,,,,,,,,,,,,,,,,,,,,32.4,in compliance,92863.639,2030.0,No,No,No,No,No,No,,,10.085809109330082,4.26689632742025,14.353270144033326,11.438887448831066,0,0,-1.1179403497712737,0.9200530470840581,-1.1179403497712737,0.9200530470840581,0,0
4348,106407,503569000.0,,293-295 commonwealth ave,boston,2115.0,293  295 commonwealth av,boston,2115.0,30000.0,,Multifamily Housing,Multifamily Housing (30000.0),88.4,61.0,2652891.6,2318699.9,123146.152,97946.0,20092.642,,,,,,,,,,,,,,,,,,,,,,28.81,in compliance,143238.794,2030.0,Yes,No,No,No,Yes,Yes,,,10.308952660644293,4.481871969643598,14.79116077288066,11.872268404641014,0,0,-0.2494416966559822,1.2691092764670153,-0.2494416966559822,1.2691092764670153,0,0
4349,106408,400206000.0,,2 clarendon st,boston,2116.0,2 clarendon st,boston,2116.0,65000.0,,Multifamily Housing,Multifamily Housing (65000.0),44.8,64.0,2911684.3,1088100.0,57788.991,534462.0,109639.535,,,,,,,,,,,,,,,,,,,,,,,in compliance,167428.526,2025.0,Yes,No,No,No,Yes,Yes,C10079,,11.082142548877775,3.8022081394209395,14.88424226896001,12.028311828732686,0,4,0.17914230988478744,-0.4813255728714435,0.17914230988478744,-0.4813255728714435,0,4
4350,106409,502633000.0,,250 beacon st,boston,2116.0,250 beacon st,boston,2116.0,52266.0,,Multifamily Housing,Multifamily Housing (52266.0),73.0,47.0,3815119.5,2643500.2,140396.296,343382.0,70441.383,,,,,,,,,,,,,,,,,,,,,,10.05,pending revisions,210837.679,2030.0,I'm not sure,No,No,No,I'm not sure,I'm not sure,,,10.864101343046947,4.290459441148391,15.154482545932266,12.258843822560989,0,5,0.5914736046489025,0.6281601866433967,0.5914736046489025,0.6281601866433967,0,5
4356,106416,502659000.0,two ninty five beacon,295-297 beacon st,boston,2116.0,295 beacon st,boston,2116.0,40000.0,,Multifamily Housing,Multifamily Housing (40000.0),73.8,73.0,2950962.0,2559499.8,135935.034,114731.0,23535.917,,,,,,,,,,,,,,,,,,,,,,25.78,in compliance,159470.951,2030.0,No,No,No,No,No,No,,,10.596634733096073,4.301358731606427,14.897641776851318,11.979617059228344,0,5,0.02686898141917702,0.7668676206579509,0.02686898141917702,0.7668676206579509,0,5
4361,106421,305473000.0,,231-235 harrison ave,boston,2111.0,231  235 harrison av,boston,2111.0,24800.0,,Multifamily Housing,Multifamily Housing (24800.0),26.6,89.0,660583.7,,,193606.0,39716.335,,,,,,,,,,,,,,,,,,,,,,25.91,in compliance,39716.335,2030.0,I'm not sure,No,No,No,I'm not sure,I'm not sure,,,10.118598932153073,3.2809112157876537,13.400879117096107,10.589517843005614,0,3,-2.7982806178310633,-1.1396693181495179,-2.7982806178310633,-1.1396693181495179,0,3
4362,106422,1701586000.0,,241-257 talbot ave,boston,2124.0,241  251 talbot av,boston,2124.0,27148.0,,Multifamily Housing,Multifamily Housing (27148.0),77.5,61.0,2104447.1,1754133.7,93162.041,102671.0,21061.929,,,,,,,,,,,,,,,,,,,,,,65.04,in compliance,114223.97,2030.0,I'm not sure,No,No,No,I'm not sure,I'm not sure,,,10.209058657823649,4.350277936359301,14.55956333026481,11.645916449100381,0,0,-0.7016828548111343,1.0394375242066742,-0.7016828548111343,1.0394375242066742,0,0
4363,106423,400548010.0,,285 columbus ave #406,boston,2116.0,269  285 columbus av,boston,2116.0,107833.0,,Multifamily Housing,Multifamily Housing (107833.0),36.1,81.0,3896014.8,939564.5,49900.271,866486.0,177750.938,,,,,,,,,,,,,,,,,,,,,,17.53,in compliance,227651.209,2025.0,No,No,No,No,No,No,,,11.588339013060097,3.586292865338835,15.175464742505314,12.335569951532925,1,4,0.867412304820628,-1.1520405735903227,0.867412304820628,-1.1520405735903227,1,4
4367,106427,903162020.0,two451 washington llc,2451 washington st,boston,2119.0,2451 washington st,boston,2119.0,22630.0,,Multifamily Housing,Multifamily Housing (22630.0),38.4,,869746.4,356800.0,18949.648,150336.0,30839.927,,,,,,,,,,,,,,,,,,,,,,23.42,in compliance,49789.575,2030.0,No,No,No,No,No,No,,,10.027031738627583,3.648057459593681,13.675956953885185,10.815560903749226,0,3,-2.349201388573967,-0.33856702825957585,-2.349201388573967,-0.33856702825957585,0,3
4372,106433,400970000.0,,52-58 saint botolph st,boston,2116.0,56 st botolph st,boston,2116.0,40010.0,,Multifamily Housing,Multifamily Housing (40010.0),31.5,97.0,1261229.5,381626.1,20268.162,257797.0,52884.477,,,,,,,,,,,,,,,,,,,,,,29.15,in compliance,73152.639,2030.0,No,No,No,No,No,No,,,10.59688470185128,3.449987545831587,14.047597596801312,11.20030348235255,0,3,-1.4963876577810649,-1.000478258040574,-1.4963876577810649,-1.000478258040574,0,3
4373,106436,400972000.0,,32 garrison st,boston,2116.0,32 garrison st,boston,2116.0,143001.0,,Multifamily Housing,Multifamily Housing (143001.0),36.6,88.0,5234833.1,1049158.5,55720.808,1190152.0,244147.781,,,,,,,,,,124876.2,9267.063,,,,,,,,,,,29.82,in compliance,309135.652,2025.0,No,No,No,No,No,No,,,11.870606902224587,3.6000482404073204,15.470845520212166,12.6415354627824,1,4,1.4991894413193305,-1.2468665794282041,1.4991894413193305,-1.2468665794282041,1,4
4374,106437,1101626000.0,ue apartments llc,2018 columbus ave,boston,2119.0,2030 c2014 columbus av,boston,2119.0,29835.0,0.0,Multifamily Housing,"Multifamily Housing (29835.0),Parking (2400.0)",66.4,80.0,1981207.4,1460495.2,77566.9,152612.0,31306.826,,,,,,,,,,,,,,,,,,,,,,59.17,in compliance,108873.726,2030.0,I'm not sure,No,No,No,I'm not sure,I'm not sure,,,10.303437479956182,4.1956970564823886,14.499217014799278,11.597944012593803,0,0,-0.7787321632358715,0.6769981573186585,-0.7787321632358715,0.6769981573186585,0,0
4378,106443,1503062000.0,uncle jay's enterprises llc,17-19 winter st,boston,2122.0,19 winter st,boston,2122.0,29440.0,,Multifamily Housing,Multifamily Housing (29440.0),70.7,72.0,2081495.7,1647700.0,87509.347,127138.3,26081.151,,,,,,,,,,,,,,,,,,,,,,672.64,in compliance,113590.498,2030.0,No,No,No,No,No,No,,,10.290109572842812,4.258445572902527,14.548597279797114,11.640355137404606,0,0,-0.6959551770196737,0.8129947766574452,-0.6959551770196737,0.8129947766574452,0,0
4384,106449,303038200.0,union wharf condominium tr,343 commercial st,boston,2109.0,295  343 commercial st,boston,2109.0,124212.0,0.0,Multifamily Housing,"Multifamily Housing (124212.0),Parking (9173.0)",38.3,68.0,4758563.7,959841.0,50977.156,1113342.0,228390.978,,,,,,,,,,,,,,,,,,,,,,16.23,in compliance,279368.134,2025.0,No,No,No,No,No,No,,,11.72974506217175,3.6454498961866,15.375456436976334,12.540285667761616,1,4,1.2799319106154592,-1.0908282922674768,1.2799319106154592,-1.0908282922674768,1,4
4436,106522,1301316010.0,uphams corner lp mass lp,530 columbia rd,boston,2125.0,530 columbia rd,boston,2125.0,60843.0,,Multifamily Housing,Multifamily Housing (60843.0),38.9,96.0,2365594.0,1265162.6,67192.786,322518.0,66161.343,,,,,,,,,,,,,,,,,,,,,,34.0,pending revisions,133354.129,2025.0,No,No,No,No,No,No,,,11.016052054822241,3.6609942506244004,14.676539711162775,11.800763492760343,0,4,-0.23782190265076342,-0.7476102812217393,-0.23782190265076342,-0.7476102812217393,0,4
4437,106523,703892012.0,uphams corner market,612  618 columbia rd,boston,2125.0,612  618 columbia rd,boston,2125.0,60348.0,,Multifamily Housing,Multifamily Housing (60348.0),48.5,56.0,2926610.1,1744270.2,92638.19,346524.0,71085.933,,,,,,,,,,,,,,,,,,,,,,40.5,in compliance,163724.123,2025.0,No,No,No,No,No,No,,,11.007883085959966,3.8815637979434374,14.889355348738178,12.005938113528924,0,4,0.14839663424317148,-0.2853484768049132,0.14839663424317148,-0.2853484768049132,0,4
4446,106534,2002962010.0,,4945 washington st,boston,2132.0,4945 washington st,boston,2132.0,34701.0,,Multifamily Housing,Multifamily Housing (34701.0),70.1,52.0,2431629.6,1926500.0,102316.415,148045.0,30369.951,,,,,,,,,,,,,,,,,,,,,,18.73,pending revisions,132686.366,2025.0,I'm not sure,No,No,No,I'm not sure,I'm not sure,,,10.454523783963511,4.249922794040544,14.704072207837392,11.795743472012482,0,0,-0.36320278257180055,0.7229162712134529,-0.36320278257180055,0.7229162712134529,0,0
4450,106538,1200280000.0,van ness terrace,238-248 warren st,boston,2119.0,236 248a warren st,boston,2119.0,46996.0,,Multifamily Housing,Multifamily Housing (46996.0),61.3,75.0,2882883.2,2224629.9,118150.094,192923.0,39576.224,,,,,,,,,,,,,,,,,,,,,,41.39,in compliance,157726.318,2025.0,No,No,No,No,No,No,,,10.757817770687463,4.115779842942166,14.874301462445706,11.96861664552047,0,5,0.036012073486894246,0.31072018643725735,0.036012073486894246,0.31072018643725735,0,5
4451,106539,1202455010.0,,495-505 blue hill ave,boston,2121.0,495 blue hill av,boston,2121.0,35772.0,,Multifamily Housing,Multifamily Housing (35772.0),60.1,67.0,2148989.6,1714375.8,91050.499,127378.0,26130.323,,,,,,,,,,,,,,,,,,,,,,32.07,in compliance,117180.822,2030.0,No,No,No,No,No,No,,,10.484920743466072,4.096009841541162,14.580508336152723,11.671473507923126,0,6,-0.5842993634050186,0.3891261325018113,-0.5842993634050186,0.3891261325018113,0,6
4455,106543,501383000.0,,154-170 commonwealth ave,boston,2116.0,160 commonwealth av,boston,2116.0,220742.0,,Multifamily Housing,Multifamily Housing (220742.0),32.1,75.0,7078657.6,1506585.3,80014.745,1633081.0,335010.236,,,,,,,,,,,,,,,,,,,,,,17.63,in compliance,415024.981,2025.0,I`m not sure,No,No,No,I`m not sure,I`m not sure,,,12.304749877718919,3.4688560301359703,15.77259484317292,12.9360939925819,1,2,2.1713079647135447,-1.7114422938147746,2.1713079647135447,-1.7114422938147746,1,2
4460,106551,2010655010.0,vfw parkway condominium llc,1522 vfw pkwy,boston,2132.0,1522 vfw pw,boston,2132.0,25202.0,,Multifamily Housing,Multifamily Housing (25202.0),36.8,,928072.1,239800.0,12735.778,201721.0,41381.046,,,,,,,,,,,,,,,,,,,,,,15.75,in compliance,54116.824,2030.0,I'm not sure,No,No,No,I'm not sure,I'm not sure,,,10.134678635429639,3.6054978451748854,13.740864702715834,10.898900396157702,0,3,-2.186224167926627,-0.47326106237036586,-2.186224167926627,-0.47326106237036586,0,3
4461,106552,2101539000.0,,59 brainerd rd,boston,2134.0,59 brainerd rd,boston,2134.0,61700.0,,Multifamily Housing,Multifamily Housing (61700.0),31.4,79.0,1939988.1,,,568578.0,116638.091,,,,,,,,,,,,,,,,,,,,,,25.32,in compliance,116638.091,2025.0,No,No,No,No,No,No,,,11.030039209893479,3.4468078929142076,14.478192397000079,11.66683118051047,0,4,-0.5551993550159249,-1.1949829966303427,-0.5551993550159249,-1.1949829966303427,0,4
4464,106569,105343100.0,victory gardens association,54 orleans st,boston,2128.0,60  70 orleans st,boston,2128.0,81565.0,,Multifamily Housing,Multifamily Housing (81565.0),42.8,84.0,3489651.0,2221768.8,117998.141,371595.0,76228.998,,,,,,,,,,,,,,,,,,,,,,20.28,in compliance,194227.139,2025.0,No,No,No,No,No,No,,,11.309155527370404,3.756538102587751,15.065312289178276,12.176783572758366,1,4,0.5525666297384706,-0.6784066041959727,0.5525666297384706,-0.6784066041959727,1,4
4465,106570,302886000.0,vietnam veterans workshop,17 court st,boston,2108.0,17  19 court st,boston,2108.0,105856.0,,Multifamily Housing,"Multifamily Housing (59392.0),Other (46464.0)",88.4,,9358378.8,3238222.2,171981.981,1793715.0,367962.695,,,,,,,,,,,,,,,,,,,,,,62.9,in compliance,539944.676,2025.0,No,No,No,No,No,No,,,11.569834958943309,4.481871969643598,16.051782628323828,13.199221961440056,1,1,2.4765523749724947,0.7193007499877223,2.4765523749724947,0.7193007499877223,1,1
4467,106572,302161000.0,villa michaelangelo inc,64-84 charter st,boston,2113.0,64  84 charter st,boston,2113.0,44504.0,,Multifamily Housing,Multifamily Housing (44504.0),91.2,9.0,4059205.8,2273497.1,120745.431,523361.3,107362.337,,,,,,,,,,,,,,,,,,,,,,508.41,in compliance,228107.768,2025.0,No,No,No,No,No,No,,,10.70333435175513,4.513054897080286,15.21649789667911,12.337573462931543,0,5,0.6747501764631779,1.1633170032871771,0.6747501764631779,1.1633170032871771,0,5
4472,106593,2101684000.0,vinal apartments llc,10-16 vinal st,boston,2134.0,16  10 vinal st,boston,2134.0,24960.0,,Multifamily Housing,Multifamily Housing (24960.0),62.8,84.0,1566269.4,,,78067.0,16014.664,,,,,,,,,,1299904.8,96465.935,,,,,,,,,,,35.22,in compliance,112480.599,2030.0,No,No,No,No,No,No,,,10.125029822483365,4.139955073474153,14.264207171388652,11.630536032421492,0,0,-1.067166236268496,0.65724839916149,-1.067166236268496,0.65724839916149,0,0
4473,106594,2101687000.0,vinal associates llc mass llc,4-8 vinal st,boston,2134.0,8  4 vinal st,boston,2134.0,24000.0,,Multifamily Housing,Multifamily Housing (24000.0),75.9,78.0,1822484.6,,,81312.0,16680.344,,,,,,,,,,1545048.0,114658.012,,,,,,,,,,,45.95,in compliance,131338.356,2030.0,No,No,No,No,No,No,,,10.085809109330082,4.3294166844015844,14.415711292897836,11.785532142535514,0,0,-0.7951732013045872,1.0692839085600496,-0.7951732013045872,1.0692839085600496,0,0
4475,106596,900080000.0,viviendas llc,100 w dedham st,boston,2118.0,100 w dedham st,boston,2118.0,63968.0,,Multifamily Housing,Multifamily Housing (63968.0),89.2,42.0,5705043.3,4418320.1,234656.981,377117.0,77361.781,,,,,,,,,,,,,,,,,,,,,,47.52,in compliance,312018.762,2025.0,No,No,No,No,No,No,,,11.066138237300127,4.490881039585964,15.55686113108299,12.65081859959899,1,5,1.384107493528005,0.955825592578034,1.384107493528005,0.955825592578034,1,5
4476,106603,503204000.0,,719 boylston st #1,boston,2116.0,717  725 boylston st,boston,2116.0,24420.0,,Multifamily Housing,"Restaurant (3712.0),Multifamily Housing (17509.0),Convenience Store without Gas Station (3199.0)",47.4,,1158529.3,640400.1,34011.649,151855.0,31151.535,,,,,,,,,,,,,,,,,,,,,,25.69,in compliance,65163.184,2030.0,I'm not sure,No,No,No,I'm not sure,I'm not sure,,,10.103157747664696,3.858622228701031,13.962661913859737,11.084649925856105,0,6,-1.8103263189341283,0.06508596355977034,-1.8103263189341283,0.06508596355977034,0,6
4478,106605,2101463000.0,walbridge brainerd assocs mass llc,99 brainerd rd,boston,2134.0,25 walbridge st,boston,2134.0,41594.0,,Multifamily Housing,Multifamily Housing (41594.0),85.2,12.0,3545067.3,3270268.2,173683.944,80539.0,16521.77,,,,,,,,,,,,,,,,,,,,,,30.62,in compliance,190205.714,2025.0,No,No,No,No,No,No,,,10.635711205077866,4.44500143383527,15.081067702253351,12.155861470703162,0,5,0.3717104897339037,1.0483120151685708,0.3717104897339037,1.0483120151685708,0,5
4483,106610,401409000.0,,41-43 edgerly rd,boston,2115.0,41  43 edgerly rd,boston,2115.0,27402.0,,Multifamily Housing,Multifamily Housing (27402.0),75.5,90.0,2068500.0,1870999.8,99368.799,57884.0,11874.324,,,,,,,,,,,,,,,,,,,,,,27.13,in compliance,111243.123,2025.0,No,No,No,No,No,No,,,10.218371282413054,4.324132656254979,14.542334264883603,11.61947338238748,0,0,-0.7376185700995138,0.980242543215565,-0.7376185700995138,0.980242543215565,0,0
4486,106614,1102357000.0,,459-461 walnut ave,boston,2130.0,461 walnut av,boston,2130.0,30120.0,,Multifamily Housing,"Multifamily Housing (20120.0),Urgent Care/Clinic/Other Outpatient (10000.0)",57.7,,1737098.8,818564.5,43473.961,269207.0,55225.124,,,,,,,,,,,,,,,,,,,,,,28.82,in compliance,98699.085,2030.0,No,No,No,No,No,No,,,10.31294468191383,4.055257173514054,14.367726923283259,11.499830954861885,0,6,-0.995148459910759,0.3826488323785262,-0.995148459910759,0.3826488323785262,0,6
4489,106617,1101620000.0,walnut washington apts llc mass llc,361 walnut ave,boston,2119.0,361  363 walnut av,boston,2119.0,46410.0,,Multifamily Housing,Multifamily Housing (46410.0),37.7,99.0,1751302.8,1277132.8,67828.523,138971.3,28508.572,133850.3,,,,,,,,,,,,,,,,,,,,,30.18,in compliance,96337.095,2030.0,I'm not sure,No,No,No,I'm not sure,I'm not sure,,,10.745270232235221,3.629660094453965,14.375870526071788,11.475608726106996,0,6,-0.8867228383345996,-0.6952364647095178,-0.8867228383345996,-0.6952364647095178,0,6
4491,106619,1001591000.0,walter huntington llc,33-39 s huntington ave,boston,2116.0,33  37 s huntington av,boston,2116.0,52580.0,7000.0,Multifamily Housing,"Restaurant (7080.0),Multifamily Housing (45500.0),Parking (7000.0)",30.8,100.0,1618176.5,718527.6,38161.001,263672.0,54089.674,,,,,,,,,,,,,,,,,,,,,,34.61,in compliance,92250.675,2025.0,No,No,No,No,No,No,,,10.870091098283872,3.427514689979529,14.296810455941689,11.432264878949175,0,6,-0.9725159446930843,-1.1687355249565663,-0.9725159446930843,-1.1687355249565663,0,6
4492,106620,601776010.0,,189-191 f st,boston,2127.0,189  191 f st,boston,2127.0,61054.0,,Multifamily Housing,Multifamily Housing (61054.0),37.4,100.0,2281544.5,1785600.0,94833.216,145353.0,29817.714,,,,,,,,,,,,,,,,,,,,,,2.83,pending revisions,124650.93,2030.0,No,No,No,No,No,No,,,11.019513997458025,3.6216707044204863,14.640363183871193,11.733272549814364,0,4,-0.3265775916858459,-0.8331378154426605,-0.3265775916858459,-0.8331378154426605,0,4
4494,106638,1101661000.0,wardman ue lps,71 westminster ave,boston,2119.0,71 westminster av,boston,2119.0,80055.0,,Multifamily Housing,Multifamily Housing (80055.0),67.6,69.0,5414707.3,4277661.7,227186.613,333249.0,68362.7,,,,,,,,,,,,,,,,,,,,,,49.54,in compliance,295549.313,2025.0,I'm not sure,No,No,No,I'm not sure,I'm not sure,,,11.290469177436155,4.213607983048918,15.504629383401342,12.596590981770031,1,5,1.3465922328270539,0.2800411220896334,1.3465922328270539,0.2800411220896334,1,5
4495,106639,2101819000.0,wareing betty,1442-1444 commonwealth ave,boston,2135.0,1442  1444 commonwealth av,boston,2135.0,25913.0,,Multifamily Housing,Multifamily Housing (25913.0),66.7,86.0,1729179.9,21900.0,1163.109,58128.0,11924.378,,,,,,,,,,1508947.2,111978.972,,,,,,,,,,,23.61,in compliance,125066.459,2025.0,I'm not sure,No,No,No,I'm not sure,I'm not sure,,,10.16250005226458,4.200204952921578,14.363157807835744,11.736600546996957,0,0,-0.8690174466810078,0.7668545258869299,-0.8690174466810078,0.7668545258869299,0,0
4496,106640,203596100.0,,21  35 warren st,boston,2129.0,21  35 warren st,boston,2129.0,38456.0,,Multifamily Housing,Multifamily Housing (38456.0),28.4,,1093300.1,673300.0,35758.963,123095.0,25251.708,,,,,,,,,,,,,,,,,,,,,,30.49,pending revisions,61010.671,2030.0,No,No,No,No,No,No,,,10.557270009573797,3.3463891451671604,13.904711294888775,11.018804062282435,0,3,-1.8000700261604359,-1.201254662085213,-1.8000700261604359,-1.201254662085213,0,3
4498,106642,2101900000.0,washington associates llc,116 washington st,boston,2135.0,116 washington st,boston,2135.0,22400.0,,Multifamily Housing,Multifamily Housing (22400.0),76.9,93.0,1721658.8,30600.0,1625.166,86824.0,17811.075,,,,,,,,,,1394815.3,103509.243,,,,,,,,,,,73.59,in compliance,122945.484,2025.0,No,No,No,No,No,No,,,10.01681623784313,4.3425058765115985,14.358798802641452,11.71949631659156,0,0,-0.9255794911441277,1.1260896276294516,-0.9255794911441277,1.1260896276294516,0,0
4515,106659,1400832000.0,washington columbia ii mass lps,95-103 washington st,boston,2121.0,95  103 washington st,boston,2121.0,22461.0,,Multifamily Housing,Multifamily Housing (22461.0),89.4,34.0,2008905.7,1517332.5,80585.529,144071.9,29554.91,146040.0,,,,,,,,,,,,,,,,,,,,,85.33,in compliance,110140.439,2030.0,I'm not sure,No,No,No,I'm not sure,I'm not sure,C10039,,10.019535750898795,4.493120682179469,14.513100703919902,11.609511548644738,0,0,-0.8320039884594976,1.4207837631850295,-0.8320039884594976,1.4207837631850295,0,0
4516,106660,1400833000.0,washington columbia ii mass lps,102 columbia rd,boston,2121.0,108  102 columbia rd,boston,2121.0,39006.0,,Multifamily Housing,Multifamily Housing (39006.0),66.3,66.0,2584598.1,1931960.3,102606.412,191277.2,39238.605,194617.8,,,,,,,,,,,,,,,,,,,,,65.43,in compliance,141845.017,2025.0,No,No,No,No,No,No,C10039,,10.571470759432524,4.194189897191817,14.765080579949535,11.86249031096294,0,0,-0.21415888825133636,0.5558565266892427,-0.21415888825133636,0.5558565266892427,0,0
4517,106661,1400076000.0,washington columbia lps mass lps,144-148 geneva ave,boston,2121.0,148  144 geneva av,boston,2121.0,34944.0,,Multifamily Housing,Multifamily Housing (34944.0),65.2,49.0,2276604.5,1514367.5,80428.058,223398.9,45828.05,143000.0,,,,,,,,,,,,,,,,,,,,,55.66,in compliance,126256.108,2030.0,No,No,No,No,No,No,C10040,,10.461502059104577,4.177459468932607,14.638195636503118,11.746067726165341,0,0,-0.4713602137490904,0.5700442082677099,-0.4713602137490904,0.5700442082677099,0,0
4518,106662,1400707000.0,washington columbia lps mass lps,178-180 columbia rd,boston,2121.0,180  178 columbia rd,boston,2121.0,30060.0,,Multifamily Housing,Multifamily Housing (30060.0),75.2,52.0,2260017.3,1727673.0,91756.713,156021.2,32006.189,147539.0,,,,,,,,,,,,,,,,,,,,,55.2,in compliance,123762.902,2030.0,No,No,No,No,No,No,C10040,,10.310950663306965,4.320151230955794,14.630883026086426,11.726122933582246,0,0,-0.5352420973265637,0.9324706255788714,-0.5352420973265637,0.9324706255788714,0,0
4520,106664,2011957010.0,,5170 washington st,boston,2132.0,5170 washington st,boston,2132.0,33340.0,,Multifamily Housing,Multifamily Housing (33340.0),39.0,76.0,1300585.5,555200.0,29486.672,218460.0,44814.884,,,,,,,,,,,,,,,,,,,,,,43.91,in compliance,74301.556,2025.0,I'm not sure,No,No,No,I'm not sure,I'm not sure,,,10.414513156304785,3.6635616461296463,14.078325105654441,11.215887172613082,0,6,-1.4998817355130414,-0.4768450506882724,-1.4998817355130414,-0.4768450506882724,0,6
4521,106665,2011957010.0,,11 cheriton rd,boston,2132.0,5170 washington st,boston,2132.0,33340.0,,Multifamily Housing,Multifamily Housing (33340.0),40.3,95.0,1343303.1,987800.0,52462.058,104192.0,21373.947,,,,,,,,,,,,,,,,,,,,,,43.91,in compliance,73836.005,2025.0,I'm not sure,No,No,No,I'm not sure,I'm not sure,,,10.414513156304785,3.696351468952637,14.110642138798013,11.209601764246132,0,6,-1.4679634048521293,-0.4112586244275081,-1.4679634048521293,-0.4112586244275081,0,6
4523,106668,1201990000.0,washington park lp mass lp,25 wyoming st,boston,2121.0,25  33 wyoming st,boston,2121.0,42840.0,,Multifamily Housing,Multifamily Housing (42840.0),91.3,20.0,3911625.0,3156105.9,167620.784,221430.0,45424.15,,,,,,,,,,,,,,,,,,,,,,39.0,in compliance,213044.934,2025.0,I'm not sure,No,No,No,I'm not sure,I'm not sure,,,10.665227524561685,4.514150787600923,15.179463446646382,12.269258380189585,0,5,0.5730166628142735,1.1802418793828042,0.5730166628142735,1.1802418793828042,0,5
4525,106672,2101724000.0,,309-319 allston st,boston,2135.0,309  319 allston st,boston,2135.0,84131.0,,Multifamily Housing,Multifamily Housing (84131.0),70.7,75.0,5949310.4,67633.8,3592.031,203576.0,41761.581,,,,,,,,,,5187075.2,384932.851,,,,,,,,,,,34.55,in compliance,430286.463,2025.0,No,No,No,No,No,No,,,11.340130386840555,4.258445572902527,15.598785871645322,12.972206458884935,1,1,1.739703316845448,0.3704115909315324,1.739703316845448,0.3704115909315324,1,1
4527,106674,306973010.0,,1387-1393 washington st,boston,2118.0,1387 washington st,boston,2118.0,33102.0,3000.0,Multifamily Housing,"Multifamily Housing (33102.0),Parking (3000.0)",57.2,39.0,1895039.5,615386.0,32683.15,375045.0,76936.731,,,,,,,,,,,,,,,,,,,,,,29.64,in compliance,109619.881,2030.0,No,No,No,No,No,No,,,10.407348982500485,4.046553898385752,14.4547502406086,11.604774033031191,0,6,-0.7957814927983057,0.3244415660498675,-0.7957814927983057,0.3244415660498675,0,6
4529,106679,2101844000.0,,127 washington st,boston,2135.0,127  135 washington st,boston,2135.0,85146.0,0.0,Multifamily Housing,"Multifamily Housing (85146.0),Parking (9149.0)",88.8,15.0,7556948.6,6744500.1,358200.4,238115.0,48846.911,,,,,,,,,,,,,,,,,,,,,,41.3,in compliance,407047.311,2025.0,I'm not sure,No,No,No,I'm not sure,I'm not sure,,,11.352122709062593,4.486386649998124,15.837978042338863,12.916684700912253,1,1,1.9715428947022642,0.8196825679750782,1.9715428947022642,0.8196825679750782,1,1
4530,106680,502598000.0,,180 beacon st,boston,2116.0,180 beacon st,boston,2116.0,210000.0,30000.0,Multifamily Housing,"Multifamily Housing (210000.0),Parking (30000.0)",45.6,90.0,9578848.4,6697431.5,355700.587,844495.0,173239.704,,,,,,,,,,,,,,,,,,,,,,9.57,in compliance,528940.291,2025.0,No,No,No,No,No,No,,,12.254862809699606,3.8199077165203406,16.07506793395312,13.178630833014397,1,2,2.6737886353755074,-0.962620872283739,2.6737886353755074,-0.962620872283739,1,2
4533,106685,2102439200.0,watermark condo trust,2400 beacon st,boston,2135.0,2400 beacon st,boston,2135.0,141940.0,,Multifamily Housing,Multifamily Housing (141940.0),47.8,74.0,6791289.8,3660339.9,194400.652,917628.9,188242.393,,,,,,,,,,,,,,,,,,,,,,24.97,in compliance,382643.045,2025.0,No,No,No,No,No,No,,,11.863159712078973,3.86702563949741,15.731151437312935,12.854857836194144,1,1,1.9447536189885402,-0.6909128580564277,1.9447536189885402,-0.6909128580564277,1,1
4534,106686,602678015.0,,505 congress st,boston,2210.0,505 congress st,boston,2210.0,306021.0,31268.0,Multifamily Housing,"Multifamily Housing (289377.0),Parking (31268.0),Retail Store (16644.0)",51.1,59.0,15643709.5,5573829.7,296026.095,2951313.0,605432.349,,,,,,,,,,,,,,,,,,,,,,24.35,in compliance,901458.444,2025.0,No,No,No,No,No,No,,,12.631409006030742,3.933784497209659,16.56557944526554,13.711769224057209,1,2,3.7156590069385604,-0.8882172138641835,3.7156590069385604,-0.8882172138641835,1,2
4535,106687,701436000.0,,1350 columbia rd,boston,2127.0,1350 columbia rd,boston,2127.0,41739.0,,Multifamily Housing,Multifamily Housing (41739.0),47.8,90.0,1995755.4,1422979.6,75574.447,167871.0,34437.057,,,,,,,,,,,,,,,,,,,,,,27.23,in compliance,110011.504,2025.0,No,No,No,No,No,No,,,10.639191222509986,3.86702563949741,14.506533183254103,11.608340221124438,0,6,-0.671784356277857,-0.15448095317256008,-0.671784356277857,-0.15448095317256008,0,6
4536,106688,2102439010.0,waterworks museum condo,2442-2450 beacon st,boston,2135.0,2450 beacon st,boston,2135.0,47342.0,,Multifamily Housing,Multifamily Housing (47342.0),41.5,,1963890.5,1448600.0,76935.146,151023.0,30980.858,,,,,,,,,,,,,,,,,,,,,,33.98,in compliance,107916.004,2030.0,No,No,No,No,No,No,,,10.765153129746336,3.7256934272366524,14.490438012778105,11.589108462768381,0,6,-0.6693591289687556,-0.504355920643524,-0.6693591289687556,-0.504355920643524,0,6
4537,106689,2200650000.0,,26 waverly st,boston,2135.0,26 waverly st,boston,2135.0,34800.0,0.0,Multifamily Housing,"Multifamily Housing (34800.0),Parking (7020.0)",40.0,98.0,1392841.0,,,118386.0,24285.704,,,,,,,,,,988908.0,73386.863,,,,,,,,,,,45.37,in compliance,97672.567,2025.0,No,No,No,No,No,No,,,10.457372665762566,3.6888794541139363,14.146856104107965,11.489376010475588,0,6,-1.2121023916248836,-0.429153085295248,-1.2121023916248836,-0.429153085295248,0,6
4538,106690,1803025000.0,wbh housing llc mass llc,1439 blue hill ave,boston,2126.0,1439  1443 blue hill av,boston,2126.0,29416.0,,Multifamily Housing,Multifamily Housing (29416.0),54.7,58.0,1608212.1,1177372.0,62530.227,126272.0,25903.438,,,,,,,,,,,,,,,,,,,,,,31.89,in compliance,88433.665,2030.0,No,No,No,No,No,No,,,10.289294022981109,4.001863709427935,14.29063362300769,11.390008001921853,0,6,-1.1681949027963194,0.27969695504095937,-1.1681949027963194,0.27969695504095937,0,6
4539,106692,1803026000.0,wbh housing llc mass llc,1447 blue hill ave,boston,2126.0,1447  1451 blue hill av,boston,2126.0,28256.0,,Multifamily Housing,Multifamily Housing (28256.0),53.2,72.0,1502603.8,1177372.0,62530.227,95320.0,19553.945,,,,,,,,,,,,,,,,,,,,,,33.2,in compliance,82084.172,2030.0,No,No,No,No,No,No,,,10.249061103403687,3.9740583963475986,14.222710027863819,11.315500487572914,0,6,-1.309778434285925,0.23907877038567407,-1.309778434285925,0.23907877038567407,0,6
4540,106694,1604119001.0,wenlock court condo tr,15-17 wenlock rd,boston,2122.0,15  45 wenlock rd,boston,2122.0,24576.0,,Multifamily Housing,Multifamily Housing (24576.0),33.8,,831106.0,611496.0,32476.553,64364.0,13203.631,,,,,,,,,,,,,,,,,,,,,,2716.15,in compliance,45680.184,2030.0,No,No,No,No,No,No,,,10.1095256359474,3.520460802488973,13.630512622862911,10.729419872342795,0,3,-2.4404702525290367,-0.6432112861798769,-2.4404702525290367,-0.6432112861798769,0,3
4554,106717,600185000.0,,20 w fifth st,boston,2127.0,20 w fifth st,boston,2127.0,62738.0,20000.0,Multifamily Housing,"Multifamily Housing (62738.0),Parking (20000.0)",52.2,90.0,3274858.8,1946464.8,103376.746,389330.0,79867.156,,,,,,,,,,,,,,,,,,,,,,18.18,in compliance,183243.902,2025.0,No,No,No,No,No,No,,,11.046722603646513,3.955082494888593,15.001785311618216,12.118573342251143,0,5,0.36731285387941504,-0.14936465412766625,0.36731285387941504,-0.14936465412766625,0,5
4558,106722,300471004.0,west end place two corp,150 staniford st,boston,2114.0,150 staniford st,boston,2114.0,253957.0,,Multifamily Housing,Multifamily Housing (253957.0),51.2,88.0,13009891.1,8917251.8,473595.243,1199484.0,246062.148,,,,,,,,,,,,,,,,,,,,,,31.24,in compliance,719657.391,2025.0,No,No,No,No,No,No,,,12.444920240330696,3.9357395320454622,16.38122047996941,13.486530531908349,1,2,3.293655906365653,-0.8048971242501424,3.293655906365653,-0.8048971242501424,1,2
4560,106724,600711010.0,west side condo trust,120 w seventh st,boston,2127.0,120 w seventh st,boston,2127.0,35895.0,,Multifamily Housing,Multifamily Housing (35895.0),25.7,100.0,923258.7,486400.0,25832.704,128036.0,26265.305,,,,,,,,,,,,,,,,,,,,,,23.03,pending revisions,52098.009,2030.0,No,No,No,No,No,No,,,10.488353289010583,3.246490991901174,13.735664755903555,10.860882012040038,0,3,-2.1237047728183622,-1.3781900734777286,-2.1237047728183622,-1.3781900734777286,0,3
4564,106731,1101702000.0,westminster community lp,30-108 westminster ave,boston,2119.0,30  108 westminster av,boston,2119.0,70905.0,0.0,Multifamily Housing,"Multifamily Housing (70905.0),Parking (6144.0)",63.6,72.0,4510064.2,3569931.9,189599.083,275537.0,56523.66,,,,,,,,,,,,,,,,,,,,,,38.24,in compliance,246122.743,2025.0,No,No,No,No,No,No,,,11.169096231895447,4.152613470346076,15.321821946410804,12.413585645762256,1,5,0.9750473606913148,0.20634954135284658,0.9750473606913148,0.20634954135284658,1,5
4567,106734,1404338000.0,wfh housing llc a mass llc,52-58 franklin hill ave,boston,2124.0,140 american legion hw,boston,2124.0,21060.0,,Multifamily Housing,Multifamily Housing (21060.0),80.2,60.0,1688496.8,1347754.0,71579.215,99866.0,20486.511,,,,,,,,,,,,,,,,,,,,,,84.85,in compliance,92065.726,2025.0,No,No,No,No,No,No,,,9.955130785687967,4.384523514872469,14.339349223632732,11.430258014003135,0,0,-1.175034915708035,1.222561876947307,-1.175034915708035,1.222561876947307,0,0
4568,106735,1404338000.0,wfh housing llc a mass llc,30-38 franklin hill ave,boston,2124.0,140 american legion hw,boston,2124.0,21060.0,,Multifamily Housing,Multifamily Housing (21060.0),78.4,66.0,1652066.8,1347754.0,71579.215,89189.0,18296.231,,,,,,,,,,,,,,,,,,,,,,84.85,in compliance,89875.446,2025.0,No,No,No,No,No,No,,,9.955130785687967,4.361823927356363,14.317537668080906,11.40618005745888,0,0,-1.2174400918689192,1.1752941221275963,-1.2174400918689192,1.1752941221275963,0,0
4569,106736,1404338000.0,wfh housing llc a mass llc,40-50 franklin hill ave,boston,2124.0,140 american legion hw,boston,2124.0,21060.0,,Multifamily Housing,Multifamily Housing (21060.0),85.4,41.0,1798977.3,1347754.0,71579.215,132246.0,27128.944,,,,,,,,,,,,,,,,,,,,,,84.85,in compliance,98708.159,2025.0,No,No,No,No,No,No,,,9.955130785687967,4.447346100794524,14.402728894731883,11.499922886645365,0,0,-1.0532875740266747,1.3538357580739466,-1.0532875740266747,1.3538357580739466,0,0
4571,106738,303549000.0,,81-85 atlantic ave,boston,2110.0,79  85 atlantic av,boston,2110.0,65738.0,,Multifamily Housing,"Office (12987.0),Multifamily Housing (37352.0),Supermarket/Grocery Store (8999.0),Retail Store (6400.0)",51.7,100.0,3400669.6,2897322.5,153876.798,147522.6,30262.786,,,,,,,,,,,,,,,,,,,,,,22.75,pending revisions,184139.584,2030.0,No,No,No,No,No,No,,,11.09343242387742,3.9454577815143836,15.039482911372493,12.123449357688639,0,4,0.4256694697591772,-0.19204396829325815,0.4256694697591772,-0.19204396829325815,0,4
4572,106738,303549000.0,,81-85 atlantic ave,boston,2110.0,79  85 atlantic av,boston,2110.0,65738.0,,Multifamily Housing,"Office (12987.0),Multifamily Housing (37352.0),Supermarket/Grocery Store (8999.0),Retail Store (6400.0)",51.7,100.0,3400669.6,2897322.5,153876.798,147522.6,30262.786,,,,,,,,,,,,,,,,,,,,,,22.75,pending revisions,184139.584,2030.0,No,No,No,No,No,No,,,11.09343242387742,3.9454577815143836,15.039482911372493,12.123449357688639,0,4,0.4256694697591772,-0.19204396829325815,0.4256694697591772,-0.19204396829325815,0,4
4574,106740,2102439060.0,whitehall condo trust,2420 beacon st,boston,2135.0,2420 beacon st,boston,2135.0,49939.0,,Multifamily Housing,Multifamily Housing (49939.0),36.7,93.0,1834223.3,1067100.0,56673.681,224831.0,46121.831,,,,,,,,,,,,,,,,,,,,,,16.15,in compliance,102795.512,2030.0,No,No,No,No,No,No,,,10.818557539604447,3.6027767550605247,14.42213168011211,11.540496973462632,0,6,-0.7674924727876776,-0.782178231573468,-0.7674924727876776,-0.782178231573468,0,6
4575,106741,2101548000.0,,29-33 brainerd rd,boston,2134.0,29  33 brainerd rd,boston,2134.0,33387.0,,Multifamily Housing,Multifamily Housing (33387.0),26.3,90.0,878484.2,,,257469.0,52817.191,,,,,,,,,,,,,,,,,,,,,,27.29,in compliance,52817.191,2030.0,No,No,No,No,No,No,,,10.415921881641534,3.269568939183719,13.685953201245503,10.87459200382358,0,3,-2.1891087523908155,-1.2941058647136106,-2.1891087523908155,-1.2941058647136106,0,3
4577,106746,902643102.0,whittier 1a-9 preservation associates lp,100 cabot st,boston,2120.0,155  185 cabot st,boston,2120.0,77752.0,0.0,Multifamily Housing,"Multifamily Housing (77752.0),Parking (19065.0)",43.0,81.0,3344237.3,1535078.8,81528.035,530234.0,108772.203,,,,,,,,,,,,,,,,,,,,,,49.67,in compliance,190300.238,2025.0,Yes,No,No,No,Yes,Yes,,,11.261279553183307,3.7612001156935624,15.022749213587641,12.156358303940316,0,4,0.4765917448829051,-0.6460716224038858,0.4765917448829051,-0.6460716224038858,0,4
4578,106747,300450000.0,whittier place condominium  trust,6 whittier pl,boston,2114.0,6  8 whittier pl,boston,2114.0,245901.0,,Multifamily Housing,Multifamily Housing (245901.0),74.9,29.0,18429496.9,12014002.2,638063.657,1880274.0,385719.408,,,,,,,,,,,,,,,,,,,,,,31.92,in compliance,1023783.065,2025.0,No,No,No,No,No,No,,,12.412684294889793,4.316153890523174,16.72946303138953,13.839015211552148,1,2,3.9329672335085135,0.001410747330261196,3.9329672335085135,0.001410747330261196,1,2
4579,106748,300450000.0,whittier place condominium  trust,8 whittier pl,boston,2114.0,6  8 whittier pl,boston,2114.0,255996.0,,Multifamily Housing,Multifamily Housing (255996.0),59.6,81.0,15245808.4,12548629.1,666457.692,790498.0,162162.76,,,,,,,,,,,,,,,,,,,,,,31.96,in compliance,828620.452,2025.0,No,No,No,No,No,No,,,12.452917098339627,4.087655574071304,16.539815164220638,13.62751749091798,1,2,3.5772715602459817,-0.4935777655473948,3.5772715602459817,-0.4935777655473948,1,2
4581,106753,1400731000.0,wilder gardens lp mass lp,36 bishop joe l smith way,boston,2121.0,36 bishop joe l smith wy,boston,2121.0,70756.0,,Multifamily Housing,Multifamily Housing (70756.0),66.6,66.0,4713201.2,3541370.3,188082.177,343444.0,70454.102,,,,,,,,,,,,,,,,,,,,,,40.67,in compliance,258536.279,2025.0,No,No,No,No,No,No,,,11.166992617563398,4.198704577546343,15.365877895425381,12.462791307377286,1,5,1.059800003099419,0.30357071251105855,1.059800003099419,0.30357071251105855,1,5
4582,106754,306010010.0,,1293-1317 washington st,boston,2118.0,1293  1317 washington st,boston,2118.0,268250.0,126700.0,Multifamily Housing,"Multifamily Housing (268250.0),Parking (126700.0)",45.2,95.0,12122174.1,6394541.7,339614.11,1678673.0,344362.979,,,,,,,,,,,,,,,,,,,,,,18.28,in compliance,683977.089,2025.0,No,No,No,No,No,No,,,12.499674660492945,3.8110970868381857,16.31054690370668,13.435679700429661,1,2,3.192394050084826,-1.0871979968441552,3.192394050084826,-1.0871979968441552,1,2
4583,106757,1202504000.0,wilshire westminster llc,49-51 cheney st,boston,2121.0,49  51 cheney st,boston,2121.0,57525.0,,Multifamily Housing,Multifamily Housing (57525.0),37.8,93.0,2174726.5,1834301.0,97419.726,99773.0,20467.433,,,,,,,,,,,,,,,,,,,,,,36.77,in compliance,117887.159,2030.0,I`m not sure,No,No,No,I`m not sure,I`m not sure,,,10.959974914903567,3.632309102625542,14.592413467471651,11.677483166259684,0,4,-0.43766198423552677,-0.7852059621266192,-0.43766198423552677,-0.7852059621266192,0,4
4585,106759,503810000.0,windsor place condo tr,390 commonwealth ave,boston,2215.0,390 commonwealth av,boston,2215.0,149401.0,,Multifamily Housing,Multifamily Housing (149401.0),56.9,52.0,8498829.7,4944300.2,262591.784,1041773.0,213709.313,,,,,,,,,,,,,,,,,,,,,,25.57,in compliance,476301.097,2025.0,No,No,No,No,No,No,,,11.914389245098882,4.041295341132285,15.955439029628518,13.07380548995657,1,1,2.370689515302883,-0.35122607314483106,2.370689515302883,-0.35122607314483106,1,1
4589,106766,304781000.0,,8 winter st,boston,2108.0,8  10 winter st,boston,2108.0,50007.0,,Multifamily Housing,Multifamily Housing (50007.0),29.7,84.0,1485656.4,,,435421.0,89322.264,,,,,,,,,,,,,,,,,,,,,,31.2,in compliance,89322.264,2025.0,No,No,No,No,No,No,,,10.819918274611197,3.391147045808654,14.211367252758805,11.40000605269959,0,6,-1.1060930678406002,-1.2186407542576536,-1.1060930678406002,-1.2186407542576536,0,6
4603,106783,401404000.0,,8-16 stoneholm st,boston,2115.0,8  16 stoneholm st,boston,2115.0,118301.0,,Multifamily Housing,Multifamily Housing (118301.0),28.7,97.0,3396185.7,,,995365.1,204189.197,,,,,,,,,,,,,,,,,,,,,,28.89,in compliance,204189.197,2025.0,Yes,No,No,No,Yes,Yes,,,11.680987503016127,3.3568971227655755,15.038163506897169,12.226802279297564,1,4,0.6592971134271712,-1.6684244000473978,0.6592971134271712,-1.6684244000473978,1,4
4610,106791,200596000.0,young jacob f iii ts,105 high st,boston,2129.0,105  107 high st,boston,2129.0,23170.0,,Multifamily Housing,Multifamily Housing (23170.0),45.8,,1060679.2,851800.0,45239.098,61219.0,12558.466,,,,,,,,,,,,,,,,,,,,,,22.21,in compliance,57797.564,2030.0,I'm not sure,No,No,No,I'm not sure,I'm not sure,,,10.050613617426421,3.824284091120139,13.874420015609576,10.96470190844361,0,6,-2.010604612267498,0.014368995281367071,-2.010604612267498,0.014368995281367071,0,6
4612,106793,2100220000.0,yu sheng hsiung,900 beacon st,boston,2215.0,900 beacon st,boston,2215.0,34135.0,10970.0,Multifamily Housing,"Multifamily Housing (34135.0),Parking (10970.0)",112.8,1.0,3850071.0,2160499.8,114744.144,495185.0,101582.251,,,,,,,,,,,,,,,,,,,,,,46.82,in compliance,216326.395,2030.0,No,No,No,No,No,No,,,10.438078529852381,4.725616339063959,15.163602147652366,12.28454363408468,0,5,0.5046734162719815,1.7223250240670394,0.5046734162719815,1.7223250240670394,0,5
4618,106800,1102617010.0,forest hills arborway llc,3615 washington street,boston,2130.0,3589  3612 washington st,boston,2130.0,109288.0,,Multifamily Housing,Multifamily Housing (109288.0),28.3,100.0,3090958.3,1581342.8,83985.116,442443.0,90762.757,,,,,,,,,,,,,,,,,,,,,,18.7,in compliance,174747.873,2025.0,No,No,No,No,No,No,,,11.601741878567323,3.342861804649192,14.94399173024357,12.071099488348162,1,4,0.41885997466103836,-1.6670775998611571,0.41885997466103836,-1.6670775998611571,1,4
4619,106801,1603457001.0,corcoran john m trst,735 adams st,boston,2124.0,735 adams st,boston,2124.0,41395.0,,Multifamily Housing,Multifamily Housing (41395.0),61.7,46.0,2552127.9,1563248.5,83024.128,289824.0,59454.495,,,,,,,,,,,,,,,,,,,,,,36.15,in compliance,142478.623,2025.0,No,No,No,No,No,No,,,10.630915379572906,4.122283930911342,14.752438039745833,11.866947253402524,0,5,-0.20888824968253564,0.3811749910673962,-0.20888824968253564,0.3811749910673962,0,5
4623,106806,1904223000.0,,4246 washington street,boston,2131.0,4232 4236 washington st,boston,2131.0,38411.0,,Multifamily Housing,Multifamily Housing (38411.0),29.9,76.0,1148499.6,,,336606.0,69051.355,,,,,,,,,,,,,,,,,,,,,,23.36,in compliance,69051.355,2025.0,No,No,No,No,No,No,,,10.556099155887797,3.3978584803966405,13.953966952830864,11.14260578210616,0,3,-1.6544236559633958,-1.0887517927578723,-1.6544236559633958,-1.0887517927578723,0,3
4626,106809,902643102.0,whittier 1a-9 preservation associates lp,154 ruggles st,boston,2120.0,155  185 cabot st,boston,2120.0,23542.0,,Multifamily Housing,Multifamily Housing (23542.0),39.0,,918682.4,480226.7,25504.84,128504.0,26361.311,,,,,,,,,,,,,,,,,,,,,,41.36,in compliance,51866.151,2025.0,Yes,No,No,No,Yes,Yes,,,10.066541338972426,3.6635616461296463,13.73069574857088,10.856421659849511,0,3,-2.2470804151873884,-0.3246358403679988,-2.2470804151873884,-0.3246358403679988,0,3
4629,106812,1400783000.0,,35 washington st,boston,2121.0,35 washington st,boston,2121.0,28329.0,,Multifamily Housing,Multifamily Housing (28329.0),82.5,,2337473.3,1954199.9,103787.557,112331.0,23043.581,,,,,,,,,,,,,,,,,,,,,,43.4,in compliance,126831.138,2030.0,Yes,No,No,No,Yes,Yes,,,10.25164129393118,4.412798293340635,14.66458111761985,11.750611858661763,0,0,-0.4957997741304457,1.1508234423183135,-0.4957997741304457,1.1508234423183135,0,0
4630,106814,1202424000.0,,1 4 maple ct,boston,2121.0,1 4 maple ct,boston,2121.0,57707.0,,Multifamily Housing,"Pre-school/Daycare (2000.0),Multifamily Housing (55707.0)",42.5,52.0,2454520.5,595400.0,31621.694,544877.0,111776.068,,,,,,,,,,,,,,,,,,,,,,57.72,pending revisions,143397.762,2025.0,No,No,No,No,No,No,,,10.963133762295572,3.7495040759303713,14.713441984451885,11.873377600331311,0,4,-0.15835637189700574,-0.5375148875323916,-0.15835637189700574,-0.5375148875323916,0,4
4631,106815,1202480000.0,,25 29 schuyler st,boston,2121.0,25 29 schuyler st,boston,2121.0,22296.0,,Multifamily Housing,Multifamily Housing (22296.0),64.3,,1432671.6,1163400.0,61788.174,78919.0,16189.444,,,,,,,,,,,,,,,,,,,,,,34.4,in compliance,77977.618,2030.0,No,No,No,No,No,No,,,10.012162569161784,4.163559631243574,14.17505151097263,11.26417711577612,0,0,-1.4649971551126502,0.7373752841101565,-1.4649971551126502,0.7373752841101565,0,0
4636,106821,304893010.0,48 boylston street condominium trust,48 boylston st,boston,2116.0,48 boylston st,boston,2116.0,66866.0,,Multifamily Housing,Multifamily Housing (66866.0),43.2,70.0,2886136.8,1450827.8,77053.464,420665.0,86295.218,,,,,,,,,,,,,,,,,,,,,,18.56,in compliance,163348.682,2025.0,No,No,No,No,No,No,,,11.11044589570243,3.765840495250065,14.875429418439952,12.003642348432233,0,4,0.1592565523807359,-0.5706460314432196,0.1592565523807359,-0.5706460314432196,0,4
4643,106828,302700102.0,,100 sudbury st,boston,2114.0,100 sudbury st,boston,2114.0,461487.0,,Multifamily Housing,Multifamily Housing (461487.0),27.8,97.0,12852370.3,3586172.6,190461.627,2715767.0,557112.442,,,,,,,,,,,,,,,,,,,,,,19.88,in compliance,747574.069,2025.0,No,No,No,No,No,No,,,13.042209163514205,3.3250360206965914,16.369038811438976,13.524588668301202,1,2,3.4695298548014915,-2.335072035710499,3.4695298548014915,-2.335072035710499,1,2
4645,106830,500478003.0,boston housing authority,440 tremont street,boston,2116.0,tremont st,boston,2116.0,37296.0,,Multifamily Housing,Multifamily Housing (37296.0),86.0,,3207897.8,2367999.9,125764.475,246160.0,50497.262,,,,,,,,,,,,,,,,,,,,,,40.28,in compliance,176261.737,2025.0,No,No,No,No,No,No,,,10.526641361275539,4.454347296253507,14.981126389605707,12.079725311365108,0,5,0.17439255042810278,1.1172753197030039,0.17439255042810278,1.1172753197030039,0,5
4646,106831,2101849000.0,,2 4 fidelisâ way,boston,2135.0,2 4 fidelis wa,boston,2135.0,53016.0,,Multifamily Housing,Multifamily Housing (53016.0),36.3,99.0,1925636.0,1203800.0,63933.818,211558.0,43399.008,,,,,,,,,,,,,,,,,,,,,,84.06,in compliance,107332.826,2025.0,No,No,No,No,No,No,,,10.878349033768062,3.591817741270805,14.470766860747782,11.58368980913919,0,6,-0.6650489818869201,-0.8316671521819171,-0.6650489818869201,-0.8316671521819171,0,6
4647,106832,2101846000.0,,14-16 fidelis way,boston,2135.0,12 fidelis wy,boston,2135.0,52770.0,,Multifamily Housing,Multifamily Housing (52770.0),62.4,,3295162.4,2106500.1,111876.22,348377.0,71466.058,,,,,,,,,,,,,,,,,,,,,,55.08,in compliance,183342.278,2025.0,No,No,No,No,No,No,,,10.873698126399713,4.133565275375382,15.007966011502369,12.119110056441304,0,5,0.32733737770609816,0.29793629325176696,0.32733737770609816,0.29793629325176696,0,5
4648,106833,2101848000.0,,"6 fidelis way
",boston,2135.0,6 8 fidelis wa,boston,2135.0,53010.0,,Multifamily Housing,Multifamily Housing (53010.0),34.8,100.0,1845117.7,1204600.0,63976.306,187725.0,38509.907,,,,,,,,,,,,,,,,,,,,,,84.06,in compliance,102486.213,2025.0,No,No,No,No,No,No,,,10.878235853981852,3.5496173867804286,14.428053627459953,11.537483561196606,0,6,-0.7465775892189591,-0.9197539864920696,-0.7465775892189591,-0.9197539864920696,0,6
4649,106835,1703661000.0,,"1220 adams st
",boston,2124.0,1220 1230 adams st,boston,2124.0,105398.0,,Multifamily Housing,Multifamily Housing (105398.0),83.0,49.0,8745883.8,6884146.5,365617.021,545644.0,111933.41,,,,,,,,,,,,,,,,,,,,,,30.53,in compliance,477550.431,2025.0,No,No,Yes,Yes,No,No,,,11.565498939577298,4.418840607796598,15.984093724793109,13.076425047985772,1,1,2.3099765528627776,0.5862518825547142,2.3099765528627776,0.5862518825547142,1,1
4657,106848,302952014.0,,518 540 atlantic av,boston,2210.0,518 540 atlantic av,boston,2210.0,137224.0,,Multifamily Housing,"Restaurant (13101.0),Multifamily Housing (124123.0)",63.8,11.0,8760416.5,4813527.5,255646.446,1156767.0,237299.182,,,,,,,,,,,,,,,,,,,,,,25.74,in compliance,492945.628,2025.0,No,No,No,No,No,No,,,11.829369906089662,4.155753190350744,15.985754007444415,13.108154158910201,1,1,2.406321718786295,-0.07520415423187758,2.406321718786295,-0.07520415423187758,1,1
4763,107049,2101288000.0,camelot company the,11 camelot ct,boston,2135.0,11 camelot ct,boston,2135.0,68300.0,,Multifamily Housing,Multifamily Housing (68300.0),75.0,75.0,5125695.8,4249900.2,225712.2,256681.0,52655.54,,,,,,,,,,,,,,,,,,,,,,31.45,in compliance,278367.74,2025.0,No,No,No,No,No,No,,,11.131665045558881,4.31748811353631,15.449776839627056,12.536698324291427,1,5,1.198137207363684,0.5657459016672794,1.198137207363684,0.5657459016672794,1,5
4770,107061,901150000.0,,1825-1841 washington st,boston,2118.0,586  572 shawmut av,boston,2118.0,32480.0,,Multifamily Housing,Multifamily Housing (32480.0),20.6,100.0,667906.7,,,195752.3,40156.627,,,,,,,,,,,,,,,,,,,,,,45.62,in compliance,40156.627,2025.0,No,No,No,No,No,No,,,10.388379794275615,3.0252910757955354,13.411903772105246,10.60054276179451,0,3,-2.7032903437993396,-1.7908085526522013,-2.7032903437993396,-1.7908085526522013,0,3
4778,107071,2100199000.0,boston university trsts of,24 buswell street,boston,2115.0,24 buswell street,boston,2115.0,25886.0,,Multifamily Housing,Multifamily Housing (25886.0),51.2,94.0,1324991.4,1161251.0,61674.041,47989.6,9844.587,,,,,,,,,,,,,,,,,,,,,,31.18,in compliance,71518.628,2030.0,No,Yes,No,No,No,No,,,10.161457561002383,3.9357395320454622,14.096916526815358,11.1777132262182,0,6,-1.5753684707319882,0.19703685137472163,-1.5753684707319882,0.19703685137472163,0,6
4780,107073,2100210000.0,trustees of boston university,856 beacon street                                       ,boston,2115.0,856-862 beacon street,boston,2115.0,39733.0,,Multifamily Housing,Multifamily Housing (39733.0),75.7,70.0,3006509.3,2394894.7,127192.858,179254.0,36772.166,,,,,,,,,,,,,,,,,,,,,,5.94,in compliance,163965.024,2025.0,No,Yes,No,No,No,No,,,10.589937355648342,4.3267781604434035,14.916290262754831,12.007408415768737,0,5,0.06628045847035624,0.8233262388635815,0.06628045847035624,0.8233262388635815,0,5
4784,107081,2100268000.0,boston university trsts of,509 park dr  ,boston,2115.0,509 park dr,boston,2115.0,31409.0,,Multifamily Housing,Multifamily Housing (31409.0),58.1,93.0,1824416.9,1484580.9,78846.092,99600.2,20431.985,,,,,,,,,,,,,,,,,,,,,,31.69,in compliance,99278.077,2030.0,No,Yes,No,No,No,No,,,10.354849755031296,4.062165663857866,14.416770987096225,11.505680050230785,0,6,-0.9244877948951103,0.375740654760066,-0.9244877948951103,0.375740654760066,0,6
4817,107142,1404350000.0,fieldstone apartments lp,911-917 blue hill ave,boston,2124.0,911 913 blue hill av,boston,2124.0,24348.0,,Multifamily Housing,Multifamily Housing (24348.0),53.3,67.0,1298322.7,925786.9,49168.542,109184.0,22398.006,,,,,,,,,,,,,,,,,,,,,,37.64,in compliance,71566.548,2030.0,No,No,No,No,No,No,,,10.100204989613815,3.975936331171799,14.076583758598176,11.178383037069768,0,6,-1.6146602053810108,0.3091528849317395,-1.6146602053810108,0.3091528849317395,0,6
4818,107143,1404357000.0,fieldstone apartments lp,935-939 blue hill avenue,boston,2124.0,935 blue hill av,boston,2124.0,21595.0,,Multifamily Housing,Multifamily Housing (21595.0),53.6,,1156831.5,844940.6,44874.795,91410.0,18751.847,,,,,,,,,,,,,,,,,,,,,,44.27,in compliance,63626.642,2030.0,No,No,No,No,No,No,,,9.980217085394802,3.9815490680767565,13.961195360306355,11.060787560985435,0,6,-1.8621915920899568,0.37327556709250304,-1.8621915920899568,0.37327556709250304,0,6
4823,107151,1000001055.0,city of boston,smith st,boston,2120.0,smith st,boston,2120.0,55808.0,,Multifamily Housing,Multifamily Housing (55808.0),60.9,80.0,3401231.9,2440678.9,129624.456,281522.0,57751.423,,,,,,,,,,,,,,,,,,,,,,48.22,in compliance,187375.879,2025.0,I'm not sure,No,No,No,I'm not sure,I'm not sure,,,10.929672507268652,4.109233174715851,15.039648247492483,12.140871926521314,0,5,0.39398595533838154,0.2220236351471917,0.39398595533838154,0.2220236351471917,0,5
4824,107152,1000001015.0,mission main revitalization,55 smith st,boston,2120.0,smith st,boston,2120.0,64373.0,,Multifamily Housing,Multifamily Housing (64373.0),72.7,56.0,4679620.5,3414962.7,181368.669,370650.0,76035.141,,,,,,,,,,,,,,,,,,,,,,62.97,in compliance,257403.81,2025.0,I'm not sure,No,No,No,I'm not sure,I'm not sure,,,11.072449569522252,4.286341384539473,15.35872757486229,12.458401375899419,1,5,1.0229717375509773,0.5276948124960703,1.0229717375509773,0.5276948124960703,1,5
4825,107153,1401065000.0,secretary of housing,129-135 columbia rd,boston,2121.0,129 135 columbia rd,boston,2121.0,66400.0,,Multifamily Housing,Multifamily Housing (66400.0),51.3,81.0,3408107.1,2621064.5,139204.736,230669.0,47319.439,,,,,,,,,,,,,,,,,,,,,,43.96,in compliance,186524.175,2025.0,I'm not sure,No,No,No,I'm not sure,I'm not sure,C10036,,11.103452335464524,3.937690752176724,15.041667592493893,12.136316134330336,0,4,0.44024966118790687,-0.21190782123795812,0.44024966118790687,-0.21190782123795812,0,4
4826,107154,902197000.0,madison  melnea cass  llc,600 melnea cass blvd,boston,2120.0,brook marshall rd,boston,2120.0,71537.0,0.0,Multifamily Housing,"Multifamily Housing (71537.0),Parking (7014.0)",20.0,100.0,1432611.3,26479.0,1406.3,412113.8,84541.025,254681.2,,,,,,,,,,,,,,,,,,,,,32.44,in compliance,85947.325,2025.0,I'm not sure,No,No,No,I'm not sure,I'm not sure,,,11.177970077351677,2.995732273553991,14.175009420887907,11.36148988758089,0,3,-1.0781025551102292,-2.199084695800409,-1.0781025551102292,-2.199084695800409,0,3
4827,107155,2202616000.0,,282-284 north beacon st,boston,2135.0,41 89 faneuil st,boston,2135.0,20544.0,,Multifamily Housing,Multifamily Housing (20544.0),109.4,5.0,2248461.3,144100.0,7653.151,148586.0,30480.932,,,,,,,,,,,,1597385.9,120267.184,,,,,,,,,266.53,in compliance,158401.267,2030.0,No,No,No,No,No,No,,,9.930324206489688,4.695010889987881,14.625756673570464,11.972886757067846,0,0,-0.46489549550682435,1.8970881040566494,-0.46489549550682435,1.8970881040566494,0,0
4828,107156,2202616000.0,city of boston,276-280 north beacon st,boston,2135.0,41 89 faneuil st,boston,2135.0,20544.0,,Multifamily Housing,Multifamily Housing (20544.0),111.4,4.0,2287661.3,183300.0,9735.063,148586.0,30480.932,,,,,,,,,,,,1597385.9,120267.184,,,,,,,,,40.48,in compliance,160483.179,2030.0,No,No,No,No,No,No,,,9.930324206489688,4.713127327493184,14.643040587307045,11.985944412321594,0,0,-0.4356293389864248,1.9343878494579136,-0.4356293389864248,1.9343878494579136,0,0
4829,107157,2202616000.0,city of boston,266-270 north beacon st,boston,2135.0,41 89 faneuil st,boston,2135.0,20544.0,,Multifamily Housing,Multifamily Housing (20544.0),112.4,4.0,2308261.3,203900.0,10829.129,148586.0,30480.932,,,,,,,,,,,,1597385.9,120267.184,,,,,,,,,51.47,in compliance,161577.245,2030.0,No,No,No,No,No,No,,,9.930324206489688,4.722063937459591,14.652005115106483,11.992738604510818,0,0,-0.4206180163368375,1.9528479927485176,-0.4206180163368375,1.9528479927485176,0,0
4830,107158,2202616000.0,,256-260 north beacon st,boston,2135.0,41 89 faneuil st,boston,2135.0,20544.0,,Multifamily Housing,Multifamily Housing (20544.0),112.2,4.0,2305061.3,200700.0,10659.177,148586.0,30480.932,,,,,,,,,,,,1597385.9,120267.184,,,,,,,,,44.1,in compliance,161407.293,2030.0,No,No,No,No,No,No,,,9.930324206489688,4.720282993088596,14.65061782841935,11.99168621967074,0,0,-0.4231008291017099,1.9492230178657965,-0.4231008291017099,1.9492230178657965,0,0
4831,107159,2202616000.0,city of boston,242-250 north beacon st,boston,2135.0,41 89 faneuil st,boston,2135.0,30510.0,,Multifamily Housing,Multifamily Housing (30510.0),113.1,,3450964.9,325400.0,17281.994,220668.0,45267.834,,,,,,,,,,,,2372645.7,178636.495,,,,,,,,,58.76,in compliance,241186.323,2030.0,No,No,No,No,No,No,,,10.325809777710715,4.728272383122075,15.054164431063478,12.393325038247337,0,5,0.4303990649382892,1.791897799725862,0.4303990649382892,1.791897799725862,0,5
4832,107160,2202616000.0,city of boston,41-45 faneuil st,boston,2135.0,41 89 faneuil st,boston,2135.0,20544.0,,Multifamily Housing,Multifamily Housing (20544.0),107.8,5.0,2214361.3,110000.0,5842.1,148586.0,30480.932,,,,,,,,,,,,1597385.9,120267.184,,,,,,,,,349.8,in compliance,156590.216,2030.0,No,No,No,No,No,No,,,9.930324206489688,4.680277658474897,14.61047456773543,11.961387582936966,0,0,-0.49022485882326544,1.8665916559604316,-0.49022485882326544,1.8665916559604316,0,0
4833,107161,2202616000.0,city of boston,51-55 faneuil st,boston,2135.0,41 89 faneuil st,boston,2135.0,20544.0,,Multifamily Housing,Multifamily Housing (20544.0),112.8,4.0,2316961.3,212600.0,11291.186,148586.0,30480.932,,,,,,,,,,,,1597385.9,120267.184,,,,,,,,,51.06,in compliance,162039.302,2030.0,No,No,No,No,No,No,,,9.930324206489688,4.725616339063959,14.655767100642308,11.995594189728973,0,0,-0.4143943672397992,1.9602132196588629,-0.4143943672397992,1.9602132196588629,0,0
4834,107162,2202616000.0,city of boston,61-65 faneuil st,boston,2135.0,41 89 faneuil st,boston,2135.0,20544.0,,Multifamily Housing,Multifamily Housing (20544.0),111.8,4.0,2296561.3,192200.0,10207.742,148586.0,30480.932,,,,,,,,,,,,1597385.9,120267.184,,,,,,,,,40.63,in compliance,160955.858,2030.0,No,No,No,No,No,No,,,9.930324206489688,4.716711560720999,14.64692347518512,11.988885432461018,0,0,-0.4292432005776893,1.941830435816512,-0.4292432005776893,1.941830435816512,0,0
4835,107163,2202616000.0,city of boston,71-75 faneuil st,boston,2135.0,41 89 faneuil st,boston,2135.0,20544.0,,Multifamily Housing,Multifamily Housing (20544.0),114.5,3.0,2352561.3,248200.0,13181.902,148586.0,30480.932,,,,,,,,,,,,1597385.9,120267.184,,,,,,,,,56.3,in compliance,163930.018,2030.0,No,No,No,No,No,No,,,9.930324206489688,4.740574822994295,14.671015207487944,12.00719489622346,0,0,-0.38892560366011214,1.9911483975582231,-0.38892560366011214,1.9911483975582231,0,0
4836,107164,2202616000.0,city of boston,81-89 faneuil st,boston,2135.0,41 89 faneuil st,boston,2135.0,30510.0,,Multifamily Housing,Multifamily Housing (30510.0),113.1,,3452144.2,315000.0,16729.65,220724.0,45279.321,,,,,,,,,,,,2384033.9,179493.912,,,,,,,,,72.78,in compliance,241502.883,2030.0,No,No,No,No,No,No,,,10.325809777710715,4.728272383122075,15.054506103198277,12.394636689891707,0,5,0.4316021123813959,1.7920147331555396,0.4316021123813959,1.7920147331555396,0,5
4840,107168,903671000.0,,50 52 highland st,boston,2119.0,50 52 highland st,boston,2119.0,73385.0,,Multifamily Housing,Multifamily Housing (73385.0),39.8,100.0,2921229.9,2443700.1,129784.912,139956.0,28710.574,,,,,,,,,,,,,,,,,,,,,,26.27,in compliance,158495.486,2030.0,No,No,No,No,No,No,,,11.203474834045299,3.6838669122903918,14.88751528419536,11.973481392398655,0,4,0.17572892240905852,-0.7848517495825482,0.17572892240905852,-0.7848517495825482,0,4
4843,107171,2201879010.0,37-43 n beacon street llc,37 n beacon st,boston,2134.0,37 n beacon st,boston,2134.0,104976.0,2500.0,Multifamily Housing,"Multifamily Housing (104976.0),Parking (2500.0)",21.6,100.0,2264636.5,1082300.0,57480.953,346523.0,71085.728,,,,,,,,,,,,,,,,,,,,,,8.35,in compliance,128566.681,2025.0,I'm not sure,No,No,No,I'm not sure,I'm not sure,,,11.561487031584658,3.0726933146901194,14.632924818368858,11.764202967013814,0,4,-0.1649346622453501,-2.211563973159736,-0.1649346622453501,-2.211563973159736,0,4
4846,107174,1704806010.0,new lithgow residential llc mass llc,369 391 talbot av,boston,2124.0,369 391 talbot av,boston,2124.0,32527.0,,Multifamily Housing,Multifamily Housing (32527.0),84.7,36.0,2754406.9,2124538.0,112834.213,184604.0,37869.665,,,,,,,,,,,,,,,,,,,,,,77.01,in compliance,150703.878,2030.0,No,No,No,No,No,No,,,10.389825792650848,4.439115601658009,14.82871269608609,11.92307211752835,0,0,-0.14802880937294363,1.1453677114575311,-0.14802880937294363,1.1453677114575311,0,0
4849,107178,801720100.0,boston public health comm,860 harrison ave,boston,2118.0,massachusetts av,boston,2118.0,259985.0,,Multifamily Housing,"Multifamily Housing (254414.0),Medical Office (5571.0)",49.0,,12750211.9,,,,0.0,,,,,,12750211.9,846614.07,,,,,,,,,,,,,,,,in compliance,846614.07,2025.0,Yes,No,No,No,Yes,Yes,C10048,,12.468379216025708,3.8918202981106265,16.36105844903845,13.649000226349711,1,2,3.3956420958825095,-0.894305665695258,3.3956420958825095,-0.894305665695258,1,2
4924,107268,2101776000.0,,7-15 commonwealth ct,boston,2135.0,14 8 commonwealth ct,boston,2135.0,40722.0,,Multifamily Housing,Multifamily Housing (40722.0),15.1,100.0,614296.5,,,180040.0,36933.406,,,,,,,,,,,,,,,,,,,,,,,in compliance,36933.406,2030.0,No,No,No,No,No,No,C10072,,10.614523765931814,2.714694743820879,13.32823298959387,10.5168717321343,0,7,-2.797117877979875,-2.5366083818681116,-2.797117877979875,-2.5366083818681116,0,7
4925,107269,2101776000.0,,8-14 commonwealth ct,boston,2135.0,14 8 commonwealth ct,boston,2135.0,40740.0,,Multifamily Housing,Multifamily Housing (40740.0),17.6,100.0,716663.3,,,210042.0,43088.016,,,,,,,,,,,,,,,,,,,,,,,in compliance,43088.016,2030.0,No,No,No,No,No,No,C10072,,10.614965689780798,2.8678989020441064,13.482361413750283,10.671000186384397,0,3,-2.5117175414324726,-2.217830714151203,-2.5117175414324726,-2.217830714151203,0,3
4928,107273,2101724000.0,washington square condo tr,1560-1576 commonwealth ave,boston,2135.0,309  319 allston st,boston,2135.0,70109.0,,Multifamily Housing,Multifamily Housing (70109.0),80.3,53.0,5631840.5,30948.6,1643.68,208548.0,42781.537,,,,,,,,,,4889326.1,362836.89,,,,,,,,,,,44.09,in compliance,407262.107,2025.0,No,No,No,No,No,No,,,11.157806452798765,4.385769620952716,15.543946856106487,12.917212254690298,1,1,1.5884051237662837,0.7155957429570358,1.5884051237662837,0.7155957429570358,1,1
4931,107276,401408000.0,burbank apartments co,25-33 edgerly rd,boston,2115.0,33 edgerly rd,boston,2115.0,29161.0,,Multifamily Housing,Multifamily Housing (29161.0),72.9,45.0,2126368.5,1715892.7,91131.061,120303.6,24679.081,,,,,,,,,,,,,,,,,,,,,,35.43,in compliance,115810.142,2030.0,Yes,No,No,No,Yes,Yes,,,10.280587479087396,4.289088639014612,14.56992615306164,11.659707422323946,0,0,-0.6605614447026282,0.8808633014177051,-0.6605614447026282,0.8808633014177051,0,0
4936,107286,801877000.0,,newcomb st,boston,2118.0,,,,24665.0,,Multifamily Housing,Multifamily Housing (24665.0),32.2,99.0,793751.2,314597.3,16708.263,140432.0,28808.22,,,,,,,,,,,,,,,,,,,,,,29.95,pending revisions,45516.483,2030.0,I'm not sure,No,No,No,I'm not sure,I'm not sure,,,10.113140513667839,3.4719664525503626,13.584525340998919,10.72582980307364,0,3,-2.4933291164663274,-0.7430602870627154,-2.4933291164663274,-0.7430602870627154,0,3
4937,107287,801374010.0,,5 st george st,boston,2118.0,,,,44999.0,,Multifamily Housing,Multifamily Housing (44999.0),28.3,99.0,1273335.1,370600.0,19682.566,264576.5,54275.223,,,,,,,,,,,,,,,,,,,,,,20.3,in compliance,73957.789,2030.0,I'm not sure,No,No,No,I'm not sure,I'm not sure,,,10.714395546283317,3.342861804649192,14.05715007934824,11.211249790516623,0,3,-1.4454110319344007,-1.2751485200018904,-1.4454110319344007,-1.2751485200018904,0,3
4940,107293,901361000.0,,1065 1067  tremont street,boston,2120.0,,,,49483.0,,Multifamily Housing,Multifamily Housing (49483.0),27.2,100.0,1344003.4,743645.0,39494.986,175955.0,36095.409,,,,,,,,,,,,,,,,,,,,,,34.18,pending revisions,75590.395,2025.0,No,No,No,No,No,No,,,10.809384455226267,3.3032169733019514,14.111163329823937,11.233084503831506,0,3,-1.3424691169434633,-1.4017879200209982,-1.3424691169434633,-1.4017879200209982,0,3
4944,107305,700367020.0,,200 old colony av,boston,2127.0,,,,44565.0,5100.0,Multifamily Housing,"Multifamily Housing (33783.0),Parking (5100.0),Adult Education (10782.0)",35.0,100.0,1558713.9,651400.0,34595.854,265918.5,54550.521,,,,,,,,,,,,,,,,,,,,,,24.78,in compliance,89146.375,2025.0,No,No,No,No,No,No,,,10.704704076564818,3.5553480614894135,14.259371616125197,11.398034960658627,0,6,-1.0845134318884475,-0.8297167479291533,-1.0845134318884475,-0.8297167479291533,0,6
4949,107311,1101198200.0,,25 amory st,boston,2119.0,,,,47876.0,,Multifamily Housing,Multifamily Housing (47876.0),33.9,92.0,1621249.3,649266.0,34482.517,284872.0,58438.642,,,,,,,,,,,,,,,,,,,,,,32.77,in compliance,92921.159,2025.0,I'm not sure,No,No,No,I'm not sure,I'm not sure,,,10.77636961399326,3.5234150143864045,14.298707582847085,11.439506659901692,0,6,-0.9904654178038418,-0.927603773893875,-0.9904654178038418,-0.927603773893875,0,6
4964,107337,2205077000.0,,35 south st,boston,2135.0,,,,33548.0,,Multifamily Housing,Multifamily Housing (33548.0),63.6,85.0,2134378.6,1666065.4,88484.733,137254.7,28156.429,,,,,,,,,,,,,,,,,,,,,,32.7,in compliance,116641.162,2030.0,No,No,No,No,No,No,,,10.420732528104303,4.152613470346076,14.573686108416297,11.666857509469954,0,0,-0.6130765973607627,0.5354262536435963,-0.6130765973607627,0.5354262536435963,0,0
4965,107338,2102495000.0,,288 chestnut hill av,boston,2135.0,,,,31897.0,,Multifamily Housing,Multifamily Housing (31897.0),85.9,51.0,2740445.4,2238690.3,118896.842,147056.0,30167.068,,,,,,,,,,,,,,,,,,,,,,42.58,in compliance,149063.91,2025.0,No,No,No,No,No,No,,,10.370267240463384,4.45318382899021,14.823631019898187,11.912130419139556,0,0,-0.1671895079840545,1.1829161509827026,-0.1671895079840545,1.1829161509827026,0,0
4977,107357,903737012.0,,2505 washington st,boston,2119.0,,,,94700.0,9450.0,Multifamily Housing,"Multifamily Housing (89350.0),Parking (13770.0),Retail Store (5350.0)",23.8,100.0,2253134.7,450500.0,23926.055,528322.0,108379.975,,,,,,,,,,,,,,,,,,,,,,27.39,in compliance,132306.03,2030.0,,,,,,,,,11.45846927917417,3.169685580677429,14.627833004577946,11.792872927295683,0,4,-0.17813506372685053,-1.961978802948615,-0.17813506372685053,-1.961978802948615,0,4
4988,107378,602642008.0,,131 seaport blvd,boston,2210.0,,,,353510.0,,Multifamily Housing,"Multifamily Housing (310072.0),Retail Store (43438.0)",50.8,,17963069.9,6431642.8,341584.549,3379668.0,693305.094,,,,,,,,,,,,,,,,,,,,,,,in compliance,1034889.643,2025.0,I`m not sure,No,No,No,I`m not sure,I`m not sure,,,12.775667052461792,3.927896354584436,16.703828536075584,13.849805353875972,1,2,4.010818112103939,-0.9639156166399693,4.010818112103939,-0.9639156166399693,1,2
5008,107411,2101031000.0,,1293a-1293 commonwealth ave,boston,2134.0,,,,150870.0,,Multifamily Housing,Multifamily Housing (150870.0),51.8,97.0,7811708.1,6233684.8,331071.0,462492.2,94875.65,,,,,,,,,,,,,,,,,,,,,,36.0,pending revisions,425946.65,2025.0,No,No,No,No,No,No,,,11.92417381783412,3.9473901492654373,15.871134204689197,12.962069382667199,1,1,2.197287189634365,-0.5528652060500933,2.197287189634365,-0.5528652060500933,1,1
5015,107418,1801054000.0,,30-32 regis rd,boston,2126.0,,,,34562.0,,Multifamily Housing,Multifamily Housing (34562.0),54.9,53.0,1898398.6,995805.2,52887.214,264535.0,54266.71,,,,,,,,,,,,,,,,,,,,,,44.02,in compliance,107153.924,2030.0,No,No,No,No,No,No,,,10.450510091613937,4.005513348515485,14.456521246640293,11.582021621789734,0,6,-0.7985007446368424,0.21834130747086097,-0.7985007446368424,0.21834130747086097,0,6
5016,107419,800146000.0,,19 leyland st,boston,2125.0,,,,38101.0,,Multifamily Housing,Multifamily Housing (38101.0),67.9,80.0,2586343.0,2020254.7,107295.727,165911.0,34034.983,,,,,,,,,,,,,,,,,,,,,,32.87,in compliance,141330.71,2030.0,I'm not sure,No,No,No,I'm not sure,I'm not sure,,,10.547995807489514,4.21803603456465,14.765755466796042,11.858857884052966,0,0,-0.22254844025005557,0.6155679333892404,-0.22254844025005557,0.6155679333892404,0,0
5017,107420,1301360000.0,,45-49 stoughton st,boston,2125.0,,,,20256.0,,Multifamily Housing,Multifamily Housing (20256.0),53.9,,1091478.5,899024.7,47747.202,56405.0,11570.922,,,,,,,,,,,,,,,,,,,,,,27.13,in compliance,59318.124,2030.0,I'm not sure,No,No,No,I'm not sure,I'm not sure,,,9.916206324943902,3.9871304779149512,13.903043757114368,10.990670170667496,0,6,-1.996124325272103,0.4122674108631194,-1.996124325272103,0.4122674108631194,0,6
5070,107494,1401933000.0,,786-790 blue hill ave,boston,2124.0,,,,22057.0,,Multifamily Housing,Multifamily Housing (22057.0),77.5,51.0,1710162.7,1343495.5,71353.046,107464.0,22045.165,,,,,,,,,,,,,,,,,,,,,,40.5,in compliance,93398.211,2030.0,I'm not sure,No,No,No,I'm not sure,I'm not sure,,,10.001385290812587,4.350277936359301,14.35209907015156,11.4446274698579,0,0,-1.1379656011371555,1.131168328419292,-1.1379656011371555,1.131168328419292,0,0
5071,107495,1402519000.0,,12-16 mclellan st,boston,2121.0,,,,29496.0,,Multifamily Housing,Multifamily Housing (29496.0),74.8,46.0,2206092.3,1767490.0,93871.394,128547.0,26370.132,,,,,,,,,,,,,,,,,,,,,,40.94,in compliance,120241.526,2030.0,I'm not sure,No,No,No,I'm not sure,I'm not sure,,,10.29200993991398,4.314817884980432,14.606733318355476,11.697257715630421,0,0,-0.5886046784125033,0.9293964548624,-0.5886046784125033,0.9293964548624,0,0
5072,107496,1402774000.0,,712-718 blue hill ave,boston,2121.0,,,,28396.0,,Multifamily Housing,Multifamily Housing (28396.0),49.9,,1417463.0,1144329.0,60775.313,80051.0,16421.662,,,,,,,,,,,,,,,,,,,,,,29.69,in compliance,77196.975,2030.0,I'm not sure,No,No,No,I'm not sure,I'm not sure,,,10.254003569159277,3.910021002757473,14.164379211950605,11.254115551307333,0,6,-1.419004964195693,0.10352097240987213,-1.419004964195693,0.10352097240987213,0,6
5073,107497,1402788000.0,,185 harvard st,boston,2124.0,,,,30936.0,,Multifamily Housing,Multifamily Housing (30936.0),57.4,77.0,1775507.1,1425279.0,75696.568,102646.0,21056.8,,,,,,,,,,,,,,,,,,,,,,34.73,in compliance,96753.368,2030.0,I'm not sure,No,No,No,I'm not sure,I'm not sure,,,10.339675833287133,4.050044303325521,14.389596630230841,11.479920421655637,0,6,-0.9779607327362189,0.35729288662074854,-0.9779607327362189,0.35729288662074854,0,6
5091,107517,901323508.0,,150 camden st,boston,2118.0,,,,214869.0,35400.0,Multifamily Housing,"Multifamily Housing (214869.0),Parking (35400.0)",55.1,61.0,11846471.3,5714022.5,303471.735,1797318.0,368701.815,,,,,,,,,,,,,,,,,,,,,,36.53,in compliance,672173.55,2025.0,No,No,No,No,No,No,,,12.27778381908412,4.009149716158869,16.287540600609255,13.41827184509076,1,2,3.093226897123661,-0.5769100239010039,3.093226897123661,-0.5769100239010039,1,2
5094,107520,306570204.0,,370 harrison av,boston,2118.0,,,,373320.0,116658.0,Multifamily Housing,"Multifamily Housing (365211.0),Medical Office (4928.0),Swimming Pool (0.0),Parking (116658.0),Other (3181.0)",51.5,,19241362.8,7017977.9,372724.806,3582469.0,734907.691,,,,,,,,,,,,,,,,,,,,,,18.14,in compliance,1107632.497,2025.0,I'm not sure,No,No,No,I'm not sure,I'm not sure,,,12.830191239679683,3.9415818076696905,16.772572832294227,13.91773540986298,1,2,4.1521554531664595,-0.9593691600611255,4.1521554531664595,-0.9593691600611255,1,2
5103,107531,1201820000.0,,51 humboldt av,boston,2119.0,,,,27494.0,,Multifamily Housing,Multifamily Housing (27494.0),61.5,81.0,1691223.4,1552159.3,82435.18,40757.4,8360.973,,,,,,,,,,,,,,,,,,,,,,87.71,in compliance,90796.153,2030.0,No,No,No,No,No,No,,,10.221723078031365,4.119037174812473,14.340962730331622,11.416372195850432,0,6,-1.1110922762814146,0.5517971326017401,-1.1110922762814146,0.5517971326017401,0,6
5106,107536,1101481000.0,,48-56a school st,boston,2119.0,,,,20221.0,0.0,Multifamily Housing,"Multifamily Housing (20221.0),Parking (1440.0)",65.9,,1332448.5,1063211.0,56467.136,78909.0,16187.392,,,,,,,,,,,,,,,,,,,,,,55.62,in compliance,72654.528,2025.0,I'm not sure,No,No,No,I'm not sure,I'm not sure,,,9.91447694733573,4.188138441508461,14.102528785119517,11.193470993277842,0,0,-1.6247793634182106,0.8316856147488538,-1.6247793634182106,0.8316856147488538,0,0
5107,107537,1102342000.0,,3316-3324 washington st,boston,2130.0,,,,33504.0,,Multifamily Housing,Multifamily Housing (33504.0),63.1,,2114255.9,1726263.7,91681.865,113714.0,23327.29,,,,,,,,,,,,,,,,,,,,,,70.71,in compliance,115009.155,2030.0,I'm not sure,No,No,No,I'm not sure,I'm not sure,,,10.419420113670263,4.144720769547168,14.564213488228253,11.652767012872435,0,0,-0.6342361029992507,0.5192233218584194,-0.6342361029992507,0.5192233218584194,0,0
5108,107539,1100871012.0,,1542 columbus av,boston,2119.0,,,,49162.0,,Multifamily Housing,Multifamily Housing (49162.0),69.9,25.0,3438759.7,2168768.9,115183.316,372213.0,76355.775,,,,,,,,,,,,,,,,,,,,,,36.4,in compliance,191539.091,2025.0,I'm not sure,No,No,No,I'm not sure,I'm not sure,,,10.802876246334927,4.247065649239764,15.050621412009383,12.162847197319335,0,5,0.3878932078848395,0.5653899938747544,0.3878932078848395,0.5653899938747544,0,5
5119,107554,802734000.0,,62 forest st,boston,2119.0,,,,21500.0,,Multifamily Housing,Multifamily Housing (21500.0),72.1,,1549180.3,1258901.0,66860.232,85076.0,17452.491,,,,,,,,,,,,,,,,,,,,,,50.92,in compliance,84312.723,2030.0,I'm not sure,No,No,No,I'm not sure,I'm not sure,,,9.975808214115753,4.278054044290903,14.253236510301242,11.342288057868778,0,0,-1.3301365323803565,0.9916803111328276,-1.3301365323803565,0.9916803111328276,0,0
5120,107555,1301150000.0,,112 magnolia st,boston,2125.0,,,,30464.0,,Multifamily Housing,Multifamily Housing (30464.0),59.0,,1797927.3,1437603.0,76351.095,105605.0,21663.81,,,,,,,,,,,,,,,,,,,,,,39.97,in compliance,98014.905,2030.0,I'm not sure,No,No,No,I'm not sure,I'm not sure,,,10.324300937591092,4.07753744390572,14.402145059380883,11.492874837924653,0,6,-0.958773308940313,0.4213711996368559,-0.958773308940313,0.4213711996368559,0,6
5127,107564,2100003000.0,,191-195 park dr,boston,2215.0,,,,39405.0,,Multifamily Housing,Multifamily Housing (39405.0),30.7,100.0,1210876.5,,,136393.0,27979.66,,,,,,,,,,745503.6,55323.822,,,,,,,,,,,32.41,in compliance,83303.482,2030.0,I'm not sure,No,No,No,I'm not sure,I'm not sure,,,10.58164799078775,3.4242626545931514,14.006855035501532,11.330245628001597,0,3,-1.4517098629899514,-1.0358209353342027,-1.4517098629899514,-1.0358209353342027,0,3
5129,107570,2101049000.0,,48-52 glenville ave,boston,2134.0,,,,30752.0,,Multifamily Housing,Multifamily Housing (30752.0),45.9,97.0,1410253.9,1031852.8,54801.702,110903.0,22750.641,,,,,,,,,,,,,,,,,,,,,,30.82,pending revisions,77552.343,2030.0,No,No,No,No,No,No,,,10.33371031177002,3.8264651170664994,14.159280317065514,11.258708380914246,0,6,-1.399226167930155,-0.10497628835720897,-1.399226167930155,-0.10497628835720897,0,6
5133,107574,902145000.0,,80-100 dewitt dr,boston,2119.0,,,,33000.0,,Multifamily Housing,Multifamily Housing (33000.0),73.3,76.0,2420337.8,1735000.0,92145.85,200861.0,41204.626,,,,,,,,,,,,,,,,,,,,,,83.1,in compliance,133350.476,2025.0,,,,,,,,,10.404262840448617,4.294560608892605,14.699417675168402,11.800736099157595,0,0,-0.3788407483547368,0.8387188148759199,-0.3788407483547368,0.8387188148759199,0,0
5150,107598,902310000.0,,11-21 raynor cir,boston,2120.0,,,,20706.0,,Multifamily Housing,Multifamily Housing (20706.0),54.3,81.0,1125066.0,720471.0,38264.215,118580.0,24325.501,,,,,,,,,,,,,,,,,,,,,,68.78,in compliance,62589.716,2030.0,I'm not sure,No,No,No,I'm not sure,I'm not sure,,,9.938178792326058,3.9945242269398897,13.933352258566503,11.044356262442404,0,6,-1.9173589395143869,0.4197137536711285,-1.9173589395143869,0.4197137536711285,0,6
5151,107601,902345000.0,,67-81 ruggles st,boston,2120.0,,,,22741.0,,Multifamily Housing,Multifamily Housing (22741.0),112.8,8.0,2564582.5,1887652.0,100253.198,198397.0,40699.161,,,,,,,,,,,,,,,,,,,,,,49.7,in compliance,140952.359,2030.0,I'm not sure,No,No,No,I'm not sure,I'm not sure,,,10.03192474171143,4.725616339063959,14.757306255307665,11.856177232833565,0,0,-0.3742613963674565,1.8993471122638708,-0.3742613963674565,1.8993471122638708,0,0
5152,107605,902380000.0,,51 ruggles st,boston,2119.0,,,,20399.0,,Multifamily Housing,Multifamily Housing (20399.0),102.1,33.0,2082353.3,1806633.0,95950.279,80809.0,16577.158,,,,,,,,,,,,,,,,,,,,,,42.27,in compliance,112527.437,2030.0,I'm not sure,No,No,No,I'm not sure,I'm not sure,,,9.923241159022965,4.625952725170619,14.549009206364156,11.63095235533608,0,0,-0.8019550674761852,1.7385365696055834,-0.8019550674761852,1.7385365696055834,0,0
5153,107610,902500000.0,,759 shawmut av,boston,2119.0,,,,29756.0,,Multifamily Housing,Multifamily Housing (29756.0),103.2,22.0,3071159.8,2485960.9,132029.383,171512.0,35183.972,,,,,,,,,,,,,,,,,,,,,,80.64,in compliance,167213.355,2030.0,I'm not sure,No,No,No,I'm not sure,I'm not sure,,,10.300786071311231,4.636668853047462,14.937565833236874,12.027025850844861,0,0,0.02568282234443863,1.5954405107704763,0.02568282234443863,1.5954405107704763,0,0
5169,107628,1700625000.0,,282-292 talbot ave,boston,2124.0,,,,36216.0,,Multifamily Housing,Multifamily Housing (36216.0),54.7,68.0,1981072.3,1688371.9,89669.432,85785.6,17598.058,,,,,,,,,,,,,,,,,,,,,,26.49,in compliance,107267.49,2025.0,I'm not sure,No,No,No,I'm not sure,I'm not sure,,,10.497256289115795,4.001863709427935,14.499148821733527,11.583080900417745,0,6,-0.7369440607537882,0.1873315817899908,-0.7369440607537882,0.1873315817899908,0,6
5182,107646,1405196930.0,,1 kingbird rd,boston,2124.0,,,,46375.0,0.0,Multifamily Housing,"Multifamily Housing (46375.0),Parking (10800.0)",56.0,92.0,2599170.8,2009932.0,106747.489,172696.0,35426.857,,,,,,,,,,,,,,,,,,,,,,32.48,in compliance,142174.346,2025.0,No,No,No,No,No,No,,,10.744515799909736,4.02535169073515,14.770703029048008,11.864809372199588,0,5,-0.1596902957567125,0.12834422712166563,-0.1596902957567125,0.12834422712166563,0,5
5183,107647,1405198515.0,,566 harvard st,boston,2124.0,,,,35032.0,,Multifamily Housing,Multifamily Housing (35032.0),58.4,66.0,2047380.9,1319400.0,70073.334,213359.0,43768.465,,,,,,,,,,,,,,,,,,,,,,38.09,in compliance,113841.799,2025.0,,,,,,,,,10.464017208481234,4.067315889834181,14.53207192451934,11.642565035520107,0,6,-0.665928111770069,0.34007561670323905,-0.665928111770069,0.34007561670323905,0,6
5191,107662,801610010.0,,93-101 northampton st,boston,2118.0,,,,26768.0,,Multifamily Housing,Multifamily Housing (26768.0),67.5,39.0,1806354.7,1369646.0,72741.899,127992.0,26256.279,,,,,,,,,,,,,,,,,,,,,,61.83,in compliance,98998.178,2025.0,I'm not sure,No,No,No,I'm not sure,I'm not sure,,,10.194962423226606,4.212127597878484,14.406821394560874,11.502856724906966,0,0,-0.9811658162303409,0.7586455439117723,-0.9811658162303409,0.7586455439117723,0,0
5213,107693,800740000.0,,204-210 hampden st,boston,2119.0,,,,51576.0,0.0,Multifamily Housing,"Multifamily Housing (51576.0),Parking (1600.0)",27.2,100.0,1403862.6,1046500.0,55579.615,104737.0,21485.748,,,,,,,,,,,,,,,,,,,,,,3.4,in compliance,77065.363,2030.0,,,,,,,,,10.850811726990456,3.3032169733019514,14.15473799553111,11.252409210879206,0,3,-1.2690305528264636,-1.4213025500240715,-1.2690305528264636,-1.4213025500240715,0,3
5267,107764,900079000.0,,20 aguadilla st,boston,2118.0,,,,20923.0,,Multifamily Housing,Multifamily Housing (20923.0),76.4,77.0,1598407.4,1383164.5,73459.867,63084.1,12941.072,,,,,,,,,,,,,,,,,,,,,,65.91,in compliance,86400.939,2025.0,No,No,No,No,No,No,,,9.94860431133925,4.335982696172475,14.284518316495339,11.366753822788645,0,0,-1.284779309317984,1.1238442545755503,-1.284779309317984,1.1238442545755503,0,0
5270,107767,1102293000.0,,3222-3234 washington st,boston,2130.0,,,,34544.0,,Multifamily Housing,Multifamily Housing (34544.0),50.0,,1725711.7,1345458.0,71457.274,111446.0,22862.032,,,,,,,,,,,,,,,,,,,,,,43.37,in compliance,94319.306,2030.0,No,No,No,No,No,No,,,10.449989152754588,3.912023005428146,14.361150103070136,11.454441177253733,0,6,-0.9982121122364566,0.02159635711945742,-0.9982121122364566,0.02159635711945742,0,6
5272,107769,1400842000.0,,59-63b washington st,boston,2121.0,,,,28459.0,,Multifamily Housing,Multifamily Housing (28459.0),68.2,57.0,1940290.3,1504079.6,79881.668,127846.0,26226.328,77722.1,,,,,,,,,,,,,,,,,,,,,56.94,in compliance,106107.996,2030.0,No,No,No,No,No,No,,,10.256219733992088,4.222444564849416,14.478348159019944,11.572212684627658,0,0,-0.8336007963846466,0.7530414841198122,-0.8336007963846466,0.7530414841198122,0,0
5273,107770,1400843000.0,,71 washington st,boston,2121.0,,,,28046.0,,Multifamily Housing,Multifamily Housing (28046.0),72.4,62.0,2031432.9,1642357.0,87225.58,114031.6,23392.442,96384.3,,,,,,,,,,,,,,,,,,,,,35.07,in compliance,110618.022,2030.0,No,No,No,No,No,No,,,10.241601298286596,4.282206299391671,14.524251964083474,11.61383830235463,0,0,-0.7559728836483713,0.8836904308178024,-0.7559728836483713,0.8836904308178024,0,0
5274,107771,1400875000.0,,50-52 columbia rd,boston,2121.0,,,,29896.0,,Multifamily Housing,Multifamily Housing (29896.0),75.1,53.0,2244022.4,1685150.7,89498.354,163795.9,33601.091,163881.5,,,,,,,,,,,,,,,,,,,,,65.99,in compliance,123099.445,2030.0,No,No,No,No,No,No,,,10.30547997116532,4.318820558770089,14.62378052774959,11.720747803632731,0,0,-0.5485049232596922,0.932175994132887,-0.5485049232596922,0.932175994132887,0,0
5275,107772,1400766000.0,,150 columbia rd,boston,2121.0,,,,29138.0,,Multifamily Housing,Multifamily Housing (29138.0),67.5,55.0,1967173.3,1492159.8,79248.607,139218.5,28559.283,148324.8,,,,,,,,,,,,,,,,,,,,,55.99,in compliance,107807.89,2030.0,No,No,No,No,No,No,,,10.279798443213942,4.212127597878484,14.492108197201528,11.588106125873317,0,0,-0.8003515752669168,0.7214211156105071,-0.8003515752669168,0.7214211156105071,0,0
5287,107797,2100710000.0,,392 cambridge st,boston,2134.0,,,,54840.0,8000.0,Multifamily Housing,"Restaurant (4500.0),Multifamily Housing (50340.0),Parking (11600.0)",45.1,81.0,2473748.4,1052200.0,55882.342,416632.0,85467.888,,,,,,,,,,,,,,,,,,,,,,23.74,in compliance,141350.23,2030.0,I'm not sure,No,No,No,I'm not sure,I'm not sure,,,10.91217513367625,3.8088822465086327,14.721245129107395,11.85899599028702,0,4,-0.17367080144821,-0.3931029879068687,-0.17367080144821,-0.3931029879068687,0,4
5298,107809,1101573000.0,,9 cleaves st,boston,2119.0,,,,26600.0,,Multifamily Housing,Multifamily Housing (26600.0),86.9,,2311536.6,1987181.6,105539.215,95063.0,19501.224,,,,,,,,,,,,,,,,,,,,,,25.58,in compliance,125040.439,2030.0,I'm not sure,No,No,No,I'm not sure,I'm not sure,,,10.188666494769791,4.464758032271346,14.65342305615917,11.736392475965715,0,0,-0.5357542897580213,1.2864326387716176,-0.5357542897580213,1.2864326387716176,0,0
5299,107810,1704738000.0,,728 washington st,boston,2124.0,,,,24980.0,,Multifamily Housing,Multifamily Housing (24980.0),92.6,17.0,2312392.3,1221948.0,64897.658,319590.9,65560.877,211547.2,,,,,,,,,,,,,,,,,,,,,93.59,in compliance,130458.535,2030.0,I'm not sure,No,No,No,I'm not sure,I'm not sure,,,10.125830783679568,4.528289141652134,14.65379317431119,11.778810715791405,0,0,-0.5213771643433559,1.4490716210865768,-0.5213771643433559,1.4490716210865768,0,0
5343,107862,500478003.0,,450 tremont st,boston,2116.0,,,,37296.0,,Multifamily Housing,Multifamily Housing (37296.0),109.6,7.0,4085989.4,3265700.2,173441.338,240413.0,49318.323,,,,,,,,,,,,,,,,,,,,,,64.34,in compliance,222759.661,2025.0,,,,,,,,,10.526641361275539,4.696837374513915,15.223074460132159,12.313848715885245,0,5,0.6170382350389371,1.6214173820043234,0.6170382350389371,1.6214173820043234,0,5
5356,107877,2101831600.0,,801-843 jette ct,boston,2135.0,,,,42222.0,,Multifamily Housing,Multifamily Housing (42222.0),60.2,,2540472.7,1501000.0,79718.11,304652.0,62496.311,,,,,,,,,,,,,,,,,,,,,,55.08,in compliance,142214.421,2025.0,,,,,,,,,10.650696691194604,4.097672352314776,14.747860724042027,11.865091204711385,0,5,-0.21010863548324626,0.32147151558368814,-0.21010863548324626,0.32147151558368814,0,5
5357,107878,,,901-934 jette ct,boston,2135.0,,,,51435.0,,Multifamily Housing,Multifamily Housing (51435.0),75.8,,3899244.3,2978400.1,158182.829,269884.0,55364.004,,,,,,,,,,,,,,,,,,,,,,55.08,in compliance,213546.833,2025.0,,,,,,,,,10.84807415356513,4.328098292648326,15.176293323093423,12.271611445909116,0,5,0.6208465434860971,0.7129736299926721,0.6208465434860971,0.7129736299926721,0,5
5358,107879,,,1001-1014 fidelis way,charlestown,2135.0,,,,26241.0,,Multifamily Housing,Multifamily Housing (26241.0),65.1,,1707405.2,1229500.0,65298.745,140066.0,28733.139,,,,,,,,,,,,,,,,,,,,,,55.08,in compliance,94031.884,2025.0,,,,,,,,,10.175078352087965,4.175924549214524,14.350485349120063,11.451389195229075,0,0,-1.0872669865183529,0.6923175959724723,-1.0872669865183529,0.6923175959724723,0,0
5359,107880,,,1101-1114 fidelis way,boston,2135.0,,,,26241.0,,Multifamily Housing,Multifamily Housing (26241.0),70.8,,1859105.2,1381200.0,73355.532,140066.0,28733.139,,,,,,,,,,,,,,,,,,,,,,55.08,in compliance,102088.671,2025.0,,,,,,,,,10.175078352087965,4.259859000699674,14.435605854666735,11.533597038152967,0,0,-0.9322051537302495,0.867013356620962,-0.9322051537302495,0.867013356620962,0,0
5360,107881,,,1201-1224 jette ct,boston,2135.0,,,,36654.0,,Multifamily Housing,Multifamily Housing (36654.0),72.2,,2647396.2,1922800.0,102119.908,212367.0,43564.966,,,,,,,,,,,,,,,,,,,,,,55.08,in compliance,145684.874,2025.0,,,,,,,,,10.509277841877822,4.279440045898781,14.789087148890225,11.889201170733639,0,0,-0.18500532841498749,0.760969952957546,-0.18500532841498749,0.760969952957546,0,0
5361,107882,2101851100.0,,1301-1317 jette ct,boston,2135.0,,,,26553.0,,Multifamily Housing,Multifamily Housing (26553.0),70.9,,1883575.9,1326700.0,70461.037,163211.0,33481.105,,,,,,,,,,,,,,,,,,,,,,55.08,in compliance,103942.142,2025.0,,,,,,,,,10.186898014636986,4.2612704335380815,14.448682602621139,11.551589696393192,0,0,-0.9011288963788328,0.8650629866163572,-0.9011288963788328,0.8650629866163572,0,0
5380,107916,306180010.0,,100 shawmut st,boston,2118.0,,,,162639.0,44730.0,Multifamily Housing,"Multifamily Housing (162639.0),Parking (44730.0)",42.9,91.0,6981214.9,2975800.1,158044.743,1173920.0,240817.949,,,,,,,,,,,,,,,,,,,,,,15.13,in compliance,398862.692,2025.0,Yes,No,No,No,Yes,Yes,,,11.999288299734383,3.758871825933971,15.7587335140341,12.896372506319757,1,1,2.043144365100063,-0.9749971255094585,2.043144365100063,-0.9749971255094585,1,1
5387,107923,700538020.0,,271 e 8th st,boston,2127.0,,,,146400.0,,Multifamily Housing,Multifamily Housing (146400.0),36.2,93.0,5297176.5,2860500.1,151921.16,714149.0,146500.526,,,,,,,,,,,,,,,,,,,,,,41.77,in compliance,298421.686,2025.0,No,No,No,No,No,No,,,11.894097880509348,3.5890591188317256,15.482684500719133,12.606262818933832,1,4,1.4934386415682872,-1.2833336770363633,1.4934386415682872,-1.2833336770363633,1,4
5401,107937,1000017010.0,,95 saint alphonsus st,boston,2120.0,,,,127607.0,31402.0,Multifamily Housing,"Multifamily Housing (127607.0),Parking (31402.0)",33.0,99.0,4205352.8,1814114.0,96347.595,700832.0,143768.676,,,,,,,,,,,,,,,,,,,,,,21.13,pending revisions,240116.271,2025.0,No,No,No,No,No,No,,,11.7567105073223,3.4965075614664802,15.251868747988674,12.388878547510059,1,4,1.0387273234806498,-1.4148228598988148,1.0387273234806498,-1.4148228598988148,1,4
5404,107940,1202342000.0,,129 elm hill ave,boston,2121.0,,,,63162.0,,Multifamily Housing,Multifamily Housing (63162.0),75.2,53.0,4752454.4,4062199.9,215743.437,202302.0,41500.232,,,,,,,,,,,,,,,,,,,,,,27.17,in compliance,257243.669,2025.0,,,,,,,,,11.05345813347938,4.320151230955794,15.374171758348663,12.457779043092195,1,5,1.0344589788539793,0.6054334890319961,1.0344589788539793,0.6054334890319961,1,5
5408,107945,1903432000.0,,105 brookway rd,boston,2131.0,,,,51069.0,,Multifamily Housing,Multifamily Housing (51069.0),81.5,,4161868.7,3219000.0,170961.09,276339.0,56688.182,,,,,,,,,,,,,,,,,,,,,,89.84,in compliance,227649.272,2025.0,,,,,,,,,10.84093293848268,4.400603020246817,15.241474738105076,12.335561442866315,0,5,0.7388087897438951,0.8669229328121635,0.7388087897438951,0.8669229328121635,0,5
5409,107946,1202380000.0,,17 sonoma st,boston,2121.0,,,,25168.0,,Multifamily Housing,Multifamily Housing (25168.0),78.7,50.0,1981630.2,1563394.0,83031.855,122578.0,25145.651,,,,,,,,,,,,,,,,,,,,,,115.48,in compliance,108177.506,2030.0,I'm not sure,No,No,No,I'm not sure,I'm not sure,,,10.13332862529806,4.365643155423357,14.499430397251087,11.591528730990689,0,0,-0.8295468855954646,1.1051295603447442,-0.8295468855954646,1.1051295603447442,0,0
5410,107947,1202313000.0,,107 elm hill ave,boston,2121.0,,,,24489.0,,Multifamily Housing,Multifamily Housing (24489.0),69.9,,1711533.1,1409598.4,74863.771,88492.0,18153.249,,,,,,,,,,,,,,,,,,,,,,46.72,in compliance,93017.02,2030.0,I'm not sure,No,No,No,I'm not sure,I'm not sure,,,10.105979316119466,4.247065649239764,14.35290007652581,11.440537766143656,0,0,-1.111388463758195,0.8699373692027284,-1.111388463758195,0.8699373692027284,0,0
5413,107950,1101582000.0,,6 cleaves st,boston,2119.0,,,,26600.0,,Multifamily Housing,Multifamily Housing (26600.0),54.5,,1448818.4,1099890.3,58415.174,102265.0,20978.642,,,,,,,,,,,,,,,,,,,,,,54.92,in compliance,79393.816,2030.0,I'm not sure,No,No,No,I'm not sure,I'm not sure,,,10.188666494769791,3.9982007016691985,14.186258885636349,11.282175760071118,0,6,-1.3913480061453718,0.31605853834149916,-1.3913480061453718,0.31605853834149916,0,6
5415,107952,105314000.0,,197-207 maverick st,east boston,2128.0,,,,42458.0,0.0,Multifamily Housing,"Multifamily Housing (42458.0),Parking (9800.0)",39.2,94.0,1663780.1,681728.0,36206.574,287823.0,59044.01,,,,,,,,,,,,,,,,,,,,,,21.63,in compliance,95250.584,2025.0,No,No,No,No,No,No,,,10.656270630991948,3.6686767467964168,14.324602740188212,11.464266424203748,0,6,-0.9762617759248121,-0.5724125107068926,-0.9762617759248121,-0.5724125107068926,0,6
5436,107975,703644000.0,,67 e cottage st,dorchester,2125.0,,,,93691.0,,Multifamily Housing,Multifamily Housing (93691.0),42.2,95.0,3954751.5,2252648.0,119638.135,498858.0,102335.73,,,,,,,,,,,,,,,,,,,,,,45.31,in compliance,221973.865,2025.0,,,,,,,,,11.447757412385977,3.742420221041966,15.19042832535148,12.310314928699032,1,4,0.8278499102476586,-0.7680552522092375,0.8278499102476586,-0.7680552522092375,1,4
5439,107978,801842000.0,,11 e lenox st,boston,2118.0,,,,43564.0,,Multifamily Housing,Multifamily Housing (43564.0),12.1,100.0,525436.1,,,153996.5,31590.842,,,,,,,,,,,,,,,,,,,,,,14.14,pending revisions,31590.842,2030.0,No,No,No,No,No,No,,,10.681986400195576,2.4932054526026954,13.171983863427808,10.36062254744535,0,7,-3.0672965559572516,-3.027634826144298,-3.0672965559572516,-3.027634826144298,0,7
5440,107984,1101208050.0,,137 amory st,roxbury,2119.0,,,,69885.0,0.0,Multifamily Housing,"Multifamily Housing (69885.0),Parking (10500.0)",27.8,100.0,1945774.9,583400.0,30984.374,399289.2,81910.186,,,,,,,,,,,,,,,,,,,,,,43.13,in compliance,112894.56,2025.0,No,No,No,No,No,No,,,11.154606312919007,3.3250360206965914,14.481170861861685,11.63420956474302,0,4,-0.5418427650751271,-1.5055742531721295,-0.5418427650751271,-1.5055742531721295,0,4
5441,107985,1102176020.0,,57-61 brookside ave # 57-1,jamaica plain,2130.0,,,,27655.0,,Multifamily Housing,Multifamily Housing (27655.0),35.8,93.0,989146.1,583200.0,30973.752,118976.0,24406.737,,,,,,,,,,,,,,,,,,,,,,19.03,in compliance,55380.489,2030.0,I'm not sure,No,No,No,I'm not sure,I'm not sure,,,10.227561822428779,3.5779478934066544,13.804597324669311,10.921982626588461,0,3,-2.0719176716534817,-0.5744093842494201,-2.0719176716534817,-0.5744093842494201,0,3
5457,108006,2010642010.0,,1555 vfw pkwy,west roxbury,2132.0,,,,282790.0,0.0,Multifamily Housing,"Multifamily Housing (282790.0),Parking (90033.0),Swimming Pool (0.0)",25.4,93.0,7179359.5,,,2104150.0,431645.331,,,,,,,,,,,,,,,,,,,,,,21.44,in compliance,431645.331,2025.0,I'm not sure,No,No,No,I'm not sure,I'm not sure,,,12.552459851700426,3.2347491740244907,15.78672073091717,12.975359536971322,1,2,2.2828994892963177,-2.3058557376599897,2.2828994892963177,-2.3058557376599897,1,2
5459,108008,2100635010.0,,89-95 brighton ave,allston,2134.0,,,,117161.0,,Multifamily Housing,Multifamily Housing (117161.0),44.2,58.0,5174021.7,1949592.9,103542.879,945026.0,193862.634,,,,,,,,,,,,,,,,,,,,,,26.04,in compliance,297405.513,2025.0,No,No,No,No,No,No,,,11.671304336241537,3.7887247890836524,15.459160835766475,12.602851850159848,1,4,1.4041343437196736,-0.7685015104746146,1.4041343437196736,-0.7685015104746146,1,4
5468,108019,902643150.0,,180 ruggles st,roxbury crossing,2120.0,,,,40541.0,,Multifamily Housing,Multifamily Housing (40541.0),39.6,91.0,1605268.7,700322.6,37194.133,265224.5,54408.154,,,,,,,,,,,,,,,,,,,,,,31.91,in compliance,91602.287,2025.0,I'm not sure,No,No,No,I'm not sure,I'm not sure,,,10.610069086697326,3.6788291182604347,14.288801714864256,11.425211517599454,0,6,-1.0575976588447715,-0.5311530655652865,-1.0575976588447715,-0.5311530655652865,0,6
5469,108020,902643150.0,,25 whittier st,roxbury crossing,2120.0,,,,30581.0,,Multifamily Housing,Multifamily Housing (30581.0),37.2,94.0,1136576.6,492319.4,26147.083,188821.0,38734.74,,,,,,,,,,,,,,,,,,,,,,32.27,in compliance,64881.823,2025.0,Yes,No,No,No,Yes,Yes,,,10.328134180060221,3.616308761279101,13.943531319915474,11.080322786421679,0,6,-1.7731154699506533,-0.5374626368330303,-1.7731154699506533,-0.5374626368330303,0,6
5478,108029,602671130.0,,150 seaport blvd,boston,2210.0,,,,297956.0,21483.0,Multifamily Housing,"Restaurant (7317.0),Multifamily Housing (290639.0),Parking (21483.0)",21.8,100.0,6506470.0,3937500.2,209120.636,752922.0,154454.419,,,,,,,,,,,,,,,,,,,,,,11.58,in compliance,363575.055,2025.0,I'm not sure,No,No,No,I'm not sure,I'm not sure,,,12.604701103579346,3.0819099697950434,15.688307624414477,12.803741033321428,1,2,2.0606044423817265,-2.6515481875406572,2.0606044423817265,-2.6515481875406572,1,2
5479,108030,802531000.0,,2-14 taber st,roxbury,2119.0,,,,46239.0,,Multifamily Housing,"Multifamily Housing (44239.0),Fitness Center/Health Club/Gym (2000.0)",25.4,100.0,1176686.8,473187.0,25130.962,206184.0,42296.586,,,,,,,,,,,,,,,,,,,,,,20.4,pending revisions,67427.548,2025.0,I'm not sure,No,No,No,I'm not sure,I'm not sure,,,10.74157887681483,3.2347491740244907,13.978213250576573,11.11880893743109,0,3,-1.5948644585699436,-1.5127427981030048,-1.5948644585699436,-1.5127427981030048,0,3
5500,108051,1801935000.0,,20 fairlawn ave,mattapan,2126.0,,,,293656.0,,Multifamily Housing,Multifamily Housing (293656.0),55.0,81.0,16137964.7,,,978626.0,200755.338,,,,,,,,,,12798892.8,949805.835,,,,,,,,,,,36.55,in compliance,1150561.173,2030.0,I'm not sure,No,No,No,I'm not sure,I'm not sure,,,12.59016429322958,4.007333185232471,16.596685110004383,13.955760357839347,1,2,3.9176601688357082,-0.7028648329938154,3.9176601688357082,-0.7028648329938154,1,2
5510,108067,306626000.0,,217 albany st,boston,2118.0,,,,149032.0,,Multifamily Housing,Multifamily Housing (149032.0),40.1,87.0,5976058.1,2161996.9,114823.655,1117837.0,229313.082,,,,,,,,,,,,,,,,,,,,,,26.58,in compliance,344136.737,2025.0,No,No,No,No,No,No,,,11.911916326969544,3.6913763343125234,15.603271727969751,12.748794348655874,1,1,1.7374389900162606,-1.0766461113295795,1.7374389900162606,-1.0766461113295795,1,1
5517,108081,1101282000.0,,3089 washington st,roxbury,2119.0,,,,21481.0,,Multifamily Housing,Multifamily Housing (21481.0),65.5,34.0,1407073.4,953031.7,50615.514,133072.0,27298.39,,,,,,,,,,,,,,,,,,,,,,37.01,in compliance,77913.904,2030.0,I'm not sure,No,No,No,I'm not sure,I'm not sure,,,9.974924102473977,4.182050142641207,14.157022502468601,11.263359701169728,0,0,-1.4962563836571237,0.7934980587890041,-1.4962563836571237,0.7934980587890041,0,0
5522,108086,1100917000.0,,75 ritchie st,boston,2119.0,,,,33726.0,,Multifamily Housing,Multifamily Housing (33726.0),75.8,73.0,2555175.1,2143821.0,113858.333,120561.0,24731.884,,,,,,,,,,,,,,,,,,,,,,81.53,in compliance,138590.217,2030.0,,,,,,,,,10.42602433223013,4.328098292648326,14.75363131156134,11.839276778831158,0,0,-0.28349967577908813,0.8977451575479231,-0.28349967577908813,0.8977451575479231,0,0
5525,108089,1402009000.0,,214 harvard st,boston,2124.0,,,,37864.0,0.0,Multifamily Housing,"Multifamily Housing (37864.0),Parking (900.0)",66.3,73.0,2509954.6,2002232.0,106338.542,148805.0,30525.858,,,,,,,,,,,,,,,,,,,,,,63.62,in compliance,136864.4,2030.0,I'm not sure,No,No,No,I'm not sure,I'm not sure,,,10.541756071586084,4.194189897191817,14.735775223294981,11.82674593363167,0,0,-0.2813683525338559,0.5685469133661285,-0.2813683525338559,0.5685469133661285,0,0
5526,108090,801209020.0,,14 east brookline st,boston,2118.0,,,,27770.0,,Multifamily Housing,Multifamily Housing (27770.0),101.9,,2830785.4,1936199.9,102831.577,262188.0,53785.246,,,,,,,,,,,,,,,,,,,,,,49.68,in compliance,156616.823,2025.0,,,,,,,,,10.231711580300844,4.623991940228679,14.856064757617832,11.961557483333515,0,0,-0.13246147218852164,1.6005309017747877,-0.13246147218852164,1.6005309017747877,0,0
5530,108096,1800904000.0,,1310 blue hill av,boston,2126.0,,,,24867.0,,Multifamily Housing,Multifamily Housing (24867.0),49.4,,1227787.7,923253.0,49033.967,89254.0,18309.566,,,,,,,,,,,,,,,,,,,,,,34.03,in compliance,67343.533,2030.0,I'm not sure,No,No,No,I'm not sure,I'm not sure,,,10.121296902259635,3.899950424193877,14.020724490007126,11.117562156441284,0,6,-1.7156188161164174,0.14123527391624519,-1.7156188161164174,0.14123527391624519,0,6
5531,108097,1401945000.0,,31 wales st,boston,2124.0,,,,22323.0,,Multifamily Housing,Multifamily Housing (22323.0),88.6,38.0,1977564.2,1656024.1,87951.44,94238.0,19331.983,,,,,,,,,,,,,,,,,,,,,,54.12,in compliance,107283.423,2030.0,I'm not sure,No,No,No,I'm not sure,I'm not sure,,,10.01337281606537,4.484131857611035,14.497376443330843,11.583229424605374,0,0,-0.8702670763533622,1.4039858143704935,-0.8702670763533622,1.4039858143704935,0,0
5533,108099,900881000.0,,1777-1781 washington st,boston,2118.0,,,,26219.0,,Multifamily Housing,Multifamily Housing (26219.0),76.7,50.0,2011379.4,1585612.9,84211.901,124785.0,25598.395,,,,,,,,,,,,,,,,,,,,,,127.25,in compliance,109810.296,2030.0,,,,,,,,,10.174239617765064,4.33990170837321,14.51433131331732,11.606509574153193,0,0,-0.7906639749089494,1.0335300331330242,-0.7906639749089494,1.0335300331330242,0,0
5534,108100,1400078000.0,,165 columbia rd,boston,2121.0,,,,42544.0,,Multifamily Housing,Multifamily Housing (42544.0),91.2,28.0,3881605.0,3028029.4,160818.641,250168.7,51319.607,159779.5,,,,,,,,,,,,,,,,,,,,,104.86,in compliance,212138.248,2025.0,,,,,,,,,10.658294113482802,4.513054897080286,15.171759285859645,12.264993454328271,0,5,0.5592389680111307,1.1812887929342475,0.5592389680111307,1.1812887929342475,0,5
5535,108101,1401067000.0,,143 columbia rd,boston,2121.0,,,,28420.0,,Multifamily Housing,Multifamily Housing (28420.0),80.3,40.0,2283174.3,1776280.0,94338.231,148562.2,30476.05,99460.5,,,,,,,,,,,,,,,,,,,,,53.51,in compliance,124814.281,2030.0,,,,,,,,,10.254848401651092,4.385769620952716,14.641077269509614,11.734582159460471,0,0,-0.533142446581268,1.093703309912865,-0.533142446581268,1.093703309912865,0,0
5537,108103,1202367000.0,,224-236 seaver st,boston,2121.0,,,,48373.0,,Multifamily Housing,Multifamily Housing (48373.0),70.2,53.0,3397299.3,2503055.0,132937.251,262088.0,53764.732,,,,,,,,,,,,,,,,,,,,,,29.53,in compliance,186701.983,2025.0,,,,,,,,,10.786697085808159,4.251348311031766,15.038491350414883,12.13726895079103,0,5,0.3513236625347154,0.5804767376531309,0.3513236625347154,0.5804767376531309,0,5
5539,108105,902197010.0,,sojourner truth pl,boston,2120.0,,,,21350.0,,Multifamily Housing,Multifamily Housing (21350.0),70.7,80.0,1509154.9,1084900.0,57619.039,124342.0,25507.518,,,,,,,,,,,,,,,,,,,,,,37.95,in compliance,83126.557,2030.0,I'm not sure,No,No,No,I'm not sure,I'm not sure,,,9.96880701865677,4.258445572902527,14.22706038324385,11.328119508609802,0,0,-1.3719460301428774,0.9548149451586869,-1.3719460301428774,0.9548149451586869,0,0
5541,108107,903070000.0,,dewitt dr,boston,2119.0,,,,22350.0,,Multifamily Housing,Multifamily Housing (22350.0),83.7,61.0,1870754.9,1359900.0,72224.289,149723.0,30714.176,,,,,,,,,,,,,,,,,,,,,,85.4,in compliance,102938.465,2030.0,,,,,,,,,10.014581600041716,4.4272389774954295,14.44185259720952,11.541886661496576,0,0,-0.9625095915152873,1.2860078616417194,-0.9625095915152873,1.2860078616417194,0,0
5542,108108,1400845000.0,,90 columbia rd,boston,2121.0,,,,28907.0,,Multifamily Housing,Multifamily Housing (28907.0),64.0,75.0,1851190.6,1453947.3,77219.141,116425.4,23883.507,100689.3,,,,,,,,,,,,,,,,,,,,,52.54,in compliance,101102.648,2030.0,I'm not sure,No,No,No,I'm not sure,I'm not sure,,,10.271839059304192,4.1588830833596715,14.431339557621277,11.52389159655478,0,0,-0.9177536819298708,0.613923966473664,-0.9177536819298708,0.613923966473664,0,0
5543,108109,1300067000.0,,589 dudley st,boston,2125.0,,,,20576.0,0.0,Multifamily Housing,"Multifamily Housing (20576.0),Parking (3600.0)",74.2,,1525847.4,1244572.3,66099.235,82437.0,16911.126,,,,,,,,,,,,,,,,,,,,,,47.12,in compliance,83010.361,2030.0,,,,,,,,,9.931880627037346,4.3067641501733345,14.238060485826207,11.326720710313255,0,0,-1.3704848980161772,1.070729822620812,-1.3704848980161772,1.070729822620812,0,0
5545,108111,1812339010.0,,110 edgemere rd,boston,2136.0,,,,125154.0,0.0,Multifamily Housing,"Multifamily Housing (125154.0),Parking (40100.0),Swimming Pool (0.0)",30.1,100.0,3763796.8,1900432.0,100931.944,546121.0,112031.262,,,,,,,,,,,,,,,,,,,,,,53.18,pending revisions,212963.206,2025.0,No,No,No,No,No,No,,,11.737300257995182,3.40452517175483,15.140938793107948,12.268874687985944,1,4,0.8211938898120724,-1.5982949015506285,0.8211938898120724,-1.5982949015506285,1,4
5546,108112,1400841001.0,,53 washington st,boston,2121.0,,,,22706.0,,Multifamily Housing,Multifamily Housing (22706.0),57.0,,1293988.6,1109181.1,58908.608,54164.0,11111.203,,,,,,,,,,,,,,,,,,,,,,38.17,in compliance,70019.811,2030.0,,,,,,,,,10.030384485724479,4.04305126783455,14.073239944112368,11.156533495276221,0,6,-1.6530573307183478,0.4782039391892817,-1.6530573307183478,0.4782039391892817,0,6
5552,C10004,,,american legion highway,dorchester,2124.0,,,,52188.0,,Multifamily Housing,Multifamily Housing (52188.0),119.6,10.0,6243113.8,5742007.0,304957.992,146866.0,30128.091,,,,,,,,,,,,,,,,,,,,,,48.72,,335086.083,,,,,,,,,,10.862607862385639,4.784152841516532,15.646989622293571,12.722142741976668,1,5,1.4818724711819589,1.6545368102192206,1.4818724711819589,1.6545368102192206,1,5
5553,C10005,801361005.0,,harrison ave,boston,2118.0,,,,73800.0,18600.0,Multifamily Housing,"Multifamily Housing (73800.0),Parking (18600.0)",59.0,52.0,4356190.6,2655799.9,141049.533,498356.0,102232.75,,,,,,,,,,,,,,,,,,,,,,18.28,,243282.283,,,,,,,,,,11.209114010588564,4.07753744390572,15.287108517816943,12.401977706555817,1,5,0.9383252942712534,0.034091991682581986,0.9383252942712534,0.034091991682581986,1,5
5569,C10022,203516001.0,,pier 7 ninth street,charlestown,2129.0,,,,163453.0,0.0,Multifamily Housing,"Multifamily Housing (163453.0),Parking (13998.0)",25.6,92.0,4186493.3,,,1226991.0,251704.934,,,,,,,,,,,,,,,,,,,,,,14.53,,251704.934,,,,,,,,,,12.00428076622069,3.242592351485517,15.247374020243162,12.436012783632906,1,4,1.134562958411598,-2.0484248960427185,1.134562958411598,-2.0484248960427185,1,4
5570,C10023,600007010.0,,9 west broadway & 141 dorchester avenue,boston,2127.0,,,,399711.0,289.0,Multifamily Housing,"Veterinary Office (3470.0),Multifamily Housing (392493.0),Office (2051.0),Parking (289.0),Fitness Center/Health Club/Gym (1697.0)",59.8,18.0,23905405.7,309800.0,16453.478,3571470.0,732651.356,,,,,,11409749.7,757607.38,,,,,,,,,,,,,,,21.19,,1506712.214,,,,,,,,,,12.898497064961209,4.091005660956586,16.989615171243237,14.225440493214345,1,2,4.639054922259941,-0.6723727749479617,4.639054922259941,-0.6723727749479617,1,2
5574,C10027,600053010.0,,45-55 west broadway st,boston,2127.0,,,,67200.0,0.0,Multifamily Housing,"Multifamily Housing (67200.0),Parking (15931.0)",46.1,77.0,3101089.9,1998700.0,106150.957,323092.0,66279.093,,,,,,,,,,,,,,,,,,,,,,9.74,,172430.05,,,,,,,,,,11.115428526511241,3.8308129500026027,14.947264188310543,12.057746925966878,0,4,0.2799910174686909,-0.43850141893471345,0.2799910174686909,-0.43850141893471345,0,4
5576,C10029,504277000.0,,137-143 park drive,boston,2215.0,,,,59087.0,,Multifamily Housing,Multifamily Housing (59087.0),73.5,90.0,4340478.5,3756900.2,199528.97,171037.0,35086.53,,,,,,,,,,,,,,,,,,,,,,50.35,,234615.5,,,,,,,,,,10.986766213039033,4.297285406218791,15.283495153455343,12.365703282925216,1,5,0.847813087641874,0.5868889822637708,0.847813087641874,0.5868889822637708,1,5
5578,C10031,401519000.0,,24-28 westland avenue,boston,2115.0,,,,43550.0,,Multifamily Housing,Multifamily Housing (43550.0),84.4,81.0,3673723.8,3225799.8,171322.227,131279.0,26930.574,,,,,,,,,,,,,,,,,,,,,,42.32,,198252.801,,,,,,,,,,10.68166498228065,4.4355674016019115,15.116716365012392,12.19729826802276,0,5,0.4547923825933596,1.0087327689631889,0.4547923825933596,1.0087327689631889,0,5
5581,C10034,1102640000.0,,"461, 463, 467, 469, 493, 495 arborway",boston,2130.0,,,,107517.0,,Multifamily Housing,Multifamily Housing (107517.0),102.6,16.0,11027221.7,9515900.2,505389.46,442943.0,90865.327,,,,,,,,,,,,,,,,,,,,,,59.93,,596254.787,,,,,,,,,,11.585404253582,4.630837932736669,16.215877473735045,13.29842334966399,1,1,2.737607868532603,1.0181051512440318,2.737607868532603,1.0181051512440318,1,1
5584,C10037,1002546000.0,,11 wyman street,jamaica plain,2130.0,,,,47268.0,,Multifamily Housing,Multifamily Housing (47268.0),23.5,100.0,1111720.0,663100.0,35217.241,131483.0,26972.423,,,,,,,,,,,,,,,,,,,,,,15.33,,62189.664,,,,,,,,,,10.763588812758906,3.1570004211501135,13.921418923524934,11.037944091285462,0,3,-1.711193018720031,-1.68603155966777,-1.711193018720031,-1.68603155966777,0,3
5601,C10055,,,64-72 iffley road & 449-451 walnut ave,dorchester,2124.0,,,,50856.0,,Multifamily Housing,Multifamily Housing (50856.0),82.7,40.0,4205070.4,3623914.7,192466.11,170327.0,34940.881,,,,,,,,,,,,,,,,,,,,,,50.67,,227406.991,,,,,,,,,,10.836753388616245,4.415219602029645,15.251801593222881,12.334496603009828,0,5,0.7485436233661608,0.8984024553262737,0.7485436233661608,0.8984024553262737,0,5
5606,C10060,203515600.0,,1-48 shipway place,charlestown,2129.0,,,,87390.0,0.0,Multifamily Housing,"Multifamily Housing (76461.0),Office (10929.0),Parking (15014.0)",24.5,92.0,2143752.8,,,628298.0,128889.052,,,,,,,,,,,,,,,,,,,,,,23.53,,128889.052,,,,,,,,,,11.37813613862159,3.1986731175506815,14.578068496017982,11.766707251262769,0,4,-0.27557621851247693,-1.8645037577304682,-0.27557621851247693,-1.8645037577304682,0,4
5612,C10066,,,11 tetlow street,boston,2115.0,,,,48984.0,,Multifamily Housing,Multifamily Housing (48984.0),79.1,76.0,3873635.7,3360000.0,178449.6,150538.0,30881.365,,,,,,,,,,,,,,,,,,,,,,45.24,,209330.965,,,,,,,,,,10.799248993157791,4.370712874773608,15.169704081356423,12.251671843023958,0,5,0.5857967992141727,0.8221837209556655,0.5857967992141727,0.8221837209556655,0,5
5613,C10067,,,1185- 1189 commonwealth ave,boston,2134.0,,,,39540.0,,Multifamily Housing,Multifamily Housing (39540.0),50.1,100.0,1979416.0,1651400.0,87705.854,96136.0,19721.339,,,,,,,,,,,,,,,,,,,,,,28.56,,107427.193,,,,,,,,,,10.585068096724608,3.914021008090819,14.49831240966961,11.584568622677322,0,6,-0.7126136303121776,-0.03407945048583447,-0.7126136303121776,-0.03407945048583447,0,6
5614,C10068,,,140 n beacon st,brighton,2135.0,,,,93864.0,,Multifamily Housing,Multifamily Housing (93864.0),33.8,63.0,3170506.9,223600.0,11875.396,863689.0,177177.161,,,,,,,,,,,,,,,,,,,,,,42.74,,189052.557,,,,,,,,,,11.44960220510346,3.520460802488973,14.96940203843274,12.149780334749959,1,4,0.4634129748770224,-1.2269527072410273,0.4634129748770224,-1.2269527072410273,1,4
5618,C10072,2101776000.0,,7-15 commonwealth court,brighton,2135.0,,,,81444.0,,Multifamily Housing,Multifamily Housing (81444.0),70.7,66.0,5761118.6,,,390082.0,80021.421,,,,,,,,,,4430158.8,328762.085,,,,,,,,,,,42.39,,408783.506,,,,,,,,,,11.30767094649176,4.258445572902527,15.566642215206315,12.920940969699533,1,1,1.6572870151369599,0.38344171396600435,1.6572870151369599,0.38344171396600435,1,1
5619,C10073,,,1197-1209 boylston street,boston,2215.0,,,,89046.0,,Multifamily Housing,Multifamily Housing (89046.0),59.3,97.0,5283121.1,1544100.0,82007.151,267893.0,54955.57,,,,,,,,,,2824970.2,209641.039,,,,,,,,,,,46.07,,346603.76,,,,,,,,,,11.396908369123873,4.08260930600368,15.4800275984656,12.755937504444848,1,1,1.4640017736727668,-0.02706328466827631,1.4640017736727668,-0.02706328466827631,1,1
5620,C10074,1903888000.0,,11 marion st,roslindatle,2131.0,,,,163216.0,,Multifamily Housing,Multifamily Housing (163216.0),46.4,96.0,7565147.3,5782500.1,307108.58,522464.0,107178.265,,,,,,,,,,,,,,,,,,,,,,23.61,,414286.845,,,,,,,,,,12.002829755922301,3.8372994592322094,15.839062376264204,12.934313875208009,1,1,2.162660152276956,-0.8164021334448922,2.162660152276956,-0.8164021334448922,1,1
5621,C10075,,,11-19 peterborough street,boston,2215.0,,,,32875.0,,Multifamily Housing,Multifamily Housing (32875.0),68.0,86.0,2236574.4,1838800.0,97658.668,116581.0,23915.426,,,,,,,,,,,,,,,,,,,,,,41.8,,121574.094,,,,,,,,,,10.400467769480066,4.219507705176107,14.620455967565983,11.708279183054213,0,0,-0.5359108705502533,0.6832377657773622,-0.5359108705502533,0.6832377657773622,0,0
5622,C10076,,,98-106 queensberry street,boston,2215.0,,,,66452.0,,Multifamily Housing,Multifamily Housing (66452.0),54.2,95.0,3601686.3,2837899.9,150720.864,223853.0,45921.204,,,,,,,,,,,,,,,,,,,,,,36.49,,196642.068,,,,,,,,,,11.10423516150637,3.9926809084456005,15.096912710420165,12.18914044142479,0,5,0.5412331648433232,-0.09803096650671425,0.5412331648433232,-0.09803096650671425,0,5
5624,C10078,501007000.0,,53-55 chandler st & 78-84 berkley st,boston,2116.0,,,,34350.0,,Multifamily Housing,Multifamily Housing (34350.0),22.5,99.0,774152.1,,,226891.0,46544.42,,,,,,,,,,,,,,,,,,,,,,15.19,,46544.42,,,,,,,,,,10.444357297650495,3.1135153092103742,13.55952364489389,10.74816240441376,0,3,-2.416025927520326,-1.6312550049112848,-2.416025927520326,-1.6312550049112848,0,3
5625,C10079,,,2 clarendon st,boston,2129.0,,,,96212.0,,Multifamily Housing,Multifamily Housing (96212.0),41.3,53.0,3973176.7,1297500.0,68910.225,784196.0,160869.967,,,,,,,,,,,,,,,,,,,,,,15.21,,229780.192,,,,,,,,,,11.474309368999135,3.720862499966987,15.195076509015395,12.344878443988868,1,4,0.8656110294056506,-0.8226407418131761,0.8656110294056506,-0.8226407418131761,1,4
5626,C10080,,,321-325 summit avenue,boston,2135.0,,,,31592.0,,Multifamily Housing,Multifamily Housing (31592.0),70.3,76.0,2219644.1,1945500.1,103325.51,80347.0,16482.384,,,,,,,,,,,,,,,,,,,,,,41.43,,119807.894,,,,,,,,,,10.360659202966485,4.252771798816619,14.612857425681273,11.693644855647886,0,0,-0.565508588927355,0.7693434753448054,-0.565508588927355,0.7693434753448054,0,0
5627,C10081,,,67-71 symphony road,boston,2115.0,,,,35460.0,,Multifamily Housing,Multifamily Housing (35460.0),29.2,100.0,1034724.8,651100.0,34579.921,112434.0,23064.711,,,,,,,,,,,,,,,,,,,,,,35.72,,57644.632,,,,,,,,,,10.476160579628198,3.374168709274236,13.849646055605797,10.962052407745212,0,3,-1.9246384719353324,-1.108154676515222,-1.9246384719353324,-1.108154676515222,0,3
5629,C10084,,,25 & 35 morrissey blvd,boston,2125.0,,,,184172.0,21870.0,Multifamily Housing,"Multifamily Housing (184172.0),Parking (30270.0)",40.9,,7531504.5,2707380.0,143788.952,1413870.0,290041.292,,,,,,,,,,,,,,,,,,,,,,32.44,,433830.244,,,,,,,,,,12.123625382562642,3.711130063048756,15.834605380615368,12.980408593709079,1,1,2.2237008916017458,-1.1285867784183627,2.2237008916017458,-1.1285867784183627,1,1
5630,C10085,,,120-124 peterborough street,boston,2215.0,,,,31840.0,,Multifamily Housing,Multifamily Housing (31840.0),65.8,80.0,2096354.9,1681500.1,89304.47,121587.0,24942.357,,,,,,,,,,,,,,,,,,,,,,35.03,,114246.827,,,,,,,,,,10.368478639958319,4.186619838331271,14.555710632608713,11.646116535941907,0,0,-0.6626949310813222,0.6290352740545909,-0.6626949310813222,0.6290352740545909,0,0
5631,C10086,,,16-20 queensberry street,boston,2215.0,,,,39775.0,,Multifamily Housing,Multifamily Housing (39775.0),32.8,99.0,1303263.1,10600.0,562.966,135190.0,27732.877,,,,,,,,,,831394.8,61697.808,,,,,,,,,,,20.29,,89993.651,,,,,,,,,,10.590993853205987,3.490428515390098,14.080381754373427,11.407494402379582,0,6,-1.3094801166176249,-0.9022531298576327,-1.3094801166176249,-0.9022531298576327,0,6
5632,C10087,,,32-36-40 queensberry street,boston,2215.0,,,,56650.0,,Multifamily Housing,Multifamily Housing (56650.0),40.4,96.0,2289674.7,17300.0,918.803,187452.0,38453.903,,,,,,,,,,1632788.5,121169.235,,,,,,,,,,,27.93,,160541.941,,,,,,,,,,10.944647266456153,3.6988297849671046,14.643920313038278,11.986310502057227,0,4,-0.15905789866757708,-0.6226585991883262,-0.15905789866757708,-0.6226585991883262,0,4
5633,C10089,,,77 & 81 park drive,boston,2215.0,,,,36915.0,,Multifamily Housing,Multifamily Housing (36915.0),45.4,98.0,1677665.9,887300.0,47124.503,231643.0,47519.245,,,,,,,,,,,,,,,,,,,,,,37.45,,94643.748,,,,,,,,,,10.516373251493265,3.8155121050473024,14.332914040106377,11.457875100573089,0,6,-1.0101489069759257,-0.20605819219000293,-1.0101489069759257,-0.20605819219000293,0,6
5634,C10090,,,105-111 queensberry street,boston,2215.0,,,,66320.0,,Multifamily Housing,Multifamily Housing (66320.0),66.3,69.0,4397032.3,3644700.0,193570.017,220496.0,45232.549,,,,,,,,,,,,,,,,,,,,,,54.86,,238802.566,,,,,,,,,,11.102246789809177,4.194189897191817,15.296440394053636,12.383392405836487,1,5,0.906406270395331,0.32193624835156276,0.906406270395331,0.32193624835156276,1,5
5635,C10091,,,51-55 queensberry street,boston,2215.0,,,,31090.0,,Multifamily Housing,Multifamily Housing (31090.0),46.2,95.0,1436566.2,988400.0,52493.924,131350.0,26945.139,,,,,,,,,,,,,,,,,,,,,,43.68,,79439.063,,,,,,,,,,10.344641503052799,3.832979798087693,14.177766240572145,11.282745503584033,0,6,-1.3583870996457623,-0.0956900303183633,-1.3583870996457623,-0.0956900303183633,0,6
5636,C10092,,,24-28 queensberry street,boston,2215.0,,,,37065.0,,Multifamily Housing,Multifamily Housing (37065.0),38.1,98.0,1410892.6,16100.0,855.071,117417.0,24086.923,,,,,,,,,,994165.8,73777.044,,,,,,,,,,,16.78,,98719.038,,,,,,,,,,10.52042840709082,3.6402142821326553,14.15973311170834,11.500033094359157,0,6,-1.1721281415715428,-0.5585459452329031,-1.1721281415715428,-0.5585459452329031,0,6
5637,C10093,2102170000.0,,"35 chiswick rd, 60 sutherland rd, 76-88 strathmore rd",boston,2135.0,,,,36760.0,,Multifamily Housing,Multifamily Housing (36760.0),90.5,55.0,3327168.1,2880800.1,152999.293,130823.0,26837.03,,,,,,,,,,,,,,,,,,,,,,39.33,,179836.323,,,,,,,,,,10.512165576469624,4.505349850705881,15.017632079723617,12.099802399526485,0,5,0.22611131335799903,1.2286939618885548,0.22611131335799903,1.2286939618885548,0,5
5638,C10094,,,108-112 jersey street,boston,2215.0,,,,36490.0,,Multifamily Housing,Multifamily Housing (36490.0),63.8,38.0,2328721.0,1476400.0,78411.604,249801.0,51244.177,,,,,,,,,,,,,,,,,,,,,,198.56,,129655.781,,,,,,,,,,10.504793529430493,4.155753190350744,14.660829747787652,11.772638379251566,0,0,-0.41522362974862204,0.5062563757532849,-0.41522362974862204,0.5062563757532849,0,0
