_id,Property Name,Reported,Tax Parcel,Property Type,Address,Year Built
1866,,Not Compliant,2100472000,Apartment,1047  COMMONWEALTH AV,
1867,,Not Compliant,2100220000,Apartment,900  BEACON ST,
1868,,Not Compliant,1801935000,Apartment Property / APT 100+ UNITS,80-20 FAIRLAWN AV,
1869,,Not Compliant,1801980000,APT 100+ UNITS,785 -795 CUMMINS HW,
1870,,Not Compliant,1903232000,APT 100+ UNITS,84 166 FAWNDALE RD,
2472,,Not Compliant,2101288000,APT 100+ UNITS,"11 CAMELOT CT , 02135",
1871,,Not Compliant,1801104000,APT 31-99 UNITS,876 886 CUMMINS HW,
1872,,Not Compliant,1600428000,APT 31-99 UNITS,5 15 VICTORY RD,
1873,,Not Compliant,401400000,APT 31-99 UNITS,24 HAVILAND ST,
1874,,Not Compliant,1301625000,APT 31-99 UNITS,200 HANCOCK ST,
1875,,Not Compliant,603924002,APT 31-99 UNITS,902 E SECOND ST,
1876,,Not Compliant,1905063000,APT 31-99 UNITS,253 261 HYDE PARK AV,
1877,,Not Compliant,2100026000,APT 31-99 UNITS,219 223 PARK DR,
1878,,Not Compliant,401515000,APT 31-99 UNITS,52 WESTLAND AV,
1879,,Not Compliant,2100043000,APT 31-99 UNITS,133 PETERBOROUGH ST,
1880,,Not Compliant,401517000,APT 31-99 UNITS,38 WESTLAND AV,
1881,,Not Compliant,203512200,APT 31-99 UNITS,    SIXTH ST,
1882,,Not Compliant,1704048010,APT 31-99 UNITS,40 RIVER ST,
1883,,Not Compliant,1806881000,APT 31-99 UNITS,145 NAVARRE ST,
1884,,Not Compliant,402245045,APT 31-99 UNITS,316 HUNTINGTON  AV,
1885,,Not Compliant,2010637001,APT 31-99 UNITS,1459 1461 VFW PW,
1886,,Not Compliant,504272000,APT 31-99 UNITS,111 PARK DR,
1887,,Not Compliant,504241000,APT 31-99 UNITS,11 QUEENSBERRY ST,
1888,,Not Compliant,601166030,APT 31-99 UNITS,63 MELCHER  ST,
1889,,Not Compliant,401409000,APT 31-99 UNITS,41 43 EDGERLY RD,
1890,,Not Compliant,504185000,APT 31-99 UNITS,1197 BOYLSTON ST,
1891,,Not Compliant,504186000,APT 31-99 UNITS,1203 BOYLSTON ST,
1892,,Not Compliant,504187000,APT 31-99 UNITS,1209 BOYLSTON ST,
1893,,Not Compliant,2102312000,APT 31-99 UNITS,1850 1848 COMMONWEALTH AV,
1894,,Not Compliant,2101546000,APT 31-99 UNITS,11 ROYCE RD,
1895,,Not Compliant,2101276000,APT 31-99 UNITS,91 99 GORDON ST,
1896,,Not Compliant,2100653000,APT 31-99 UNITS,43 55 LINDEN ST,
1897,,Not Compliant,1103286000,APT 31-99 UNITS,218 230 SOUTH ST,
1898,,Not Compliant,2101825000,APT 31-99 UNITS,159 161 KELTON ST,
1899,,Not Compliant,2100611000,APT 31-99 UNITS,31 35 GARDNER ST,
1900,,Not Compliant,401673000,APT 31-99 UNITS,121 ST STEPHEN ST,
1901,,Not Compliant,401721000,APT 31-99 UNITS,60 FENWAY ST,
1902,,Not Compliant,601267000,APT 31-99 UNITS,154 158 W SECOND ST,
1903,,Not Compliant,2101578000,APT 31-99 UNITS,1162 A1158 COMMONWEALTH AV,
1904,,Not Compliant,2102098000,APT 31-99 UNITS,23 27 LANARK RD,
1905,,Not Compliant,2102524000,APT 31-99 UNITS,5 3 LOTHIAN RD,
1906,,Not Compliant,1001248000,APT 31-99 UNITS,25 SUNSET ST,
1907,,Not Compliant,2101596000,APT 31-99 UNITS,1086 COMMONWEALTH AV,
1908,,Not Compliant,602877000,APT 7-30 UNITS,11 DORCHESTER ST,
1909,,Not Compliant,502640000,APT 7-30 UNITS,274 BEACON ST,
1910,,Not Compliant,502532000,APT 7-30 UNITS,101 CHESTNUT ST,
1911,,Not Compliant,2102548001,APT 7-30 UNITS,150 CHESTNUT HILL AV,
1912,,Not Compliant,2100540000,APT 7-30 UNITS,80 GARDNER ST,
1913,,Not Compliant,1901984000,APT 7-30 UNITS,16 14 LAKEVILLE RD,
1914,,Not Compliant,502294000,APT 7-30 UNITS,81 BEACON ST,
1915,,Not Compliant,501398002,APT 7-30 UNITS,180 NEWBURY ST,
2476,,Not Compliant,1812142000,APT 7-30 UNITS,1582 RIVER ST,
1916,,Not Compliant,2101072000,APT SUBSIDIZED HOUSING,10 LONG AV,
1917,,Not Compliant,2101071000,APT SUBSIDIZED HOUSING,114 GLENVILLE AV,
1918,,Not Compliant,1301082000,APT SUBSIDIZED HOUSING,12 ALEXANDER ST,
1919,,Not Compliant,402378000,APT SUBSIDIZED HOUSING,11 7 BLACKWOOD ST,
1920,,Not Compliant,304452000,APT SUBSIDIZED HOUSING,    PING ON ST/10 12 Oxford ,
1921,,Not Compliant,1202982000,APT SUBSIDIZED HOUSING,14 4 ABBOTSFORD ST,
1922,,Not Compliant,1811578000,APT SUBSIDIZED HOUSING,1332 1336 RIVER ST,
1923,,Not Compliant,402366000,APT SUBSIDIZED HOUSING,4 24 ALBEMARLE ST,
1924,,Not Compliant,1102906000,APT SUBSIDIZED HOUSING,107 137 FOREST HILLS ST,
1925,,Not Compliant,1200500000,APT SUBSIDIZED HOUSING,55 73 KENSINGTON PK,
1926,,Not Compliant,305478010,APT SUBSIDIZED HOUSING,    PINE ST,
1927,,Not Compliant,1402922010,APT SUBSIDIZED HOUSING,112 114 BERNARD ST,
1928,,Not Compliant,2101070000,APT SUBSIDIZED HOUSING,118 GLENVILLE AV,
1929,,Not Compliant,1101913000,APT SUBSIDIZED HOUSING,241 WALNUT AV,
1930,,Not Compliant,1202424000,APT SUBSIDIZED HOUSING,1 4 MAPLE CT,
1931,,Not Compliant,203515525,APT SUBSIDIZED HOUSING,    NINTH ST,
1936,,Not Compliant,203510050,BOST REDEVELOP AUTH,FIFTH AV,
1937,,Not Compliant,800900020,BOST REDEVELOP AUTH,    MASSACHUSETTS AV,
1938,,Not Compliant,800900150,BOST REDEVELOP AUTH,    ALBANY ST,
1939,,Not Compliant,306560000,BOSTON HOUSING AUTH,32 60 PAUL SULLIVAN WY,
1940,,Not Compliant,202565000,BOSTON HOUSING AUTH,    RUTHERFORD AV,
1941,,Not Compliant,1400082000,CHARITABLE ORGANIZTN,    185 COLUMBIA RD,
1942,,Not Compliant,300441001,CHARITABLE ORGANIZTN,317 325 CAMBRIDGE ST,
1943,,Not Compliant,1000599000,CHARITABLE ORGANIZTN,35 39 PONTIAC ST,
1944,,Not Compliant,401483000,CHARITABLE ORGANIZTN,251 A-261 HUNTINGTON AV,
1945,,Not Compliant,1102897010,CHARITABLE ORGANIZTN,3368 WASHINGTON ST,
1946,,Not Compliant,2202497000,"CHURCH, SYNAGOGUE",    LEICESTER ST,
1947,,Not Compliant,2202496000,"CHURCH, SYNAGOGUE",    ARLINGTON ST,
1948,,Not Compliant,2201177000,"CHURCH, SYNAGOGUE",    HOLTON ST,
1949,,Not Compliant,1700698000,"CHURCH, SYNAGOGUE",44 MOULTRIE ST,
1950,,Not Compliant,401334000,"CHURCH, SYNAGOGUE",14 18 BELVIDERE ST,
1951,,Not Compliant,306500000,"CHURCH, SYNAGOGUE",553 HARRISON AV,
1952,,Not Compliant,1201580000,"CHURCH, SYNAGOGUE",    WALNUT AV,
1953,,Not Compliant,401185000,"CHURCH, SYNAGOGUE",204 216 MASSACHUSETTS AV,
1954,,Not Compliant,401162000,"CHURCH, SYNAGOGUE",93 105 FALMOUTH ST,
1955,,Not Compliant,401150000,"CHURCH, SYNAGOGUE",101 -111 BELVIDERE ST,
1956,,Not Compliant,801715000,"CHURCH, SYNAGOGUE",20 REED ST,
1957,,Not Compliant,1100843000,CITY OF BOSTON,279 HIGHLAND ST,
1959,,Not Compliant,801022030,COLD STORAGE WAREHOUSE,88 80 NEWMARKET SQ,
1960,,Not Compliant,402236000,COLLEGE,360 -402 HUNTINGTON AV,
1961,,Not Compliant,305253000,COLLEGE,116 HARRISON AV,
1962,,Not Compliant,401847000,COLLEGE,264 -274 BROOKLINE AV,
1963,,Not Compliant,2205268080,COLLEGE,197 FOSTER ST,
1964,,Not Compliant,402248000,COLLEGE,10 GAINSBOROUGH ST,
1965,,Not Compliant,402222010,COLLEGE,450 -510 PARKER ST,
1966,,Not Compliant,402038000,COLLEGE,590 594 HUNTINGTON AV,
1967,,Not Compliant,401676000,COLLEGE,341 345 HUNTINGTON AV,
1968,,Not Compliant,305252000,COLLEGE,120 134 HARRISON AV,
1969,,Not Compliant,801030020,COLLEGE,610 ALBANY  ST,
1970,,Not Compliant,402129000,COLLEGE,416 HUNTINGTON AV,
1971,,Not Compliant,402037001,COLLEGE,610 -620 HUNTINGTON AV,
1972,,Not Compliant,401810000,COLLEGE,    EVANS WY,
1973,,Not Compliant,401847015,COLLEGE,45 AVENUE LOUIS PASTEUR ,
1610,Boston College   (BERDO),Reported,2102473001,College/University,140 Commonwealth Ave,1863
1713,Jordan Hall,Reported,402246001,College/University,290 Huntington Ave,1867
187,8 Fenway,Reported,401795000,College/University,8 The Fenway ,1890
8,Walker Building,Reported,500043011,College/University,120 Boylston St,1891
183,136 Mass Ave,Reported,401373001,College/University,150 Mass Ave,1900
1364,Main College Building,Submitted with possible data errors,401842000,College/University,300 The Fenway,1901
692,Smith Hall,Reported,401728000,College/University,125 Hemenway Street,1902
1450,622-640 Commonwealth Avenue,Reported,2100348000,College/University,622-640 Commonwealth Avenue,1902
1354,North Hall,Reported,402012000,College/University,86 Pilgrim Road,1903
1359,South Hall,Reported,402012000,College/University,321 Brookline Avenue,1903
1351,Main Campus,Reported,401842000,College/University,300 The Fenway,1904
1369,Alumnae Hall,Reported,402012000,College/University,321R Brookline Avenue,1904
1353,Residence Campus,Reported,,College/University,54 Pilgrim Road,1905
1501,Gordon Hall,Reported,401882000,College/University,25 Shattuck St,1905
1513,Tosteson Medical Education Center (TMEC),Reported,401882000,College/University,260 Longwood Ave,1905
1715,241 St. Botolph,Reported,402281000,College/University,241 St. Botolph Street,1905
689,Loftman Hall,Voluntary,,College/University,"163, 157, 153 Hemenway Street",1909
1458,64-86 Cummington Street,Reported,2100281000,College/University,64-86 Cummington Street,1909
1485,School of Dental Medicine,Reported,401882000,College/University,188 Longwood Ave,1909
685,Warehouse,Reported,1101222000,College/University,76 Atherton Street,1910
694,Columbus Place,Reported,901417000,College/University,716 Columbus Avenue,1910
1331,Wentworth Institute of Technology,Reported,,College/University,550 Huntington Ave.,1910
1497,160-164 Longwood,Reported,401882000,College/University,160-164 Longwood,1910
1502,HMS-641 Huntington,Reported,401882000,College/University,641 Huntington,1910
691,Kennedy Hall,Reported,401725000,College/University,115 Hemenway Street,1911
1409,111 Cummington Street (664-666 Comm. Ave),Reported,2100282000,College/University,111 Cummington Street (664-666 Comm. Ave),1911
690,780 Columbus Avenue,Reported,901364000,College/University,780 Columbus Avenue,1912
698,140 The Fenway,Reported,401706000,College/University,140 The Fenway,1912
1446,700 Beacon Street,Reported,504144000,College/University,700 Beacon Street,1917
1433,855 Commonwealth Avenue,Reported,2100397000,College/University,855 Commonwealth Avenue,1919
181,1140 Boylston Street,Reported,401755000,College/University,1140 Boylston Street,1920
1503,180 Longwood,Reported,401872000,College/University,180 Longwood,1920
687,"Cahners,Cushing,kerr,Melvin Campus",Voluntary,,College/University,90 The Fenway,1923
695,337 Huntington Avenue,Reported,401679000,College/University,337 Huntington Avenue,1923
1410,110-112 Cummington Street,Submitted with possible data errors,2100277000,College/University,110-112 Cummington Street,1923
2,216 Tremont,Reported,304909000,College/University,216 Tremont Street,1926
686,"Rubenstein,Burstein Campus",Reported,402033000,College/University,454-458-460 Huntington Avenue,1926
1462,871 Commonwealth Avenue,Reported,2100398000,College/University,871 Commonwealth Avenue,1926
1509,Vanderbilt Hall,Reported,401850000,College/University,107 Avenue Louis Pasteur,1927
4,Ansin Building,Reported,304890100,College/University,180 Tremont St,1931
1492,Dillon Field House,Reported,2200533000,College/University,47 North Harvard Street,1931
1357,Evans Hall,Reported,402022000,College/University,305 Brookline Avenue,1938
1460,675-725 Commonwealth Avenue,Reported,25887291000,College/University,675-725 Commonwealth Avenue,1938
955,B003-BRPH (M&V),Reported,,College/University,136 Harrison Ave,1940
1465,745-755 Commonwealth Avenue,Reported,25887291000,College/University,745-755 Commonwealth Avenue,1947
186,921 Boylston St.,Reported,503103000,College/University,921 Boylston Street,1950
959,B002-PosnerHall,Reported,305081000,College/University,200 Harrison Ave,1951
1362,Arnold Hall,Reported,402013000,College/University,78 Pilgrim Road,1951
1815,Showa Boston Institute of Language and Culture,Reported,1902456000,College/University,420 Pond Street,1951
1352,Morse Hall,Reported,402017000,College/University,275 Brookline Avenue,1953
1360,Dix Hall,Reported,402016000,College/University,30 Pilgrim Road,1953
1525,Aldrich Hall,Reported,2200530000,College/University,35 Harvard Way,1953
699,Northeastern University Big Campus,Reported,401620000,College/University,360 Huntington Avenue,1956
1356,Simmons Hall,Reported,402017000,College/University,255 Brookline Avenue,1956
1361,Bartol Hall,Reported,402012000,College/University,84 Pilgrim Road,1956
1712,33 Gainsborough Street,Reported,402282000,College/University,33 Gainsborough Street,1956
1471,631-639 Commonwealth Avenue,Reported,504089000,College/University,631-639 Commonwealth Avenue,1957
1523,"Buildings 1, 2, 3 & 4 (Rollup)",Reported,401880000,College/University,650-665-677 Huntington Ave,1960
1350,Mesick Hall,Reported,402020000,College/University,291 Brookline Avenue,1961
1363,Lefavour Hall,Submitted with possible data errors,401842000,College/University,2 Avenue Louis Pasteur,1961
1506,Countway,Reported,401882000,College/University,10 Shattuck St,1963
1517,Batten Hall,Reported,2200500000,College/University,125 Western Avenue,1963
1358,Smith Hall,Reported,402015000,College/University,54 Pilgrim Road,1964
1444,765 Commonwealth Avenue,Reported,25887291000,College/University,765 Commonwealth Avenue,1964
1348,Health Center,Reported,402012000,College/University,94 Pilgrim Road,1965
1475,Activities Building (180 Riverway),Reported,402000000,College/University,180 Riverway,1967
1419,70-72 East Concord Street L Building,Reported,801403000,College/University,72 East Concord Street,1968
1366,Park Science Center,Submitted with possible data errors,401842000,College/University,300 The Fenway,1972
958,B001-Dental,Reported,305380000,College/University,1 Kneeland Street,1973
1520,Blodgett Pool,Reported,2200533000,College/University,55 North Harvard Street,1977
1453,605-615 Commonwealth Avenue (2 Silber Way),Reported,504081000,College/University,605-615 Commonwealth Avenue (2 Silber Way),1981
956,B011-Sackler,Reported,305371000,College/University,145 Harrison Ave,1986
1349,Holmes Sports Center,Reported,402012000,College/University,331 Brookline Avenue,1989
1732,Ridgeway Building,Reported,300087000,College/University,148 Cambridge Street,1989
1724,1 Palace Rd-collegeUniversity,Reported,401836000,College/University,1 Palace Rd,1995
1725,662 Huntington Ave-collegeUniversity,Reported,1000150000,College/University,662 Huntingtn Ave,1995
1726,179 Longwood Ave-collegeUniversity,Reported,401844000,College/University,179 Longwood Ave,1995
1436,577-599 Commonwealth Avenue (595 Comm Ave),Reported,503991000,College/University,577-599 Commonwealth Avenue (595 Comm Ave),1996
697,Davenport Commons A,Reported,901434010,College/University,700 Columbus Avenue,2001
700,Davenport Commons B,Reported,901335010,College/University,696 Columbus Avenue,2001
957,B008_Jaharis,Reported,305104000,College/University,150 Harrison Ave,2002
1365,One Palace Road,Submitted with possible data errors,401842000,College/University,1 Palace Road,2002
1554,Hawes Hall,Reported,2200530000,College/University,37 Harvard Way,2002
696,10 Coventry Street,Reported,901381010,College/University,10 Coventry Street,2004
1368,School Of Management and Academic Building,Submitted with possible data errors,401842000,College/University,300R The Fenway,2008
693,International Village,Reported,902704040,College/University,1155-1175 Tremont Street,2009
1498,Weld Hill Research and Admin Building,Reported,2005207000,College/University,1300 Centre Street,2009
6,543-547 Washington Street,Reported,304839010,College/University,543-547 Washington Street,2010
182,31 Hemenway Street,Reported,401763000,College/University,31 Hemenway Street ,2010
1455,100 Bay State Road,Reported,504028000,College/University,100 Bay State Road,2012
1723,660 Huntington Ave-College/University,Reported,1000037000,College/University,660 Huntington Ave,2013
1729,20 Somerset Building,Reported,302782000,College/University,20 Somerset Street,2015
1538,Chao Center,Reported,2200530000,College/University,49 Harvard Way,2016
688,Interdisciplinary Science & Engineering Comples (ISEC),Reported,901340000,College/University,805 Columbus Avenue,2017
1714,255 St. Botolph Street SLPC,Reported,402281000,College/University,255 St. Botolph Street,2017
1488,Klarman Hall,Reported,2200490000,College/University,113 Western Avenue,2018
1974,,Not Compliant,1301339000,COM MULTI-USE,767 781 DUDLEY ST,
1975,,Not Compliant,305265000,COM MULTI-USE,41 55 BEACH ST,
1976,,Not Compliant,401398000,COM MULTI-USE,20 HEMENWAY ST,
1977,,Not Compliant,304950000,COM MULTI-USE,37 31 BEACH ST,
1978,,Not Compliant,304944000,COM MULTI-USE,692 686 WASHINGTON ST,
1979,,Not Compliant,2100471000,COM MULTI-USE,1039 -1045 COMMONWEALTH AV,
1980,,Not Compliant,103705000,COM MULTI-USE,102 140 CONDOR ST,
1981,,Not Compliant,302811000,COM MULTI-USE,140 130 BOWDOIN ST,
1982,,Not Compliant,401401000,COM MULTI-USE,20 22 HAVILAND ST,
1983,,Not Compliant,2204704000,COM MULTI-USE,200 206 LAKE ST,
1984,,Not Compliant,2100675010,COM MULTI-USE,334 362 CAMBRIDGE ST,
1985,,Not Compliant,304797000,COM MULTI-USE,134 131 TREMONT ST,
1986,,Not Compliant,2100465000,COM MULTI-USE,20 14 LINDEN ST,
1987,,Not Compliant,601166050,COM MULTI-USE,49 MELCHER ST,
1988,,Not Compliant,1102534000,COM MULTI-USE,510 AMORY ST,
1989,,Not Compliant,300660020,COMM CONDO,161 - 209 CAMBRIDGE ST,
1990,,Not Compliant,901323200,CONDO MAIN,168 R CAMDEN ST,
1991,,Not Compliant,2205081000,CONDO MAIN,1997 2003 COMMONWEALTH AV,
1992,,Not Compliant,2204563000,CONDO MAIN,112 135 HUNTINGTON RD,
1993,,Not Compliant,2203429010,CONDO MAIN,140 -188 NEWTON ST,
1994,,Not Compliant,2102649000,CONDO MAIN,1691 COMMONWEALTH AV,
1995,,Not Compliant,2102478000,CONDO MAIN,1945 1949 COMMONWEALTH AV,
1996,,Not Compliant,2102467000,CONDO MAIN,1992 1982 COMMONWEALTH AV,
1997,,Not Compliant,2102144000,CONDO MAIN,65 STRATHMORE RD,
1998,,Not Compliant,2101992000,CONDO MAIN,25 39 MT HOOD RD,
1999,,Not Compliant,2101294000,CONDO MAIN,533 CAMBRIDGE ST,
2000,,Not Compliant,2100873000,CONDO MAIN,10 32A GLENVILLE AV,
2001,,Not Compliant,2100044000,CONDO MAIN,137 PETERBOROUGH ST,
2002,,Not Compliant,2011957010,CONDO MAIN,5170 WASHINGTON ST,
2003,,Not Compliant,2009216001,CONDO MAIN,1210 1218 VFW PW,
2004,,Not Compliant,2009063010,CONDO MAIN,990 - 1100 VFW PW,
2005,,Not Compliant,2008448000,CONDO MAIN,293 297 TEMPLE ST,
2006,,Not Compliant,2007504000,CONDO MAIN,923 -955 LAGRANGE ST,
2007,,Not Compliant,2007013500,CONDO MAIN,44 BROADLAWN PK,
2008,,Not Compliant,2002929000,CONDO MAIN,4925 WASHINGTON ST,
2009,,Not Compliant,1902014000,CONDO MAIN,7 33 LAKEVILLE RD,
2010,,Not Compliant,1812152050,CONDO MAIN,1 WESTINGHOUSE PZ,
2011,,Not Compliant,1806810000,CONDO MAIN,800 790 HYDE PARK AV,
2012,,Not Compliant,1103322000,CONDO MAIN,171 SOUTH ST,
2013,,Not Compliant,1203393000,CONDO MAIN,135 TOWNSEND ST,
2014,,Not Compliant,401530000,CONDO MAIN,23 27 ST STEPHEN ST,
2015,,Not Compliant,1303045000,CONDO MAIN,950 DORCHESTER AV,
2016,,Not Compliant,1302562000,CONDO MAIN,5 10 LINDA LA,
2017,,Not Compliant,2102164000,CONDO MAIN,63 SUTHERLAND RD,
2018,,Not Compliant,2000386000,CONDO MAIN,6 HAYES RD,
2019,,Not Compliant,503698000,CONDO MAIN,520 BEACON ST,
2020,,Not Compliant,2100543000,CONDO MAIN,89 97 CHESTER ST,
2021,,Not Compliant,2010347000,CONDO MAIN,116 SPRING ST,
2022,,Not Compliant,1103762000,CONDO MAIN,29 41 MORTON ST,
2023,,Not Compliant,2202190000,CONDO MAIN,350 GLENCOE ST,
2024,,Not Compliant,1101935020,CONDO MAIN,43243 ELMORE ST,
2025,,Not Compliant,1807913000,CONDO MAIN,175 CLARE AV,
2026,,Not Compliant,2100968000,CONDO MAIN,69 QUINT AV,
2027,,Not Compliant,2102493000,CONDO MAIN,247 249 CHESTNUT HILL AV,
2028,,Not Compliant,2101457000,CONDO MAIN,15 19 WALBRIDGE ST,
2029,,Not Compliant,1100871010,CONDO MAIN,1542 R COLUMBUS AV,
2030,,Not Compliant,1002301000,CONDO MAIN,319 -329A CENTRE ST,
2031,,Not Compliant,1000319100,CONDO MAIN,80 - 82 FENWOOD RD,
2032,,Not Compliant,1000319010,CONDO MAIN,80- 82 FENWOOD RD,
2033,,Not Compliant,902416010,CONDO MAIN,10 WILLIAMS ST,
2034,,Not Compliant,801361005,CONDO MAIN,725 -735 HARRISON AV,
2035,,Not Compliant,1600656000,CONDO MAIN,60 GIBSON ST,
2036,,Not Compliant,604420000,CONDO MAIN,1 33 LENNON CT,
2037,,Not Compliant,801037000,CONDO MAIN,140 CUMMINGS ST,
2038,,Not Compliant,1603872000,CONDO MAIN,48 COFFEY ST,
2039,,Not Compliant,801592000,CONDO MAIN,687 - 697 MASSACHUSETTS AV,
2040,,Not Compliant,603733010,CONDO MAIN,881 E FIRST ST,
2041,,Not Compliant,603455000,CONDO MAIN,653 659 E SECOND ST,
2042,,Not Compliant,500697000,CONDO MAIN,9 APPLETON ST,
2043,,Not Compliant,602867010,CONDO MAIN,392 -412 W FIRST ST,
2044,,Not Compliant,303575000,CONDO MAIN,144 126 COMMERCIAL ST,
2045,,Not Compliant,601111000,CONDO MAIN,309 E ST,
2046,,Not Compliant,600223000,CONDO MAIN,2 W SIXTH ST,
2047,,Not Compliant,600007010,CONDO MAIN,9 W BROADWAY  ,
2048,,Not Compliant,304466000,CONDO MAIN,40 44 HARRISON AV,
2049,,Not Compliant,502641000,CONDO MAIN,280 BEACON ST,
2050,,Not Compliant,502566000,CONDO MAIN,100 BEACON ST,
2051,,Not Compliant,502282002,CONDO MAIN,20 26 CHARLES ST,
2052,,Not Compliant,501382000,CONDO MAIN,180 COMMONWEALTH AV,
2053,,Not Compliant,501260000,CONDO MAIN,90 COMMONWEALTH AV,
2054,,Not Compliant,501226000,CONDO MAIN,2 COMMONWEALTH AV,
2055,,Not Compliant,400945000,CONDO MAIN,25 7 FOLLEN ST,
2056,,Not Compliant,2205284000,CONDO MAIN,2031 2309 COMMONWEALTH AV,
2057,,Not Compliant,305346000,CONDO MAIN,121 123 BEACH ST,
2058,,Not Compliant,305344100,CONDO MAIN,109 119 BEACH ST,
2059,,Not Compliant,305336000,CONDO MAIN,210 216 LINCOLN ST,
2060,,Not Compliant,305263000,CONDO MAIN,74 68 HARRISON AV,
2061,,Not Compliant,304650000,CONDO MAIN,40 62 FRANKLIN ST,
2062,,Not Compliant,303547000,CONDO MAIN,45 63 ATLANTIC AV,
2063,,Not Compliant,302303010,CONDO MAIN,21 N BENNET ST,
2064,,Not Compliant,2010803000,CONDO MAIN,5269 A-529 WASHINGTON ST,
2065,,Not Compliant,300069000,CONDO MAIN,28 -32 DERNE ST,
2066,,Not Compliant,203511200,CONDO MAIN,38 THIRD AV,
2067,,Not Compliant,104128000,CONDO MAIN,320 MAVERICK ST,
2068,,Not Compliant,503916000,CONDO MAIN,466 464 COMMONWEALTH AV,
2069,,Not Compliant,400206000,CONDO MAIN,2 CLARENDON ST,
2070,,Not Compliant,2201907000,CONDO MAIN,15 GUEST ST,
2071,,Not Compliant,2201906010,CONDO MAIN,20 GUEST ST,
2072,,Not Compliant,2102476000,CONDO MAIN,1933 COMMONWEALTH AV,
2073,,Not Compliant,602833000,CONDO MAIN,437 D ST,
2074,,Not Compliant,304665000,CONDO MAIN,181 185 DEVONSHIRE ST,
2075,,Not Compliant,2101543000,CONDO MAIN,1258 1254 COMMONWEALTH AV,
2076,,Not Compliant,504150000,CONDO MAIN,645 635 BEACON ST,
2077,,Not Compliant,901335050,CONDO MAIN,951 961 TREMONT ST,
2078,,Not Compliant,2102529000,CONDO MAIN,32 24 SIDLAW RD,
2079,,Not Compliant,602669005,CONDO MAIN,15 33 SLEEPER ST / 33 Sleeper St ,
2080,,Not Compliant,1807263000,CONDO MAIN,1 -102 VICTORIA HEIGHTS RD,
2081,,Not Compliant,2203713000,CONDO MAIN,121 TREMONT ST,
2082,,Not Compliant,2204946000,CONDO MAIN,99 111 CHESTNUT HILL AV,
2083,,Not Compliant,2101539000,CONDO MAIN,59 BRAINERD RD,
2084,,Not Compliant,2007011200,CONDO MAIN,48 22 BRYON RD,
2085,,Not Compliant,602680150,CONDO MAIN,225 NORTHERN  AV,
2086,,Not Compliant,502442001,CONDO MAIN,145 PINCKNEY ST,
2087,,Not Compliant,2101986000,CONDO MAIN,41 67 COLBORNE RD,
2088,,Not Compliant,2012245000,CONDO MAIN,5050 WASHINGTON ST,
2089,,Not Compliant,2007012000,CONDO MAIN,46 20 WESTGATE RD,
2090,,Not Compliant,504253000,CONDO MAIN,63 69 PARK DR,
2091,,Not Compliant,602655010,CONDO MAIN,346 - 354 CONGRESS ST,
2092,,Not Compliant,600685010,CONDO MAIN,118 -130 TUDOR ST,
2093,,Not Compliant,504283000,CONDO MAIN,62 66 QUEENSBERRY ST,
2094,,Not Compliant,503644000,CONDO MAIN,483 479 BEACON ST,
2095,,Not Compliant,503289000,CONDO MAIN,324 332 BEACON ST,
2096,,Not Compliant,503015000,CONDO MAIN,90 82 MASSACHUSETTS AV,
2097,,Not Compliant,501312000,CONDO MAIN,265 275 DARTMOUTH ST,
2098,,Not Compliant,203690000,CONDO MAIN,88 58 MAIN ST,
2099,,Not Compliant,602753010,CONDO MAIN,21 WORMWOOD ST,
2100,,Not Compliant,300660016,CONDO MAIN,161 - 209 CAMBRIDGE ST,
2101,,Not Compliant,300660010,CONDO MAIN,161 209 CAMBRIDGE  ST,
2102,,Not Compliant,305560010,CONDO MAIN,821 831 WASHINGTON ST,
2103,,Not Compliant,2101515000,CONDO MAIN,85 BRAINERD RD,
2104,,Not Compliant,400554010,CONDO MAIN,301 - 319 COLUMBUS AV,
2105,,Not Compliant,1000308000,CONDO MAIN,386 378 RIVERWAY ST,
2106,,Not Compliant,503934020,CONDO MAIN,498 -528 COMMONWEALTH AV,
2107,,Not Compliant,401147000,CONDO MAIN,219 223 COLUMBUS AV,
2108,,Not Compliant,2102180000,CONDO MAIN,132 116 SUTHERLAND RD,
2109,,Not Compliant,2011354000,CONDO MAIN,95 99 GROVE ST,
2110,,Not Compliant,2205124000,CONDO MAIN,185 189 CHESTNUT HILL AV,
2111,,Not Compliant,900860010,CONDO MAIN,1721 WASHINGTON ST,
2112,,Not Compliant,501607000,CONDO MAIN,37 BEACON ST,
2113,,Not Compliant,604434000,CONDO MAIN,125 145 FARRAGUT RD,
2114,,Not Compliant,601728000,CONDO MAIN,314 330 W SECOND ST,
2115,,Not Compliant,501380000,CONDO MAIN,190 184 COMMONWEALTH AV,
2116,,Not Compliant,304782010,CONDO MAIN,449 463 WASHINGTON ST,
2117,,Not Compliant,1801543000,CONDO MAIN,25 ALPINE ST,
2118,,Not Compliant,2102330000,CONDO MAIN,8 4 CHISWICK RD,
2119,,Not Compliant,2102215000,CONDO MAIN,1734 1714 COMMONWEALTH AV,
2120,,Not Compliant,401037920,CONDO MAIN,778 BOYLSTON ST,
2121,,Not Compliant,303822110,CONDO MAIN,3 MCKINLEY SQ,
2122,,Not Compliant,2101916000,CONDO MAIN,1607 COMMONWEALTH AV,
2123,,Not Compliant,2100921000,CONDO MAIN,28 QUINT AV,
2124,,Not Compliant,504245000,CONDO MAIN,31 35 QUEENSBERRY ST,
2125,,Not Compliant,504290000,CONDO MAIN,107 111 JERSEY ST,
2126,,Not Compliant,2102405000,CONDO MAIN,46 36 ORKNEY RD,
2127,,Not Compliant,503692000,CONDO MAIN,490 492 BEACON ST,
2128,,Not Compliant,503228000,CONDO MAIN,201 NEWBURY ST,
2129,,Not Compliant,501278000,CONDO MAIN,52 COMMONWEALTH AV,
2130,,Not Compliant,2102366000,CONDO MAIN,52 48 STRATHMORE RD,
2131,,Not Compliant,2101707100,CONDO MAIN,300 ALLSTON ST,
2132,,Not Compliant,1605381000,CONDO MAIN,135 GRANITE AV,
2133,,Not Compliant,602643020,CONDO MAIN,101 SEAPORT BL,
2134,,Not Compliant,2101749000,CONDO MAIN,301 ALLSTON ST,
2135,,Not Compliant,1102178000,CONDO MAIN,65 CORNWALL ST,
2136,,Not Compliant,801374000,CONDO MAIN,10 ST GEORGE ST,
2137,,Not Compliant,600053010,CONDO MAIN,45 -55 W BROADWAY  ,
2138,,Not Compliant,2102352000,CONDO MAIN,6 2 SUTHERLAND RD,
2139,,Not Compliant,2101770000,CONDO MAIN,1488 1476 COMMONWEALTH AV,
2140,,Not Compliant,2101414000,CONDO MAIN,1408 1394 COMMONWEALTH AV,
2141,,Not Compliant,2010343000,CONDO MAIN,5 17 CASS ST,
2142,,Not Compliant,2200650000,CONDO MAIN,26 WAVERLY ST,
2143,,Not Compliant,503187000,CONDO MAIN,282 274 COMMONWEALTH AV,
2144,,Not Compliant,1001783000,CONDO MAIN,238 246 S HUNTINGTON AV,
2145,,Not Compliant,900400050,CONDO MAIN,1595 1631 WASHINGTON ST,
2146,,Not Compliant,900956000,CONDO MAIN,255 265 NORTHAMPTON ST,
2147,,Not Compliant,500810000,CONDO MAIN,20 -54 PARK PZ,
2148,,Not Compliant,304242000,CONDO MAIN,88 100 KINGSTON ST,
2149,,Not Compliant,1701640000,CONDO MAIN,245 265 NORFOLK ST,
2150,,Not Compliant,2102013000,CONDO MAIN,1666 1662 COMMONWEALTH AV,
2151,,Not Compliant,2003590000,CONDO MAIN,200 -232 ALLANDALE ST,
2152,,Not Compliant,502633000,CONDO MAIN,250 BEACON ST,
2470,,Not Compliant,602641200,CONDO MAIN,23-55 NORTHERN AV,
2477,,Not Compliant,600301000,CONDO MAIN,152 156 W BROADWAY,
2478,,Not Compliant,601233000,CONDO MAIN,45 W THIRD ST,
2479,,Not Compliant,2102015000,CONDO MAIN,1650 COMMONWEALTH AV,
2481,,Not Compliant,103859000,CONDO MAIN,70 BREMEN ST,
1958,,Not Compliant,801391022,CO-OP APARTMENT,45 E NEWTON ST,
2482,,Not Compliant,300450972,Educational Private / Other,10 WHITTIER PL,
2153,,Not Compliant,2102168001,ELDERLY HOME,50 SUTHERLAND RD,
2154,,Not Compliant,1501522000,ELDERLY HOME,    DITSON ST,
2155,,Not Compliant,701435000,ELDERLY HOME,1380 COLUMBIA RD,
2156,,Not Compliant,2101707700,ELDERLY HOME,180 COREY RD,
2157,,Not Compliant,202974000,ELDERLY HOME,100 FERRIN ST,
2158,,Not Compliant,1404238300,EXEMPT 121A PROPERTY,33543 FERMOY HEIGHTS AV,
2159,,Not Compliant,304483000,EXEMPT 121A PROPERTY,13 17 OXFORD ST,
2160,,Not Compliant,1000300000,EXEMPT 121A PROPERTY,873 HUNTINGTON AV,
2161,,Not Compliant,202164100,EXEMPT 121A PROPERTY,    STREET A  ,
2162,,Not Compliant,1201345000,EXEMPT 121A PROPERTY,16 AKRON ST,
2163,,Not Compliant,401507000,EXEMPT 121A PROPERTY,76 78 WESTLAND AV,
2164,,Not Compliant,602679010,EXEMPT 121A PROPERTY,1 SEAPORT LA,
401,Omni Parker House,Reported,304696000,Hotel,60 School Street,1855
672,Harborside Inn,Submitted with possible data errors,303808000,Hotel,185 State Street,1875
68,Boston Copley Square Courtyard,Reported,401057000,Hotel,88 Exeter st,1890
961,The Revolution Hotel,Reported,500865000,Hotel,40 Berkeley,1899
877,1234 Soldiers Field Road,Reported,2200562002,Hotel,1234 Soldiers Field Road,1900
1817,The Lenox Hotel,Submitted with possible data errors,401038000,Hotel,710 Boylston Street,1900
190,Residence inn seaport by marriott,Submitted with possible data errors,602653010,Hotel,370 Congress St,1901
1841,Devonshire Arch,Reported,304664000,Hotel,159-175 Devonshire St.,1908
549,254-The Whitney,Reported,502443000,Hotel,170 Charles Street,1909
1599,The Eliot Hotel,Reported,503800000,Hotel,370 Commonwealth Avenue,1925
1858,Boston Park Plaza,Voluntary,500810004,Hotel,50 Park Plaza,1927
559,The Verb Hotel,Reported,504208000,Hotel,1271 Boylston St,1959
69,Wyndham Boston Beacon Hill,Reported,300660002,Hotel,5 Blossom Street,1968
1837,The Colonnade Hotel,Reported,400905000,Hotel,120 Huntington Avenue,1971
736,Ramada Boston,Reported,1602588000,Hotel,800 Morrissey Blvd,1972
824,A0000048 - REVERE_BOS_NKOBT,Submitted with possible data errors,500135002,Hotel,200 STUART ST,1977
238,Boston Devonshire MA HC,Reported,303883000,Hotel,60 Devonshire St,1980
336,Four Seasons Boston,Reported,501185000,Hotel,200/220 Boylston Street,1980
216,"The Bostonian Boston, a Millennium Hotel",Reported,303365000,Hotel,26 North Street,1982
337,Hyatt Regency Boston,Reported,304500100,Hotel,One Avenue De Lafayette,1983
497,Hyatt Regency Boston,Reported,304500100,Hotel,One Avenue deLafayette,1983
760,33787-Boston Copley Marriott,Reported,400985100,Hotel,110 Huntington Ave,1983
821,A0000034 - COPLEY_BOS_BACKSTREETS,Reported,401067010,Hotel,10 HUNTINGTON AVE,1983
737,Comfort Inn Boston,Reported,1602553000,Hotel,944 Morrissey Blvd,1985
217,Doubletree Suites,Reported,2200102000,Hotel,400 Soldiers Field Rd,1990
273,33751-Boston Marriott Long Wharf,Reported,303020000,Hotel,296 State Street,1990
575,29WHY-Sheraton Boston Hotel,Reported,401037300,Hotel,39 Dalton Street,1990
825,A0000043 - HYATT_BOS_LHOHARBORSIDE,Voluntary,,Hotel,101 HARBORSIDE DR,1993
708,Hilton Boston Downtown/Faneuil Hall,Reported,304029000,Hotel,89 Broad St,1998
115,Doubletree Club Hotel Boston Bayside,Submitted with possible data errors,,Hotel,240 Mt. Vernon Street,1999
286,Hilton Boston Logan Airport (BOSLH),Reported,104102000,Hotel,One Hotel Drive,1999
498,Hilton Boston Logan Airport (BOSLH),Reported,104102000,Hotel,One Hotel Drive,1999
274,42S22-W Boston Hotel & Residen RA,Reported,500075020,Hotel,100 Stuart Street,2000
437,Nine Zero - SV,Reported,304697000,Hotel,90 Tremont Street,2001
418,Embassy Suites Boston Logan Airport,Reported,104102000,Hotel,167 Cottage Street,2003
121,Loews Boston Hotel,Reported,401117000,Hotel,350 Stuart Street,2004
438,Onyx Hotel,Reported,301646010,Hotel,155 Portland Street,2004
476,Boston MA KO,Reported,301646010,Hotel,155 Portland St,2004
679,172-The Boxer (Bulfinch) Hotel,Reported,301676000,Hotel,107 Merrimac Street,2005
1334,172-The Boxer (Bulfinch) Hotel,Reported,301676000,Hotel,107 Merrimac Street,2005
1716,172-The Boxer (Bulfinch) Hotel,Reported,301676000,Hotel,107 Merrimac Street,2005
1772,311NH-BOSDM-CY Boston Downtown,Reported,500065000,Hotel,275 Tremont Street,2005
265,500 Atlantic Avenue Condo Association,Reported,302953010,Hotel,500 Atlantic Avenue,2006
709,Westin Boston Waterfront Hotel,Voluntary,602805010,Hotel,425 Summer Street,2006
585,Hilton Boston Back Bay,Reported,401327000,Hotel,40 Dalton Street,2007
823,A0000040 - LIBERTY_BOS_LOOKFORWARD,Reported,300445010,Hotel,215 CHARLES ST,2007
1771,9673R-BOSWF-Renaissance Boston Waterfront,Reported,602680100,Hotel,606 Congress Street,2008
822,A0000038 - W_BOS_RAZORBACKS,Reported,500075030,Hotel,100 STUART STREET,2009
1718,045-HIESB,Reported,703436000,Hotel,69 R. Boston Street,2010
1719,046-CYMSB,Reported,703436001,Hotel,63 R. Boston Street,2010
1829,Hostelling International - Boston,Reported,304925000,Hotel,19 Stuart Street,2012
1694,100 Boardman St,Submitted with possible data errors,100524000,Hotel,100 Boardman St,2014
1717,255-The Envoy Hotel,Reported,602640010,Hotel,70 Sleeper Street,2016
237,Boston MA YTL,Reported,602640080,Hotel,65 Seaport Blvd,2017
2474,,Not Compliant,306730000,HOTEL,225 Albany Street,
2200,,Not Compliant,100522000,HOTEL/LODGING,415 WM F MCCLELLAN HW,
2201,,Not Compliant,401087000,HOTEL/LODGING,205 DARTMOUTH ST,
2202,,Not Compliant,402304000,HOTEL/LODGING,220 200 HUNTINGTON AV,
2203,,Not Compliant,401056000,HOTEL/LODGING,47 51 HUNTINGTON AV,
2204,,Not Compliant,501195000,HOTEL/LODGING,15 ARLINGTON ST,
2205,,Not Compliant,203591000,HOTEL/LODGING,44 CHARLES RIVER AV,
2206,,Not Compliant,302805000,HOTEL/LODGING,15 15A BEACON ST,
2207,,Not Compliant,100549001,HOTEL/LODGING,225 WM F MCCLELLAN HW,
2208,,Not Compliant,2100072000,HOTEL/LODGING,121 BROOKLINE AV,
2209,,Not Compliant,304810010,HOTEL/LODGING,59 65 TEMPLE PL,
2210,,Not Compliant,800900050,HOTEL/LODGING,811 MASSACHUSETTS AV,
2211,,Not Compliant,1902878000,INDUSTRIAL LOFT,22 18 ARBORETUM RD,
2212,,Not Compliant,306602000,INDUSTRIAL LOFT,240 242 E BERKELEY ST,
2213,,Not Compliant,601948000,INDUSTRIAL LOFT,417 423C W BROADWAY  ,
1391,175 McClellan HWY,Reported,,Mixed Use Property,144 Addison St,1910
547,540 Comm Ave,Reported,503938000,Mixed Use Property,540 Commonwealth Avenue,1925
25,140 Clarendon,Reported,401085000,Mixed Use Property,140 Clarendon Street,1930
275,DAUGHTERS OF ST PAUL INC,Reported,1902625000,Mixed Use Property,50 ST PAULS AVENUE,1955
870,125 Lincoln Street,Reported,304334000,Mixed Use Property,125 Lincoln Street,1955
346,Longwood Galleria,Reported,401914000,Mixed Use Property,400 Brookline Avenue,1969
1787,PHS-BWH-ServiCenter Garage,Reported,1000240000,Mixed Use Property,"500 Brookline Avenue, or",1970
665,75 State Street,Reported,303860000,Mixed Use Property,75 State Street,1987
895,Rowes Wharf,Reported,302961198,Mixed Use Property,30 Rowes Wharf,1987
343,The Heritage on the Garden,Reported,501170002,Mixed Use Property,300 Boylston Street,1988
1547,Shad Hall,Reported,2200530000,Mixed Use Property,70 North Harvard Street,1990
236,One Brigham Circle,Reported,1000649000,Mixed Use Property,1620 Tremont Street,2003
1775,One Brigham Circle,Reported,1000649000,Mixed Use Property,1620 Tremont Street,2003
887,750 Dorchester Ave Condo Association,Reported,43566,Mixed Use Property,750 Dorchester Ave,2009
269,Battery Wharf Master Condo Assoc,Reported,303041300,Mixed Use Property,2 Battery Wharf,2012
776,Boylston West (Van Ness),Reported,504322010,Mixed Use Property,1335 Boylston St,2015
2224,,Not Compliant,301652000,MOTEL,101 111 CAUSEWAY ST,
1810,Commercial Wharf West,Reported,303549000,Multifamily Housing,79-85 Atlantic Avenue,1834
846,Phillips Brooks-1300741010,Voluntary,1300741010,Multifamily Housing,5 Perth Street,1845
97,Lorenzo Pitts: 1 Gardner,Reported,903454000,Multifamily Housing,1 Gardner Street,1860
480,"755 Boylston, LLC",Reported,503207200,Multifamily Housing,755 Boylston Street,1860
1768,FOREST MILK LLC,Submitted with possible data errors,304015000,Multifamily Housing,153 Milk Street,1862
901,Franklin Square Apartments,Reported,801385002,Multifamily Housing,11 East Newton Street,1867
398,The Vendome,Reported,501383000,Multifamily Housing,160 Commonwealth Ave.,1871
847,Dartmouth Hotel,Reported,903146010,Multifamily Housing,144 Dudley St,1871
627,191 Commonwealth Ave,Reported,502952000,Multifamily Housing,191 Commonwealth Ave,1872
801,Lyman School Limited Partnership: Lyman School,Reported,105744000,Multifamily Housing,30 Gove Street,1878
1853,Baker Chocolate Factory Apartments (bk028),Reported,1703661000,Multifamily Housing,1220 Adams St,1880
579,The Tudor Condominium Trust,Reported,501604000,Multifamily Housing,34 1/2 Beacon Street,1887
927,Charlesgate Condominiums,Reported,503870210,Multifamily Housing,4 Charlesgate East,1890
1581,Washington Park-1201990000,Reported,1201990000,Multifamily Housing,25-33 Wyoming Street,1890
449,Somerset Condominium,Reported,503809000,Multifamily Housing,"400, 416, 418 Commonwealth Ave, 429 Newbury Street",1897
451,Windsor Place Condominium,Reported,503810000,Multifamily Housing,"388, 390 and 396 Commonwealth Avenue",1897
1306,62 On The Park,Reported,304892000,Multifamily Housing,62 Boylston Street,1897
174,BB/OP/12SS: 31 Burbank Street,Reported,401440000,Multifamily Housing,31 Burbank Street,1899
830,97 St. Stephen,Reported,401670000,Multifamily Housing,97 St. Stephen,1899
832,132-136 Hemenway,Reported,401700000,Multifamily Housing,132-136 Hemenway,1899
910,Olnick - 329 Washington Street,Reported,2202396000,Multifamily Housing,329-343 Washington Street,1899
934,Bigelow Sq,Submitted with possible data errors,600516000,Multifamily Housing,350 West 4th St.,1899
1398,Roxbury Highlands - 15 – 27 Highland,Reported,903516000,Multifamily Housing,15 Highland Ave,1899
1558,St. Botolph,Reported,402270000,Multifamily Housing,351-367 Massachusetts Ave,1899
1736,1615 Commonwealth Ave.,Reported,2101917000,Multifamily Housing,1615 Commonwealth Ave. ,1899
1826,740 East Seventh Street,Reported,604127000,Multifamily Housing,740 East Seventh Street,1899
1835,Our Lady's Guild House,Reported,503917000,Multifamily Housing,20 Charlesgate West,1899
16,Hemenway Apartments,Reported,401797000,Multifamily Housing,491 Huntington Ave,1900
126,Trinity Foley,Reported,1800113100,Multifamily Housing,249 River Street,1900
165,Lionhead Apartments (Dudley),Reported,,Multifamily Housing,3 Monadnock St,1900
171,Westland Ave Apartments,Reported,401512000,Multifamily Housing,65 Westland Ave,1900
268,Baker Square,Reported,1704031010,Multifamily Housing,1241 Adams Street,1900
288,65 E. India Row,Reported,302970000,Multifamily Housing,65 E. India Row,1900
289,85 E. India Row,Reported,302975000,Multifamily Housing,85 E. India Row,1900
448,Twenty-One Beacon Condominium,Reported,302807000,Multifamily Housing,21 Beacon Street,1900
462,East Coast Condominium,Voluntary,303471000,Multifamily Housing,"122, 130 Fulton Street",1900
499,Chapman House,Reported,102829000,Multifamily Housing,61 Eutaw Street,1900
555,Millennium Avery Condo Tr,Reported,304488000,Multifamily Housing,580 Washington Street,1900
602,Essex Street Apartments,Reported,304450050,Multifamily Housing,81 Essex Street,1900
621,Garrison Condominium,Reported,401011000,Multifamily Housing,8 Garrison St,1900
628,Camelot Court,Reported,2.10E+19,Multifamily Housing,10 & 11 Camelot Court,1900
652,St Germain,Reported,401229000,Multifamily Housing,8-67 St Germain Street,1900
798,Barnes School Apartments: Barnes School,Reported,105980000,Multifamily Housing,127 Marion Street,1900
800,Cheverus School: Cheverus School,Reported,100728000,Multifamily Housing,10 Moore Street,1900
856,New Franklin Park,Reported,,Multifamily Housing,132 Seaver Street,1900
859,Historic South End,Reported,,Multifamily Housing,792 Tremont Street,1900
1347,Stony Brook Commons,Reported,1806016400,Multifamily Housing,390 Blue Ledge Drive,1900
1374,1661 Washington St,Reported,900629000,Multifamily Housing,1661 Washington St,1900
1569,Latin Academy I / New Girls Latin Academy,Reported,,Multifamily Housing,380 Talbot Avenue,1900
1574,3-15 Alaska St,Reported,1200420000,Multifamily Housing,3-15 Alaska St,1900
1576,23-29 Mt Pleasant Ave,Reported,802573000,Multifamily Housing,23-29 Mount Pleasant Avenue,1900
1740,1315 Commonwealth Avenue,Reported,2101038000,Multifamily Housing,1315 Commonwealth Avenue,1900
1744,2018 Commonwealth Avenue,Reported,2102462000,Multifamily Housing,2018 Commonwealth Avenue,1900
1746,504 Beacon,Reported,503693000,Multifamily Housing,504 Beacon Street,1900
1851,717 Atlantic Ave Condominium Trust,Reported,304310000,Multifamily Housing,717 Atlantic Ave,1900
587,One India - 29573,Reported,303823000,Multifamily Housing,One India St,1901
1321,CommGlen Apartments,Reported,,Multifamily Housing,74 Glenville Ave,1903
1781,Marketplace Lofts Limited Partnership,Reported,301309000,Multifamily Housing,10 Thacher Street,1904
662,Commonwealth Apartments,Reported,2101031000,Multifamily Housing,1293 Commonwealth Avenue,1905
677,Fensgate,Reported,401777000,Multifamily Housing,73 Hemenway,1908
325,The Stearns: 10 Temple Place,Reported,304794000,Multifamily Housing,10 Temple Pl,1909
495,Westland (ws237),Reported,401521000,Multifamily Housing,16 Westland Ave,1910
603,Commonwealth Apartments,Reported,2101579000,Multifamily Housing,1144-1160 Commonwealth ,1910
644,Parkside Tower: 91 Westland,Reported,401474000,Multifamily Housing,91 Westland Avenue,1910
815,117 Park Drive,Reported,504273000,Multifamily Housing,117 Park Drive,1910
1390,Jefferson Schoolhouse Apartments,Reported,1001671000,Multifamily Housing,240 Heath Street ,1910
1575,Quincy Geneva II-1400314000,Reported,1400314000,Multifamily Housing,87-99 Lawrence Ave,1910
1596,Building 104,Reported,203515760,Multifamily Housing,104 First Avenue,1910
1692,LMI Realty Corp,Reported,2100792000,Multifamily Housing,56 Brighton Ave.,1910
1693,96 Washington St. Realty Trust,Reported,2101914000,Multifamily Housing,96 Washington St.,1910
170,64-70 Burbank St. Apt: 64 Burbank St.,Reported,401476000,Multifamily Housing,64 Burbank St,1912
230,Farrington/Highgate,Reported,21000669000,Multifamily Housing,33 Highgate Street,1912
758,360 Newbury Condo Trust2,Reported,503045010,Multifamily Housing,360 Newbury Street 4th floor,1913
833,56-58 Queensberry,Reported,504285000,Multifamily Housing,56-58 Queensberry,1914
1425,22-24 Buswell Street,Reported,2100199000,Multifamily Housing,22-24 Buswell Street,1914
281,Chestnut Hill Park Condominium Trust,Reported,2102333000,Multifamily Housing,"5 Braemore Rd, 324 CH. Hill Ave. 1868, 1870, 1872, 1874, 1880 Comm. Ave",1915
282,7-21 Aberdeen Street,Reported,2100139000,Multifamily Housing,7-21 Aberdeen Street,1915
1749,881 Mass Ave,Reported,801014000,Multifamily Housing,881 Mass. Avenue,1915
539,Hamilton Union:  518-524 Cambridge St,Reported,2101175000,Multifamily Housing,508-524 Cambridge,1916
321,Mason Place: 80 Mason St,Reported,304838000,Multifamily Housing,80 Mason St,1918
352,11 Tetlow Street - Tetlow Realty Associates,Reported,401834000,Multifamily Housing,11 Tetlow Street,1918
828,49 Symphony,Reported,401552000,Multifamily Housing,49 Symphony,1918
541,Atrium On Commonwealth,Reported,2100477000,Multifamily Housing,1079 Commonwealth Ave.,1919
19,Maple Commons: Maple Commons,Reported,1202491000,Multifamily Housing,15 Maple Street,1920
26,Columbia Road Apartments,Reported,1502435000,Multifamily Housing,414 Columbia Road,1920
28,Brighton-Allston Apartments,Reported,2204054000,Multifamily Housing,493 501 WASHINGTON ST,1920
40,Wilder Gardens,Reported,1400731000,Multifamily Housing,36 Bishop Joe L. Smith Way,1920
42,Columbia Road Apts: 422 Columbia Road,Reported,1502434000,Multifamily Housing,422 Columbia Road,1920
211,3/15 Lorraine Terrace,Submitted with Possible data errors,2101822000,Multifamily Housing,3/15 Lorraine Terrace,1920
231,38 Hemenway,Reported,401395000,Multifamily Housing,38 Hemenway Street,1920
232,AMS Realty Trust,Reported,2101597000,Multifamily Housing,1082 Commonwealth Avenue,1920
233,Hanover,Reported,302391000,Multifamily Housing,216-228 Hanover Street,1920
304,Commonwealth Properties LP: 1800 Commonwealth Ave,Reported,2102302000,Multifamily Housing,1800 Commonwealth Avenue,1920
305,Commonwealth Properties LP: 1810 Commonwealth Ave,Reported,2102301000,Multifamily Housing,1810 Commonwealth Avenue,1920
306,Commonwealth Properties LP: 2045 Commonwealth Avenue,Reported,2205301000,Multifamily Housing,2045 Commonwealth Avenue,1920
307,Commonwealth Residence LLC: 1634 Commonwealth Avenue,Reported,2101997000,Multifamily Housing,1634 Commonwealth Avenue,1920
308,Bancroft Realty LTD PTR: 88 Washington Street,Reported,2101915000,Multifamily Housing,88 Washington Street,1920
309,Commonwealth 1334 Associates LLC: 1334 Commonwealth Avenue,Reported,2101513000,Multifamily Housing,1334 Commonwealth Avenue,1920
310,Washington Associates LLC: 116 Washington Street,Reported,2101900000,Multifamily Housing,116 Washington Street,1920
311,Commonwealth Properties LP: 1820 Commonwealth Avenue,Reported,2102300000,Multifamily Housing,1820 Commonwealth Avenue,1920
312,Bancroft Realty LTD PTR: 1687 Commonwealth Avenue,Reported,2102648000,Multifamily Housing,1687 Commonwealth Avenue,1920
313,Commonwealth Properties,Reported,2102304000,Multifamily Housing,66-70 Chiswick,1920
314,Walbridge Brainerd,Reported,2101463000,Multifamily Housing,25 Walbridge St,1920
315,Park Associates,Reported,2100029000,Multifamily Housing,231 Park Drive,1920
316,Bancroft,Reported,2102155000,Multifamily Housing,119-127 Sutherland,1920
323,Saint Botolph,Reported,402385000,Multifamily Housing,150 Saint Botolph Street,1920
445,Riverway Square Condominium,Reported,402005000,Multifamily Housing,even only 114-122 Riverway,1920
455,Lincoln Halls at Park Drive Condominium,Reported,504213000,Multifamily Housing,11-15 Park Drive,1920
458,The 51 Park drive,Reported,504250000,Multifamily Housing,51 park drive,1920
460,Peterborough Condo,Reported,504224000,Multifamily Housing,82 & 86 Jersey Street,1920
463,1091 Boylston Street Condominium,Reported,504162000,Multifamily Housing,1091 Boylston,1920
473,1444,Reported,2101819000,Multifamily Housing,1442 1444 Commonwealth Ave,1920
518,New Port Antonio - 186 Ruthven St,Reported,1202208000,Multifamily Housing,186 Ruthven St,1920
642,Boylston - 1163 Boylston Street,Reported,504178000,Multifamily Housing,1163 Boylston St,1920
643,Hemenway Park Drive: 26 Hemenway,Reported,401397000,Multifamily Housing,26 Hemenway Street,1920
661,Brighton Allston Apartments,Reported,,Multifamily Housing,493 Washington St.,1920
717,Walbridge/Commonwealth Assoc LLC: 1350 Commonwealth Avenue,Reported,2101454000,Multifamily Housing,1350 Commonwealth Avenue,1920
788,Oliver Lofts,Reported,1000358012,Multifamily Housing,166 Terrace Street,1920
791,Dimock,Reported,,Multifamily Housing,1865 Columbus Avenue,1920
1308,VBC Apartments,Reported,1202455010,Multifamily Housing,495 Blue Hill Ave.,1920
1323,Mattapan B,Reported,1301796000,Multifamily Housing,"3, 7 Bakersfield Street, 40, 48 Sumner Street, 40, 50 Willis Street",1920
1324,Mattapan Apartments E,Reported,,Multifamily Housing,1332-1342 River Street,1920
1553,Shattuck Int’l House,Reported,2100005010,Multifamily Housing,203 Park Drive,1920
1571,LBB Apt - 102-112 Talbot,Reported,1402195000,Multifamily Housing,102-112 Talbot Avenue,1920
1573,79 Walnut Park (Wardman),Reported,1101618000,Multifamily Housing,79 Walnut Park,1920
1582,UE Apartments,Reported,1101626000,Multifamily Housing,2014-2030 Columbus Ave,1920
1583,Wardman,Reported,,Multifamily Housing,19 Wardman Road,1920
1584,Washington Columbia II,Reported,,Multifamily Housing,95 Washington Street,1920
1585,Washington Columbia I,Reported,,Multifamily Housing,180 Columbia Road,1920
1587,Walnut Washington,Reported,1101620000,Multifamily Housing,361-363 Walnut Ave,1920
1619,Cyprus,Reported,2100170000,Multifamily Housing,829 833 Beacon St,1920
860,Chauncy House,Reported,304506000,Multifamily Housing,115-119 Chauncy Street,1922
278,5 Royce Road,Reported,2101545000,Multifamily Housing,5 Royce Road,1924
1442,10-18 Buswell Street,Reported,2100201000,Multifamily Housing,10-18 Buswell Street,1924
107,Van Ness Terrace,Reported,1200280000,Multifamily Housing,238 Warren Street,1925
537,1940 & 1950 Commonwealth Avenue,Reported,2102176000,Multifamily Housing,1940-1950 Commonwealth Avenue,1925
617,4-8-12 ELKO ST,Reported,2202338000,Multifamily Housing,4 Elko Street,1925
831,115 St Stephen,Reported,401672000,Multifamily Housing,115 St Stephen Street,1925
1735,1450 Commonwealth Ave,Reported,2101818000,Multifamily Housing,1450 Commonwealth Ave,1925
353,137 Park Drive - Gilbert Realty Trust,Reported,504277000,Multifamily Housing,137 Park Drive,1926
354,143 Park Drive - Gilbert Realty Trust,Reported,504278000,Multifamily Housing,143 Park Drive,1926
355,"46 Westland Ave - Forty-Six Westland Avenue, LLC",Reported,401516000,Multifamily Housing,46 Westland Avenue,1926
906,100 Arlington,Reported,500805000,Multifamily Housing,100 Arlington Street,1926
1396,Beacon Hill House,Reported,302813000,Multifamily Housing,122 Bowdoin Street,1926
1720,Beacon Exeter Apartments,Reported,503271000,Multifamily Housing,282 Beacon Street,1927
538,"81, 85, 89 Strathmore Road",Reported,2102471000,Multifamily Housing,"81, 85 and 89 Strathmore Road",1928
584,"68 Beacon Street, Inc.",Reported,502280000,Multifamily Housing,68 Beacon Street,1928
616,The Barclay,Reported,501221000,Multifamily Housing,12 Commonwealth Avenue,1928
459,56 & 60 Commonwealth Condominium,Voluntary,501274000,Multifamily Housing,56 and 60 Commonwealth,1929
780,Nazing Court,Reported,,Multifamily Housing,1 Nazing Court,1929
72,Blue Elm Apartments: 172-176 Seaver Street,Reported,1202344000,Multifamily Housing,172-176 Seaver St,1930
93,Blue Elm Apartments-6 Wayne Street,Reported,1202410000,Multifamily Housing,6 Wayne Street,1930
318,Newcastle/Saranac: 609-627 Columbus Ave,Reported,901045000,Multifamily Housing,627 Columbus Ave,1930
320,Newcastle/Saranac: 599 Columbus Ave (1-10),Reported,901006000,Multifamily Housing,599 Columbus Ave,1930
450,Fenmore Condominium,Reported,504165000,Multifamily Housing,"1109-1111 Boylston Street, 50, 52, 56, 60 and 64 Charlesgate East",1930
524,Washington Heights Apartments (Washow),Reported,2101844000,Multifamily Housing,127-135 Washington Street,1930
1578,Bancroft,Reported,1101101001,Multifamily Housing,1-11 Bancroft St,1930
1860,1619 Comm Ave,Submitted with possible data errors,2101918000,Multifamily Housing,1619 Commonwealth Avenue,1932
81,Riviera: 270 Huntington Avenue,Reported,402289000,Multifamily Housing,270 Huntington Avenue,1934
1309,137 Englewood Avenue,Reported,2102331000,Multifamily Housing,137 Englewood Avenue,1935
10,1960-1980 Commonwealth Ave.,Reported,,Multifamily Housing,"1960,1970,1980 Commonwealth Ave.",1937
1663,123 ME MCCORMACK,Municipal,702853000,Multifamily Housing,10 Kemp St.,1938
98,Commerce Apartments,Reported,1101302000,Multifamily Housing,3115 Washington Street,1940
789,Ruggles Shawmut,Reported,902454000,Multifamily Housing,750 Shawmut Ave,1940
1572,Harvard Hill-1405129000,Reported,1405129000,Multifamily Housing,60-70 Hazelton St,1940
1580,Theroch,Voluntary,,Multifamily Housing,223 Columbia Road,1940
1586,Harvard Hill - 436 Harvard,Reported,1404445000,Multifamily Housing,436 Harvard St,1940
1639,101 CHARLESTOWN,Municipal,202920000,Multifamily Housing,55 Bunker Hill St.,1940
1674,124 OLD COLONY,Municipal,700538010,Multifamily Housing,265 East 9th St.,1940
1678,104 LENOX,Municipal,901447000,Multifamily Housing,136 Lenox St.,1940
1681,236 WEST NINTH STREET,Municipal,700386000,Multifamily Housing,195 West Ninth St.,1940
1649,107 HEATH,Municipal,1002333000,Multifamily Housing,30 Bickford Street,1942
259,"Hancock Village - Boston East and West (hc98,hn92)",Reported,2006994000,Multifamily Housing,298 Independence Dr,1948
1659,501 WEST BROADWAY,Municipal,600307000,Multifamily Housing,81 Orton Marotta Way,1949
1673,502 CAMDEN,Municipal,901233000,Multifamily Housing,50 & 60 Camden Street,1949
149,Lincoln Plaza: 66 Lincoln Street,Reported,304304100,Multifamily Housing,66 Lincoln Street,1950
453,Arborway Gardens Condominium,Reported,1102640000,Multifamily Housing,"461, 463, 467, 469, 493, 495 Arborway, ",1950
454,Fenway By The Park Condominium,Reported,504275000,Multifamily Housing,125-131 Park Drive,1950
645,Hemenway Park Drive: 121 Park,Reported,504274000,Multifamily Housing,121 Park Drive,1950
1632,504 FANEUIL,Municipal,2202616000,Multifamily Housing,266 North Beacon Street,1950
1633,505 FAIRMOUNT,Municipal,1810142000,Multifamily Housing,43 Bow Street,1951
1640,226 POND STREET,Municipal,1902006000,Multifamily Housing,29 Pond St.,1951
1645,295 COMMONWEALTH ELDERLY,Municipal,2101848000,Multifamily Housing,"2-4,6-8 Fidelis Way",1951
1666,114 ALICE TAYLOR,Municipal,402043700,Multifamily Housing,260 Ruggles St.,1951
1667,182 COMMONWEALTH,Municipal,2101831100,Multifamily Housing,35 Fidelis Way,1951
1669,106 CATHEDRAL,Municipal,801209010,Multifamily Housing,1472 Washington St.,1951
1652,507 ARCHDALE,Municipal,1903515000,Multifamily Housing,120 Brookway Road,1952
1670,508 ORIENT HEIGHTS,Municipal,102280000,Multifamily Housing,38 Vallar Road,1952
1690,235 WASHINGTON STREET,Municipal,2101840000,Multifamily Housing,91-95 Washington St.,1952
1634,512 SOUTH STREET,Municipal,1103307000,Multifamily Housing,15 St. Rose Street,1953
1657,510 GALLIVAN,Municipal,1800257000,Multifamily Housing,115 Standard Street,1953
1662,111 WHITTIER,Municipal,902643000,Multifamily Housing,1158 Tremont St.,1953
1658,189 FRANKLIN FIELD,Municipal,1402862000,Multifamily Housing,91 Ames St.,1954
1665,119 BROMLEY PARK,Municipal,1001851000,Multifamily Housing,30 Bickford St.,1954
229,Chiswick,Reported,2102229000,Multifamily Housing,69 Chiswick Road,1955
1654,601 FRANKLIN FIELD FAMILY,Municipal,1402862000,Multifamily Housing,91 Ames Street,1958
506,Symphony Court Condo,Reported,401461010,Multifamily Housing,41 Westland Ave,1960
936,St. Cloud,Reported,400218000,Multifamily Housing,557-569 Tremont St.,1960
1562,WILSHIRE WESTMINSTER (frmly Westminster Court),Reported,1101702000,Multifamily Housing,30 Westminster Avenue,1960
1745,25 Park Drive,Reported,504238000,Multifamily Housing,25 Park Drive,1960
588,Emerson Place - 19100,Reported,300449000,Multifamily Housing,10 Emerson PL ,1962
680,Cummins Towers,Municipal,1806659000,Multifamily Housing,950 Canterbury Street,1962
851,Grand Families,Reported,1402009000,Multifamily Housing,214 Harvard St,1962
897,Academy Homes I,Reported,1100916001,Multifamily Housing,1592 Columbus Ave,1962
1641,228 ASHMONT,Municipal,1603120000,Multifamily Housing,374 Ashmont St,1962
1646,229 HOLGATE,Municipal,1202342000,Multifamily Housing,129 Elm Hill Ave.,1962
1680,227 ANNAPOLIS,Municipal,1301797000,Multifamily Housing,52 Sumner St.,1962
608,KIC Dorcester LLC 815 Morton,Reported,1404048000,Multifamily Housing,819-815 Morton Street,1963
848,Adams Court - B,Reported,1801012001,Multifamily Housing,435 River St,1963
882,Chiswick Building,Reported,,Multifamily Housing,125 Chiswick Rd,1963
1643,602 FRANKLIN FIELD SENIOR,Municipal,1402862000,Multifamily Housing,91 Ames Street,1963
1660,230 FOLEY,Municipal,701516000,Multifamily Housing,199 H St.,1963
919,ATJ Neponset III,Reported,,Multifamily Housing,30 - 46 Sierra Road,1964
923,2165 Dot Ave LLC,Reported,1704098000,Multifamily Housing,2165 Dorchester Avenue,1964
1591,Commonwealth Square Condo Trust,Reported,2101776000,Multifamily Housing,9 Commonwealth Court,1964
629,Jamaicaway Tower and Townhouses,Reported,1002149000,Multifamily Housing,111 Perkins Street,1965
678,The Longwood: The Longwood,Reported,1000017000,Multifamily Housing,1575 Tremont Street,1965
850,Adams Court - A,Reported,1801010000,Multifamily Housing,415 River Street,1965
933,Commercial Wharf East,Reported,303028406,Multifamily Housing,49 Commercial Wharf East,1965
1283,Morton Village,Submitted with Possible Data Errors,1800768001,Multifamily Housing,65 Morton Village Dr,1965
1382,The Hill Condominium Apartments Association,Reported,501560000,Multifamily Housing,70 Mount-Vernon Street,1965
1559,Castle Square-0500478002,Reported,500478002,Multifamily Housing,484 Tremont St,1965
1808,99-219 Lake Shore Road,Reported,2205550001,Multifamily Housing,99-219 Lake Shore Road,1965
1825,741 East Sixth Street,Reported,604127001,Multifamily Housing,741 East Sixth Street,1965
1827,745 East Sixth Street,Reported,604128000,Multifamily Housing,745 East Sixth Street,1965
1828,880 East Fourth Street,Reported,604307000,Multifamily Housing,880 East Fourth Street,1965
1843,1505 Commonwealth Ave Realty Trust,Submitted with possible data errors,2101830005,Multifamily Housing,1505 Commonwealth Ave,1965
284,Hawthorne Place Condominium Trust,Reported,300475000,Multifamily Housing,2 & 9 Hawthorne Place,1966
1682,237 J.J. CARROLL,Municipal,2102552000,Multifamily Housing,130 Chestnut Hill Ave,1966
835,Brandywyne Village,Reported,100534000,Multifamily Housing,88 Brandywyne Drive,1967
1593,Tremont on the Common Condominium,Reported,304850000,Multifamily Housing,151 Tremont Street,1967
280,20 Radcliffe Rd,Reported,2100964001,Multifamily Housing,20 Radcliffe Rd,1968
298,Adams Village (Whole Building Data): 725 Adams Street (Whole Building Tracking),Reported,1603457000,Multifamily Housing,725 Adams Street,1968
300,Adams Village (Whole Building Data): 735 Adams Street (Whole Building Tracking),Reported,16034577000,Multifamily Housing,735 Adams Street,1968
883,Regency Building 1455,Reported,,Multifamily Housing,1455,1968
922,Ambassador Realty Trust,Reported,,Multifamily Housing,100 - 110 Livermore Street,1968
926,Butler Street,Reported,1703703000,Multifamily Housing,68 Butler Street,1968
1286,MA042_Avalon Prudential Center 1 (mv54),Reported,401037075,Multifamily Housing,770 Boylston Street,1968
1392,MA040_AVA Back Bay (mv56),Reported,401037010,Multifamily Housing,790 Boylston Street,1968
1393,MA041_Avalon Prudential Center 2 (mv55),Reported,401037050,Multifamily Housing,780 Boylston Street,1968
1671,241 EVA WHITE (CASTLE SQ),Municipal,500478004,Multifamily Housing,440 Tremont St.,1968
1859,180 beacon condominium trust,Reported,502598000,Multifamily Housing,180 beacon street,1968
630,Mandela Homes (Building 04),Reported,901855000,Multifamily Housing,10 Hammond Street,1969
631,Mandela Homes (Building 03),Reported,901150000,Multifamily Housing,9 Greenwicj St,1969
632,"Mandela Homes (Buildings 09,10,11)",Reported,901855000,Multifamily Housing,53-57 Windsor Street,1969
633,Mandela Homes (Parent Property),Reported,901855000,Multifamily Housing,1855 Washington Street,1969
634,"Mandela Homes (Buildings 01,02)",Reported,901855000,Multifamily Housing,1-5 Greenwich St,1969
635,"Mandela Homes (Buildings 17,18,19,20,21)",Reported,901150000,Multifamily Housing,1835-1841 Washingtom St,1969
636,Mandela Homes (Building 14),Reported,901150000,Multifamily Housing,560 Shawmut St,1969
637,"Mandela Homes (Buildings 05,06,07,08)",Reported,901855000,Multifamily Housing,22-34 Hammond St,1969
638,Mandela Homes (Building 22),Reported,901150000,Multifamily Housing,1855 Washington Street,1969
639,"Mandela Homes (Buildings 12, 13)",Reported,901150000,Multifamily Housing,150-160 North Hampton St,1969
640,"Mandela Homes (Buildings 15,16)",Reported,901150000,Multifamily Housing,579-580 Shawmut St,1969
761,Georgetowne Homes I & II,Reported,1812326000,Multifamily Housing,400A Georgetowne Drive,1969
1683,238 MEADE APARTMENTS,Municipal,1700958000,Multifamily Housing,5 Melville Ave,1969
1686,240 MLK TOWERS,Municipal,1201140000,Multifamily Housing,280 MLK Jr. Blvd,1969
1748,82 South Huntington,Reported,1001492000,Multifamily Housing,82 South Huntington Avenue,1969
127,Ridgecrest Green (dr77),Reported,1812339010,Multifamily Housing,110 Edgemere Rd,1970
408,Waverly (wv000),Reported,2200716000,Multifamily Housing,9 Bronsdon Street,1970
646,Clearway: Clearway Street,Voluntary,,Multifamily Housing,16 Clearway Street,1970
683,Sisters of Saint Joseph of Boston,Reported,2101375010,Multifamily Housing,631/637 Cambridge St,1970
855,Amory Street,Reported,1101208000,Multifamily Housing,125 Amory Street,1970
920,Cummins Realty Trust,Reported,1811022000,Multifamily Housing,605 Truman Highway,1970
1385,109-111 Tremont St,Reported,2203712010,Multifamily Housing,109-111 Tremont St,1970
1684,242 WALNUT PARK,Municipal,1101630000,Multifamily Housing,1990 Columbus Ave.,1970
1742,180 NB - Glencoe Street,Reported,2202115000,Multifamily Housing,180 North Beacon Street,1970
45,Methunion,Reported,400790000,Multifamily Housing,465 Columbus Avenue,1971
191,Ulin House: 30 Wallingford Rd.,Reported,2102565015,Multifamily Housing,30 Wallingford Rd,1971
1570,CharlesNewtown,Reported,,Multifamily Housing,89 Medford Street,1971
27,Morville House: 100 Norway Street,Reported,401452000,Multifamily Housing,100 Norway Street,1972
260,Piano Craft Guild,Reported,901071000,Multifamily Housing,791 Tremont Street,1972
950,The Forbes Building: 545 Centre St.,Reported,1901974000,Multifamily Housing,545 Centre St.,1972
1631,257 LOWER MILLS,Municipal,1703554000,Multifamily Housing,2262 Dorchester Ave.,1972
1637,251 CODMAN,Municipal,1704614000,Multifamily Housing,784 Washington St.,1972
1648,250 ROCKLAND TOWERS,Municipal,2011609000,Multifamily Housing,5300 Washington St.,1972
1672,247 GENERAL WARREN,Municipal,203861000,Multifamily Housing,114 Rutherford Ave.,1972
1688,232 GROVELAND,Municipal,1800112000,Multifamily Housing,15 Mary Moore Beatty Circle,1972
1689,234 DAVISON,Municipal,1804470000,Multifamily Housing,101 Davison St.,1972
619,Carson Tower,Reported,701483000,Multifamily Housing,1410 Columbia Rd,1973
701,Church Park Apartments,Reported,401425000,Multifamily Housing,221 Massachusetts Avenue,1973
790,Smith Senior Residence,Reported,902505000,Multifamily Housing,757 Shawmut Avenue,1973
1556,Tai Tung Village,Reported,305021000,Multifamily Housing,230 Harrison Avenue,1973
1629,298 HAMPTON HOUSE,Municipal,900890000,Multifamily Housing,155 Northhampton St.,1973
1636,299 WASHINGTON MANOR,Municipal,900650000,Multifamily Housing,1701 Washington St.,1973
1644,254 PASCIUCCO,Municipal,1502943000,Multifamily Housing,330 Bowdoin St.,1973
1661,253 ST. BOTOLPH,Municipal,400975000,Multifamily Housing,70 St. Botolph St.,1973
1675,245 AMORY STREET,Submitted with possible data errors,1101208000,Multifamily Housing,125 Amory St.,1973
1676,244 FREDERICK DOUGLAS,Municipal,402595000,Multifamily Housing,755 Tremont St.,1973
1691,158 WEST NEWTON,Municipal,900475000,Multifamily Housing,94 West Newton St.,1973
74,Roxse Homes: Tremont and Warwick Street,Reported,902000010,Multifamily Housing,1030 Tremont Street,1974
86,Mercantile Wharf: Mercantile Wharf,Reported,303636000,Multifamily Housing,111 Atlantic Avenue,1974
87,Roxse Homes: Hammond Street,Reported,901580000,Multifamily Housing,10 Kendall Street,1974
89,"Mishawum Park: Bldgs 9,10,11, and 12",Reported,202390000,Multifamily Housing,290 Main Street,1974
95,"Mishawum Park: Bldgs 17, 18, and 20",Reported,202315000,Multifamily Housing,216 Main Street,1974
99,Roxse Homes: Camden and Northampton Street,Reported,901120000,Multifamily Housing,65 Camden Street,1974
178,New Mass Pike Towers,Reported,500270000,Multifamily Housing,366 Tremont Street,1974
356,Comaven Housing: 1399 Commonwealth Ave,Reported,2101105000,Multifamily Housing,1399 Commonwealth Avenue,1974
399,Rockingham Glen - 30&40 Rockingham Ave.,Reported,2003041000,Multifamily Housing,30-40 Rockingham Avenue,1974
845,Haynes House,Reported,902160000,Multifamily Housing,735 Shawmut Ave,1974
1635,262 HASSAN,Municipal,1801546000,Multifamily Housing,705 River St.,1974
1668,249 TORRE UNIDAD,Municipal,1806659000,Multifamily Housing,80 West Dedham St.,1974
135,Mission Park Apartments,Reported,1000290000,Multifamily Housing,15-37 St Albams Rd,1975
173,Amy Lowell House: 65 Martha Road,Reported,300465000,Multifamily Housing,65 Martha Rd,1975
319,Waterview - 1350 Columbia Rd,Reported,701436000,Multifamily Housing,1350 Columbia Rd,1975
420,SHORE PLAZA EAST - 730 BORDER ST: 26850520011,Reported,103678000,Multifamily Housing,730 Border St.,1975
421,Landfall West Apartments 401 BORDER ST: 26291321003,Reported,103613000,Multifamily Housing,401 Border St.,1975
422,South Cove Plaza East - 285 TREMONT: 26145951005,Reported,500066000,Multifamily Housing, 285 TREMONT,1975
423,South Cove Plaza West - 230 STUART ST: 26090791000,Reported,500800000,Multifamily Housing,230 Stuart Street,1975
594,Towers at Longfellow - 19137,Reported,300470000,Multifamily Housing,5 Longfellow Place,1975
799,Landfall Community Associates II: 72 Marginal Street,Reported,104482000,Multifamily Housing,72 Marginal Street,1975
1647,252 HERITAGE,Municipal,105398000,Multifamily Housing,209 Sumner St.,1975
1776,Landfall Community Associates II: 350 Meridian Street,Reported,103647000,Multifamily Housing,350 Meridian Street,1975
84,Christopher Columbus Plaza: 145 Commercial Street,Reported,303551000,Multifamily Housing,145 Commercial St,1976
250,99 Fulton Street: 99 Fulton Street,Reported,303604000,Multifamily Housing,99 Fulton Street,1976
552,Concord Houses- 715 Tremont,Reported,402660000,Multifamily Housing,715 Tremont Street,1976
553,Concord Houses- 725 Tremont,Reported,402600000,Multifamily Housing,725 Tremont Street,1976
564,Broadlawn Commons Condominium Trust,Reported,2007013060,Multifamily Housing,50 Broadlawn Park,1976
816,Cabot Estate Condominium,Reported,1902190000,Multifamily Housing,241 Perkins Street,1976
1489,Soldiers Field Park Complex (Roll-Up),Reported,2200480000,Multifamily Housing,111 Western Avenue,1976
14,Catherine Clark: Catherine Clark,Reported,1301910000,Multifamily Housing,915 Dorchester Avenue,1977
388,Bowdoin School,Reported,300213000,Multifamily Housing,45 Myrtle Street,1977
502,Quincy Towers,Reported,305550000,Multifamily Housing,5 Oak Street West,1977
1387,120 Fulton Condo,Reported,303474000,Multifamily Housing,120 Fulton Street ,1977
1679,272 ROSLYN,Municipal,1805623000,Multifamily Housing,1 Cliffmont St.,1977
1685,261 AUSONIA HOMES,Municipal,303560000,Multifamily Housing,185 Fulton St.,1977
1687,270 SPRING STREET,Municipal,2008899005,Multifamily Housing,23 Spring St.,1977
155,Union Wharf Condominiums,Reported,303038200,Multifamily Housing,343 Commercial Street,1978
164,Anderson Park: 250 Cambridge St,Reported,502186000,Multifamily Housing,250 Cambridge St,1978
194,Kurlat House: 28 Wallingford Rd.,Reported,2102565020,Multifamily Housing,28 Wallingford Rd.,1978
322,Symphony East: 334 Massachusetts Ave,Reported,402295000,Multifamily Housing,334 Massachusetts Ave,1978
324,Symphony West: 333 Massachusetts Ave,Reported,402277000,Multifamily Housing,333 Massachusetts Ave,1978
364,Norway Housing: 99-103 Norway Street,Reported,401410000,Multifamily Housing,99-103 Norway Street,1978
365,Norway Housing: 87 Saint Stephen Street,Reported,401665000,Multifamily Housing,87 Saint Stephen Street,1978
432,Reservoir Towers: Reservoir Towers,Reported,2102474000,Multifamily Housing,CHESNUT HILL AVE/ 1925 Commonwealth,1978
469,Peterborough Housing:  35-45 Peterborough St,Reported,,Multifamily Housing,35-45 Peterborough St,1978
470,Peterborough Housing: 36-46 Peterborough,Reported,,Multifamily Housing,36-46 Peterborough Street,1978
471,Peterborough Housing: 72-82 Peterborough St,Reported,,Multifamily Housing,72-82 Peterborough Street,1978
472,Peterborough Housing (Parent Account),Reported,,Multifamily Housing,"36-46, 35-45, 72-82 Peterborough St",1978
861,Back of the Hill Apartments L.P.,Reported,1001490000,Multifamily Housing,100 South Huntington Avenue,1978
900,The Blackstone Apartments,Reported,300670000,Multifamily Housing,33 Blossom Street,1978
902,Kenmore Abbey,Reported,503924000,Multifamily Housing,488 Commonwealth Avenue,1978
1630,271 PATRICIA WHITE,Municipal,2102001000,Multifamily Housing,20 Washington St.,1978
1651,603 MONSIGNOR POWERS,Municipal,602527000,Multifamily Housing,120 L St.,1978
1656,756 705-6 CONDOMINIUMS,Municipal,803001000,Multifamily Housing,122 Blue Hill Ave,1978
78,Victory Gardens Apartments: 54 Orleans Street,Reported,105343100,Multifamily Housing,54 Orleans St,1979
152,Parris Landing Condominium Trust: 42 8th Street,Reported,203506010,Multifamily Housing,42 8th Street,1979
857,Cheriton Heights,Reported,2011777010,Multifamily Housing,18 Cheriton Rd,1979
863,Casa Maria Apartments,Reported,301498000,Multifamily Housing,130 Endicott Street,1979
1624,Keystone: 151 Hallet Street,Reported,1604327000,Multifamily Housing,151 Hallet St,1979
20,Taurus Apartments: Taurus Apartments,Reported,1201992000,Multifamily Housing,120 Humboldt Avenue,1980
22,Robert Fortes: 541 Shawmut Ave.,Reported,900939000,Multifamily Housing,541 Shawmut Ave,1980
37,Geneva Avenue Elderly Housing: 22 Beechwood Street,Reported,1400035000,Multifamily Housing,22 Beechwood Street,1980
61,Mount Pleasant (2-6 Waverly St),Reported,1200302000,Multifamily Housing,2 Waverly Street,1980
75,Fieldstone Apartments,Reported,1404349000,Multifamily Housing,901 - 907 Blue Hill Ave,1980
400,Blake Estates I & II,Reported,1809255000,Multifamily Housing,1344 Hyde Park Avenue,1980
606,"Exeter Towers, LLC",Reported,501398000,Multifamily Housing,28 Exeter Street,1980
771,Spring House: 44 Allandale Street,Reported,2003594000,Multifamily Housing,44 Allandale Street,1980
858,Woodbourne Apartments,Reported,1904952000,Multifamily Housing, 6 Southbourne Rd,1980
935,Kilsyth Terrace,Reported,2102128000,Multifamily Housing,"4,8,12 Kilsyth Terrace",1980
1623,Savin Hill Apts: 130 Aukland,Reported,1503123000,Multifamily Housing,130 Auckland St,1980
15,Marcus Garvey,Reported,903557000,Multifamily Housing,42 John Eliot Square,1981
299,McNamara House (Whole Building Tracking): McNamara House (Whole Building Trac...,Reported,2200864000,Multifamily Housing,210 Everett Street,1981
444,On the Fens Condominium,Reported,401719000,Multifamily Housing,70 & 74 Fenway,1981
1642,290 JOSEPH C. MALONE,Municipal,1811091000,Multifamily Housing,11 Gordon Ave,1981
1655,277 BELLFLOWER,Municipal,703210000,Multifamily Housing,24 Bellflower St.,1981
129,Ridgecrest Terrace (rg99),Reported,2012112000,Multifamily Housing,14 Ridgecrest Ter,1982
452,Jamaicaway Place Condo,Reported,1001609000,Multifamily Housing,40-50-60 Jamaicaway,1982
725,Devonshire,Reported,303895000,Multifamily Housing,One Devonshire Place,1982
1638,283 PEABODY SQUARE,Municipal,1601530000,Multifamily Housing,1875 Dorchester Ave,1982
1664,174 RUTLAND,Municipal,900540000,Multifamily Housing,62 Rutland St.,1982
80,Dorchester House Apartments: 10 Ellet Street,Reported,1500550000,Multifamily Housing,10 Ellet St,1983
773,Beacon House: 19 Myrtle St,Reported,300168000,Multifamily Housing,19 Myrtle St,1983
852,The Greenhouse Apartments,Reported,864000,Multifamily Housing,150 Huntington Avenue,1983
932,102-108 Gainsborough Street,Reported,401645000,Multifamily Housing,102 Gainsborough Street,1983
1298,249 A Street,Reported,602752000,Multifamily Housing,249 A Street,1983
1653,193 HIGHLAND PARK,Municipal,903491000,Multifamily Housing,50-68 Highland Ave.,1983
464,Shipways Condominium,Reported,203515600,Multifamily Housing,1-48 Shipway Place,1984
930,103 Gainsborough St,Reported,401611000,Multifamily Housing,103 Gainsborough St,1984
939,111 Gainsborough St,Reported,401615000,Multifamily Housing,111 Gainsborough St,1984
940,90 & 96 Gainsborough St,Reported,401646000,Multifamily Housing,90 Gainsborough St,1984
941,Dartmouth Square Condominums,Reported,400357046,Multifamily Housing,150 Appleton St,1984
942,95 Gainsborough St,Reported,401607000,Multifamily Housing,95 Gainsborough St,1984
943,78 & 84 Gainsborough St,Reported,401647000,Multifamily Housing,78 Gainsborough St,1984
944,87 Gainsborough St,Reported,401603000,Multifamily Housing,87 Gainsborough St.,1984
945,79 Gainsborough St,Reported,401599000,Multifamily Housing,79 Gainsborough St,1984
946,Deacon Condominiums,Reported,2100566000,Multifamily Housing,57-59 Brighton Ave ,1984
100,Sumner Hill House Condos: Sumner Hill House Condos,Reported,1901237000,Multifamily Housing,76 Elm Street,1985
150,Commonwealth Park Condo: 1427 Commonwealth Avenue,Reported,2101110000,Multifamily Housing,1427 Commonwealth Avenue,1985
330,"Residences at Copley Place, The",Reported,400985010,Multifamily Housing,16 Harcourt Street,1985
527,Constitution Co-op: 42 Park Street,Reported,203350010,Multifamily Housing,42 Park Street,1985
574,Washington Square Condominium,Reported,2101724000,Multifamily Housing,"309 -  313 Allston St., and 1560 - 1576 Commonwealth Ave.",1985
597,South Boston Elderly,Reported,602147000,Multifamily Housing,120 H Street,1985
659,Carol Avenue Cooperative,Voluntary,,Multifamily Housing,6 Carol Avenue,1985
710,Garrison Square,Reported,,Multifamily Housing,32 Garrison Street,1985
769,Council Tower: 2875 Washington St,Reported,1100915000,Multifamily Housing,2875 Washington St,1985
938,63-65 Burbank,Reported,401446000,Multifamily Housing,63-65 Burbank st,1985
1375,460 Harrison Ave,Reported,306540000,Multifamily Housing,460 Harrison Ave,1985
1428,856-862 Beacon Street,Reported,2100210000,Multifamily Housing,856-862 Beacon Street,1985
1650,653 CLIFTON/BALCHELDER-SPEC. NEEDS,Municipal,800038000,Multifamily Housing,62 Clifton Street,1985
1850,170 Parkside Condominium Trust,Reported,304842000,Multifamily Housing,170 Tremont St,1985
34,St. Helena's House: 89 Union Park Street,Reported,801080000,Multifamily Housing,89 Union Park St,1986
154,Basilica Leasehold Condominium Trust: Basilica Condominium,Reported,203510175,Multifamily Housing,106 13th Street,1986
291,Mariner Condo Associates,Reported,303543000,Multifamily Housing,300 Commercial St,1986
456,The Schoolhouse on Monument Square Condominium,Reported,203150000,Multifamily Housing,30 Monument Square,1986
468,Constellation Wharf Condominium,Reported,203516001,Multifamily Housing,Pier 7 Ninth Street,1986
522,Charles Bulfinch Condominium,Reported,303135000,Multifamily Housing,350 North Street,1986
595,The Courtyard,Reported,2202114000,Multifamily Housing,140-154 North Beacon Street,1986
862,Cheriton Grove Apartments,Reported,2011777000,Multifamily Housing,20 Cheriton Rd,1986
918,Mother Brook Trust,Reported,1812141000,Multifamily Housing,1608 River Street,1986
1302,Highview Park Condominium Trust,Reported,2002964000,Multifamily Housing,4975 Washington St.,1986
17,Prang Estates: Prang Estates,Reported,903453000,Multifamily Housing,45 Centre Street,1987
77,Tent City,Reported,400600040,Multifamily Housing,100 -128 Dartmouth Street (130),1987
83,Cardinal Medeiros Manor: 11 Woodcliff Street,Reported,1300691000,Multifamily Housing,11 Woodcliff St,1987
151,San Marco/Lincoln Wharf Condominium Trust: Lincoln Wharf,Reported,303039000,Multifamily Housing,357 Commercial Street,1987
168,Huntington Avenue: 706 Huntington Avenue,Reported,1000131000,Multifamily Housing,706 Huntington Avenue,1987
457,Peterborough Gardens Condo,Reported,504236000,Multifamily Housing,24 and 30 Peterborough Street,1987
474,Adams House Condominiums,Reported,1602997000,Multifamily Housing,59 Msgr Lydon Way,1987
765,Roslindale House: Roslindale House,Reported,1904205100,Multifamily Housing,120 Poplar St,1987
1595,Cliffmont Estates Condominium,Reported,1804765000,Multifamily Housing,57A - 145B Grew Ave.,1987
263,416 Marlborough Street Condominium Trust,Reported,503596000,Multifamily Housing,416 Marlborough Street,1988
1380,Roxbury Hills,Reported,1202025000,Multifamily Housing,123A Hutchings Street,1988
1399,Roxbury Hills - 140 Humboldt Ave,Reported,1202025000,Multifamily Housing,140 Humboldt Ave,1988
1400,Roxbury Hills - Hutchings St Apts.,Reported,1203099000,Multifamily Housing,49 Hutchings St. ,1988
153,Flagship Wharf Condominium: 197 8th Street,Reported,203505100,Multifamily Housing,197 8th Street,1989
266,75 Clarendon Street Condo Trust,Reported,501048000,Multifamily Housing,75 CLARENDON ST,1989
283,Charlestown Navy Yard Rowhouses,Reported,203517500,Multifamily Housing,110 First Ave,1989
508,15 North Beacon Street Condominium Trust,Reported,2201749000,Multifamily Housing,15 N-Beacon St,1989
757,Fulton Court Condominium Trust,Reported,303478000,Multifamily Housing,100 Fulton Street,1989
928,Gumball Condominiums,Submitted with possible data errors,103894010,Multifamily Housing,150 Orleans Street,1989
1590,Dale Village Condo Trust,Reported,1903888000,Multifamily Housing,25 Harrison St,1989
21,Wayne at Franklin Hill: Wayne at Franklin Hill,Reported,1404338000,Multifamily Housing,140 American Legion Highway,1990
60,Parker Hill,Reported,1001052000,Multifamily Housing,170 Parker Hill Avenue,1990
169,West Fenway Elderly Housing: 110 Peterborough St,Reported,2100033000,Multifamily Housing,110 Peterborough St,1990
209,1200 Commonwealth Ave,Submitted with Possible data errors,2101571000,Multifamily Housing,1200 Commonwealth Avenue,1990
210,72 Gardner Street,Submitted with Possible data errors,2100542000,Multifamily Housing,72 Gardner Street,1990
212,36-44 Quint Ave,Submitted with Possible data errors,2100917000,Multifamily Housing,36-44 Quint Ave,1990
431,Newfield Woods Condo ASC,Reported,2007665010,Multifamily Housing,97 Anderer LN,1990
447,Fenway Views Condominium,Reported,2100033010,Multifamily Housing,"104, 106 &108 Peterborough Street, 51-67 Kilmarnock Street",1990
716,TDC III: 400 Mass Ave,Reported,900740000,Multifamily Housing,400 Massachusetts Avenue,1990
767,Fenway Studios,Reported,504174000,Multifamily Housing,30 Ipswich Street ,1990
792,Waterford Place,Reported,306150000,Multifamily Housing,180 Shawmut Ave,1990
898,Brown Kaplan,Reported,1404266030,Multifamily Housing,27-33 Wilbert Rd,1990
1322,Hamilton Northeast LLC,Reported,901323500,Multifamily Housing,650 Columbus Ave,1990
1609,BC Stayer Hall,Reported,2102473020,Multifamily Housing,110 St Thomas More Rd,1990
1727,St Joseph's Community Inc,Reported,903820000,Multifamily Housing,86 Crispus Attucks Pl,1990
899,Langham Court,Reported,900660000,Multifamily Housing,26 Worcester St,1991
1563,Roxbury Corners-0901180010,Reported,901180010,Multifamily Housing,1801 Washington Street,1991
1565,Parmelee Court-1762,Reported,801615010,Multifamily Housing,1762 Washington Street,1991
271,Burroughs Wharf Condominium,Municipal,303040000,Multifamily Housing,40 & 50 Battery Street,1993
36,Oak Terrace Apartments,Reported,305484010,Multifamily Housing,888 Washington Street,1994
772,Peter Faneuil House: 60 Joy Street,Reported,300154010,Multifamily Housing,60 Joy St,1994
33,McBride House/St Cecilia's: StC-108 Kilmarnock st,Reported,504281010,Multifamily Housing,StC-108 Kilmarnock st,1995
529,Blue Ledge Co-op: 15 Blue Ledge Drive,Reported,4426493,Multifamily Housing,15 Blue Ledge Drive,1995
43,Mattapan Center for Life: 555 River Street,Reported,1801691020,Multifamily Housing,555 River Street,1996
804,Lewis Mall Apartments: Lewis Mall Apartments,Reported,105398005,Multifamily Housing,225 Sumner Street,1996
24,West End Place,Voluntary,,Multifamily Housing,150 Staniford Street,1997
94,Anna Bissonnette House: 1640 Washington Street,Reported,80448000,Multifamily Housing,1640 Washington Street,1997
528,Castle Cove Co-op: 225 West 2nd Street,Reported,5892086,Multifamily Housing,225 West 2nd Street,1997
71,Camfield Estates,Reported,901220000,Multifamily Housing,112 Camden Street,1998
90,Nate Smith House: 155 Lamartine St - Compliance,Reported,1900029010,Multifamily Housing,155 Lamartine St,1998
290,Laconia Condominium Association,Reported,306395010,Multifamily Housing,1200 Washington Street,1998
1567,Beryl Gardens,Reported,903082100,Multifamily Housing,103 Madison Park Court,1998
433,Grant Manor: Grant Manor,Reported,801675000,Multifamily Housing,1810-1854 Washington Street,1999
764,Longfellow House: 885 South St,Reported,2004863000,Multifamily Housing,885 South St,1999
812,1653-1661 Commonwealth Avenue,Reported,2101929000,Multifamily Housing,1653-1661 Commonwealth Avenue,1999
813,1625-1645 Commonwealth Avenue,Reported,2101925000,Multifamily Housing,1625-1645 Commonwealth Avenue,1999
814,1625-1661 Commonwealth Avenue,Reported,,Multifamily Housing,1625-1661 Commonwealth Avenue,1999
1305,Glencoe Park East Condominium,Reported,2202145000,Multifamily Housing,18 Glencoe,1999
1372,1325 Boylston St (by048),Submitted with possible data errors,,Multifamily Housing,1325 Boylston St,1999
1592,Lindsay Place Condo Trust,Reported,300028000,Multifamily Housing,13-27 Bowdoin St,1999
18,Sarah Baker Manor: Sarah Baker Manor,Reported,1200353000,Multifamily Housing,33 Perrin Street,2000
31,Riley House: 39 Maple Avenue,Reported,1809143010,Multifamily Housing,39 Maple Avenue,2000
91,Pondview: 560 Centre St,Reported,1900914000,Multifamily Housing,560 Centre St,2000
96,Ruggles Assisted Living: 25 Ruggles Street,Reported,902453000,Multifamily Housing,25 Ruggles Street,2000
118,Orchard Gardens,Reported,802195020,Multifamily Housing,25 Ambrose Street,2000
548,Geneva Apartments LLC,Reported,1401380000,Multifamily Housing,211 - 255 Geneva Ave,2000
612,West End Parent - 19155,Reported,300449000,Multifamily Housing,4 emerson place,2000
651,Landmark Square,Reported,504311000,Multifamily Housing,75 Peterborough Street,2000
1290,The Nautica Condominium Leasehold Trust,Reported,203520010,Multifamily Housing,1 Warren St,2000
1557,Mission Main III,Reported,1000001035,Multifamily Housing,39 McGreevey Way,2000
1561,Mission Main II,Reported,,Multifamily Housing,21 Cornelia Street,2000
1564,Mission Main I,Reported,,Multifamily Housing,43 Smith Street,2000
1856,Millennium Place Primary-South Tower,Reported,,Multifamily Housing,2 Avery Street,2000
29,Viviendas: 100 West Dedham,Reported,900080000,Multifamily Housing,100 West Dedham,2001
41,Franklin Highlands: 278-280 Humboldt Avenue,Reported,1202327000,Multifamily Housing,278-280 Humboldt Avenue,2001
85,The Metropolitan: 1 Nassau Street,Reported,305424030,Multifamily Housing,1 Nassau St,2001
108,Whittier Place Condominium,Reported,300450000,Multifamily Housing,6 Whittier Place,2001
475,Trinity Place Condominium,Reported,401053010,Multifamily Housing,1 Huntington Ave.,2001
802,Villa Michelangelo School Apartments: Villa Michelangelo,Reported,302161000,Multifamily Housing,64 Charter Street,2001
1307,Millennium Place Primary- North Tower,Reported,,Multifamily Housing,1-3 Avery Street,2001
1566,New Academy Estates-2897-2933 Washington,Reported,1100915001,Multifamily Housing,2897-2933 Washington Street,2001
1577,New Academy Estates-29 Cobden,Reported,1101752000,Multifamily Housing,29 Cobden St,2001
11,Wilkes Passage Lofts Condominium,Reported,306010010,Multifamily Housing,1313 Washington Street,2002
328,"Belvedere Condo Trust, The",Reported,401037600,Multifamily Housing,100 Belvedere Street,2002
332,Wilkes Passage Lofts Condominium,Reported,306010010,Multifamily Housing,1313 Washington Street,2002
442,The Colonnade Residences,Reported,400905010,Multifamily Housing,118 Huntington Avenue,2002
505,Carillon Condo Trust,Reported,401420010,Multifamily Housing,183 Massachusetts Avenue,2002
526,Franklin Park Villa Co-op: 131 Morton Street,Reported,1103774000,Multifamily Housing,131 Morton Street,2002
44,Rollins Square,Reported,306455010,Multifamily Housing,2 Rollins Street,2003
206,Covenant House,Municipal,2101991000,Multifamily Housing,30 Washington St,2003
540,East Berkeley Lofts,Reported,306266000,Multifamily Housing,160 East Berkeley Street,2003
1521,One Western Ave,Reported,2200481000,Multifamily Housing,One Western Ave,2003
1568,Hope in Dorchester,Reported,1402076000,Multifamily Housing,88 Nightingale Street,2003
1622,Chestnut Hill Gardens Condo,Reported,2205126010,Multifamily Housing,163-165 Chestnut Hill Ave,2003
103,Zelma Lacey Assisted Living: 9 West School St,Reported,202350000,Multifamily Housing,9 W School St,2004
122,Maverick Landing I,Reported,105609010,Multifamily Housing,3 - 17 New Street,2004
261,25 Channel Center Condominium Trust,Reported,602751100,Multifamily Housing,25 Channel Center,2004
262,35 Channel Center Condominium Trust,Reported,602751300,Multifamily Housing,35 Channel Center,2004
334,Atelier 505,Reported,500815020,Multifamily Housing,505 Tremont St,2004
461,Bowdoin  Place Condominium,Reported,302726010,Multifamily Housing,10 Bowdoin Street,2004
580,Tremont Residential (Grandview Condo),Reported,304847010,Multifamily Housing,165 Tremont St,2004
660,Brian Honan Apts,Voluntary,2201764010,Multifamily Housing,61 Everett Square,2004
684,One Charles Condominium,Reported,500105010,Multifamily Housing,One Charles Street South,2004
929,150 Dorchester Ave. Condominium,Reported,600074010,Multifamily Housing,150 Dorchester Ave,2004
1303,40 Boylston Street Apartments,Reported,304894000,Multifamily Housing,40 Boylston Street,2004
1432,580 Commonwealth Avenue,Reported,504140000,Multifamily Housing,580 Commonwealth Avenue,2004
73,Columbia West: 392 Columbia Rd,Reported,1502411010,Multifamily Housing,392 Columbia Rd,2005
88,Uphams Corner: 614 Columbia Rd,Reported,703892012,Multifamily Housing,614 Columbia Rd,2005
125,Maverick Landing II,Reported,105402010,Multifamily Housing,115 Sumner Street,2005
172,Midway Studios: 15 Channel Center Street,Reported,602750050,Multifamily Housing,15 Channel Center St,2005
249,The Residences at 210 South: 210 South Street,Reported,305358202,Multifamily Housing,210 South Street,2005
270,Broadluxe Condo Trust,Reported,304033010,Multifamily Housing,99 105 Broad St,2005
329,The Porter Condominium Trust,Reported,104164010,Multifamily Housing,156 Porter Street,2005
446,Mountfort Place Condo Trust,Reported,2100256000,Multifamily Housing,120 Mountfort Street,2005
762,Carleton House: 2055 Columbus Ave,Reported,1101588100,Multifamily Housing,2055 Columbus Ave,2005
768,Sophia Snow House: Centre Street,Reported,2003597001,Multifamily Housing,Centre Street,2005
783,Amory Terrace,Reported,1101202010,Multifamily Housing,20 Amory Avenue,2005
786,Egleston Crossing-3033,Reported,1101005000,Multifamily Housing,3033 Washington Street,2005
82,Waterworks (Watermark): 2400 Beacon Street,Reported,2102439200,Multifamily Housing,2400 Beacon Street,2006
101,Julia Martin House: Julia Martin House,Reported,1002334010,Multifamily Housing,90 Bickford St,2006
134,The Carruth - Commercial,Reported,,Multifamily Housing,1900 -1918 DORCHESTER Ave,2006
142,Fenway Triangle Trilogy,Reported,2100051014,Multifamily Housing,180 Brookline Ave,2006
285,FOLIOBOSTON CONDOMINIUM TRUST,Reported,303990010,Multifamily Housing,80 Broad Street,2006
560,44 Prince Street Condominium Trust,Reported,302347000,Multifamily Housing,44 Prince Street,2006
563,XII Stoneholm Condominium Trust,Reported,401404000,Multifamily Housing,12 Stoneholm St,2006
589,660 Washington - 29803,Reported,304965012,Multifamily Housing,660 Washington St.,2006
811,Bigelow Court Condominiums,Reported,2203171000,Multifamily Housing,142 Bigelow Street,2006
896,"Mandarin Oriental, Boston",Reported,,Multifamily Housing,772-776 Boylston Street,2006
962,Waterworks (Whitehall): 2420 Beacon Street,Reported,2102439060,Multifamily Housing,2420 Beacon Street,2006
1484,Trilogy,Reported,2100051018,Multifamily Housing,170 Brookline Avenue,2006
1760,Park Lane,Reported,602680252,Multifamily Housing,One Park Lane,2006
1783,The Peninsula I,Reported,1303412000,Multifamily Housing,401 Mt Vernon St,2006
193,Leventhal/Weinberg: Leventhal House,Reported,2102565010,Multifamily Housing,40 Wallingford Road,2007
267,Audubon Park Condo Trust,Reported,2100167000,Multifamily Housing,16 Miner St,2007
509,45 Province Condo Trust,Reported,304705000,Multifamily Housing,45 Province Street,2007
510,Brewery Lofts,Reported,1001480000,Multifamily Housing,251 Heath St Pub,2007
626,7 Warren Ave,Reported,500826000,Multifamily Housing,7 Warren Avenue,2007
766,Spencer House: 2053R Columbus Ave,Reported,1101588200,Multifamily Housing,2053 Columbus Ave,2007
1857,Mezzo Design Lofts,Reported,201912010,Multifamily Housing,30 Caldwell Street,2007
62,1460 House,Reported,1500551012,Multifamily Housing,1460 Dorchester Avenue,2008
76,MPDC - Brookledge Cummins: 610 Cummins Hwy,Reported,1802473000,Multifamily Housing,610 Cummins Hwy,2008
106,MPDC - Brookledge Cummins: 60 Brookledge Street,Reported,1202311000,Multifamily Housing,60 Brookledge St,2008
124,Trinity Franklin Hill Phase One LP,Reported,1404238010,Multifamily Housing,99-113 Shandon Road,2008
179,Mezzo Design Lofts,Reported,2850403312,Multifamily Housing,30 Caldwell st,2008
335,Harborview at the Navy Yard,Reported,203517600,Multifamily Housing,250 1st Ave,2008
503,285 Columbus Ave LLC,Reported,400548010,Multifamily Housing,285 Columbus Primary CNDO,2008
777,"1330 Boylston Street Properties, LLC",Reported,504314014,Multifamily Housing,1330 Boylston Street,2008
1782,The Peninsula II,Reported,1303411010,Multifamily Housing,375 Mt Vernon St,2008
30,Rockland Street Elderly: Rockland Street Elderly,Reported,1200724000,Multifamily Housing,30 Rockland Street,2009
293,50 West Broadway (Whole Building Tracking): 50 West Broadway (Whole Building ...,Reported,600022010,Multifamily Housing,50 West Broadway,2009
592,Avenir - 29807,Reported,301570001,Multifamily Housing,101 Canal St.,2009
604,Albany Street Apartments,Reported,801218000,Multifamily Housing,601 Albany Street,2009
907,One Back Bay,Reported,401129218,Multifamily Housing,135 CLARENDON ST,2009
965,Residences at 50 West Broadway,Reported,600022010,Multifamily Housing,50 West Broadway,2009
1811,Penmark Condo Association,Reported,801401510,Multifamily Housing,21 Father Francis Gilday Street,2009
92,Dona Betsaida Gutierrez Cooperative: Centre-Creighton Apartments,Reported,1002038024,Multifamily Housing,11 Creighton St,2010
123,Washington Beech - 4560 WASHINGTON ST,Reported,1806017110,Multifamily Housing,4560 WASHINGTON ST,2010
763,Farnsworth House: 90 South St,Reported,1103125000,Multifamily Housing,90 South St,2010
784,Kasanof Homes,Reported,1200921000,Multifamily Housing,233 Blue Hill Ave,2010
32,Charlesbank Apartments: 650 Huntington Avenue,Reported,1000015000,Multifamily Housing,650 Huntington Avenue,2012
35,Catherine Hardaway Building (CBES): 2311 Washington st,Reported,903130010,Multifamily Housing,2311 Washington st,2012
105,Hearth at Olmstead Green: 2 Kingbird Road,Voluntary,1405196900,Multifamily Housing,305 American Legion Hwy,2012
119,455-465 Geneva Ave.,Reported,1702239000,Multifamily Housing,455 Geneva Ave,2012
120,Trinity Mattapan Heights 5,Reported,1800113800,Multifamily Housing,229A River St,2012
374,The Bradley Condominium,Reported,503834010,Multifamily Housing,409 Commonwealth Avenue,2012
424,Belgrade Place LLC,Reported,2005737000,Multifamily Housing,446 Belgrade Ave,2012
501,25 James O'Neil S,Reported,700540130,Multifamily Housing,25 James O'Neil St,2012
507,1277 Commonwealth Ave,Reported,2101025000,Multifamily Housing,1277 Comonwealth Ave,2012
785,157 Washington St,Reported,1401034000,Multifamily Housing,157 Washington St,2012
803,Greenway Apartments: Greenway Apartments,Reported,103916000,Multifamily Housing,170-172 Maverick Street,2012
1406,815 Albany Street,Reported,802041010,Multifamily Housing,815 Albany Street,2012
1765,Element Brainerd LLC,Reported,2101528000,Multifamily Housing,65 Brainerd Rd,2012
48,Gatehouse 75 (gt28),Reported,202360000,Multifamily Housing,75 W School St,2013
79,225 Centre LLC,Reported,1100896020,Multifamily Housing,225 Centre St,2013
104,Charlesview Residences - Compliance,Reported,2200862010,Multifamily Housing,400 Western Avenue,2013
117,Eleven West,Reported,,Multifamily Housing,11 West Broadway,2013
586,8 Winter Street,Reported,304781000,Multifamily Housing,8 Winter Street,2013
591,315 on A - 24305,Reported,602761030,Multifamily Housing,315 A Street,2013
711,Pier 4,Reported,602641050,Multifamily Housing,142 Northern Avenue,2013
730,The Kensington,Reported,,Multifamily Housing,665 Washington Street,2013
770,Hong Lok House: 15 Essex Street,Reported,304968000,Multifamily Housing,15 Essex Street,2013
844,The Victor by Windsor,Reported,301536000,Multifamily Housing,110 Beverly St.,2013
964,26 West Broadway,Reported,600026000,Multifamily Housing,26 West Broadway,2013
1594,The Starboard Condominiums,Reported,203511400,Multifamily Housing,45 First Avenue,2013
1734,381 Congress Street,Reported,602687000,Multifamily Housing,381 Congress St.,2013
1764,Edge Brainerd LLC,Reported,2101478000,Multifamily Housing,60 Brainerd Rd,2013
252,James and Harrison Court Apartments - CO (jm23),Reported,801401300,Multifamily Housing,761 Harrison Ave,2014
363,Radian,Reported,304308000,Multifamily Housing,120 Kingston,2014
376,Edward Sullivan Condominium 401-407 W 1st St,Reported,602875000,Multifamily Housing,401-407 West First Street,2014
383,MA036_Avalon Exeter (mv60),Reported,401037085,Multifamily Housing,77 Exeter Street,2014
618,Westside Crossing,Reported,601520004,Multifamily Housing,339 D St,2014
620,West Square,Reported,601509010,Multifamily Housing,320 D St,2014
653,The Viridian,Reported,504225000,Multifamily Housing,1282 Boylston Street,2014
729,Flats on D,Reported,602842000,Multifamily Housing,411 D Street,2014
793,Portside at East Pier,Reported,104447000,Multifamily Housing,50 Lewis Street,2014
849,Dudley Greenville-1200023010,Reported,1200023010,Multifamily Housing,205 Dudley St,2014
853,Waterside Place,Reported,602678015,Multifamily Housing,505 Congress Street,2014
1579,Quincy Commons,Reported,1300723000,Multifamily Housing,278 Blue Hill Ave,2014
1844,Eco Brainerd LLC,Reported,,Multifamily Housing,75 Brainerd Rd,2014
23,Roxbury Crossing Maria Sanchez: Maria Sanchez House,Reported,902921010,Multifamily Housing,30 Gurney Street,2015
66,9 Miner Street (nm35),Reported,2100166000,Multifamily Housing,9 Miner St,2015
276,Bell Olmsted Park,Reported,1001631000,Multifamily Housing,161 South Huntington Ave,2015
295,26 West Broadway (Whole Building): 26 West Broadway (Whole Building),Reported,600026000,Multifamily Housing,26 West Broadway,2015
296,St. Kevin's (Whole Building Tracking): 516 Columbia Road (Whole Building Trac...,Reported,1301320010,Multifamily Housing,516 Columbia Road,2015
297,Uphams Corner (Whole Building Tracking): 530 Columbia Road (Whole Building Tr...,Reported,1301316010,Multifamily Housing,530 Columbia Road,2015
303,St. Kevin's (Whole Building Tracking): 35 Bird Street (Whole Building Tracking),Reported,1301320010,Multifamily Housing,35 Bird Street,2015
331,Twenty Two Liberty,Reported,602671019,Multifamily Housing,22 Liberty Drive,2015
384,MA044_AVA Theater District (vt22),Reported,304910020,Multifamily Housing,45 Stuart St,2015
504,319 A Condominium Association,Reported,602761100,Multifamily Housing,319 A Street,2015
530,Malvern Place Apartments,Reported,,Multifamily Housing,"40 Malvern St. Allston, Ma. 02134",2015
590,Troy Boston - 24030,Reported,,Multifamily Housing,55 Traveler Street,2015
728,99 Kneeland Street,Reported,,Multifamily Housing,One Greenway,2015
731,Continuum,Reported,2200534010,Multifamily Housing,199 N Harvard Street,2015
779,Watermark Seaport - Greystar,Reported,602640060,Multifamily Housing,85 SEAPORT BLVD,2015
886,Ink Block South End,Reported,306625000,Multifamily Housing,300 Harrison Ave,2015
931,DNA Lofts Condominiums,Submitted with possible data errors,1303046010,Multifamily Housing,944 Dorchester Ave,2015
1299,Sepia Condominium Trust,Reported,306624010,Multifamily Housing,32 Travelers Street,2015
1812,Lafayette Condominium,Reported,503585000,Multifamily Housing,333 Commonwealth Ave.,2015
38,One Gurney: 1 Gurney Street,Reported,902908050,Multifamily Housing,1 Gurney Street,2016
102,75 Amory: 75 Amory Avenue,Reported,1101200015,Multifamily Housing,75 Amory Avenue,2016
292,Metro Mark (Whole Building Tracking): Building A 3615 (Whole Building Tracking),Reported,1102617010,Multifamily Housing,3615 Washington Street,2016
294,Metro Mark (Whole Building Tracking): Building B 3611 (Whole Building Tracking),Reported,1102617010,Multifamily Housing,3611 Washington Street,2016
301,Parkside on Adams (Whole Building Tracking): Parkside on Adams (Whole Propert...,Reported,1904226000,Multifamily Housing,4236 Washington Street,2016
368,Jordan Lofts,Reported,306444000,Multifamily Housing,477 Harrison Avenue,2016
377,RESIDENCES AT ST. AUGUSTINE,Reported,700775000,Multifamily Housing,225 Dorchester Street,2016
443,Charlestown Battalion Armory,Reported,201186050,Multifamily Housing,374-398 Bunker Hill Street,2016
478,One Canal (nc87),Reported,301560010,Multifamily Housing,1 Canal Street,2016
520,Millennium Towers,Reported,304590010,Multifamily Housing,1 Franklin St,2016
593,Girard - 24018,Reported,801103000,Multifamily Housing,50 Malden Street,2016
726,30 Dalton,Reported,401323010,Multifamily Housing,30 Dalton Street,2016
778,Hub 25 - Gables,Reported,1302364011,Multifamily Housing,25 William T Morissey Dr,2016
1301,488 DOT CONDO TRUST,Reported,700176000,Multifamily Housing,488 Dorchester Ave,2016
1588,Serenity - Greystar,Reported,1001625010,Multifamily Housing,105 SOUTH HUNTINGTON AVE,2016
1589,The Eddy - Greystar,Reported,105410000,Multifamily Housing,"10 New St, East ",2016
1608,Thomas More Apartments,Reported,2102443000,Multifamily Housing,2150 Commonwealth Ave,2016
1616,The Seville Condominium Trust,Reported,105937000,Multifamily Housing,250 Meridian Street,2016
1818,The Residences at Hooper Mansion,Voluntary,503671000,Multifamily Housing,448 Beacon Street,2016
63,5165 Washington Street LLC,Reported,2003386000,Multifamily Housing,5165 WASHINGTON STREET,2017
65,"VIA Seaport Residences (hv66, ns003, tj13)",Reported,,Multifamily Housing,5 Fan Pier Blvd,2017
385,MA048_Avalon North Station (mh53),Reported,301922050,Multifamily Housing,1 Nashua Street,2017
513,Distillery North,Reported,603067001,Multifamily Housing,455 East First Street,2017
727,The Harlo,Reported,504313000,Multifamily Housing,1350 Boylston Street,2017
908,Lovejoy Wharf,Reported,303063000,Multifamily Housing,100 Lovejoy Place,2017
1395,446 Cambridge St,Voluntary,2100704010,Multifamily Housing,446 Cambridge St,2017
1606,Reservoir Apartments,Reported,2102464000,Multifamily Housing,2000 Commonwealth Ave,2017
39,88 Hudson: 88 Hudson Street,Reported,304981010,Multifamily Housing,88 Hudson Street,2018
132,Trinity Border Street LLC (Boston East),Reported,105413010,Multifamily Housing,126 Border Street,2018
264,50 Liberty Trust,Reported,602670450,Multifamily Housing,50 Liberty Drive,2018
302,1943 Dot Ave (Whole Building Tracking): 1943 DOT Ave,Reported,1704530000,Multifamily Housing,1943 Dorchester Avenue,2018
378,99 TREMONT,Reported,2203711010,Multifamily Housing,99 Tremont Street,2018
379,THE BOULEVARD / 102-112 BROAD ST,Reported,303975000,Multifamily Housing,110 Broad Street,2018
397,Sienna Ink Block LLC,Reported,306731010,Multifamily Housing,40 Traveler Street,2018
599,125 Guest St,Reported,2201904004,Multifamily Housing,125 Guest St,2018
732,The Pierce,Reported,2100054000,Multifamily Housing,200 Brookline Avenue,2018
787,9 Williams St,Reported,902126010,Multifamily Housing,2101 Washington St,2018
794,Portside II,Reported,104447010,Multifamily Housing,40 East Pier Drive,2018
836,Lantera at Boston Landing- Greystar,Reported,2201904004,Multifamily Housing,125 Guest St,2018
837,The Andi - Greystar,Reported,,Multifamily Housing,25 Jan Karski Way,2018
890,Boston East (bs029),Reported,105413010,Multifamily Housing,126 Border St,2018
905,The Beverly,Reported,301523035,Multifamily Housing,101 Beverly St,2018
1477,345 Harrison,Reported,306337000,Multifamily Housing,345 Harrison Ave,2018
1478,Harmon Apartments: 2045 Dorchester Avenue,Reported,1704416000,Multifamily Housing,2045 Dorchester Avenue,2018
192,Leventhal/Weinberg: Weinberg House,Reported,2102551000,Multifamily Housing,132 Chestnut Hill Avenue,2019
382,45 On Burnett Condominium,Submitted with possible data errors,1102605040,Multifamily Housing,45 Burnett Street,2019
1304,462 - Lightview,Reported,901401010,Multifamily Housing,742 Columbus Ave,2019
1479,61 Heath: 61 Heath Street,Reported,1002467010,Multifamily Housing,61 Heath Street,2019
1480,Coppersmith Village: 99 Border Street,Reported,105590100,Multifamily Housing,99 Border Street,2019
2225,,Not Compliant,2009158010,NURSING HOME,1190 VFW  PW,
2226,,Not Compliant,2101707500,NURSING HOME,170 COREY RD,
2227,,Not Compliant,303465000,NURSING HOME,70 FULTON ST,
512,The Distillery,Submitted with possible data errors,603068000,Other,516 East Second Street #43,1819
937,Lewis Warf,Reported,3029510,Other,28-32 Atlantic Ave,1850
1750,95 Mt Vernon,Reported,501731000,Other,95 Mt Vernon Street,1876
1821,51-59 Amory Street,Reported,1101201000,Other,51-59 Amory Street,1876
1779,"Artist Studios, Beehive & Banyan Resturants (Parcel# 500819000)",Reported,500819000,Other,549-551 Tremont St.,1884
781,Beck Southend Trust,Reported,801136000,Other,49-59 Wareham St.,1900
921,Blackstone Square LP,Reported,900190000,Other,1511 - 1525 Washington Street,1900
1747,64 Brighton Avenue,Reported,2100790000,Other,64 Brighton Avenue,1900
1751,Hyde Park,Reported,1809108000,Other,1253-1263 Hyde Park Avenue,1900
175,New England Center and Home for Veterans: 17 Court Street,Reported,302886000,Other,17 Court Street,1920
829,309A-315C Huntington Ave,Reported,401700000,Other,315 Huntington Ave,1920
1293,Stanwood Limited Partnership,Submitted with possible data errors,2100896000,Other,149-175 Harvard Ave ,1920
1838,CCC,Reported,,Other,50 Terminal St,1920
1617,22-36 Old Colony Ave.,Reported,600324000,Other,10-50 Old Colony Ave.,1924
479,Wise Realty,Submitted with possible data errors,201806000,Other,511 Medford Street,1925
519,500 - 570 Rutherford Ave,Reported,202161000,Other,500 Rutherford Ave,1925
1618,58-70 Old Colony Ave,Reported,600368000,Other,60 Old Colony Ave,1930
1824,12CH,Voluntary,602674150,Other,12 Chnnel Street,1941
903,WBZ TV,Reported,2200551000,Other,1170 Soldiers Field Road,1948
834,1106-1110 Commonwealth Ave,Reported,2101594000,Other,1106 Commonwealth Ave,1950
810,DFCI - Jimmy Fund Building,Reported,401898000,Other,35 Binney Street,1952
1756,440 McClellan LLC,Reported,101662000,Other,440 William F McClellan Highway,1960
1849,30 Northampton Street,Reported,801750000,Other,30 Northampton St,1964
347,120 Herald Street,Reported,500515000,Other,120 Herald Street,1967
317,Harbor Garage,Reported,302995000,Other,70 East India Row,1969
1697,100 Clarendon Street Garage,Reported,401082001,Other,100 Clarendon Street,1969
805,DFCI - Dana Building,Reported,401913000,Other,44 Binney st,1975
843,Jamestown - 1 Design Center Boston,Reported,602674012,Other,1 Design Center Place,1985
809,DFCI - Mayer Building,Reported,401913000,Other,420 Brookline Ave,1986
808,DFCI - Smith Building,Reported,401919000,Other,1 Jimmy Fund Way,1995
954,Sargent Hall,Submitted with possible data errors,304758010,Other,120 Tremont Street,1996
976,Boston Common Visitor Information Center,Reported,500812000,Other,Tremont St Vstr  /  West,2000
1001,INACTIVE - 820 Cummins Hwy (DND parcel - no EUI reporting),Municipal,1801058000,Other,820 Cummins Hwy,2000
1002,George Robert White Resource Center,Municipal,1808974000,Other,26 Central Ave,2000
1034,BRA / EDIC,Reported,302644000,Other,43 HAWKINS ST,2000
1086,Franklin Park Greenhouse,Municipal,1203487000,Other,190 Morton Street,2000
1138,Strand Theatre,Municipal,1301742000,Other,543 Columbia Rd,2000
1156,INACTIVE - Bec Site Office,Submitted with possible data errors,902478000,Other,2201 Washington St,2000
1160,Curley House,Municipal,1902060000,Other,350 Jamaicaway,2000
1162,Parkman House,Municipal,501617000,Other,33 Beacon St,2000
1201,Veronica Smith Senior Center,Municipal,2205513000,Other,20 Chestnut Hill Ave,2000
1207,Animal Control Shelter,Municipal,1902894000,Other,26 Mahler Rd,2000
1246,East Boston Stadium,Municipal,104164006,Other,143 Porter St,2000
1247,Fens Stadium,Municipal,504175000,Other,Parkdrath St Fld,2000
1251,95 Magazine St,Municipal,800487000,Other,95 Magazine St,2000
1256,District 7 Yard,Municipal,1600672000,Other,58 Gibson St,2000
1259,INACTIVE - 719 Washington Street - DND no EUI reporting,Municipal,1701741000,Other,719 Washington Street,2000
1266,District 6 Yard,Municipal,2009010000,Other,315 Gardner St,2000
1270,Deer Park,Municipal,500812000,Other,Boylston  /  Tremont St,2000
1274,Back Bay Maintenance,Municipal,401994000,Other,440 Park Dr,2000
1280,Central Maintenance Facility,Municipal,801024040,Other,400 Frontage Rd,2000
240,Harbor Seafood,Reported,602674003,Other,8 Seafood Way,2001
367,485 Harrison Ave (Harrison Lofts Condo),Reported,306445010,Other,485 Harrison Avenue,2003
136,Franciscan Monastery of St Clare,Submitted with possible data errors,1902805000,Other - Lodging/Residential,920 Centre St,1906
361,144-162 (170) Charles Street,Reported,502444000,Other - Lodging/Residential,144-162 Charles Street,1920
370,Kelton Place Condominium,Reported,2101821000,Other - Lodging/Residential,147 Kelton Street ,1980
1131,BPHC - Northampton Campus,Reported,801720000,Other - Lodging/Residential,35 Northampton Street,2000
375,The Charlesview Condominium,Reported,503703000,Other - Lodging/Residential,534 Beacon Street ,2001
406,Gateway Terrace Condominium (40Fay)(Hallet),Reported,306390010,Other - Lodging/Residential,40 Fay Street,2005
407,Gateway Terrace Condominium (1166W + 35Fay)(Vose + Emerson),Reported,306396010,Other - Lodging/Residential,"1166 Washington Street, 35 Fay Street",2005
366,700 Harrison Ave Condominium,Reported,801212000,Other - Lodging/Residential,700 Harrison Ave ,2007
371,Penny Savings Bank,Reported,305960000,Other - Lodging/Residential,30 Union Park Street ,2007
373,The 1850 Condominium,Reported,801106020,Other - Lodging/Residential,90 Wareham Street ,2008
1840,Forecaster Condo,Voluntary,301633000,Other - Lodging/Residential,121 Portland Street,2017
2295,,Not Compliant,2101375100,OTHER EXEMPT BLDG,    N BEACON ST,
2296,,Not Compliant,2101101001,OTHER EXEMPT BLDG,    ALLSTON ST,
2297,,Not Compliant,2003409000,OTHER EXEMPT BLDG,2092 CENTRE ST,
2298,,Not Compliant,2000244000,OTHER EXEMPT BLDG,2 8 ROBERT ST,
2299,,Not Compliant,1702026000,OTHER EXEMPT BLDG,31 37 STANTON ST,
2300,,Not Compliant,1604518000,OTHER EXEMPT BLDG,    GALLIVAN BL,
2301,,Not Compliant,1400750000,OTHER EXEMPT BLDG,30 WASHINGTON ST,
2302,,Not Compliant,1202368000,OTHER EXEMPT BLDG,218 SEAVER ST,
2303,,Not Compliant,1100916000,OTHER EXEMPT BLDG,41 55 DIMOCK ST,
2304,,Not Compliant,800210000,OTHER EXEMPT BLDG,506 510 DUDLEY ST,
2305,,Not Compliant,602109000,OTHER EXEMPT BLDG,    I ST,
2306,,Not Compliant,601165040,OTHER EXEMPT BLDG,15 NECCO ST,
2307,,Not Compliant,400985000,OTHER EXEMPT BLDG,    HARCOURT ST,
2308,,Not Compliant,900760000,OTHER EXEMPT BLDG,    MASSACHUSETTS AV,
2309,,Not Compliant,1704221000,OTHER EXEMPT BLDG,2221 DORCHESTER AV,
2310,,Not Compliant,2003472000,OTHER EXEMPT BLDG,30 40 ST THERESA AV,
2311,,Not Compliant,300624000,OTHER EXEMPT BLDG,20 STANIFORD ST,
2312,,Not Compliant,304702001,OTHER EXEMPT BLDG,88 78 TREMONT ST,
2313,,Not Compliant,402262000,OTHER EXEMPT BLDG,238 262 ST BOTOLPH ST,
2314,,Not Compliant,203511300,OTHER EXEMPT BLDG,150 THIRD AV,
2315,,Not Compliant,801111000,OTHER EXEMPT BLDG,    WASHINGTON ST,
2316,,Not Compliant,1002474000,OTHER EXEMPT BLDG,31 HEATH ST,
2317,,Not Compliant,2102533000,OTHER EXEMPT BLDG,16 SIDLAW RD,
2318,,Not Compliant,1806332050,OTHER EXEMPT BLDG,780 AMERICAN LEGION HW,
2319,,Not Compliant,502873000,OTHER EXEMPT BLDG,64 MARLBOROUGH ST,
2320,,Not Compliant,2203801000,OTHER EXEMPT BLDG,615 WASHINGTON ST,
2321,,Not Compliant,306175000,OTHER EXEMPT BLDG,120 SHAWMUT AV,
2322,,Not Compliant,304878000,OTHER EXEMPT BLDG,    BUMSTEAD CT,
2323,,Not Compliant,1502977000,OTHER EXEMPT BLDG,413 419 COLUMBIA RD,
2324,,Not Compliant,1201200000,OTHER EXEMPT BLDG,115 WARREN ST,
2325,,Not Compliant,1000012000,OTHER EXEMPT BLDG,1545 -1565 TREMONT ST,
2326,,Not Compliant,2003228000,OTHER EXEMPT BLDG,2222 CENTRE ST,
2327,,Not Compliant,306557000,OTHER EXEMPT BLDG,363 ALBANY ST,
2328,,Not Compliant,2002296000,OTHER EXEMPT BLDG,15 BELLEVUE ST,
2329,,Not Compliant,1602324000,OTHER EXEMPT BLDG,21 QUEEN ST,
2330,,Not Compliant,1703981000,OTHER EXEMPT BLDG,1135 MORTON ST,
598,DIV Shawmut LLC,Reported,306180000,Pre-school/Daycare,112 Shawmut Avenue,1916
226,198 Geneva Avenue,Reported,1400038000,Pre-school/Daycare,198 Geneva Avenue,1968
2338,,Not Compliant,2007835010,PRIV SCHOOL /COLLEGE,235 Baker St,
2339,,Not Compliant,401997000,PRIV SCHOOL /COLLEGE,103 117 PILGRIM RD,
2340,,Not Compliant,2205268070,PRIV SCHOOL /COLLEGE,117 -127 LAKE ST,
2341,,Not Compliant,2205268050,PRIV SCHOOL /COLLEGE,    LAKE ST,
2342,,Not Compliant,304831000,PRIV SCHOOL /COLLEGE,543 547 WASHINGTON ST,
2343,,Not Compliant,500077000,PRIV SCHOOL /COLLEGE,56 48 CHARLES STREET SOUTH  ,
2344,,Not Compliant,503062000,PRIV SCHOOL /COLLEGE,320 NEWBURY ST,
2444,,Not Compliant,2008916000,PRIV SCHOOL /COLLEGE,235 Baker Street,
2347,,Not Compliant,2003599000,REHAB/COVALES FACILITY,1245 CENTRE ST,
2348,,Not Compliant,701064001,REHAB/COVALES FACILITY,40 OLD HARBOR ST,
2349,,Not Compliant,1603954000,REHAB/COVALES FACILITY,337 NEPONSET AV,
2350,,Not Compliant,102101000,REHAB/COVALES FACILITY,111 ORIENT AV,
2356,,Not Compliant,2202435001,RES/COMMERCIAL USE,371 385 MARKET ST,
2357,,Not Compliant,2201865000,RES/COMMERCIAL USE,61 BRAINTREE ST,
2358,,Not Compliant,2101569000,RES/COMMERCIAL USE,204 202 HARVARD AV,
2359,,Not Compliant,2100760000,RES/COMMERCIAL USE,48 BRIGHTON AV,
2360,,Not Compliant,2100749000,RES/COMMERCIAL USE,1125 COMMONWEALTH AV,
2361,,Not Compliant,2100469000,RES/COMMERCIAL USE,1027 -1033 COMMONWEALTH AV,
2362,,Not Compliant,503642000,RES/COMMERCIAL USE,409 MARLBOROUGH ST,
2363,,Not Compliant,2101583000,RES/COMMERCIAL USE,1140 COMMONWEALTH AV,
2364,,Not Compliant,1001591000,RES/COMMERCIAL USE,33 37 S HUNTINGTON AV,
2365,,Not Compliant,601139000,RES/COMMERCIAL USE,395 397A W BROADWAY  ,
2366,,Not Compliant,401702000,RES/COMMERCIAL USE,327 HUNTINGTON AV,
2367,,Not Compliant,503899000,RES/COMMERCIAL USE,475 COMMONWEALTH AV,
2368,,Not Compliant,1802253000,RES/COMMERCIAL USE,760 CUMMINS HW,
2369,,Not Compliant,304966000,RES/COMMERCIAL USE,636 630 WASHINGTON ST,
2370,,Not Compliant,304747000,RES/COMMERCIAL USE,29 25 WINTER ST,
2371,,Not Compliant,1101532000,RES/COMMERCIAL USE,87 SCHOOL ST,
2372,,Not Compliant,202750000,RES/COMMERCIAL USE,281 267 MEDFORD ST,
2373,,Not Compliant,2100065000,RES/COMMERCIAL USE,61 -65 BROOKLINE AV,
2374,,Not Compliant,1001441000,RES/COMMERCIAL USE,63 PARKER HILL AV,
2375,,Not Compliant,1703663030,RES/COMMERCIAL USE,1190 ADAMS ST,
2376,,Not Compliant,504140001,RES/COMMERCIAL USE,566 574 COMMONWEALTH AV,
2377,,Not Compliant,1703661100,RES/COMMERCIAL USE,1208 1212 ADAMS ST,
2378,,Not Compliant,1303445000,RES/COMMERCIAL USE,400 260 MT VERNON ST,
2379,,Not Compliant,1000016000,RES/COMMERCIAL USE,75 ST ALPHONSUS ST,
2380,,Not Compliant,2100470000,RES/COMMERCIAL USE,1035 -1037 COMMONWEALTH AV,
2381,,Not Compliant,1700075000,RES/COMMERCIAL USE,18 ALGONQUIN ST,
2382,,Not Compliant,1401933000,RES/COMMERCIAL USE,2 ABBOT ST,
2383,,Not Compliant,602696002,RES/COMMERCIAL USE,300 SUMMER ST,
2384,,Not Compliant,1000036000,RES/COMMERCIAL USE,49 WORTHINGTON ST,
2385,,Not Compliant,2101532000,RES/COMMERCIAL USE,1302 1298 COMMONWEALTH AV,
2386,,Not Compliant,1002148000,RES/COMMERCIAL USE,    PERKINS ST,
2387,,Not Compliant,304684000,RES/COMMERCIAL USE,8 7 PARK ST,
2388,,Not Compliant,503816000,RES/COMMERCIAL USE,380 374 COMMONWEALTH AV,
2389,,Not Compliant,300042001,RES/COMMERCIAL USE,41 BOWDOIN ST,
2390,,Not Compliant,504231000,RES/COMMERCIAL USE,50 PETERBOROUGH ST,
2391,,Not Compliant,1000012010,RES/COMMERCIAL USE,80 90 100 SMITH ST,
2392,,Not Compliant,401384000,RES/COMMERCIAL USE,8 2 HEMENWAY ST,
2393,,Not Compliant,2102396000,RES/COMMERCIAL USE,1928 1960 BEACON ST,
2394,,Not Compliant,1404715000,RES/COMMERCIAL USE,51 59 DEERING RD,
2395,,Not Compliant,1103654000,RES/COMMERCIAL USE,2 WOODLAWN ST,
2471,,Not Compliant,1808728010,RES/COMMERCIAL USE,11 NOTT ST,
1816,Notre Dame Campus,Reported,1100706000,Residence Hall/Dormitory,17 Highland Park Street,1840
1728,Ames Building,Reported,302885000,Residence Hall/Dormitory,One Court Street,1893
1448,40-48 Buswell Street,Reported,2100235000,Residence Hall/Dormitory,40-48 Buswell Street,1896
180,264-270 Comm Ave,Reported,503192000,Residence Hall/Dormitory,262-270 Comm Ave,1900
1730,150 Tremont St,Reported,304860000,Residence Hall/Dormitory,150 Tremont,1908
1422,Peabody Hall (210 Riverway),Reported,401998000,Residence Hall/Dormitory,210 Riverway,1910
1423,Riverway House (160-162 Riverway),Reported,402000000,Residence Hall/Dormitory,160-162 Riverway,1910
1430,514-522 Park Drive,Reported,2100257000,Residence Hall/Dormitory,514-522 Park Drive,1915
5,80 Boylston St./ The Little Building,Reported,500001001,Residence Hall/Dormitory,80 Boylston Street,1917
1411,91 Bay State Road,Reported,503743000,Residence Hall/Dormitory,91 Bay State Road,1923
1407,610 Beacon Street (30 Bay State Road),Reported,503706000,Residence Hall/Dormitory,610 Beacon Street (30 Bay State Road),1926
1469,512 Beacon Street,Reported,503696000,Residence Hall/Dormitory,512 Beacon Street,1926
1524,McCulloch Hall,Reported,2200530000,Residence Hall/Dormitory,44 Harvard Way,1926
1527,Mellon Hall,Reported,2200530000,Residence Hall/Dormitory,670 Soldiers Field Road,1926
1530,Chase Hall,Reported,2200530000,Residence Hall/Dormitory,34 Harvard Way,1926
1536,Gallatin Hall,Reported,2200530000,Residence Hall/Dormitory,24 Harvard Way,1926
1539,Hamilton Hall,Reported,2200530000,Residence Hall/Dormitory,700 Soldiers Field Road,1926
1546,Morris Hall,Reported,2200530000,Residence Hall/Dormitory,14 Harvard Way,1926
113,Alan Issokson,Reported,1600667000,Residence Hall/Dormitory,1524-1530 Dorchester Ave.,1930
1474,140 Bay State Road,Reported,504003000,Residence Hall/Dormitory,140 Bay State Road,1958
1440,273-277 Babcock Street,Reported,2100402000,Residence Hall/Dormitory,273-277 Babcock Street,1963
1420,700 Commonwealth Avenue,Reported,2100347001,Residence Hall/Dormitory,700 Commonwealth Avenue,1966
1526,Esteves Hall,Reported,2200530000,Residence Hall/Dormitory,45 Harvard Way,1969
1472,722-728 Commonwealth Avenue,Reported,2100322000,Residence Hall/Dormitory,722-728 Commonwealth Avenue,1974
1413,1019 Commonwealth Avenue,Reported,2100468000,Residence Hall/Dormitory,1019 Commonwealth Avenue,1977
1412,575-585 Commonwealth Avenue,Reported,50398300,Residence Hall/Dormitory,575-585 Commonwealth Avenue,1992
184,150 Massachusetts Ave-Multiuse,Reported,401372001,Residence Hall/Dormitory,150 Mass Ave,1993
1543,McArthur Hall,Reported,2200530000,Residence Hall/Dormitory,47A Harvard Way,1999
973,Women's Shelter / Temporary Home,Reported,302644000,Residence Hall/Dormitory,41 New Chardon St,2000
986,INACTIVE BPHC - Wood Mullen Shelter (Combined w Finland),Municipal,801067010,Residence Hall/Dormitory,784 Massachusetts Ave,2000
1039,BPHC - Long Island Campus,Reported,107066000,Residence Hall/Dormitory,1 Long Island Rd,2000
1429,10 Buick Street,Reported,2100401000,Residence Hall/Dormitory,10 Buick Street,2000
952,Miller Hall,Submitted with possible data errors,302803000,Residence Hall/Dormitory,10 Somerset Street,2004
1,Piano Row,Reported,500031000,Residence Hall/Dormitory,144/150 Boylston St,2006
1424,Campus Center and Student Residence (150 Riverway),Reported,402000000,Residence Hall/Dormitory,150 Riverway,2008
1473,33 Harry Agganis Way,Reported,2100401000,Residence Hall/Dormitory,33 Harry Agganis,2008
951,Modern Theater and 10 West Combined,Submitted with possible data errors,304826010,Residence Hall/Dormitory,525 Washington Street - 10 West Street,2010
1519,Tata Hall,Reported,2200530000,Residence Hall/Dormitory,53 Harvard Way,2012
185,160 Mass Ave,Reported,401312000,Residence Hall/Dormitory,160 Mass Ave,2013
7,2 Boylston Place,Reported,304908000,Residence Hall/Dormitory,2 Boylston Place,2016
880,"Italian Home for Children, Inc.",Reported,1902719000,Residential Care Facility,1125 Centre Street,1919
904,Presentation,Reported,2203447000,Residential Care Facility,10 Bellamy St,1974
1761,Hope House II Inc,Reported,800866010,Residential Care Facility,68-80 Hampden St,2009
2415,,Not Compliant,1900520010,ROOMING HOUSE,82 GREEN ST,
228,Regina Cleri,Submitted with possible data errors,300618000,Senior Care Community,60 Wm. Cardinal O'Connell Way,1964
405,Susan Bailis Assisted Living,Reported,402350010,Senior Care Community,352 Mass ave,2003
924,Geraghty Generational Real Estate Trust - 130 Bradlee,Reported,1807892000,Senior Living Community,130 Bradlee Street,1899
615,Benjamin Healthcare Center,Reported,1001342000,Senior Living Community,120 Fisher Avenue,1927
1343,THE BOSTON HOME,Reported,1704417000,Senior Living Community,2061 Dorchester Ave.,1927
759,Ashmont Hill LLC,Reported,1601072000,Senior Living Community,321 Centre Street,1953
1753,Sherrill House,Reported,1001629000,Senior Living Community,135 South Huntington Avenue,1970
1337,Armenian Nursing and Rehabilitation Center,Submitted with possible data errors,1902312000,Senior Living Community,431 Pond Street,1978
974,INACTIVE - 1501 Commonwealth Ave,Municipal,2101830000,Senior Living Community,1501 Commonwealth Ave,2000
