_id,BERDO ID,Tax Parcel ID,Property Owner Name,Building Address,Geospatial Address,Geospatial Address.1,Building Address City,Building Address Zip  Code,Parcel Address,Parcel Address City,Parcel Address Zip Code,Reported Gross Floor Area (Sq Ft),Reported Enclosed Parking Area (Sq Ft),Largest Property Type,All Property Types and GFAs,Site EUI (Energy Use Intensity kBtu/ft2),Energy Star Score,Total Site Energy Usage (kBtu),Natural Gas Usage (kBtu),Natural Gas Emissions (kgCO2e),Electricity Usage (kWh),Electricity Emissions (kgCO2e),Renewable System Electricity Usage Onsite (kBtu),District Hot Water Usage (kBtu),District Hot Water Emissions (kgCO2e),District Chilled Water Usage (kBtu),District Chilled Water Emissions (kgCO2e),District Steam Usage (kBtu),District Steam Emissions (kgCO2e),Fuel Oil 1 Usage (kBtu),Fuel Oil 1 Emissions (kgCO2e),Fuel Oil 2 Usage (kBtu),Fuel Oil 2 Emissions (kgCO2e),Fuel Oil 4 Usage (kBtu),Fuel Oil 4 Emissions (kgCO2e),Fuel Oil 5 and 6 Usage (kBtu),Fuel Oil 5 and 6 Emissions (kgCO2e),Propane Usage (kBtu),Propane Emissions (kgCO2e),Diesel Usage (kBtu),Diesel Emissions (kgCO2e),Kerosene Usage (kBtu),Kerosene Emissions (kgCO2e),Water Usage Intensity (Gallons/ft2),Compliance Status,Estimated Total GHG Emissions (kgCO2e),First Emissions Compliance Year (Projected),Community Choice Electricity Participation,Renewable Energy Purchased through a Power Purchase Agreement (,Renewable Energy Certificate (REC) Purchase,Backup Generator,Battery Storage,Electric Vehicle (EV) Charging,Corresponding Campus ID,Notes,Percentage Electrification,Estimated Carbon Emissions Intensity (kg CO2e/sf),Log GSF,Log EUI,Log Total Site Energy,Log GHG Emissions,Log CEI,Log % Electrification
1013,101366,100534000.0,brandywyne village co,870-908a saratoga st,870-908a saratoga st,,boston,2128.0,870 908a saratoga st,boston,2128,385660.0,,Multifamily Housing,Multifamily Housing (385660.0),70.5,74.0,27200633.84,22441934.5,1191891.141,1394695.0,286107.732,,,,,,,,,,,,,,,,,,,,,,47.75,in compliance,1477998.873,2025.0,No,No,No,No,No,No,,,17.49557959657458,3.8323883031685937,12.862711431273596,4.255612709818223,17.11875083393589,14.206199617973079,1.3434881866994826,2.8619482545406565
1178,101752,100728000.0,cheverus school apts inc,10 moore st,10 moore st,,boston,2128.0,10 moore st,boston,2128,45216.0,,Multifamily Housing,Multifamily Housing (45216.0),50.9,70.0,2302929.834,1626178.4,86366.335,198344.5,40688.391,,,,,,,,,,,,,,,,,,,,,,34.52,in compliance,127054.726,2025.0,No,Yes,No,No,No,No,,,29.387833518986838,2.809950592710545,10.719206285484255,3.929862923556477,14.649692711122013,11.752373186010045,1.033166900525791,3.380580762810273
3029,104535,101082000.0,,720 bennington st,720 bennington st,,boston,2128.0,720 bennington st,boston,2128,23940.0,,Multifamily Housing,Multifamily Housing (23940.0),23.3,100.0,557979.572,,,89681.0,18397.16,,,,,,,,,,251988.0,18700.029,,,,,,,,,,,31.15,in compliance,37097.189,2030.0,No,No,No,No,No,No,,,54.84161777700349,1.5495901837928152,10.083305979111964,3.1484533605716547,13.232077631374315,10.521296477530901,0.43799049841893756,4.0044493542043575
1140,101708,102829000.0,chapman house associates lps mass lps,61 eutaw st,61 eutaw st,,boston,2128.0,61 eutaw st,boston,2128,33551.0,,Multifamily Housing,Multifamily Housing (33551.0),71.1,53.0,2386041.264,1838340.2,97634.248,160522.0,32929.483,,,,,,,,,,,,,,,,,,,,,,34.9,in compliance,130563.731,2030.0,No,No,No,No,No,No,,,22.955392706905002,3.8915004321778786,10.420821948214945,4.264087336809195,14.685146175706716,11.779616746689133,1.3587947984741873,3.133552885239669
2662,104054,103613000.0,,401 border st,401 border st,,boston,2128.0,401 border st,boston,2128,51488.0,,Multifamily Housing,Multifamily Housing (51488.0),55.1,65.0,2835791.202,1900106.5,100914.656,274233.5,56256.26,,,,,,,,,,,,,,,,,,,,,,23.74,in compliance,157170.916,2025.0,No,No,No,No,No,No,,,32.996993444547684,3.0525737259167185,10.84910404979211,4.009149716158869,14.85783153980529,11.965089129137631,1.1159850793455222,3.4964164495749386
2660,104052,103647000.0,,344-352 meridian st,344-352 meridian st,,boston,2128.0,344  352 meridian st,boston,2128,50000.0,,Multifamily Housing,Multifamily Housing (50000.0),66.9,70.0,3344770.108,2485683.1,132014.629,251784.0,51650.97,,,,,,,,,,,,,,,,,,,,,,45.26,in compliance,183665.599,2025.0,No,Yes,No,No,No,No,,,25.685615090410874,3.67331198,10.819778284410283,4.203198967134183,15.022908522127347,12.120871986382895,1.301093701972612,3.245931111088632
1839,102744,103894010.0,ebcdc inc,120-150 orleans st,120-150 orleans st,,boston,2128.0,120  150 orleans st,boston,2128,41716.0,,Multifamily Housing,Multifamily Housing (41716.0),70.9,25.0,2956081.048,2064000.0,109619.04,261454.0,53634.674,,,,,,,,,,,,,,,,,,,,,,33.54,in compliance,163253.714,2025.0,No,No,No,No,No,No,,,30.179154482370606,3.913455604564196,10.638640027241104,4.2612704335380815,14.899374978806971,12.00306079726274,1.3644207700216364,3.407151437121229
2250,103363,103916000.0,greenway apartments llc mass llc,172 maverick st,172 maverick st,,boston,2128.0,170  172 maverick st,boston,2128,38370.0,,Multifamily Housing,Multifamily Housing (38370.0),43.2,91.0,1658593.148,1065062.1,56565.448,173954.0,35684.924,,,,,,,,,,,,,,,,,,,,,,36.79,in compliance,92250.372,2030.0,No,Yes,No,No,No,No,,,35.78678362537164,2.4042317435496483,10.555031183240999,3.765840495250065,14.321480299795724,11.432261594414967,0.8772304111739703,3.5775786527700677
4126,106111,104164010.0,the porter 156 condominium trust,156-204 porter st,156-204 porter st,,boston,2128.0,156  204 porter st,boston,2128,198660.0,,Multifamily Housing,Multifamily Housing (198660.0),44.7,70.0,8874934.44,4797099.7,254773.965,1195145.0,245172.045,,,,,,,,,,,,,,,,,,,,,,26.7,in compliance,499946.01,2025.0,No,No,No,No,No,No,,,45.9497930865842,2.516591211114467,12.199350099769347,3.7999735016195233,15.998741506256216,13.122255391574068,0.9229052918047219,3.827549345779244
1661,102495,104372000.0,constitution apartments llc,917 bennington st,917 bennington st,,boston,2128.0,917 bennington st,boston,2128,47230.0,10000.0,Multifamily Housing,"Multifamily Housing (47230.0),Parking (10000.0)",31.7,99.0,1496606.96,576800.0,30633.848,269580.0,55301.641,,,,,,,,,,,,,,,,,,,,,,25.6,pending revisions,85935.489,2025.0,No,No,No,No,No,No,,,61.462188910306814,1.8195106711835698,10.762784562890163,3.456316680883235,14.218711077158808,11.361352165841954,0.5985676029517907,4.118422171270001
2826,104266,104447000.0,,marginal st,marginal st,,boston,2128.0,marginal st,boston,2128,196763.0,40052.0,Multifamily Housing,"Multifamily Housing (196763.0),Parking (74456.0)",31.3,96.0,6158554.7,1180617.3,62702.585,1458950.0,299289.003,,,,,,,,,,,,,,,,,,,,,,22.3,in compliance,361991.588,2025.0,No,No,No,No,No,No,,,80.83319033441401,1.8397340353623395,12.189755237794465,3.4436180975461075,15.633352681357193,12.79937625296885,0.609621015174386,4.3923876526490675
2827,104267,104447010.0,,marginal st,marginal st,,boston,2128.0,marginal st,boston,2128,291137.0,98817.0,Multifamily Housing,"Multifamily Housing (291137.0),Swimming Pool (0.0),Parking (98817.0)",30.4,99.0,8851695.96,2297738.7,122032.902,1920855.0,394044.195,,,,,,,,,,,,,,,,,,,,,,25.78,in compliance,516077.097,2025.0,No,No,No,No,No,No,,,74.04508037632598,1.7726262790370169,12.581549225744617,3.414442608412176,15.996119632522987,13.154011446093419,0.5724622203488015,4.30467410199534
5415,107952,105314000.0,,197-207 maverick st,197-207 maverick st,,east boston,2128.0,,,,42458.0,0.0,Multifamily Housing,"Multifamily Housing (42458.0),Parking (9800.0)",39.2,94.0,1663780.076,681728.0,36206.574,287823.0,59044.01,,,,,,,,,,,,,,,,,,,,,,21.63,in compliance,95250.584,2025.0,No,No,No,No,No,No,,,59.02794868244353,2.2434072259644826,10.656270630991948,3.6686767467964168,14.324602725763228,11.464266424203748,0.8079957932118002,4.078011038224318
4464,106569,105343100.0,victory gardens association,54 orleans st,54 orleans st,,boston,2128.0,60  70 orleans st,boston,2128,81565.0,,Multifamily Housing,Multifamily Housing (81565.0),42.8,84.0,3489650.94,2221768.8,117998.141,371595.0,76228.998,,,,,,,,,,,,,,,,,,,,,,20.28,in compliance,194227.139,2025.0,No,No,No,No,No,No,,,36.33423230720033,2.3812559185925335,11.309155527370404,3.756538102587751,15.06531227198458,12.176783572758366,0.867628045387962,3.592760335654955
2421,103648,105398000.0,heritage housing corp,30 s bremen st,30 s bremen st,30 s bremen st,,2128.0,2  30 marginal st,boston,2128,52800.0,,Multifamily Housing,Multifamily Housing (52800.0),83.0,7.0,4380912.344,2451300.1,130188.548,565537.0,116014.26,,,,,,,,,,,,,,,,,,,,,,60.07,in compliance,246202.808,2025.0,No,No,No,No,No,No,,,44.04783577084966,4.662931969696969,10.874266469694353,4.418840607796598,15.292767558378566,12.413910898028945,1.5396444283345914,3.785276219979971
2692,104090,105398005.0,lewis mall apartments inc,225 sumner st,225 sumner st,225 sumner st,,2128.0,s bremen st,boston,2128,30096.0,0.0,Multifamily Housing,"Multifamily Housing (30096.0),Parking (1296.0)",67.9,39.0,2042101.114,1107180.7,58802.367,274009.5,56210.309,,,,,,,,,,,,,,,,,,,,,,47.71,in compliance,115012.676,2025.0,No,Yes,No,No,No,No,,,45.784290945007534,3.821526980329612,10.31214755154081,4.21803603456465,14.529489793620874,11.652797627357895,1.3406500758170834,3.8239410398176847
2432,103660,105399000.0,,2 Monsignor Albert A Jacobbe Rd,2 Monsignor Albert A Jacobbe Rd,2 Monsignor Albert A Jacobbe Rd,,2128.0,2 msgr albert a jacobbe rd,boston,2128,63250.0,,Multifamily Housing,Multifamily Housing (63250.0),83.0,,5248172.096,2936600.1,155962.831,677483.0,138978.863,,,,,,,,,,,,,,,,,,,,,,120.84,in compliance,294941.694,2025.0,,,,,,,,,44.047214461810206,4.663109786561265,11.054850406589766,4.418840607796598,15.47339040175132,12.594532968329498,1.5396825617397305,3.7852621145554823
1556,102304,105401000.0,clippership apartments lp,125-131 sumner st,125,131 sumner st,,2128.0,125 sumner st,boston,2128,27864.0,,Multifamily Housing,Multifamily Housing (27864.0),43.9,97.0,1222506.904,616563.0,32745.661,177592.0,36431.223,,,,,,,,,,,,,,,,,,,,,,53.41,in compliance,69176.884,2030.0,,,,,,,,,49.56786262861056,2.4826616422624177,10.235090812045836,3.7819143200811256,14.01641414775898,11.144422039557112,0.909331227511275,3.903342692858171
1790,102673,105403000.0,,99-111 sumner st,99,111 sumner st,,2128.0,99  111 sumner st,boston,2128,128944.0,30543.0,Multifamily Housing,"Multifamily Housing (128944.0),Parking (30543.0)",44.2,91.0,5697889.552,2966000.1,157524.265,800671.0,164249.649,,,,,,,,,,,,,,,,,,,,,,15.95,in compliance,321773.914,2025.0,Yes,No,No,No,Yes,Yes,,,47.94774499781318,2.4954547245315797,11.767133480564292,3.7887247890836524,15.555606410208743,12.681604447482748,0.9144709669184553,3.870111772023653
2180,103175,105410000.0,gegc 2 new street llc,6-26 new st,6,26 new st,,2128.0,2  26 new st,boston,2128,293648.0,,Multifamily Housing,"Multifamily Housing (293648.0),Swimming Pool (0.0)",42.7,85.0,12529209.46,6288275.9,333970.333,1829113.0,375224.241,,,,,,,,,,,,,,,,,,,,,,24.38,in compliance,709194.574,2025.0,I'm not sure,No,No,No,I'm not sure,I'm not sure,,,49.81326190511304,2.4151180120416282,12.590137050098253,3.754198920234579,16.343573233102152,13.471885202278697,0.8817481521804441,3.9082812518936962
4224,106257,105413010.0,,126 border st,126 border st,126 border st,,2128.0,126 border st,boston,2128,203508.0,,Multifamily Housing,Multifamily Housing (203508.0),37.8,97.0,7698447.996,4199500.0,223035.445,1025483.0,210367.583,,,,,,,,,,,,,,,,,,,,,,23.89,in compliance,433403.028,2025.0,No,No,No,No,No,No,,,45.45204202545866,2.129660888024058,12.223460595131401,3.632309102625542,15.856529307547136,12.979423354677433,0.7559627595460322,3.816657748667204
1670,102504,105590100.0,coppersmith village rental,75  109 border st,75  109 border st,75-109 Border St,,2128.0,75  109 border st,boston,2128,74868.0,,Multifamily Housing,Multifamily Housing (74868.0),46.0,83.0,3443677.172,1725800.0,91657.238,503481.0,103284.092,,,,,,,,,,,,,,,,,,,,,,26.61,in compliance,194941.33,2025.0,No,No,No,No,No,No,,,49.88715864885375,2.6038004220761874,11.223481841898787,3.828641396489095,15.052050403783154,12.180453920480012,0.9569720785812262,3.9097636279330765
2735,104143,105744000.0,lyman school limited,30 gove st,30 gove st,30 gove st,,2128.0,30 gove st,boston,2128,41373.0,,Multifamily Housing,Multifamily Housing (41373.0),59.6,81.0,2465433.264,1829361.4,97157.384,186422.0,38242.609,,,,,,,,,,,,,,,,,,,,,,34.34,in compliance,135399.993,2025.0,No,Yes,No,No,No,No,,,25.80073192766008,3.2726655790007975,10.630383773142448,4.087655574071304,14.717878116342437,11.81598858776164,1.1856048146191922,3.2504028608143214
4131,106117,105937000.0,,250 meridian st,250 meridian st,250 meridian st,,2128.0,248  270 meridian st,boston,2128,71263.0,14647.0,Multifamily Housing,"Multifamily Housing (60000.0),Parking (14647.0),Retail Store (5435.0),Other (5828.0)",38.7,95.0,2761105.136,915800.0,48638.138,540828.0,110945.456,,,,,,,,,,,,,,,,,,,,,,19.74,in compliance,159583.594,2025.0,I'm not sure,No,No,No,I'm not sure,I'm not sure,,,66.8350594890205,2.2393611551576558,11.17413253762815,3.655839600035736,14.831141569144206,11.980323164227915,0.8061906265997641,4.202227785510876
389,100540,105980000.0,barnes school lim partner,127 marion st,127 marion st,127 marion st,,2128.0,marion st,boston,2128,105762.0,,Multifamily Housing,Multifamily Housing (105762.0),46.5,45.0,4919185.026,3093558.6,164298.897,535060.5,109762.311,,,,,,,,,,,,,,,,,,,,,,14.48,in compliance,274061.208,2025.0,No,Yes,No,No,No,No,,,37.114007206993804,2.5913012991433595,11.568946565648009,3.8394523125933104,15.408653429625872,12.521106747284392,0.9521601816363829,3.6139944511074438
3470,105137,200136010.0,polk street development llc,30 polk st,30 polk st,30 polk st,,2129.0,30 polk st,boston,2129,33112.0,8278.0,Multifamily Housing,"Multifamily Housing (33112.0),Parking (8278.0)",31.0,100.0,1027024.737,515800.0,27394.138,149831.4,30736.413,,,,,,,,,,,,,,,,,,,,,,14.26,in compliance,58130.551,2030.0,No,No,No,No,No,No,,,49.7794447486614,1.7555735382942739,10.407651033428568,3.4339872044851463,13.842176575280792,10.970446639404988,0.5627956059764205,3.9076021427724053
1248,101837,200149000.0,city of boston,10-18 carney ct,10,18 carney ct,,2129.0,polk st,boston,2129,21114.0,,Multifamily Housing,Multifamily Housing (21114.0),105.2,,2220145.948,1667900.1,88582.174,161854.0,33202.73,,,,,,,,,,,,,,,,,,,,,,113.69,in compliance,121784.904,2025.0,No,No,No,No,No,No,,,24.87539734031936,5.767969309462916,9.95769160654964,4.65586330030361,14.61308349402987,11.710011685689928,1.7523200791402878,3.213879256397257
1250,101839,200149000.0,city of boston,25-41 carney ct,25,41 carney ct,,2129.0,polk st,boston,2129,21114.0,,Multifamily Housing,Multifamily Housing (21114.0),103.4,,2183552.248,1667900.1,88582.174,151129.0,31002.603,,,,,,,,,,,,,,,,,,,,,,73.13,in compliance,119584.777,2025.0,No,No,No,No,No,No,,,23.61632600375496,5.6637670266174105,9.95769160654964,4.638604962074329,14.596463580176541,11.691780829788854,1.734089223239214,3.1619382526823254
1252,101841,200149000.0,city of boston,76-92 monument st,76,92 monument st,,2129.0,polk st,boston,2129,21114.0,,Multifamily Housing,Multifamily Housing (21114.0),103.4,7.0,2183664.844,1667900.1,88582.174,151162.0,31009.373,,,,,,,,,,,,,,,,,,,,,,44.07,in compliance,119591.547,2025.0,No,No,No,No,No,No,,,23.620264790964416,5.664087666950839,9.95769160654964,4.638604962074329,14.596515144363828,11.691837440743388,1.7341458341937481,3.162105021162113
1253,101842,200149000.0,city of boston,17-33 polk st,17,33 polk st,,2129.0,polk st,boston,2129,21114.0,,Multifamily Housing,Multifamily Housing (21114.0),105.2,,2220145.948,1667900.1,88582.174,161854.0,33202.73,,,,,,,,,,,,,,,,,,,,,,28.75,in compliance,121784.904,2025.0,No,No,No,No,No,No,,,24.87539734031936,5.767969309462916,9.95769160654964,4.65586330030361,14.61308349402987,11.710011685689928,1.7523200791402878,3.213879256397257
1254,101843,200149000.0,city of boston,41-57 polk st,41,57 polk st,,2129.0,polk st,boston,2129,20043.0,,Multifamily Housing,Multifamily Housing (20043.0),103.4,6.0,2072502.48,1582999.9,84073.125,143465.0,29430.41,,,,,,,,,,,,,,,,,,,,,,41.68,in compliance,113503.535,2025.0,No,No,No,No,No,No,,,23.61995242341037,5.663001297210997,9.905635244593586,4.638604962074329,14.544267362613308,11.639589260793036,1.7339540161994498,3.1620917965169917
1256,101845,200149000.0,city of boston,81-97 polk st,81,97 polk st,,2129.0,polk st,boston,2129,20781.0,,Multifamily Housing,Multifamily Housing (20781.0),103.4,,2148727.976,1641199.8,87164.121,148748.0,30514.165,,,,,,,,,,,,,,,,,,,,,,44.33,in compliance,117678.286,2025.0,No,No,No,No,No,No,,,23.62097454256816,5.662782637986622,9.941794386690715,4.638604962074329,14.580386585946622,11.675709790247428,1.7339154035567128,3.162135069129262
1257,101846,200149000.0,city of boston,137-153 bunker hill st,137,153 bunker hill st,,2129.0,polk st,boston,2129,21114.0,,Multifamily Housing,Multifamily Housing (21114.0),106.5,,2248076.58,1667900.1,88582.174,170040.0,34882.006,,,,,,,,,,,,,,,,,,,,,,113.69,in compliance,123464.18,2025.0,No,No,No,No,No,No,,,25.8088176871626,5.847503078526096,9.95769160654964,4.66814498514948,14.62558555525179,11.723706352494462,1.7660147459448223,3.2507162043574844
1258,101847,200149000.0,city of boston,161-177 bunker hill st,161,177 bunker hill st,,2129.0,polk st,boston,2129,21114.0,,Multifamily Housing,Multifamily Housing (21114.0),106.5,,2248076.58,1667900.1,88582.174,170040.0,34882.006,,,,,,,,,,,,,,,,,,,,,,113.69,in compliance,123464.18,2025.0,No,No,No,No,No,No,,,25.8088176871626,5.847503078526096,9.95769160654964,4.66814498514948,14.62558555525179,11.723706352494462,1.7660147459448223,3.2507162043574844
1259,101848,200151000.0,city of boston,10-18 mcnulty ct,10,18 mcnulty ct,,2129.0,monument st,boston,2129,20532.0,,Multifamily Housing,Multifamily Housing (20532.0),104.7,,2148865.444,1621499.9,86117.86,154562.0,31706.849,,,,,,,,,,,,,,,,,,,,,,86.59,in compliance,117824.709,2025.0,No,No,No,No,No,No,,,24.542659465838565,5.738588983050848,9.929739923680193,4.651099117876491,14.580450560355837,11.676953282024401,1.7472133583442069,3.2004128061019275
1260,101849,200151000.0,city of boston,33-41 mcnulty ct,33,41 mcnulty ct,,2129.0,monument st,boston,2129,20532.0,,Multifamily Housing,Multifamily Housing (20532.0),112.2,,2304524.296,1621499.9,86117.86,200183.0,41065.541,,,,,,,,,,,,,,,,,,,,,,18.77,in compliance,127183.401,2025.0,No,No,No,No,No,No,,,29.63971456649811,6.194399035651665,9.929739923680193,4.720282993088596,14.650384833938068,11.75338542608989,1.8236455024096958,3.389115170371332
1261,101850,200151000.0,city of boston,1-17 mcnulty ct,1,17 mcnulty ct,,2129.0,monument st,boston,2129,25701.0,,Multifamily Housing,Multifamily Housing (25701.0),104.8,,2693064.848,2032999.8,107972.619,193454.0,39685.154,,,,,,,,,,,,,,,,,,,,,,86.58,in compliance,147657.773,2025.0,No,No,No,No,No,No,,,24.5108864196203,5.745215088907046,10.154285180632154,4.6520537718869415,14.806190451711759,11.902652530554414,1.7483673499222603,3.1991173625172435
1262,101851,200151000.0,city of boston,34-42 mcnulty ct,34,42 mcnulty ct,,2129.0,monument st,boston,2129,20532.0,,Multifamily Housing,Multifamily Housing (20532.0),112.2,,2304524.296,1621499.9,86117.86,200183.0,41065.541,,,,,,,,,,,,,,,,,,,,,,143.23,in compliance,127183.401,2025.0,No,No,No,No,No,No,,,29.63971456649811,6.194399035651665,9.929739923680193,4.720282993088596,14.650384833938068,11.75338542608989,1.8236455024096958,3.389115170371332
1263,101852,200151000.0,city of boston,53-61 monument st,53,61 monument st,,2129.0,monument st,boston,2129,20532.0,,Multifamily Housing,Multifamily Housing (20532.0),100.7,,2068424.132,1621499.9,86117.86,130986.0,26870.468,,,,,,,,,,,,,,,,,,,,,,29.42,in compliance,112988.328,2025.0,No,No,No,No,No,No,,,21.607941668512694,5.503035651665693,9.929739923680193,4.612145799724517,14.542297586425121,11.63503980032409,1.705299876643896,3.073060916954678
1264,101853,200151000.0,city of boston,42-50 tufts st,42,50 tufts st,,2129.0,monument st,boston,2129,20532.0,,Multifamily Housing,Multifamily Housing (20532.0),115.5,,2371562.072,1683000.0,89384.13,201806.0,41398.483,,,,,,,,,,,,,,,,,,,,,,89.85,in compliance,130782.613,2025.0,No,No,No,No,No,No,,,29.035391948197763,6.369696717319306,9.929739923680193,4.749270529961848,14.679059398108617,11.781291781034952,1.8515518573547576,3.368515497895902
1265,101854,200151000.0,city of boston,34-42 o'meara ct,34,42 o'meara ct,,2129.0,monument st,boston,2129,20532.0,,Multifamily Housing,Multifamily Housing (20532.0),103.0,,2115820.224,1621499.9,86117.86,144877.0,29720.068,,,,,,,,,,,,,,,,,,,,,,90.97,in compliance,115837.928,2025.0,No,No,No,No,No,No,,,23.364085943721467,5.6418238846678355,9.929739923680193,4.634728988229636,14.564953108048538,11.659947320719242,1.7302073970390484,3.151200054639088
1266,101855,200151000.0,city of boston,77-85 monument st,77,85 monument st,,2129.0,monument st,boston,2129,20532.0,,Multifamily Housing,Multifamily Housing (20532.0),103.0,,2115820.224,1621499.9,86117.86,144877.0,29720.068,,,,,,,,,,,,,,,,,,,,,,21.77,in compliance,115837.928,2025.0,No,No,No,No,No,No,,,23.364085943721467,5.6418238846678355,9.929739923680193,4.634728988229636,14.564953108048538,11.659947320719242,1.7302073970390484,3.151200054639088
1267,101856,200151000.0,city of boston,10-26 tufts st,10,26 tufts st,,2129.0,monument st,boston,2129,20532.0,,Multifamily Housing,Multifamily Housing (20532.0),104.7,,2148804.028,1621499.9,86117.86,154544.0,31703.156,,,,,,,,,,,,,,,,,,,,,,113.39,in compliance,117821.016,2025.0,No,No,No,No,No,No,,,24.540502657695132,5.738409117475161,9.929739923680193,4.651099117876491,14.580421979283978,11.676921938362211,1.747182014682018,3.200324922271648
1268,101857,200151000.0,city of boston,9-17 o'meara ct,9,17 o'meara ct,,2129.0,monument st,boston,2129,20532.0,,Multifamily Housing,Multifamily Housing (20532.0),100.7,,2068502.608,1621499.9,86117.86,131009.0,26875.186,,,,,,,,,,,,,,,,,,,,,,54.91,in compliance,112993.046,2025.0,No,No,No,No,No,No,,,21.610915916718053,5.503265439314242,9.929739923680193,4.612145799724517,14.542335525699826,11.635081555977816,1.7053416322976225,3.0731985535501933
1269,101858,200151000.0,city of boston,10-18 o'meara ct,10,18 o'meara ct,,2129.0,monument st,boston,2129,20532.0,,Multifamily Housing,Multifamily Housing (20532.0),100.7,,2068424.132,1621499.9,86117.86,130986.0,26870.468,,,,,,,,,,,,,,,,,,,,,,54.91,in compliance,112988.328,2025.0,No,No,No,No,No,No,,,21.607941668512694,5.503035651665693,9.929739923680193,4.612145799724517,14.542297586425121,11.63503980032409,1.705299876643896,3.073060916954678
1270,101859,200151000.0,city of boston,33-41 o'meara ct,33,41 o'meara ct,,2129.0,monument st,boston,2129,20532.0,,Multifamily Housing,Multifamily Housing (20532.0),103.1,,2115850.932,1621499.9,86117.86,144886.0,29721.914,,,,,,,,,,,,,,,,,,,,,,39.96,in compliance,115839.774,2025.0,No,No,No,No,No,No,,,23.36519824828567,5.641913793103448,9.929739923680193,4.635699391022914,14.564967621463627,11.659963256650789,1.7302233329705956,3.151247660956354
1271,101860,200151000.0,city of boston,89-105 bunker hill st,89,105 bunker hill st,,2129.0,monument st,boston,2129,21114.0,,Multifamily Housing,Multifamily Housing (21114.0),103.3,,2180416.62,1667900.1,88582.174,150210.0,30814.079,,,,,,,,,,,,,,,,,,,,,,86.58,in compliance,119396.253,2025.0,No,No,No,No,No,No,,,23.506473340860882,5.654838164251208,9.95769160654964,4.637637376125593,14.595026526597808,11.690203097538669,1.7325114909890285,3.1572758445308406
1272,101861,200151000.0,city of boston,113-129 bunker hill st,113,129 bunker hill st,,2129.0,monument st,boston,2129,21114.0,,Multifamily Housing,Multifamily Housing (21114.0),100.8,,2127493.088,1667900.1,88582.174,134699.0,27632.153,,,,,,,,,,,,,,,,,,,,,,54.91,in compliance,116214.327,2025.0,No,No,No,No,No,No,,,21.603510509266577,5.504135976129582,9.95769160654964,4.613138355637268,14.570454890540722,11.663191411840923,1.7054998052912838,3.0728558250617497
1273,101862,200151000.0,city of boston,65-81 bunker hill st,65,81 bunker hill st,,2129.0,monument st,boston,2129,21114.0,,Multifamily Housing,Multifamily Housing (21114.0),103.3,,2180416.62,1667900.1,88582.174,150210.0,30814.079,,,,,,,,,,,,,,,,,,,,,,86.58,in compliance,119396.253,2025.0,No,No,No,No,No,No,,,23.506473340860882,5.654838164251208,9.95769160654964,4.637637376125593,14.595026526597808,11.690203097538669,1.7325114909890285,3.1572758445308406
1274,101864,200152000.0,city of boston,40-48 corey st,40,48 corey st,,2129.0,tufts st,boston,2129,20532.0,,Multifamily Housing,Multifamily Housing (20532.0),80.5,,1652600.28,1621499.9,86117.86,9115.0,1869.851,,,,,,,,,,,,,,,,,,,,,,35.9,in compliance,87987.711,2025.0,No,No,No,No,No,No,,,1.881988501780963,4.28539406779661,9.929739923680193,4.388257184424518,14.317860532679196,11.384952435981418,1.4552125123012254,0.6323289315701157
1276,101866,200152000.0,city of boston,45-53 tufts st,45,53 tufts st,,2129.0,tufts st,boston,2129,20532.0,,Multifamily Housing,Multifamily Housing (20532.0),55.5,,1139038.276,1124800.0,59738.128,4173.0,856.049,,,,,,,,,,,,,,,,,,,,,,0.0,in compliance,60594.177,2025.0,No,No,No,No,No,No,,,1.2500810771700528,2.9512067504383404,9.929739923680193,4.0163830207523885,13.94569484678128,11.011954078331641,1.082214154651447,0.22320841094682053
1278,101868,200156000.0,city of boston,82-98 decatur st,82,98 decatur st,,2129.0,corey st,boston,2129,26925.0,,Multifamily Housing,Multifamily Housing (26925.0),108.5,4.0,2921031.968,2211800.0,117468.698,207864.0,42641.221,,,,,,,,,,,,,,,,,,,,,,80.96,in compliance,160109.919,2025.0,No,No,No,No,No,No,,,24.281252494666298,5.946515097493036,10.20081050202459,4.686750172980514,14.887447525507184,11.98361585209378,1.7828053500691905,3.189704550308355
1279,101870,200156000.0,city of boston,50-58 o'brien ct,50,58 o'brien ct,,2129.0,corey st,boston,2129,20532.0,,Multifamily Housing,Multifamily Housing (20532.0),105.0,,2156760.812,1621499.9,86117.86,156876.0,32181.543,,,,,,,,,,,,,,,,,,,,,,94.75,in compliance,118299.403,2025.0,No,No,No,No,No,No,,,24.818906223709707,5.761708698616793,9.929739923680193,4.653960350157523,14.58411803002467,11.680974003461776,1.7512340797815813,3.211605710461737
1280,101871,200156000.0,city of boston,26-34 o'brien ct,26,34 o'brien ct,,2129.0,corey st,boston,2129,20532.0,,Multifamily Housing,Multifamily Housing (20532.0),105.0,,2156760.812,1621499.9,86117.86,156876.0,32181.543,,,,,,,,,,,,,,,,,,,,,,35.81,in compliance,118299.403,2025.0,No,No,No,No,No,No,,,24.818906223709707,5.761708698616793,9.929739923680193,4.653960350157523,14.58411803002467,11.680974003461776,1.7512340797815813,3.211605710461737
1281,101872,200156000.0,city of boston,41-49 starr king ct,41,49 starr king ct,,2129.0,corey st,boston,2129,20532.0,,Multifamily Housing,Multifamily Housing (20532.0),107.6,,2208674.392,1621499.9,86117.86,172091.0,35302.748,,,,,,,,,,,,,,,,,,,,,,137.55,in compliance,121420.608,2025.0,No,No,No,No,No,No,,,26.586096519110637,5.913725306838106,9.929739923680193,4.678420647727684,14.607903070903943,11.707015896084176,1.7772759724039822,3.280388391887574
1283,101874,200156000.0,city of boston,50-66 medford st,50,66 medford st,,2129.0,corey st,boston,2129,21222.0,,Multifamily Housing,Multifamily Housing (21222.0),107.6,,2283898.112,1676899.9,89060.154,177901.0,36494.611,,,,,,,,,,,,,,,,,,,,,,29.06,in compliance,125554.765,2025.0,No,No,No,No,No,No,,,26.578457855041123,5.916255065498068,9.962793658433535,4.678420647727684,14.641394239305914,11.740497316872304,1.7777036584387684,3.2801010326042315
4610,106791,200596000.0,young jacob f iii ts,105 high st,105 high st,105 high st,,2129.0,105  107 high st,boston,2129,23170.0,,Multifamily Housing,Multifamily Housing (23170.0),45.8,,1060679.228,851800.0,45239.098,61219.0,12558.466,,,,,,,,,,,,,,,,,,,,,,22.21,in compliance,57797.564,2030.0,I'm not sure,No,No,No,I'm not sure,I'm not sure,,,19.69383441626143,2.4944999568407424,10.050613617426421,3.824284091120139,13.874420042007754,10.96470190844361,0.9140882910171879,2.980305612963588
1764,102640,200824000.0,,342 bunker hill st,342 bunker hill st,342 bunker hill st,,2129.0,340 bunker hill st,boston,2129,39500.0,,Multifamily Housing,Multifamily Housing (39500.0),45.8,95.0,1809880.36,1190500.0,63227.455,181530.0,37239.064,,,,,,,,,,,,,,,,,,,,,,39.55,in compliance,100466.519,2030.0,No,No,No,No,No,No,,,34.22367595060261,2.54345617721519,10.584055950889214,3.824284091120139,14.40877130160983,11.517579806697778,0.9335238558085645,3.532917683811195
1149,101719,201186050.0,charlestown battalion armory,374-398 bunker hill st,374,398 bunker hill st,,2129.0,374  398 bunker hill st,boston,2129,56635.0,30240.0,Multifamily Housing,"Multifamily Housing (56635.0),Parking (30240.0)",37.4,98.0,2117365.204,989300.0,52541.723,330617.0,67822.771,,,,,,,,,,,,,,,,,,,,,,22.31,in compliance,120364.494,2025.0,No,No,No,No,No,No,,,53.27917897294397,2.1252669550631236,10.944382447634814,3.6216707044204863,14.565683045394717,11.698279868032978,0.7538974203981642,3.975545616446436
2569,103942,201912010.0,john hancock life insurance,30 caldwell st,30 caldwell st,30 caldwell st,,2129.0,48  52 brighton st,boston,2129,152798.0,0.0,Multifamily Housing,"Multifamily Housing (152798.0),Parking (73042.0)",45.0,80.0,6883178.54,3532441.0,187607.942,982045.0,201456.711,,,,,,,,,,,,,,,,,,,,,,25.73,in compliance,389064.653,2025.0,No,No,No,No,No,No,,,48.68223056073742,2.5462679681671228,11.93687206662366,3.8066624897703196,15.744591100314752,12.871500811875213,0.934628745251554,3.885314087955724
88,100120,202160000.0,32 cambridge street llc,34 cambridge st,34 cambridge st,34 cambridge st,,2129.0,572 rutherford av,boston,2129,141620.0,0.0,Multifamily Housing,"Multifamily Housing (141620.0),Parking (34800.0)",39.2,73.0,5552299.976,1359300.0,72192.423,1228898.0,252096.136,,,,,,,,,,,,,,,,,,,,,,28.15,in compliance,324288.559,2025.0,I'm not sure,No,No,No,I'm not sure,I'm not sure,,,75.52157356095992,2.2898500141222993,11.860902693205764,3.6686767467964168,15.529722809968561,12.689389012610492,0.8284863194047274,4.3244183579676285
2469,103790,202161000.0,hood park llc mass llc,50 hood park dr,50 hood park dr,50 hood park dr,,2129.0,480  570 rutherford av,boston,2129,160647.0,,Multifamily Housing,Multifamily Housing (160647.0),41.8,97.0,6709743.486,4254841.9,225974.653,719490.5,147596.281,,,,,,,,,,,,,,,,,,,,,,2.13,pending revisions,373570.934,2025.0,No,No,No,No,No,No,,,36.58872376712197,2.3254149408330065,11.98696469023332,3.7328963395307104,15.719071279603124,12.830863182524396,0.8438984922910776,3.599740099142195
2962,104437,202315000.0,mishawum park tenants assoc,216-232 main st,216,232 main st,,2129.0,main st,boston,2129,20689.0,,Multifamily Housing,Multifamily Housing (20689.0),44.8,,927102.3128,749957.3,39830.232,72054.4,14781.24,68704.6,,,,,,,,,,,,,,,,,,,,,56.56,in compliance,54611.472,2030.0,No,No,No,No,No,No,,,26.519232836067623,2.639638068538837,9.937357437043744,3.8022081394209395,13.739819208252733,10.907999249553114,0.9706418125093714,3.277870237149157
2960,104435,202350000.0,,9 w school st,9 w school st,9 w school st,,2129.0,9 w school st,boston,2129,43081.0,,Multifamily Housing,Multifamily Housing (43081.0),50.0,73.0,2154222.382,1433436.7,76129.823,211250.2,43335.866,,,,,,,,,,,,,,,,,,,,,,6.5,in compliance,119465.689,2025.0,No,No,No,No,No,No,,,33.46067592431133,2.773048188296465,10.670837343628586,3.912023005428146,14.58294037278077,11.690784487787568,1.0199471441589816,3.5103708963203117
488,100702,202360000.0,bmirf gatehouse llc,75 w school st,75 w school st,,,2129.0,75 w school st,boston,2129,117921.0,22248.0,Multifamily Housing,"Multifamily Housing (117921.0),Parking (28242.0)",41.8,92.0,4929769.524,2186600.0,116130.326,803977.0,164927.842,,,,,,,,,,,,,,,,,,,,,,24.01,in compliance,281058.168,2025.0,I'm not sure,No,No,No,I'm not sure,I'm not sure,,,55.64743153193301,2.383444577301753,11.67777018771285,3.7328963395307104,15.410802795230332,12.54631693045232,0.8685467427394711,4.019035922692959
2965,104440,202370000.0,mishawum park tenants assoc,2-60 dunstable st,2,60 dunstable st,,2129.0,rutherford av,boston,2129,53548.0,,Multifamily Housing,Multifamily Housing (53548.0),52.2,89.0,2793096.382,1941066.0,103090.015,286721.8,58818.11,126264.4,,,,,,,,,,,,,,,,,,,,,44.67,in compliance,161908.125,2025.0,No,No,No,No,No,No,,,35.02699714105319,3.023607324269814,10.888333726905788,3.955082494888593,14.842661352745804,11.994784323706055,1.1064505968002658,3.5561191110415264
2969,104444,202390000.0,mishawum park tenants assoc,65-91 dunstable st,65,91 dunstable st,,2129.0,main st,boston,2129,25557.0,,Multifamily Housing,Multifamily Housing (25557.0),54.5,83.0,1392932.339,926417.8,49202.049,148291.6,30420.539,39456.4,,,,,,,,,,,,,,,,,,,,,51.0,in compliance,79622.588,2025.0,No,No,No,No,No,No,,,36.325754580675294,3.1154903940212075,10.14866653071095,3.9982007016691985,14.146921679435831,11.285053100421932,1.136386569710982,3.5925269822805155
2970,104445,202390000.0,mishawum park tenants assoc,3-59 dunstable st,3,59 dunstable st,,2129.0,main st,boston,2129,45029.0,,Multifamily Housing,Multifamily Housing (45029.0),50.9,91.0,2291562.584,1632260.1,86689.334,225608.7,46281.369,110474.4,,,,,,,,,,,,,,,,,,,,,60.6,in compliance,132970.703,2025.0,No,No,No,No,No,No,,,33.59326649334924,2.95300146572209,10.715062005631752,3.929862923556477,14.644744493926467,11.797884104743597,1.0828220991118453,3.5143256449023443
2973,104448,202400000.0,mishawum park tenants assoc,70-110 dunstable st,70,110 dunstable st,,2129.0,310  320 main st,boston,2129,37727.0,,Multifamily Housing,Multifamily Housing (37727.0),53.8,86.0,2029029.089,1367569.2,72631.6,207752.4,42618.327,47391.3,,,,,,,,,,,,,,,,,,,,,45.76,in compliance,115249.927,2025.0,No,No,No,No,No,No,,,34.93702261357772,3.0548394253452433,10.538131297472674,3.9852734671677386,14.523067955324208,11.654858327453054,1.1167270299803809,3.5535470868098775
2974,104449,202400000.0,mishawum park tenants assoc,2-38 tibbett's town way,2,38 tibbett's town way,,2129.0,310  320 main st,boston,2129,34076.0,,Multifamily Housing,Multifamily Housing (34076.0),51.6,90.0,1758680.526,1235223.7,65602.731,175710.5,36045.252,76067.4,,,,,,,,,,,,,,,,,,,,,40.49,in compliance,101647.983,2025.0,No,No,No,No,No,No,,,34.090932020418585,2.9829787240286416,10.436348603162731,3.9435216724875173,14.380074384711538,11.52927097626248,1.0929223730997475,3.5290314257707593
2976,104451,202450000.0,mishawum park tenants assoc,1-43 tibbett's town way,1,43 tibbett's town way,,2129.0,330  340 main st,boston,2129,35293.0,,Multifamily Housing,Multifamily Housing (35293.0),48.8,95.0,1721618.716,1279338.9,67945.689,151743.0,31128.559,75467.3,,,,,,,,,,,,,,,,,,,,,26.59,in compliance,99074.248,2025.0,No,No,No,No,No,No,,,30.07459622958699,2.8071925877652792,10.471439922974001,3.8877303128591016,14.358775520173038,11.503624827820392,1.0321849048463916,3.4036808363204787
2977,104452,202450000.0,mishawum park tenants assoc,53-89 tibbett's town way,53,89 tibbett's town way,,2129.0,330  340 main st,boston,2129,29208.0,,Multifamily Housing,Multifamily Housing (29208.0),55.3,80.0,1616083.575,1058763.2,56230.914,185419.6,38036.977,75331.3,,,,,,,,,,,,,,,,,,,,,62.65,in compliance,94267.891,2025.0,No,No,No,No,No,No,,,39.14893375115208,3.2274681936455765,10.282197923335472,4.012772908528289,14.29551623392886,11.453895912229472,1.1716979888939985,3.6673731871017465
3774,105636,203150000.0,school house on monument,30 monument sq,30 monument sq,30 monument sq,,2129.0,30 monument sq,boston,2129,48393.0,11000.0,Multifamily Housing,"Multifamily Housing (48393.0),Parking (15400.0)",56.5,37.0,2732659.072,,,475456.0,97535.044,,,,,,,,,,1110403.2,82403.021,,,,,,,,,,,21.64,in compliance,179938.065,2025.0,No,No,No,No,No,No,,,59.36807877071318,3.718266381501457,10.787110454145898,4.034240638152395,14.820785712160006,12.100367987328761,1.313257533182864,4.0837566874880205
1540,102170,203350010.0,city square elderly housing,39-49 warren st,39,49 warren st,,2129.0,42 park st,boston,2129,95760.0,,Multifamily Housing,Multifamily Housing (95760.0),54.7,88.0,5240891.065,3582481.3,190265.582,486052.1,99708.728,,,,,,,,,,,,,,,,,,,,,,31.47,in compliance,289974.31,2025.0,No,No,No,No,No,No,,,31.64505143201254,3.028136069340017,11.469600340231855,4.001863709427935,15.472002092412785,12.57754761183177,1.1079472715999157,3.454581783506799
1177,101751,203405000.0,chestnut street condo trust,35 chestnut st,35 chestnut st,35 chestnut st,,2129.0,27 chestnut st,boston,2129,20000.0,,Multifamily Housing,Multifamily Housing (20000.0),63.8,,1275729.54,770600.0,40926.566,148045.0,30369.951,,,,,,,,,,,,,,,,,,,,,,32.5,pending revisions,71296.517,2030.0,I'm not sure,No,No,No,I'm not sure,I'm not sure,,,39.597087855314534,3.5648258500000005,9.903487552536127,4.155753190350744,14.059028761172687,11.174602755279317,1.271115202743189,3.6787555765491007
4125,106105,203506010.0,,42 eighth st,42 eighth st,42 eighth st,,2129.0,42 eighth st,boston,2129,520580.0,0.0,Multifamily Housing,"Multifamily Housing (520580.0),Parking (80000.0)",39.2,99.0,20410516.58,15138301.0,803995.166,1545198.0,316981.918,,,,,,,,,,,,,,,,,,,,,,21.43,in compliance,1120977.084,2025.0,No,No,No,No,No,No,,,25.83201329096395,2.1533233777709477,13.162698853593731,3.6686767467964168,16.831560844607818,13.929711259383259,0.7670124057895279,3.2516145479713243
3997,105950,203511400.0,,45 first st,45 first st,45 first st,,2129.0,45 first st,boston,2129,45461.0,,Multifamily Housing,Multifamily Housing (45461.0),37.3,94.0,1697810.032,945000.0,50188.95,220636.0,45261.269,,,,,,,,,,,,,,,,,,,,,,21.35,in compliance,95450.219,2025.0,No,No,No,No,No,No,,,44.34201195720111,2.0996066738523127,10.724610094524913,3.6189933266497696,14.34484976209173,11.466360123546233,0.74175002902132,3.79193257882857
2612,103999,203512200.0,,33 third ave,33 third ave,33 third ave,,2129.0,sixth st,boston,2129,59994.0,,Multifamily Housing,Multifamily Housing (59994.0),53.5,30.0,3207266.0,1994300.0,105917.273,355500.0,72927.27,,,,,,,,,,,,,,,,,,,,,,14.34,in compliance,178844.543,2025.0,Yes,No,No,No,Yes,Yes,,,37.8209766511415,2.9810404873820717,11.001999836203904,3.979681653901961,14.980929418796626,12.094272232619774,1.09227239641587,3.6328638865653553
1071,101525,203515525.0,,103 ninth st,103 ninth st,103 ninth st,,2129.0,103 ninth st,boston,2129,81000.0,,Multifamily Housing,Multifamily Housing (81000.0),96.8,22.0,7840946.889,6441245.2,342094.533,410229.1,84154.398,,,,,,,,,,,,,,,,,,,,,,34.1,in compliance,426248.931,2025.0,I`m not sure,No,No,No,I`m not sure,I`m not sure,,,17.851966648680097,5.262332481481481,11.302204433654575,4.572646994282532,15.87487016169184,12.96277879965883,1.6605743660042542,2.882113678553319
1022,101419,203515760.0,bricklayers building 104 llc mass llc,104 first ave,104 first ave,104 first ave,,2129.0,104 first av,boston,2129,47007.0,10590.0,Multifamily Housing,"Multifamily Housing (47007.0),Parking (10590.0)",59.8,50.0,2809444.521,1902574.5,101045.732,265788.4,54523.832,,,,,,,,,,,,,,,,,,,,,,23.71,in compliance,155569.564,2025.0,No,No,No,No,No,No,,,32.28075451503105,3.3094978194736955,10.758051805772519,4.091005660956586,14.848497342409358,11.954848267480338,1.1967964617078202,3.4744712172001724
2570,103943,203517600.0,john hancock life insurance,246-260 first ave,246,260 first ave,,2129.0,220 first av,boston,2129,310639.0,126656.0,Multifamily Housing,"Multifamily Housing (269823.0),Parking (126656.0),Other - Lodging/Residential (40816.0)",44.3,86.0,13767460.65,5106511.5,271206.826,2538379.0,520723.068,,,,,,,,,,,,,,,,,,,,,,23.33,in compliance,791929.894,2025.0,No,No,No,No,No,No,,,62.91160094835645,2.549357595150641,12.646386745239925,3.7909846770510898,16.43781844193419,13.582228149201875,0.9358414039619499,4.14173058149143
3037,104543,203520010.0,nautica leasehold condo tr,1 warren st,1 warren st,1 warren st,,2129.0,1 warren st,boston,2129,151044.0,88458.0,Multifamily Housing,"Multifamily Housing (151044.0),Parking (88458.0)",67.6,62.0,10207851.36,4903000.0,260398.33,1554763.0,318944.082,,,,,,,,,,,,,,,,,,,,,,32.66,in compliance,579342.412,2025.0,No,No,No,No,No,No,,,51.970629110434075,3.8355870607240274,11.925326464079506,4.213607983048918,16.138667723332166,13.269648966902654,1.3443225028231482,3.9506787342084655
4496,106640,203596100.0,,21  35 warren st,21  35 warren st,21  35 warren st,,2129.0,21  35 warren st,boston,2129,38456.0,,Multifamily Housing,Multifamily Housing (38456.0),28.4,,1093300.14,673300.0,35758.963,123095.0,25251.708,,,,,,,,,,,,,,,,,,,,,,30.49,pending revisions,61010.671,2030.0,No,No,No,No,No,No,,,38.41750210056682,1.5865059028500104,10.557270009573797,3.3463891451671604,13.904711331475252,11.018804062282435,0.4615340527086386,3.6485131396246917
1687,102529,203690000.0,courtyard condo tr,47 harvard st,47 harvard st,47 harvard st,,2129.0,88  58 main st,boston,2129,79613.0,20226.0,Multifamily Housing,"Multifamily Housing (79613.0),Parking (20226.0)",41.3,75.0,3290556.712,939600.0,49902.156,689026.0,141346.794,,,,,,,,,,,,,,,,,,,,,,21.82,in compliance,191248.95,2025.0,No,No,No,No,No,No,,,71.44870220063844,2.4022326755680607,11.284932675080688,3.720862499966987,15.006567321800446,12.161331261477633,0.8763985863969451,4.268979740468974
1150,101720,203771000.0,charlestown economic,20 devens st,20 devens st,20 devens st,,2129.0,20 devens st,boston,2129,34128.0,,Multifamily Housing,Multifamily Housing (34128.0),65.0,43.0,2218630.216,1792580.6,95203.956,124868.0,25615.422,,,,,,,,,,,,,,,,,,,,,,22.77,in compliance,120819.378,2030.0,I'm not sure,No,No,No,I'm not sure,I'm not sure,,,19.2041171677615,3.5401833684950774,10.437873440711131,4.174387269895637,14.612400543593575,11.702051965525202,1.2641785248140696,2.955124691866573
2556,103927,300050010.0,jdmd owner llc,33-61 temple st,33,61 temple st,,2114.0,33  61 temple st,boston,2114,134725.0,28940.0,Multifamily Housing,"Multifamily Housing (134725.0),Parking (28940.0)",34.3,82.0,4617249.052,1744699.9,92661.012,841896.0,172706.545,,,,,,,,,,,,,,,,,,,,,,8.35,in compliance,265367.557,2025.0,No,No,No,No,No,No,,,62.21616819988682,1.9696979550937093,11.810990942801697,3.535145354171894,15.34530964242112,12.488871151509073,0.6778802087073764,4.130614904871803
2200,103307,300213000.0,gerald schuster trust,45 myrtle st,45 myrtle st,45 myrtle st,,2114.0,45 myrtle st,boston,2114,34748.0,,Multifamily Housing,Multifamily Housing (34748.0),78.9,15.0,2740780.588,912272.4,48450.787,277300.7,56885.466,,,,,,,,,,882358.2,65479.802,,,,,,,,,,,17.47,in compliance,170816.055,2025.0,No,No,No,No,No,No,,,34.522704504246875,4.915852854840566,10.45587729537981,4.368181227851829,14.823753323923292,12.048342554748034,1.592465259368222,3.541617209155808
1927,102855,300449000.0,erp operating lp,175 blossom st,175 blossom st,175 blossom st,,2114.0,1  25 emerson pl,boston,2114,132722.0,46585.0,Multifamily Housing,"Multifamily Housing (132722.0),Parking (46585.0)",57.0,56.0,7563527.42,3446915.3,183065.672,1206510.0,247503.461,,,,,,,,,,,,,,,,,,,,,,29.65,in compliance,430569.133,2025.0,No,No,No,No,No,No,,,54.42953886323056,3.244142892662859,11.796011994069652,4.04305126783455,15.838848229283565,12.972863177645834,1.176851183576182,3.9969070003034877
4578,106747,300450000.0,whittier place condominium  trust,6 whittier pl,6 whittier pl,6 whittier pl,,2114.0,6  8 whittier pl,boston,2114,245901.0,,Multifamily Housing,Multifamily Housing (245901.0),74.9,29.0,18429497.09,12014002.2,638063.657,1880274.0,385719.408,,,,,,,,,,,,,,,,,,,,,,31.92,in compliance,1023783.065,2025.0,No,No,No,No,No,No,,,34.812544790390696,4.163395289161085,12.412684294889793,4.316153890523174,16.729463041699088,13.839015211552148,1.4263309166623543,3.5499778043047203
4579,106748,300450000.0,whittier place condominium  trust,8 whittier pl,8 whittier pl,8 whittier pl,,2114.0,6  8 whittier pl,boston,2114,255996.0,,Multifamily Housing,Multifamily Housing (255996.0),59.6,81.0,15245808.28,12548629.1,666457.692,790498.0,162162.76,,,,,,,,,,,,,,,,,,,,,,31.96,in compliance,828620.452,2025.0,No,No,No,No,No,No,,,17.692061327036445,3.236849216394006,12.452917098339627,4.087655574071304,16.539815156349622,13.62751749091798,1.1746003925783521,2.873116026371113
202,100260,300465000.0,a l house lp mass lp,65 martha rd,65 martha rd,65 martha rd,,2114.0,65 martha rd,boston,2114,131933.0,,Multifamily Housing,Multifamily Housing (131933.0),64.1,52.0,8459735.356,4869414.0,258614.578,1052263.0,215861.232,,,,,,,,,,,,,,,,,,,,,,42.07,in compliance,474475.81,2025.0,No,No,No,No,No,No,,,42.4419800898793,3.596339126677935,11.79004949695075,4.160444363926624,15.95082844929643,13.069965915753672,1.27991641880292,3.7481379688751177
1143,101712,300470000.0,charles river park d company,3-5 longfellow pl,3,5 longfellow pl,,2114.0,1  4 longfellow pl,boston,2114,444230.0,269637.0,Multifamily Housing,"Multifamily Housing (435431.0),Office (8799.0),Parking (269637.0)",40.8,92.0,18143461.74,5763036.8,306074.884,3628495.0,744349.464,,,,,,,,,,,,,,,,,,,,,,23.36,in compliance,1050424.348,2025.0,No,No,No,No,No,No,C10061,,68.23928857498173,2.3645957004254554,13.004097725307364,3.708682081410116,16.71382081906428,13.864704781443129,0.8606070561357647,4.223020477791766
1145,101714,300470000.0,charles river park d company,1-2 longfellow pl,,1 longfellow pl,,2114.0,1  4 longfellow pl,boston,2114,443938.0,,Multifamily Housing,"Multifamily Housing (431058.0),Office (12880.0)",42.3,67.0,18786965.06,5769628.9,306424.991,3815163.0,782642.538,,,,,,,,,,,,,,,,,,,,,,23.4,in compliance,1089067.529,2025.0,No,No,No,No,No,No,C10061,,69.29223740436339,2.4531973586401707,13.0034401920242,3.744787086052232,16.74867383945104,13.90083241009356,0.897392218069361,4.238332885554729
4558,106722,300471004.0,west end place two corp,150 staniford st,150 staniford st,150 staniford st,,2114.0,150 staniford st,boston,2114,253957.0,,Multifamily Housing,Multifamily Housing (253957.0),51.2,88.0,13009891.21,8917251.8,473595.243,1199484.0,246062.148,,,,,,,,,,,,,,,,,,,,,,31.24,in compliance,719657.391,2025.0,No,No,No,No,No,No,,,31.45928943244407,2.833776548785818,12.444920240330696,3.9357395320454622,16.381220488424518,13.486530531908349,1.0416102915776533,3.4486943109937482
476,100679,300670000.0,,33 blossom st,33 blossom st,33 blossom st,,2114.0,33 blossom st,boston,2114,129648.0,,Multifamily Housing,Multifamily Housing (129648.0),52.4,92.0,6788952.152,4891637.9,259794.889,556071.0,114072.405,,,,,,,,,,,,,,,,,,,,,,27.87,in compliance,373867.294,2025.0,I'm not sure,No,No,No,I'm not sure,I'm not sure,,,27.948313969056827,2.8837104621745033,11.772578364700507,3.9589065913269965,15.730807165387391,12.831656184553003,1.0590778198524957,3.3303568746709282
1109,101664,301498000.0,casa maria apartments lp,130 endicott st,130 endicott st,130 endicott st,,2113.0,34 thatcher st,boston,2113,79136.0,,Multifamily Housing,Multifamily Housing (79136.0),73.9,64.0,5847649.772,4668783.3,247959.081,345506.0,70877.101,,,,,,,,,,,,,,,,,,,,,,36.78,in compliance,318836.182,2025.0,No,No,No,No,No,No,,,20.160549004575373,4.028965098059038,11.278923170321143,4.302712827954156,15.581550390109472,12.672432713812027,1.3935095434908842,3.003727675202184
464,100663,301523035.0,beverly  street  acquisition,101 beverly st,101 beverly st,101 beverly st,,2114.0,101 beverly st,boston,2114,473959.0,83974.0,Multifamily Housing,"Hotel (173154.0),Restaurant (4740.0),Multifamily Housing (291094.0),Parking (83974.0),Other (4971.0)",48.1,84.0,22776353.16,7908573.4,420024.333,4357497.0,893896.935,,,,,,,,,,,,,,,,,,,,,,36.76,in compliance,1313921.268,2025.0,I'm not sure,No,No,No,I'm not sure,I'm not sure,,,65.28013191621059,2.772225589133237,13.06887609904576,3.8732821771117156,16.94123341361537,14.08852655842333,1.0196504593775702,4.178687731429094
2515,103874,301536000.0,"imp victor llc, lessee",96-120 beverly st,96,120 beverly st,,2114.0,95 haverhill st,boston,2114,311716.0,0.0,Multifamily Housing,"Multifamily Housing (311716.0),Parking (50256.0)",42.1,80.0,13128197.94,4567735.6,242592.438,2508928.0,514681.49,,,,,,,,,,,,,,,,,,,,,,23.54,in compliance,757273.928,2025.0,No,No,No,No,No,No,,,65.20954905102536,2.4293713765093865,12.649847795846423,3.7400477406883357,16.390272989334925,13.537480326937635,0.8876325310912131,4.1776059160465175
241,100323,301560010.0,aimco one canal street llc,1 canal st,1 canal st,1 canal st,,2114.0,1 canal st,boston,2114,393142.0,0.0,Multifamily Housing,"Multifamily Housing (358914.0),Supermarket/Grocery Store (34228.0),Electric Vehicle Charging Station (0.0),Parking (59465.0),Swimming Pool (0.0)",64.9,66.0,25524310.01,10518900.4,558658.8,4397834.0,902171.667,,,,,,,,,,,,,,,,,,,,,,23.9,in compliance,1460830.467,2025.0,No,No,No,No,No,No,,,58.79128280929385,3.7157832716931796,12.881926148745123,4.1728476237100445,17.055141889720154,14.194515644985415,1.3125894962402924,4.073993592371614
326,100452,301570001.0,asn avenir llc (lessee),89  183 canal st,89  183 canal st,89  183 canal st,,2114.0,89  183 canal st,boston,2114,388000.0,44530.0,Multifamily Housing,"Personal Services (Health/Beauty, Dry Cleaning, etc) (6600.0),Restaurant (2692.0),Multifamily Housing (367288.0),Parking (44530.0),Retail Store (11420.0)",34.7,94.0,13468372.66,5522063.5,293276.792,2328930.0,477756.7,,,,,,,,,,,,,,,,,,,,,,20.89,in compliance,771033.492,2025.0,No,No,No,No,No,No,,,59.00236576539753,1.9871997216494846,12.86876061860541,3.5467396869528134,16.415854728912965,13.555487091290706,0.6867264726852961,4.07757754082043
3573,105299,301918055.0,,80 causeway st,80 causeway st,80 causeway st,,2114.0,80 causeway st,boston,2114,320000.0,,Multifamily Housing,Multifamily Housing (320000.0),57.8,54.0,18484513.65,6913923.5,367198.477,3391146.0,695659.69,,,,,,,,,,,,,,,,,,,,,,33.08,in compliance,1062858.167,2025.0,No,No,No,No,No,No,,,62.59888165302093,3.3214317718749995,12.676076274775909,4.056988775678332,16.732443839484695,13.876472221328767,1.2003959465528564,4.136747412978756
4467,106572,302161000.0,villa michaelangelo inc,64-84 charter st,64,84 charter st,,2113.0,64  84 charter st,boston,2113,44504.0,,Multifamily Housing,Multifamily Housing (44504.0),91.2,9.0,4059205.856,2273497.1,120745.431,523361.3,107362.337,,,,,,,,,,,,,,,,,,,,,,508.41,in compliance,228107.768,2025.0,No,No,No,No,No,No,,,43.993513094572165,5.125556534244113,10.70333435175513,4.513054897080286,15.216497910474912,12.337573462931543,1.634239111176414,3.7840421933806248
3853,105778,302303010.0,,21 n bennet st,21 n bennet st,21 n bennet st,,2113.0,21 n bennet st,boston,2113,54425.0,,Multifamily Housing,Multifamily Housing (54425.0),53.0,68.0,2886331.264,1815400.0,96415.894,313872.0,64387.702,,,,,,,,,,,,,,,,,,,,,,7.69,in compliance,160803.596,2030.0,I'm not sure,No,No,No,I'm not sure,I'm not sure,,,37.10517770977518,2.954590647680294,10.904578886102748,3.970291913552122,14.87549679481966,11.987938998661031,1.0833601125582821,3.613756520786054
119,100166,302347000.0,,44 prince st,44 prince st,44 prince st,,2113.0,44 prince st,boston,2113,56038.0,20000.0,Multifamily Housing,"Multifamily Housing (56038.0),Parking (20000.0)",62.7,75.0,3514728.716,2047848.5,108761.234,429918.0,88193.379,,,,,,,,,,,,,,,,,,,,,,23.65,in compliance,196954.613,2025.0,No,No,No,No,No,No,,,41.73706770090303,3.514661711695635,10.933785311020364,4.138361447638875,15.072472901301087,12.19072859031313,1.256943279292765,3.7313896476456754
3584,105310,302356000.0,riccio gennaro,290-296 hanover st,290,296 hanover st,,2113.0,290  296 hanover st,boston,2113,33522.0,,Multifamily Housing,"Multifamily Housing (25022.0),Other - Restaurant/Bar (8500.0)",58.7,,1966335.596,1429686.0,75930.623,157283.0,32265.035,,,,,,,,,,,,,,,,,,,,,,53.7,in compliance,108195.658,2030.0,No,No,No,No,No,No,,,27.29306175109287,3.2276015154227076,10.419957218687204,4.072439726834051,14.49168226501995,11.591696515199294,1.1717392965120905,3.3066325215781425
4325,106377,302469010.0,,63-69 endicott st,63,69 endicott st,,2113.0,26 stillman st,boston,2113,31359.0,0.0,Multifamily Housing,"Multifamily Housing (31359.0),Parking (940.0)",80.2,1.0,2513745.352,890500.0,47294.455,475746.0,97594.534,,,,,,,,,,,,,,,,,,,,,,21.55,in compliance,144888.989,2030.0,No,No,No,No,No,No,,,64.57761175404852,4.620331930227367,10.353256586200818,4.384523514872469,14.737284371036957,11.883723135083198,1.5304665488823808,4.167867783445448
4643,106828,302700102.0,,100 sudbury st,100 sudbury st,100 sudbury st,,2114.0,100 sudbury st,boston,2114,461487.0,,Multifamily Housing,Multifamily Housing (461487.0),27.8,97.0,12852369.6,3586172.6,190461.627,2715767.0,557112.442,,,,,,,,,,,,,,,,,,,,,,19.88,in compliance,747574.069,2025.0,No,No,No,No,No,No,,,72.1003570349393,1.619924437741475,13.042209163514205,3.3250360206965914,16.369038756974312,13.524588668301202,0.48237950478699704,4.278058996219548
56,100083,302807000.0,21 beacon condominium trust,21-23 beacon st,21,23 beacon st,,2108.0,19  23 beacon st,boston,2108,131932.0,,Multifamily Housing,"Multifamily Housing (114886.0),Office (9422.0),Other - Restaurant/Bar (5742.0),Convenience Store without Gas Station (1882.0)",94.6,51.0,12486674.39,9570100.2,508268.022,854799.0,175353.467,,,,,,,,,,,,,,,,,,,,,,41.41,in compliance,683621.489,2025.0,No,No,No,No,No,No,,,23.358520585640097,5.181619993633083,11.790041917317227,4.549657476057832,16.340172584838342,13.435159664779238,1.645117747462012,3.150961824860354
958,101294,302811000.0,boston view corp del corp,130-140 bowdoin st,130,140 bowdoin st,,2108.0,140  130 bowdoin st,boston,2108,126480.0,5500.0,Multifamily Housing,"Multifamily Housing (126480.0),Parking (5500.0)",66.8,47.0,8445006.019,5916100.2,314204.082,741179.9,152045.645,,,,,,,,,,,,,,,,,,,,,,13.9,in compliance,466249.727,2025.0,No,No,No,No,No,No,,,29.94689394057376,3.686351415243517,11.747839471883353,4.2017030805426,15.94908582095321,13.052476664417203,1.3046371925338491,3.399425611022252
4465,106570,302886000.0,vietnam veterans workshop,17 court st,17 court st,17 court st,,2108.0,17  19 court st,boston,2108,105856.0,,Multifamily Housing,"Multifamily Housing (59392.0),Other (46464.0)",88.4,,9358377.78,3238222.2,171981.981,1793715.0,367962.695,,,,,,,,,,,,,,,,,,,,,,62.9,in compliance,539944.676,2025.0,No,No,No,No,No,No,,,65.40048693407203,5.100747014812575,11.569834958943309,4.481871969643598,16.051782519330587,13.199221961440056,1.6293870024967472,4.180529703910543
4657,106848,302952014.0,,518 540 atlantic av,518 540 atlantic av,518 540 atlantic av,,2210.0,518 540 atlantic av,boston,2210,137224.0,,Multifamily Housing,"Restaurant (13101.0),Multifamily Housing (124123.0)",63.8,11.0,8760416.504,4813527.5,255646.446,1156767.0,237299.182,,,,,,,,,,,,,,,,,,,,,,25.74,in compliance,492945.628,2025.0,No,No,No,No,No,No,,,45.05564909211536,3.5922697778814205,11.829369906089662,4.155753190350744,15.985754007901015,13.108154158910201,1.2787842528205398,3.8078983722443147
4384,106449,303038200.0,union wharf condominium tr,343 commercial st,343 commercial st,343 commercial st,,2109.0,295  343 commercial st,boston,2109,124212.0,0.0,Multifamily Housing,"Multifamily Housing (124212.0),Parking (9173.0)",38.3,68.0,4758563.904,959841.0,50977.156,1113342.0,228390.978,,,,,,,,,,,,,,,,,,,,,,16.23,in compliance,279368.134,2025.0,No,No,No,No,No,No,,,79.83269704766793,2.2491235468392747,11.72974506217175,3.6454498961866,15.375456479846411,12.540285667761616,0.8105406055898645,4.379933157975748
3749,105602,303039000.0,san marco-lincoln wh,357-371 commercial st,357,371 commercial st,,2109.0,357  371 commercial st,boston,2109,256779.0,,Multifamily Housing,Multifamily Housing (256779.0),33.8,98.0,8686016.232,,,1379561.0,283003.144,,,,,,,,,,3978954.1,295278.184,,,,,,,,,,,27.49,in compliance,578281.328,2025.0,No,No,No,No,No,No,,,54.19364804785919,2.252058493879951,12.455971071753194,3.520460802488973,15.977224960829476,13.267815755885122,0.8118446841319282,3.992563706888822
1081,101542,303040000.0,,40 battery st,40 battery st,40 battery st,,2109.0,40  50 battery st,boston,2109,106921.0,,Multifamily Housing,Multifamily Housing (106921.0),72.7,4.0,7777226.308,1731643.4,91967.581,1771859.0,363479.155,,,,,,,,,,,,,,,,,,,,,,18.23,in compliance,455446.736,2025.0,No,No,No,No,No,No,,,77.73785212641904,4.259656531457805,11.57984552299625,4.286341384539473,15.866710316906516,13.029034053608688,1.4491885306124392,4.353342296105152
2728,104136,303063000.0,,100 lovejoy whf,100 lovejoy whf,100 lovejoy whf,,2114.0,100 lovejoy wh,boston,2114,253788.0,,Multifamily Housing,"Restaurant (7169.0),Multifamily Housing (245012.0),Fitness Center/Health Club/Gym (1607.0)",46.5,67.0,11797578.16,5284367.0,280652.731,1908913.0,391594.413,,,,,,,,,,,,,,,,,,,,,,23.99,in compliance,672247.144,2025.0,I'm not sure,No,No,No,I'm not sure,I'm not sure,,,55.210462728987764,2.64885315302536,12.44425455182075,3.8394523125933104,16.283404827693175,13.4183813257026,0.9741267738818495,4.011152477514005
1141,101709,303135000.0,,350 north st,350 north st,350 north st,,2113.0,350 north st,boston,2113,44800.0,,Multifamily Housing,Multifamily Housing (44800.0),46.7,58.0,2094194.976,912029.1,48437.866,346473.0,71075.471,,,,,,,,,,,,,,,,,,,,,,18.71,in compliance,119513.337,2025.0,No,No,No,No,No,No,,,56.452138434984,2.6677084151785713,10.709963418403076,3.8437441646748516,14.554679777825841,11.6911832508207,0.9812198324176227,4.033393171808798
4246,106282,303168000.0,trulli alphonses j trst,35-49 clark st,35,49 clark st,,2109.0,35  49 clark st,boston,2109,24350.0,,Multifamily Housing,Multifamily Housing (24350.0),50.8,96.0,1236830.52,947800.0,50337.658,84710.0,17377.409,,,,,,,,,,,,,,,,,,,,,,23.86,in compliance,67715.067,2030.0,No,No,No,No,No,No,,,23.369671254554746,2.7809062422997943,10.100287128510736,3.927896354584436,14.028062633095567,11.123063989530023,1.022776861019286,3.1514390814665774
3438,105080,303176000.0,,26-30 fleet st,26,30 fleet st,,2113.0,30  26 fleet st,boston,2113,21500.0,,Multifamily Housing,"Restaurant (2000.0),Multifamily Housing (18300.0),Social/Meeting Hall (1200.0)",47.5,99.0,1021090.112,744800.0,39556.328,80976.0,16611.417,,,,,,,,,,,,,,,,,,,,,,37.5,in compliance,56167.745,2030.0,No,No,No,No,No,No,,,27.059537170407932,2.6124532558139535,9.975808214115753,3.8607297110405954,13.836381351822274,10.936097938735205,0.9602897246194512,3.298039518768134
1829,102732,303471000.0,east coast condominium tr,130-132 fulton st,130,132 fulton st,,2109.0,132  122 fulton st,boston,2109,28548.0,,Multifamily Housing,Multifamily Housing (28548.0),49.2,78.0,1405847.928,840500.0,44638.955,165694.0,33990.467,,,,,,,,,,,,,,,,,,,,,,21.08,in compliance,78629.422,2030.0,No,No,No,No,No,No,,,40.21578513860426,2.754288286394844,10.259342160090958,3.8958936234982624,14.156151186185895,11.272501234074657,1.0131590739836995,3.694259583691604
3281,104865,303474000.0,one 20 fulton st condo tr,120 fulton st #a,120 fulton st #a,120 Fulton St,,2109.0,120 fulton st,boston,2109,51132.0,3507.0,Multifamily Housing,"Multifamily Housing (51132.0),Parking (3507.0)",41.2,82.0,2106374.668,1035300.1,54984.788,313914.0,64396.318,,,,,,,,,,,,,,,,,,,,,,12.17,in compliance,119381.106,2030.0,No,No,No,No,No,No,,,50.851430724669164,2.3347630837831495,10.842165803287912,3.7184382563554808,14.560478860886073,11.690076226213147,0.8479104229252357,3.9289082582771053
2768,104187,303543000.0,,300-322 commercial st,300,322 commercial st,,2109.0,300 commercial st,boston,2109,186285.0,,Multifamily Housing,Multifamily Housing (186285.0),30.9,82.0,5760951.608,1425548.4,75710.876,1270634.0,260657.859,,,,,,,,,,,,,,,,,,,,,,11.4,in compliance,336368.735,2025.0,Yes,No,No,No,Yes,Yes,,,75.25829234669038,1.8056673108409158,12.135033038050242,3.4307561839036995,15.566613228748674,12.725963262809307,0.5909302247590649,4.32092609485592
3510,105208,303547000.0,,45-63 atlantic ave,45,63 atlantic ave,,2110.0,45  63 atlantic av,boston,2110,58000.0,,Multifamily Housing,Multifamily Housing (58000.0),60.7,29.0,3521469.076,1992899.9,105842.914,447998.0,91902.31,,,,,,,,,,,,,,,,,,,,,,19.06,in compliance,197745.224,2025.0,No,No,No,No,No,No,,,43.409052946628805,3.409400413793103,10.968198289528557,4.1059436980654525,15.074388811643882,12.194734733631543,1.2265364441029862,3.770668012594109
4572,106738,303549000.0,,81-85 atlantic ave,81,85 atlantic ave,,2110.0,79  85 atlantic av,boston,2110,65738.0,,Multifamily Housing,"Office (12987.0),Multifamily Housing (37352.0),Supermarket/Grocery Store (8999.0),Retail Store (6400.0)",51.7,100.0,3400669.611,2897322.5,153876.798,147522.6,30262.786,,,,,,,,,,,,,,,,,,,,,,22.75,pending revisions,184139.584,2030.0,No,No,No,No,No,No,,,14.80206245151758,2.801113267820743,11.09343242387742,3.9454577815143836,15.03948291460715,12.123449357688639,1.0300169338112177,2.6947665258933555
349,100480,303551000.0,ausonia homes associates,145 commercial st,145 commercial st,145 commercial st,,2109.0,145 commercial st,boston,2109,174895.0,,Multifamily Housing,Multifamily Housing (174895.0),48.3,86.0,8448837.83,5283255.2,280593.684,927779.2,190324.625,,,,,,,,,,,,,,,,,,,,,,20.62,in compliance,470918.309,2025.0,No,No,No,No,No,No,,,37.46931662055585,2.692577312101547,12.071941072833619,3.877431560658527,15.94953945496332,13.06243991634223,0.9904988435086121,3.623522374597003
559,100808,303560000.0,boston housing authority,151-185 fulton st,151,185 fulton st,,2109.0,204  174 commercial st,boston,2109,97300.0,,Multifamily Housing,Multifamily Housing (97300.0),61.3,56.0,5965831.2,4233900.0,224862.429,507600.0,104129.064,,,,,,,,,,,,,,,,,,,,,,68.78,in compliance,328991.493,2025.0,No,No,No,No,No,No,,,29.03212112337339,3.38120753340185,11.485554268174097,4.115779842942166,15.60155894999246,12.703787172270351,1.2182329040962538,3.3684028419664567
1587,102369,303575000.0,,142 commercial st,142 commercial st,142 commercial st,,2109.0,144  126 commercial st,boston,2109,49900.0,,Multifamily Housing,Multifamily Housing (49900.0),34.7,95.0,1729787.412,1156056.2,61398.145,168151.0,34494.496,,,,,,,,,,,,,,,,,,,,,,14.58,in compliance,95892.641,2030.0,I'm not sure,No,No,No,I'm not sure,I'm not sure,,,33.169187766641,1.9216962124248498,10.81777628173961,3.5467396869528134,14.363509075686204,11.470984521743633,0.6532082400040236,3.5016213656721438
3126,104667,303604000.0,ninty 9 fulton st condo tr,81-101 fulton st,81,101 fulton st,,2109.0,99 fulton st,boston,2109,32436.0,,Multifamily Housing,Multifamily Housing (32436.0),49.6,97.0,1608292.788,,,164799.0,33806.867,,,,,,,,,,1045998.6,77623.556,,,,,,,,,,,31.69,pending revisions,111430.423,2025.0,No,No,No,No,No,No,,,34.9637150676572,3.4353934825502526,10.387024196064448,3.903990833730882,14.290683794235669,11.621155666139073,1.2341314700746246,3.554310811378812
2937,104407,303636000.0,mercantile wharf associates,101-117 atlantic ave,101,117 atlantic ave,,2109.0,71  87 commercial st,boston,2109,159005.0,,Multifamily Housing,Multifamily Housing (159005.0),58.8,58.0,9356948.998,6499172.1,345171.03,837566.5,171818.392,,,,,,,,,,,,,,,,,,,,,,24.29,in compliance,516989.422,2025.0,No,No,No,No,No,No,,,30.543102603058564,3.2514035533473793,11.976690927248818,4.074141854904581,16.051629833564558,13.155777692933087,1.179086765684271,3.4191388860861727
4193,106189,303823000.0,tishman speyer archstone-,8-20 broad st,8,20 broad st,,2109.0,131 state st,boston,2109,125124.0,,Multifamily Housing,"Restaurant (11053.0),Multifamily Housing (104848.0),Office (9223.0)",80.5,13.0,10077167.97,4296680.4,228196.696,1694164.0,347540.803,,,,,,,,,,,,,,,,,,,,,,35.61,in compliance,575737.499,2025.0,No,No,No,No,No,No,,,57.36474483515034,4.601335467216521,11.737060524577593,4.388257184424518,16.125782825775005,13.263407104898361,1.526346580320768,4.049429913148305
975,101313,303975000.0,boulevard broad street llc,110 broad st,110 broad st,110 broad st,,2110.0,102  112 broad st,boston,2110,69829.0,,Multifamily Housing,Multifamily Housing (69829.0),42.0,71.0,2931582.132,1089747.0,57876.463,539811.0,110736.829,,,,,,,,,,,,,,,,,,,,,,14.27,in compliance,168613.292,2025.0,No,No,No,No,No,No,,,62.8301040432866,2.4146599836744045,11.153804675244917,3.7376696182833684,14.89105281205005,12.035363158927552,0.8815584836826361,4.140434322362658
2048,103013,303990010.0,folio boston condo trust,72-80 broad st,72,80 broad st,,2110.0,72  80 broad st,boston,2110,136377.0,37002.0,Multifamily Housing,"Multifamily Housing (136377.0),Parking (37002.0)",69.7,46.0,9503019.168,5760348.6,305932.114,1096914.0,225020.938,,,,,,,,,,,,,,,,,,,,,,24.26,in compliance,530953.052,2025.0,Yes,Yes,No,No,Yes,Yes,,,39.38574719183393,3.893274173797635,11.823178388472382,4.244200317766478,16.067120113238666,13.182428882002682,1.359250493530301,3.6734040044577214
2054,103021,304015000.0,forest milk llc,30-36 batterymarch st,30,36 batterymarch st,,2110.0,32  34 batterymarch st,boston,2110,33250.0,,Multifamily Housing,"Restaurant (2698.0),Multifamily Housing (28665.0),Office (1887.0)",48.4,79.0,1609870.784,887100.0,47113.881,211832.0,43455.216,,,,,,,,,,,,,,,,,,,,,,37.45,in compliance,90569.097,2030.0,No,No,No,No,No,No,,,44.898172324369604,2.723882616541353,10.411810046084,3.879499813722586,14.291664475354676,11.413868341130486,1.002058295046487,3.8043970884491083
1052,101467,304033010.0,,99-107 broad st,99,107 broad st,,2110.0,99  105 broad st,boston,2110,45111.0,,Multifamily Housing,Multifamily Housing (45111.0),70.9,18.0,3197616.82,1363462.1,72413.472,537560.0,110275.058,,,,,,,,,,,,,,,,,,,,,,20.27,in compliance,182688.53,2025.0,No,No,No,No,No,No,,,57.36257523188786,4.049755713684024,10.716881398190429,4.2612704335380815,14.977916346560562,12.115537959880815,1.3986565616903848,4.049392091236986
2652,104043,304242000.0,,120-128a essex st,120,128a essex st,,2111.0,88  100 kingston st,boston,2111,75600.0,,Multifamily Housing,Multifamily Housing (75600.0),35.1,94.0,2651757.52,1493775.9,79334.438,339385.0,69621.439,,,,,,,,,,,,,,,,,,,,,,14.05,in compliance,148955.877,2025.0,No,No,No,No,No,No,,,43.67037781606818,1.9703158333333335,11.233211562167625,3.55820113047182,14.790733193226805,11.911405413556407,0.6781938513887824,3.7766700190759863
2701,104101,304304100.0,,66-86 lincoln st,66,86 lincoln st,,2111.0,66  86 lincoln st,boston,2111,121133.0,367.0,Multifamily Housing,"Multifamily Housing (107440.0),Parking (367.0),Retail Store (13693.0)",76.7,7.0,9290327.212,3195382.9,169706.786,1786326.0,366446.916,,,,,,,,,,,,,,,,,,,,,,24.71,in compliance,536153.702,2025.0,I'm not sure,No,No,No,I'm not sure,I'm not sure,,,65.60815482394443,4.426157215622498,11.70464439448365,4.33990170837321,16.04448433212884,13.192176156408562,1.4875317619249135,4.183699999564645
2492,103818,304308000.0,hudson fc group llc,118-120 kingston st,118,120 kingston st,,2111.0,120 kingston st,boston,2111,295446.0,,Multifamily Housing,Multifamily Housing (295446.0),42.8,66.0,12646780.14,4337099.8,230343.37,2435428.0,499603.7,,,,,,,,,,,,,,,,,,,,,,2.64,in compliance,729947.07,2025.0,No,No,No,No,No,No,,,65.7087856213811,2.470661542210759,12.596241358012346,3.756538102587751,16.352913206351076,13.50072730364651,0.9044859456341637,4.185232639859093
3798,105669,304310000.0,seven 17 atlantic avenue,717-719 atlantic ave,717,719 atlantic ave,,2111.0,717  719 atlantic av,boston,2111,32640.0,,Multifamily Housing,"Office (2472.0),Multifamily Housing (30168.0)",88.1,26.0,2874598.924,2134699.9,113373.912,216852.0,44485.019,,,,,,,,,,,,,,,,,,,,,,23.73,in compliance,157858.931,2030.0,I'm not sure,No,No,No,I'm not sure,I'm not sure,,,25.740340526197176,4.836364307598039,10.393293809078044,4.478472532942134,14.87142371778625,11.96945707141633,1.5761632623382869,3.2480594315364617
3282,104866,304332000.0,,118-128 lincoln st,118,128 lincoln st,,2111.0,118  128 lincoln st,boston,2111,25800.0,,Multifamily Housing,Multifamily Housing (25800.0),41.7,,1076748.88,,,116290.0,23855.731,,,,,,,,,,679967.4,50460.381,,,,,,,,,,,35.37,in compliance,74316.112,2030.0,No,No,No,No,No,No,,,36.851575225228004,2.880469457364341,10.158129770909708,3.730501128804756,13.889456762748646,11.216083057802809,1.0579532868931003,3.606898364674991
2713,104115,304466000.0,,40-44 harrison ave,40,44 harrison ave,,2111.0,40  44 harrison av,boston,2111,33457.0,,Multifamily Housing,"Personal Services (Health/Beauty, Dry Cleaning, etc) (2850.0),Restaurant (5311.0),Multifamily Housing (25296.0)",67.4,10.0,2253810.752,401449.6,21320.988,542896.0,111369.685,,,,,,,,,,,,,,,,,,,,,,59.2,in compliance,132690.673,2030.0,No,No,No,No,No,No,,,82.1915764114697,3.966006306602505,10.4180163112265,4.210645017918261,14.628133009098644,11.795775931489885,1.377759620263386,4.409052820064923
2949,104422,304488000.0,,558-580 washington st,558,580 washington st,,2111.0,580 washington st,boston,2111,456000.0,,Multifamily Housing,Multifamily Housing (456000.0),45.1,72.0,20572039.81,8116701.0,431077.99,3650451.0,748853.518,,,,,,,,,,,,,,,,,,,,,,31.21,in compliance,1179931.508,2025.0,No,No,No,No,No,No,,,60.54764862741144,2.5875690964912277,13.030248088496522,3.8088822465086327,16.83944342102965,13.980966950689428,0.9507188621929055,4.103430635676296
1158,101729,304506000.0,chauncy house limited,115-119 chauncy st,115,119 chauncy st,,2111.0,115  119 chauncy st,boston,2111,61424.0,,Multifamily Housing,"Multifamily Housing (58874.0),Retail Store (2550.0)",52.8,,3245670.744,1932777.5,102649.813,384787.0,78935.205,,,,,,,,,,,,,,,,,,,,,,55.81,in compliance,181585.018,2025.0,I'm not sure,No,No,No,I'm not sure,I'm not sure,,,40.45237689242332,2.956255177129461,11.02555591724058,3.966511190712216,14.992832587531083,12.109479241746017,1.083923324505439,3.7001254030246855
2083,103054,304556000.0,forty two chauncy st condo,42-48 chauncy st,42,48 chauncy st,,2111.0,42  48 chauncy st,boston,2111,31572.0,,Multifamily Housing,"Office (2144.0),Multifamily Housing (29428.0)",110.6,16.0,3492461.972,2806800.1,149069.153,200956.0,41224.114,,,,,,,,,,,,,,,,,,,,,,15.79,in compliance,190293.267,2030.0,I'm not sure,No,No,No,I'm not sure,I'm not sure,,,19.633485515300553,6.027279456480425,10.360025930828293,4.7059200890882344,15.06611748157867,12.156321671680915,1.7962957408526221,2.9772365531631544
3342,104954,304608000.0,,90-114 arch st,90,114 arch st,,2108.0,114  90 arch st,boston,2108,164211.0,,Multifamily Housing,"Worship Facility (55664.0),Office (40054.0),Multifamily Housing (68493.0)",48.0,,7882224.06,204700.0,10871.617,600180.0,123120.925,,,,,,5629709.9,310759.986,,,,,,,,,,,,,,,9.44,in compliance,444752.528,2025.0,No,No,No,No,No,No,,,25.981298823926096,2.708421043657246,12.008907465230449,3.871201010907891,15.880120663128283,13.005273289604114,0.996365824373665,3.2573770032155474
121,100168,304705000.0,45 province condominum,45 province st,45 province st,45 province st,,2108.0,27  47 province st,boston,2108,206590.0,69029.0,Multifamily Housing,"Restaurant (3997.0),Pre-school/Daycare (6886.0),Multifamily Housing (195707.0),Swimming Pool (0.0),Parking (69029.0)",80.7,26.0,16676070.02,9352406.5,496706.309,2146443.0,440321.317,,,,,,,,,,,,,,,,,,,,,,30.06,in compliance,937027.626,2025.0,No,No,No,No,No,No,,,43.91913366678224,4.535687235587395,12.238491431785674,4.390738575275903,16.629485316822652,13.750468044243775,1.5119766124581004,3.782350071751316
2,100002,304794000.0,10 temple place lp,2-24 temple pl,2,24 temple pl,,2111.0,24  2 temple pl,boston,2111,135344.0,,Multifamily Housing,"Personal Services (Health/Beauty, Dry Cleaning, etc) (1129.0),Restaurant (1552.0),Multifamily Housing (127684.0),Medical Office (2145.0),Supermarket/Grocery Store (2834.0)",55.6,,7523053.457,4848580.8,257508.126,783843.1,160797.574,,,,,,,,,,,,,,,,,,,,,,39.02,in compliance,418305.7,2025.0,No,No,No,No,No,No,,,35.55192381593892,3.090685216928715,11.815574964543796,4.018183201256536,15.833482658325966,12.94396778392124,1.1283928193774446,3.5709942705639164
4217,106250,304797000.0,tremont commons corp,131-134 tremont st,131,134 tremont st,,2111.0,134  131 tremont st,boston,2111,43101.0,,Multifamily Housing,"Restaurant (3026.0),Multifamily Housing (18784.0),Office (12347.0),Medical Office (2206.0),Other (6738.0)",36.4,,1569752.838,520700.0,27654.377,307459.8,63072.303,,,,,,,,,,,,,,,,,,,,,,28.49,in compliance,90726.68,2025.0,I'm not sure,No,No,No,I'm not sure,I'm not sure,,,66.83211083769353,2.1049785387810025,10.67130147767883,3.594568774642695,14.26642873690592,11.415606749407758,0.7443052717289288,4.202183666205885
4151,106140,304806000.0,,37-43 temple pl,37,43 temple pl,,2111.0,37  43 temple pl,boston,2111,25150.0,,Multifamily Housing,"Multifamily Housing (20957.0),Retail Store (4193.0)",21.8,,548523.728,248800.0,13213.768,87844.0,18020.318,,,,,,,,,,,,,,,,,,,,,,28.12,pending revisions,31234.086,2030.0,I'm not sure,No,No,No,I'm not sure,I'm not sure,,,54.64429144986778,1.2419119681908548,10.132613175527885,3.0819099697950434,13.214985817561196,10.349265277453746,0.21665210192586098,4.000844752622535
2950,104423,304832020.0,,1 avery st #ph,1 avery st #ph,1 Avery St,,2111.0,1 avery st,boston,2111,362409.0,,Multifamily Housing,"Restaurant (6196.0),Multifamily Housing (356213.0)",58.6,52.0,21248215.1,11525273.0,612107.249,2848875.0,584418.218,,,,,,,,,,,,,,,,,,2580.6,191.506,,,20.98,in compliance,1196716.973,2025.0,No,No,No,No,No,No,,,45.748731295787756,3.302117146649228,12.800528687279678,4.070734696582967,16.87178345451278,13.995092509631412,1.1945638223517347,3.8231640600974006
2776,104207,304838000.0,,70-80 mason st,70,80 mason st,,2111.0,19 avery st,boston,2111,134915.0,,Multifamily Housing,"Multifamily Housing (121629.0),College/University (13286.0)",66.9,70.0,9030730.34,6889888.0,365921.952,627445.0,128714.067,,,,,,,,,,,,,,,,,,,,,,40.46,in compliance,494636.019,2025.0,No,No,No,No,No,No,,,23.70723492060333,3.6662789089426675,11.81240022949096,4.203198967134183,16.016143801413865,13.111577455922527,1.2991772264315673,3.165780272466934
3296,104883,304842000.0,one 70 parkside condo trust,170-170a tremont st,170,170a tremont st,,2111.0,168 170a tremont st,boston,2111,96696.0,22752.0,Multifamily Housing,"Multifamily Housing (96696.0),Parking (22752.0)",61.5,59.0,5946378.168,2946500.0,156488.615,879214.0,180361.96,,,,,,,,,,,,,,,,,,,,,,29.01,in compliance,336850.575,2025.0,I'm not sure,No,No,No,I'm not sure,I'm not sure,,,50.45104709694272,3.4836040270538597,11.479327315539292,4.119037174812473,15.598292880921393,12.727394713378592,1.2480673978392987,3.9210035017268043
2232,103344,304847010.0,,165-166 tremont st,165,166 tremont st,,2111.0,165 tremont st,boston,2111,156534.0,,Multifamily Housing,Multifamily Housing (156534.0),52.5,66.0,8214143.996,4433364.8,235456.005,1108083.0,227312.147,,,,,,,,,,,,,,,,,,,,,,13.83,in compliance,462768.152,2025.0,No,No,No,No,No,No,,,46.029694759322304,2.956342724264377,11.961028517762626,3.960813169597578,15.921368103902568,13.044981456030538,1.083952938267911,3.8292867264650443
4218,106251,304850000.0,,151 tremont st,151 tremont st,151 tremont st,,2111.0,151  162 tremont st,boston,2111,405000.0,118000.0,Multifamily Housing,"Strip Mall (6000.0),Multifamily Housing (399000.0),Swimming Pool (0.0),Parking (118000.0)",43.8,87.0,17738405.79,837100.0,44458.381,2989449.0,613255.568,,,,,,6701305.8,369912.08,,,,,,,,,,,,,,,24.15,in compliance,1027626.029,2025.0,I'm not sure,No,No,No,I'm not sure,I'm not sure,,,57.50487685370512,2.5373482197530866,12.911642346088676,3.7796338173824005,16.69124266553137,13.84276187379197,0.9311195277032938,4.0518697590537744
3743,105596,304878000.0,saint francis house inc,39 boylston st,39 boylston st,39 boylston st,,2116.0,39 boylston st,boston,2116,75319.0,,Multifamily Housing,"Restaurant (3500.0),Multifamily Housing (44819.0),Office (20000.0),Other (7000.0)",65.0,59.0,4895801.434,2828068.7,150198.729,606017.8,124318.491,,,,,,,,,,,,,,,,,,,,,,30.42,in compliance,274517.22,2025.0,No,No,No,No,No,No,,,42.2366728746295,3.6447273596303718,11.229487705996814,4.174387269895637,15.403888545570805,12.522769270204575,1.293281564207761,3.7432888691231123
980,101318,304892000.0,,60-62 boylston st,60,62 boylston st,,2116.0,62  60 boylston st,boston,2116,168300.0,,Multifamily Housing,Multifamily Housing (168300.0),54.1,94.0,9101787.996,,,777583.0,159513.377,,,,,,6448674.8,355966.849,,,,,,,,,,,,,,,41.27,in compliance,515480.226,2025.0,I'm not sure,No,No,No,I'm not sure,I'm not sure,,,29.15064418788952,3.062865276292335,12.033503380178898,3.9908341858524357,16.023981435263728,13.152854222828552,1.119350842649655,3.372477011622287
4636,106821,304893010.0,48 boylston street condominium trust,48 boylston st,48 boylston st,48 boylston st,,2116.0,48 boylston st,boston,2116,66866.0,,Multifamily Housing,Multifamily Housing (66866.0),43.2,70.0,2886136.78,1450827.8,77053.464,420665.0,86295.218,,,,,,,,,,,,,,,,,,,,,,18.56,in compliance,163348.682,2025.0,No,No,No,No,No,No,,,49.73333522155524,2.442925881613974,11.11044589570243,3.765840495250065,14.875429411510272,12.003642348432233,0.8931964527298029,3.906675437068478
2079,103049,304894000.0,,38-42 boylston st,38,42 boylston st,,2116.0,38  42 boylston st,boston,2116,52800.0,,Multifamily Housing,Multifamily Housing (52800.0),51.9,66.0,2742605.068,,,397689.0,81581.921,,,,,,1385690.2,92009.829,,,,,,,,,,,,,,,57.79,in compliance,173591.75,2025.0,No,No,No,No,No,No,,,49.47757652688768,3.2877225378787878,10.874266469694353,3.949318790171843,14.824418781427756,12.064461557037657,1.1901950873433038,3.901519567482579
2638,104028,304896020.0,kp washington street llc,659-665 washington st,659,665 washington st,,2111.0,659  677 washington st,boston,2111,315480.0,53185.0,Multifamily Housing,"Multifamily Housing (312580.0),Parking (53185.0),Swimming Pool (0.0),Other (2900.0)",39.0,97.0,12315464.52,5441332.0,288989.143,2014693.0,413294.122,,,,,,,,,,,,,,,,,,,,,,11.99,pending revisions,702283.265,2025.0,I'm not sure,No,No,No,I'm not sure,I'm not sure,,,55.819532497423005,2.2260785628249016,12.661850567511927,3.6635616461296463,16.326366308679237,13.46209211301513,0.8002415455032024,4.022123852892578
355,100486,304910020.0,,24-58 lagrange st,24,58 lagrange st,,2116.0,24  58 lagrange st,boston,2116,422650.0,76235.0,Multifamily Housing,"Multifamily Housing (422650.0),Parking (76235.0)",48.3,53.0,20428792.74,7785899.7,413509.133,3705420.0,760129.859,,,,,,,,,,,,,,,,,,,,,,3.66,pending revisions,1173638.992,2025.0,No,No,Yes,Yes,No,No,,,61.89033788689757,2.7768579013368035,12.954299692357074,3.877431560658527,16.83245587253676,13.975619729526207,1.0213200371691336,4.125364075211203
1122,101686,304950000.0,,31-37 beach st,31,37 beach st,,2111.0,37  31 beach st,boston,2111,69678.0,,Multifamily Housing,"Multifamily Housing (63343.0),Bank Branch (6335.0)",36.7,55.0,2560349.512,57900.0,3075.069,733426.0,150455.01,,,,,,,,,,,,,,,,,,,,,,22.44,in compliance,153530.079,2025.0,I'm not sure,No,No,No,I'm not sure,I'm not sure,,,97.74288682739812,2.2034225867562216,11.151639908473813,3.6027767550605247,14.75565433526163,11.941651781210227,0.790011872736415,4.582340427188505
1160,101731,304956000.0,,9-11 knapp st,9,11 knapp st,,2111.0,23  9 knapp st,boston,2111,33082.0,,Multifamily Housing,"Office (4726.0),Multifamily Housing (28356.0)",60.7,61.0,2008199.932,1103300.0,58596.263,265211.0,54405.385,,,,,,,,,,,,,,,,,,,,,,29.1,in compliance,113001.648,2030.0,No,No,No,No,No,No,,,45.06223206315695,3.4158046067347803,10.406744606802166,4.1059436980654525,14.512749322566304,11.635157681658928,1.2284130748567612,3.808044469133609
3310,104901,304980012.0,one greenway pr llc,99 kneeland st,99 kneeland st,99 kneeland st,,2111.0,99 kneeland st,boston,2111,301507.0,58722.0,Multifamily Housing,"Multifamily Housing (293054.0),Parking (58722.0),Other (8453.0)",40.1,90.0,12104687.46,3303730.3,175461.116,2579413.0,529140.783,,,,,,,,,,,,,,,,,,,,,,21.46,in compliance,704601.899,2025.0,No,No,No,No,No,No,,,72.710213270967,2.336933799215275,12.61654851212696,3.6913763343125234,16.309103328937955,13.465388240031825,0.8488397279048656,4.286481859830088
187,100243,304981010.0,88  hudson street  leasehold,88 hudson st,88 hudson st,88 hudson st,,2111.0,88 hudson st,boston,2111,59992.0,,Multifamily Housing,Multifamily Housing (59992.0),39.7,98.0,2382331.164,1494965.5,79397.618,260072.0,53351.17,,,,,,,,,,,,,,,,,,,,,,26.62,in compliance,132748.788,2025.0,No,No,No,No,No,No,,,37.24942561344087,2.212774836644886,11.001966498981226,3.681351187693145,14.683590046941735,11.796213809119005,0.7942473101377788,3.617636524933283
1117,101676,305021000.0,ccba tai tung mngmnt inc,210-220 harrison ave,210,220 harrison ave,,2111.0,210  262 harrison av,boston,2111,394174.0,,Multifamily Housing,Multifamily Housing (394174.0),59.0,91.0,23246847.35,19761503.0,1049533.424,1021496.0,209549.689,,,,,,,,,,,,,,,,,,,,,,40.29,in compliance,1259083.113,2025.0,No,No,No,No,No,No,,,14.99342050095236,3.194231768203889,12.884547715158213,4.07753744390572,16.961680082953958,14.045894325938926,1.1613466107807124,2.7076114716046544
412,100575,305346000.0,,121-123 beach st,121,123 beach st,,2111.0,121  123 beach st,boston,2111,48000.0,,Multifamily Housing,Multifamily Housing (48000.0),29.6,94.0,1422154.524,517200.0,27468.492,265227.0,54408.667,,,,,,,,,,,,,,,,,,,,,,13.15,in compliance,81877.159,2030.0,No,No,No,No,No,No,,,63.635441351660035,1.7057741458333333,10.778956289890028,3.3877743613300146,14.167683550108196,11.312975342055534,0.5340190521655056,4.153170569094667
3565,105288,305358202.0,residences at 210 south st,208-212 south st,208,212 south st,,2111.0,208  212 south st,boston,2111,77799.0,,Multifamily Housing,Multifamily Housing (77799.0),36.9,91.0,2870007.348,1509799.9,80185.473,398654.0,81779.882,,,,,,,,,,,,,,,,,,,,,,27.49,in compliance,161965.355,2025.0,No,No,No,No,No,No,,,47.39594994583965,2.0818436612295788,11.261883856613439,3.6082115510464816,14.869825148011271,11.995137733318941,0.7332538767055022,3.8585367808698705
2941,104411,305424030.0,metropolitan residential i,1-3 nassau st,1,3 nassau st,,2111.0,1 nassau st,boston,2111,350000.0,,Multifamily Housing,Multifamily Housing (350000.0),54.0,47.0,18916800.47,9914303.3,526548.648,2638481.0,541257.992,,,,,,,,,,,,,,,,,,,,,,36.72,in compliance,1067806.64,2025.0,No,No,No,No,No,No,,,47.59204897481271,3.050876114285714,12.765688433465597,3.9889840465642745,16.755560998936627,13.881117233421847,1.1154287999562498,3.8626657089406455
215,100294,305484010.0,acdc oak terrace apartments  llc,882-892 washington st,882,892 washington st,,2111.0,888 washington st,boston,2111,110244.0,,Multifamily Housing,Multifamily Housing (110244.0),34.0,97.0,3749663.032,2133019.9,113284.687,473811.0,97197.589,,,,,,,,,,,,,,,,,,,,,,23.31,pending revisions,210482.276,2025.0,No,No,No,No,No,No,,,43.11625311002079,1.9092401944777042,11.610451370059467,3.5263605246161616,15.137176535775776,12.257156729034653,0.6467053589751869,3.7639000283451605
402,100562,305550000.0,bc quincy tower llc,5 oak st w,5 oak st w,5 oak st w,,2116.0,5 oak street west,boston,2116,132000.0,,Multifamily Housing,Multifamily Housing (132000.0),68.8,64.0,9086665.476,6314934.1,335386.15,812348.0,166645.069,,,,,,,,,,,,,,,,,,,,,,56.4,in compliance,502031.219,2025.0,No,No,No,No,No,No,,,30.504624997157766,3.8032668106060603,11.790557201568507,4.231203744939298,16.02231856453006,13.126417585983223,1.3358603844147154,3.417878311368371
4582,106754,306010010.0,,1293-1317 washington st,1293,1317 washington st,,2118.0,1293  1317 washington st,boston,2118,268250.0,126700.0,Multifamily Housing,"Multifamily Housing (268250.0),Parking (126700.0)",45.2,95.0,12122173.98,6394541.7,339614.11,1678673.0,344362.979,,,,,,,,,,,,,,,,,,,,,,18.28,in compliance,683977.089,2025.0,No,No,No,No,No,No,,,47.251294086359906,2.549774795899348,12.499674660492945,3.8110970868381857,16.310546893807466,13.435679700429661,0.936005039936717,3.8554800416358144
1118,101681,306150000.0,ccba waterford place llc mass llc,180-188 shawmut ave,180,188 shawmut ave,,2118.0,180 shawmut av,boston,2118,46457.0,4140.0,Multifamily Housing,"Multifamily Housing (46457.0),Parking (4860.0)",79.8,65.0,3707809.148,2600686.8,138122.476,324479.0,66563.622,,,,,,,,,,,,,,,,,,,,,,46.48,in compliance,204686.098,2025.0,No,No,No,No,No,No,,,29.86051804870298,4.40592586693071,10.746282432565001,4.379523504455763,15.125951734008828,12.229232855322602,1.4829504227576005,3.396537141213829
2732,104140,306171000.0,,140 shawmut ave,140 shawmut ave,140 shawmut ave,,2118.0,136 -140r shawmut av,boston,2118,58814.0,10000.0,Multifamily Housing,"Multifamily Housing (58814.0),Parking (10000.0)",56.6,65.0,3326596.236,1468752.0,78005.419,544503.0,111699.345,,,,,,,,,,,,,,,,,,,,,,16.38,in compliance,189704.764,2030.0,No,No,No,No,No,No,,,55.85065874072011,3.2255035195701702,10.98213520078464,4.036008985209137,15.01746018785233,12.15322426894462,1.171089068159978,4.022681320266065
5380,107916,306180010.0,,100 shawmut st,100 shawmut st,100 shawmut st,,2118.0,,,,162639.0,44730.0,Multifamily Housing,"Multifamily Housing (162639.0),Parking (44730.0)",42.9,91.0,6981215.14,2975800.1,158044.743,1173920.0,240817.949,,,,,,,,,,,,,,,,,,,,,,15.13,in compliance,398862.692,2025.0,Yes,No,No,No,Yes,Yes,,,57.37670373527553,2.4524418620380106,11.999288299734383,3.758871825933971,15.758733548412069,12.896372506319757,0.8970842065853739,4.0496383626723
1822,102725,306266000.0,,160 e berkeley st,160 e berkeley st,160 e berkeley st,,2118.0,160 e berkeley st,boston,2118,47706.0,,Multifamily Housing,Multifamily Housing (47706.0),59.7,36.0,2848476.172,1441432.2,76554.464,412381.0,84595.838,,,,,,,,,,,,,,,,,,,,,,32.8,in compliance,161150.302,2025.0,I'm not sure,No,No,No,I'm not sure,I'm not sure,,,49.39854659770699,3.377988135664277,10.772812455129538,4.089332020398556,14.862294732763159,11.990092761272235,1.2172803061426958,3.899921002662019
2165,103158,306390010.0,gateway terrace condo tr,40 fay st,40 fay st,40 fay st,,2118.0,40 fay st,boston,2118,38758.0,,Multifamily Housing,Multifamily Housing (38758.0),85.4,8.0,3310389.996,1521707.0,80817.859,524233.0,107541.158,,,,,,,,,,,,,,,,,,,,,,34.47,in compliance,188359.017,2025.0,No,No,No,No,No,No,,,54.03477031743664,4.85987452912947,10.565092465086195,4.447346100794524,15.012576563977548,12.146105085613781,1.5810126205275872,3.9896277341203272
2648,104039,306395010.0,,1180-1200 washington st,1180,1200 washington st,,2118.0,1180  1200 washington st,boston,2118,125022.0,,Multifamily Housing,Multifamily Housing (125022.0),48.6,,6080163.458,3026100.0,160716.171,895094.8,183619.747,,,,,,,,,,,,,,,,,,,,,,21.92,in compliance,344335.918,2025.0,Yes,No,No,No,Yes,Yes,,,50.23216469289863,2.754202604341636,11.736245000798256,3.883623530906448,15.62054213812044,12.749372965697846,1.013127964899591,3.916655552451493
2166,103159,306396010.0,gateway terrace condominium,35 fay st,35 fay st,35 fay st,,2118.0,1166 washington st,boston,2118,38718.0,,Multifamily Housing,Multifamily Housing (38718.0),88.4,20.0,3421690.064,815700.0,43321.827,763772.0,156680.188,,,,,,,,,,,,,,,,,,,,,,25.74,in compliance,200002.015,2025.0,No,No,No,No,No,No,,,76.16425161411114,5.16560811508859,10.564059887163895,4.481871969643598,15.045645157736862,12.20608272047942,1.6420228333155267,4.33289221369008
2167,103160,306396010.0,gateway terrace condominium,1166 washington st,1166 washington st,1166 washington st,,2118.0,1166 washington st,boston,2118,54599.0,,Multifamily Housing,Multifamily Housing (54599.0),79.5,4.0,4342810.3,2014290.9,106978.99,682450.0,139997.793,,,,,,,,,,,,,,,,,,,,,,36.52,in compliance,246976.783,2025.0,No,No,No,No,No,No,,,53.620158529604666,4.52346715141303,10.90777084654696,4.375757021660286,15.284032231078754,12.417049615240801,1.5092787686938416,3.9819250893421345
2572,103945,306444000.0,,477-481 harrison ave,477,481 harrison ave,,2118.0,477 harrison av,boston,2118,33265.0,,Multifamily Housing,Multifamily Housing (33265.0),48.2,,1604276.412,770892.0,40942.074,244251.0,50105.65,,,,,,,,,,,,,,,,,,,,,,13.03,in compliance,91047.724,2030.0,No,No,No,No,No,No,,,51.9499659420287,2.737042657447768,10.412261072175989,3.8753590210565547,14.288183379245352,11.41913908758906,1.0068780154130736,3.9502810619536586
2303,103484,306445010.0,harrison lofts condo trust,485-495 harrison ave,485,495 harrison ave,,2118.0,485  495 harrison av,boston,2118,65121.0,,Multifamily Housing,Multifamily Housing (65121.0),72.3,30.0,4709402.196,2516909.0,133673.037,642583.0,131819.477,,,,,,,,,,,,,,,,,,,,,,26.58,in compliance,265492.514,2025.0,No,No,No,No,No,No,,,46.5577050376438,4.07691088896055,11.084002356823872,4.280824129164719,15.365071535644292,12.489341923409746,1.4053395665858741,3.8406925117797566
3609,105358,306455010.0,rollins square condo trust,3 rollins st,3 rollins st,3 rollins st,,2118.0,2 rollins st,boston,2118,399507.0,,Multifamily Housing,Multifamily Housing (399507.0),43.5,94.0,17394093.28,11645617.1,618498.724,1684782.0,345616.179,,,,,,,,,,,,,,,,,,,,,,19.34,in compliance,964114.903,2025.0,No,No,No,No,No,No,,,33.04989118294529,2.413261602424989,12.897986565937337,3.7727609380946383,16.671641239886238,13.778965760473048,0.8809791945357092,3.498018273794402
5094,107520,306570204.0,,370 harrison av,370 harrison av,370 harrison av,,2118.0,,,,373320.0,116658.0,Multifamily Housing,"Multifamily Housing (365211.0),Medical Office (4928.0),Swimming Pool (0.0),Parking (116658.0),Other (3181.0)",51.5,,19241362.13,7017977.9,372724.806,3582469.0,734907.691,,,,,,,,,,,,,,,,,,,,,,18.14,in compliance,1107632.497,2025.0,I'm not sure,No,No,No,I'm not sure,I'm not sure,,,63.52939836463647,2.966978723347262,12.830191239679683,3.9415818076696905,16.77257279747341,13.91773540986298,1.0875441701832966,4.1515027651350085
1918,102846,306577000.0,eqr-troy llc,55-57 traveler st,55,57 traveler st,,2118.0,55  57 traveler st,boston,2118,362165.0,45300.0,Multifamily Housing,"Restaurant (4259.0),Multifamily Housing (356708.0),Food Service (1198.0),Swimming Pool (0.0),Parking (60400.0)",44.6,88.0,16167101.65,7962108.3,422867.572,2404746.0,493309.594,,,,,,,,,,,,,,,,,,,,,,29.1,in compliance,916177.166,2025.0,No,No,No,No,No,No,,,50.75340182511935,2.5297230985876604,12.799855188067111,3.7977338590260183,16.598488973063205,13.727965037618205,0.928109849551094,3.9269786467122514
3790,105659,306624010.0,sepia condominium trust,30-36 traveler st,30,36 traveler st,,2118.0,30  36 traveler st,boston,2118,221200.0,,Multifamily Housing,"Multifamily Housing (211400.0),Retail Store (9800.0)",38.7,,8556108.876,6696319.8,355641.545,545073.0,111816.275,,,,,,,,,,,,,,,,,,,,,,8.32,in compliance,467457.82,2025.0,No,No,No,No,No,No,,,21.737344205225842,2.1132812839059674,12.306822548630317,3.655839600035736,15.962156074208659,13.055064399041465,0.7482418504111474,3.079031712557574
5510,108067,306626000.0,,217 albany st,217 albany st,217 albany st,,2118.0,,,,149032.0,,Multifamily Housing,Multifamily Housing (149032.0),40.1,87.0,5976056.744,2161996.9,114823.655,1117837.0,229313.082,,,,,,,,,,,,,,,,,,,,,,26.58,in compliance,344136.737,2025.0,No,No,No,No,No,No,,,63.825155666058706,2.3091466060980195,11.911916326969544,3.6913763343125234,15.603271501064302,12.748794348655874,0.8368780216863305,4.156147402075748
3851,105772,306731010.0,,40 traveler st,40 traveler st,40 traveler st,,2118.0,40 traveler st,boston,2118,130000.0,14487.0,Multifamily Housing,"Multifamily Housing (130000.0),Parking (14487.0)",40.0,71.0,5206447.111,2219590.5,117882.451,875397.6,179579.064,,,,,,,,,,,,,,,,,,,,,,14.1,in compliance,297461.515,2025.0,I`m not sure,No,No,No,I`m not sure,I`m not sure,,,57.37094523690054,2.2881655000000003,11.77528972943772,3.6888794541139363,15.465408244636784,12.603040134255384,0.8277504048176639,4.0495379946311
2477,103802,306896000.0,hotel union condo tr,301-303 shawmut ave,301,303 shawmut ave,,2118.0,301 shawmut av,boston,2118,24713.0,,Multifamily Housing,Multifamily Housing (24713.0),39.8,78.0,983017.752,442400.0,23495.864,158446.0,32503.612,,,,,,,,,,,,,,,,,,,,,,20.73,in compliance,55999.476,2030.0,No,No,No,No,No,No,,,54.99814401113684,2.265992635455024,10.115084699949966,3.6838669122903918,13.798382457969293,10.93309761253065,0.818012912580685,4.00729943941103
4527,106674,306973010.0,,1387-1393 washington st,1387,1393 washington st,,2118.0,1387 washington st,boston,2118,33102.0,3000.0,Multifamily Housing,"Multifamily Housing (33102.0),Parking (3000.0)",57.2,39.0,1895039.54,615386.0,32683.15,375045.0,76936.731,,,,,,,,,,,,,,,,,,,,,,29.64,in compliance,109619.881,2030.0,No,No,No,No,No,No,,,67.52945095541384,3.3115787867802546,10.407348982500485,4.046553898385752,14.45475026171634,11.604774033031191,1.1974250505307054,4.2125638131733325
3416,105052,306989000.0,,336 shawmut ave,336 shawmut ave,336 shawmut ave,,2118.0,336  346 shawmut av,boston,2118,104678.0,,Multifamily Housing,Multifamily Housing (104678.0),55.8,73.0,5845565.128,4658209.6,247397.512,347994.0,71387.489,,,,,,,,,,,,,,,,,,,,,,37.22,in compliance,318785.001,2025.0,No,No,No,No,No,No,,,20.31296719990971,3.0453868148034924,11.558644250615174,4.021773869387265,15.581193833928829,12.672272176485242,1.1136279258700685,3.011259460436386
2522,103886,400001000.0,,278-284a columbus ave,278,284a columbus ave,,2116.0,72  76 clarendon st,boston,2116,31230.0,,Multifamily Housing,Multifamily Housing (31230.0),84.3,31.0,2632634.664,1917148.5,101819.757,209697.0,43017.243,,,,,,,,,,,,,,,,,,,,,,46.6,pending revisions,144837.0,2030.0,No,No,No,No,No,No,,,27.17876613623439,4.637752161383285,10.349134450277123,4.4343818650078095,14.78349567609788,11.883364251154715,1.5342298008775899,3.302436011674701
4158,106148,400019000.0,,306-310 columbus ave,306,310 columbus ave,,2116.0,715 boylston st second floor,boston,2116,21300.0,,Multifamily Housing,Multifamily Housing (21300.0),30.5,,649996.188,229300.0,12178.123,123299.0,25293.557,,,,,,,,,,,,,,,,,,,,,,20.14,in compliance,37471.68,2030.0,Yes,No,No,No,Yes,Yes,,,64.72571541450333,1.7592338028169014,9.966462351697517,3.417726683613366,13.384721777239239,10.531340726651331,0.564878374953814,4.170158578716776
4349,106408,400206000.0,,2 clarendon st,2 clarendon st,2 clarendon st,,2116.0,2 clarendon st,boston,2116,65000.0,,Multifamily Housing,Multifamily Housing (65000.0),44.8,64.0,2911684.344,1088100.0,57788.991,534462.0,109639.535,,,,,,,,,,,,,,,,,,,,,,,in compliance,167428.526,2025.0,Yes,No,No,No,Yes,Yes,C10079,,62.63263107685274,2.5758234769230772,11.082142548877775,3.8022081394209395,14.88424228407154,12.028311828732686,0.9461692798549128,4.13728640550409
1548,102280,400213000.0,,4-16 clarendon st,4,16 clarendon st,,2116.0,4  16 clarendon st,boston,2116,31212.0,,Multifamily Housing,Multifamily Housing (31212.0),34.0,86.0,1061492.408,209400.0,11121.234,249734.0,51230.433,,,,,,,,,,,,,,,,,,,,,,,in compliance,62351.667,2030.0,Yes,No,No,No,Yes,Yes,C10079,,80.27658621746826,1.9976825259515572,10.348557915236652,3.5263605246161616,13.875186407956678,11.040545686917579,0.6919877716809261,4.385477999574417
4363,106423,400548010.0,,285 columbus ave #406,285 columbus ave,285 columbus ave,,2116.0,269  285 columbus av,boston,2116,107833.0,,Multifamily Housing,Multifamily Housing (107833.0),36.1,81.0,3896014.732,939564.5,49900.271,866486.0,177750.938,,,,,,,,,,,,,,,,,,,,,,17.53,in compliance,227651.209,2025.0,No,No,No,No,No,No,,,75.8872953075887,2.111146022089713,11.588339013060097,3.586292865338835,15.175464725051581,12.335569951532925,0.7472309384728277,4.329249283138979
1068,101519,400554010.0,bryant back bay condo trust,301-303 columbus ave,301,303 columbus ave,,2116.0,301  319 columbus av,boston,2116,102055.0,57945.0,Multifamily Housing,"Multifamily Housing (102055.0),Parking (57945.0)",42.8,86.0,4363144.48,579100.0,30756.001,1109040.0,227508.466,,,,,,,,,,,,,,,,,,,,,,16.4,in compliance,258264.467,2025.0,I'm not sure,No,No,No,I'm not sure,I'm not sure,,,86.73127496341813,2.5306400176375483,11.533267162628142,3.756538102587751,15.288703566386708,12.461739404773944,0.9284722421458004,4.4628145449620975
4109,106088,400600040.0,tent city apartments llc,100-128 dartmouth st,100,128 dartmouth st,,2118.0,100  128 dartmouth st,boston,2118,327174.0,,Multifamily Housing,"Multifamily Housing (318400.0),Retail Store (8774.0)",50.2,84.0,16435997.42,8445799.7,448556.422,2341793.0,480395.416,,,,,,,,,,,,,,,,,,,,,,43.32,in compliance,928951.838,2025.0,No,No,No,No,No,No,,,48.61614893676468,2.8393204777885774,12.698247418450759,3.9160150266976834,16.614984452012926,13.741812173610324,1.0435647551595644,3.8839557583622737
2940,104410,400790000.0,methunion manor coop corp,4-6 braddock park,4,6 braddock park,,2116.0,6  4 braddock pk,boston,2116,168265.0,,Multifamily Housing,"Multifamily Housing (151767.0),Retail Store (16498.0)",102.5,47.0,17251400.36,14200570.8,754192.315,894147.0,183425.316,,,,,,,,,,,,,,,,,,,,,,48.08,in compliance,937617.631,2025.0,No,No,No,No,No,No,,,17.68531030747002,5.5722677383888515,12.03329539657914,4.629862798578463,16.663403878436558,13.751097502022283,1.717802105443143,2.8727343688687905
3914,105844,400864000.0,,150 huntington ave,150 huntington ave,150 huntington ave,,2115.0,150 huntington av,boston,2115,495900.0,65536.0,Multifamily Housing,"Multifamily Housing (495900.0),Parking (65536.0)",43.1,76.0,21358046.02,10138871.4,538475.46,3288152.0,674531.501,,,,,,,,,,,,,,,,,,,,,,,in compliance,1213006.961,2025.0,No,No,No,No,No,No,,,52.531340349644964,2.446071710022182,13.114129572477225,3.763522997109702,16.87693908940744,14.00861292657419,0.8944833540969641,3.9614099505292653
2049,103014,400945000.0,,7 follen st,7 follen st,7 follen st,,2116.0,25  7 follen st,boston,2116,33613.0,,Multifamily Housing,Multifamily Housing (33613.0),31.9,92.0,1072603.748,64600.0,3430.906,295429.0,60604.305,,,,,,,,,,,,,,,,,,,,,,29.22,in compliance,64035.211,2025.0,No,No,No,No,No,No,,,93.98140405808093,1.9050727694641956,10.422668175884853,3.462606009790799,13.885599659837741,11.06718838292775,0.6445202070428971,4.543096933529881
4372,106433,400970000.0,,52-58 saint botolph st,52,58 saint botolph st,,2116.0,56 st botolph st,boston,2116,40010.0,,Multifamily Housing,Multifamily Housing (40010.0),31.5,97.0,1261229.464,381626.1,20268.162,257797.0,52884.477,,,,,,,,,,,,,,,,,,,,,,29.15,in compliance,73152.639,2030.0,No,No,No,No,No,No,,,69.74480526011563,1.8283588852786803,10.59688470185128,3.449987545831587,14.047597568257736,11.20030348235255,0.6034187805012703,4.244842941370476
4373,106436,400972000.0,,32 garrison st,32 garrison st,32 garrison st,,2116.0,32 garrison st,boston,2116,143001.0,,Multifamily Housing,Multifamily Housing (143001.0),36.6,88.0,5234833.324,1049158.5,55720.808,1190152.0,244147.781,,,,,,,,,,124876.2,9267.063,,,,,,,,,,,29.82,in compliance,309135.652,2025.0,No,No,No,No,No,No,,,77.5760543928256,2.161772658932455,11.870606902224587,3.6000482404073204,15.47084556300245,12.6415354627824,0.7709285605578141,4.351258802157326
562,100811,400975000.0,boston housing authority,60-84 saint botolph st,60,84 saint botolph st,,2116.0,garrison st,boston,2116,90944.0,,Multifamily Housing,Multifamily Housing (90944.0),57.0,,5188326.94,1264799.9,67173.523,1149920.0,235894.589,,,,,,,,,,,,,,,,,,,,,,41.3,in compliance,303068.112,2025.0,No,No,No,No,No,No,,,75.62552578847314,3.3324695636875443,11.417999211456772,4.04305126783455,15.46192184093713,12.62171285130876,1.203713639851988,4.325793868901688
351,100482,401037010.0,,790 boylston st,790 boylston st,790 boylston st,,2116.0,790 boylston st,boston,2116,291222.0,,Multifamily Housing,Multifamily Housing (291222.0),53.4,85.0,15549214.73,541024.9,28733.832,761244.0,156161.594,,,,,,12410825.3,824078.8,,,,,,,,,,,,,,,56.82,in compliance,1008974.226,2025.0,I'm not sure,No,No,No,I'm not sure,I'm not sure,,,16.70488677211804,3.464622267548468,12.581841141901501,3.977810745966149,16.55952069563591,13.824444754906418,1.242603613004916,2.8157012977024225
1002,101345,401037085.0,,77 exeter st,77 exeter st,77 exeter st,,2116.0,77 exeter st,boston,2116,293107.0,,Multifamily Housing,Multifamily Housing (293107.0),31.6,92.0,9260279.348,1867400.0,99177.614,2166729.0,444482.787,,,,,,,,,,,,,,,,,,,,,,16.62,in compliance,543660.401,2025.0,I`m not sure,No,No,No,I`m not sure,I`m not sure,,,79.8378113609149,1.8548188920769546,12.588293009047712,3.4531571205928664,16.04124477333797,13.206080068037238,0.6177870589895263,4.379997218813278
433,100618,401037600.0,belvidere condominium trust,100 belvidere st,100 belvidere st,100 belvidere st,,2116.0,100 belvidere st,boston,2116,165000.0,,Multifamily Housing,Multifamily Housing (165000.0),30.6,82.0,5049962.724,273667.7,14534.492,1399852.0,287165.639,,,,,,,,,,,,,,,,,,,,,,,in compliance,301700.131,2025.0,No,No,No,No,No,No,,,94.58495562946652,1.8284856424242424,12.013700752882718,3.4210000089583352,15.434891419838161,12.617188859353224,0.6034881064705055,4.549498432010011
4240,106274,401053010.0,,1 huntington ave,1 huntington ave,1 huntington ave,,2116.0,1 huntington av,boston,2116,177636.0,26364.0,Multifamily Housing,"Multifamily Housing (168636.0),Other - Restaurant/Bar (7300.0),Parking (28164.0),Other - Services (1700.0)",125.4,1.0,22284349.64,2810380.6,149259.314,2776003.0,569469.255,,,,,,10002246.8,552124.023,,,,,,,,,,,0.0,,,,27.77,in compliance,1270852.592,2025.0,No,No,No,No,No,No,,,42.505788993041485,7.154251345447994,12.087491791701492,4.83150862819882,16.91939518018105,14.055198565475523,1.9677067737740315,3.7496402782553893
1547,102279,401085000.0,clarendon residences llc mass llc,140 clarendon st,140 clarendon st,140 clarendon st,,2116.0,410 stuart st,boston,2116,186955.0,,Multifamily Housing,Multifamily Housing (186955.0),71.9,19.0,13450095.75,526996.8,27988.8,1964021.0,402899.268,,,,,,6221859.3,343446.633,,,,,,,,,,,,,,,21.39,in compliance,774334.701,2025.0,No,No,No,No,No,No,,,49.825178792128675,4.141823973683507,12.138623225166631,4.275276264727001,16.41449678294589,13.559759489333414,1.4211362641667835,3.9085204544944006
1545,102175,401129010.0,clarendon condominium tr,390-406 stuart st,390,406 stuart st,,2116.0,390  406 stuart st,boston,2116,444893.0,95907.0,Multifamily Housing,"Food Sales (13751.0),Multifamily Housing (405504.0),Parking (95907.0),Retail Store (25638.0)",53.6,50.0,23843222.45,7400269.0,393028.287,4819154.0,988601.252,,,,,,,,,,,,,,,,,,,,,,24.28,in compliance,1381629.539,2025.0,I'm not sure,No,No,No,I'm not sure,I'm not sure,,,68.96583025043245,3.105532204372737,13.005589082797574,3.9815490680767565,16.987010560909347,14.13877418586978,1.133185103072206,4.233611168176579
3503,105198,401323010.0,,30 dalton st,30 dalton st,30 dalton st,,2115.0,30 dalton st,boston,2115,260000.0,10000.0,Multifamily Housing,"Food Sales (1400.0),Multifamily Housing (258600.0),Parking (10000.0)",41.0,74.0,10671715.09,3438220.5,182603.891,2120016.0,434900.082,,,,,,,,,,,,,,,,,,,,,,19.56,in compliance,617503.973,2025.0,I'm not sure,No,No,No,I'm not sure,I'm not sure,,,67.78491117307368,2.375015280769231,12.468436909997665,3.713572066704308,16.183107349817153,13.33344078147167,0.8650038714740036,4.216339621108921
1967,102921,401395000.0,fenway inc,38 hemenway st,38 hemenway st,38 hemenway st,,2115.0,38 hemenway st,boston,2115,28060.0,,Multifamily Housing,Multifamily Housing (28060.0),94.1,79.0,2639524.144,2229190.2,118392.292,120262.0,24670.547,,,,,,,,,,,,,,,,,,,,,,43.44,in compliance,143062.839,2025.0,No,No,No,No,No,No,,,15.546437952946418,5.098461831789024,10.242100353656452,4.544358046591334,14.78610921039094,11.871039246285823,1.6289388926293722,2.7438315418345076
3217,104778,401396000.0,norway housing assoc lps,30 hemenway st,30 hemenway st,30 hemenway st,,2115.0,30 hemenway st,boston,2115,31104.0,,Multifamily Housing,Multifamily Housing (31104.0),69.7,84.0,2168714.0,92529.6,4914.247,125600.0,25765.584,,,,,,,,,,1647637.2,122271.157,,,,,,,,,,,36.65,in compliance,152950.988,2025.0,No,No,No,No,No,No,,,19.761298170252047,4.9174057355967085,10.345091707260165,4.244200317766478,14.589644923115904,11.937872809185516,1.59278110192535,2.98372538703688
2410,103630,401397000.0,hemenway park drive llc del llc,26 hemenway st,26 hemenway st,26 hemenway st,,2115.0,26 hemenway st,boston,2115,30720.0,,Multifamily Housing,Multifamily Housing (30720.0),67.8,93.0,2083123.912,1780476.1,94561.086,88701.0,18196.123,,,,,,,,,,,,,,,,,,,,,,35.97,in compliance,112757.209,2025.0,No,No,No,No,No,No,,,14.529194130339377,3.6704820638020834,10.332669187261608,4.216562194946349,14.549379205751775,11.632992193236726,1.3003230059751176,2.6761600135760517
61,100090,401400000.0,24 haviland llc mass llc,24 haviland st,24 haviland st,24 haviland st,,2115.0,24 haviland st,boston,2115,25030.0,,Multifamily Housing,Multifamily Housing (25030.0),65.4,84.0,1637378.028,1275300.0,67731.183,106119.0,21769.252,,,,,,,,,,,,,,,,,,,,,,36.28,in compliance,89500.435,2025.0,I'm not sure,No,No,No,I'm not sure,I'm not sure,,,22.114254598388932,3.5757265281662005,10.12783038442582,4.180522258463153,14.308606756999714,11.401998764586331,1.274168380160511,3.0962224050497276
1078,101539,401402000.0,burbank apartments co,16-22 haviland st,16,22 haviland st,,2115.0,16  18 haviland st,boston,2115,39644.0,,Multifamily Housing,Multifamily Housing (39644.0),74.2,58.0,2940435.544,2069566.9,109914.698,255237.0,52359.318,,,,,,,,,,,,,,,,,,,,,,29.59,in compliance,162274.016,2025.0,Yes,No,No,No,Yes,Yes,,,29.618296899148078,4.093280597316114,10.5876948915266,4.3067641501733345,14.89406827256028,11.997041642102666,1.4093467505760662,3.3883923088458467
4931,107276,401408000.0,burbank apartments co,25-33 edgerly rd,25,33 edgerly rd,,2115.0,33 edgerly rd,boston,2115,29161.0,,Multifamily Housing,Multifamily Housing (29161.0),72.9,45.0,2126368.583,1715892.7,91131.061,120303.6,24679.081,,,,,,,,,,,,,,,,,,,,,,35.43,in compliance,115810.142,2030.0,Yes,No,No,No,Yes,Yes,,,19.304928224666117,3.9714050272624397,10.280587479087396,4.289088639014612,14.569926192095327,11.659707422323946,1.3791199432365497,2.960360411743275
4483,106610,401409000.0,,41-43 edgerly rd,41,43 edgerly rd,,2115.0,41  43 edgerly rd,boston,2115,27402.0,,Multifamily Housing,Multifamily Housing (27402.0),75.5,90.0,2068500.008,1870999.8,99368.799,57884.0,11874.324,,,,,,,,,,,,,,,,,,,,,,27.13,in compliance,111243.123,2025.0,No,No,No,No,No,No,,,9.548411401311439,4.05967166630173,10.218371282413054,4.324132656254979,14.54233426875114,11.61947338238748,1.4011020999744246,2.2563747952432913
3218,104779,401410000.0,norway housing assoc lps,99-103 norway st,99,103 norway st,,2115.0,99  103 norway st,boston,2115,47570.0,,Multifamily Housing,Multifamily Housing (47570.0),40.1,72.0,1909901.166,1267573.4,67320.823,188255.5,38618.733,,,,,,,,,,,,,,,,,,,,,,40.49,in compliance,105939.556,2025.0,No,No,No,No,No,No,,,33.63294477013791,2.227024511246584,10.769957589426328,3.6913763343125234,14.462562053134228,11.570623984038196,0.8006663946118694,3.5155060857051317
1100,101653,401420010.0,,183-185a massachusetts ave,183,185a massachusetts ave,,2115.0,183  185 massachusetts av,boston,2115,53105.0,6430.0,Multifamily Housing,"Multifamily Housing (53105.0),Parking (6430.0)",53.8,91.0,2858582.6,1930348.0,102520.782,272050.0,55808.337,,,,,,,,,,,,,,,,,,,,,,16.22,in compliance,158329.119,2030.0,No,No,No,No,No,No,,,32.47327565416511,2.981435250917993,10.88002636475564,3.9852734671677386,14.865836465542943,11.972431177152329,1.092404812396689,3.480417463507676
1079,101540,401440000.0,burbank gardens apartments   llc,31 burbank st,31 burbank st,31 burbank st,,2115.0,31  41 burbank st,boston,2115,40461.0,,Multifamily Housing,Multifamily Housing (40461.0),79.1,40.0,3200400.18,2548742.3,135363.704,190990.0,39179.689,,,,,,,,,,,,,,,,,,,,,,35.27,in compliance,174543.393,2025.0,No,No,No,No,No,No,,,20.362657538033258,4.313867502039001,10.608093826184968,4.370712874773608,14.978786416201075,12.069928660198345,1.4618348340133769,3.0137027105726744
2398,103618,401448000.0,,75 burbank st,75 burbank st,75 burbank st,,2115.0,75 burbank st,boston,2115,31895.0,,Multifamily Housing,Multifamily Housing (31895.0),41.3,52.0,1318391.424,6300.0,334.593,384552.0,78886.997,,,,,,,,,,,,,,,,,,,,,,25.57,pending revisions,79221.59,2030.0,I'm not sure,No,No,No,I'm not sure,I'm not sure,,,99.52652019071385,2.483824737419658,10.370204536676056,3.720862499966987,14.091922933261818,11.280004141663714,0.9097996049876582,4.600424143230555
2997,104494,401452000.0,morville house apartments,100-112 norway st,100,112 norway st,,2115.0,112  100 norway st,boston,2115,152987.0,,Multifamily Housing,Multifamily Housing (152987.0),63.3,79.0,9677315.98,7265669.0,385879.681,706813.3,144995.68,,,,,,,,,,,,,,,,,,,,,,30.27,in compliance,530875.361,2025.0,No,No,No,No,No,No,,,24.921713898557645,3.4700684437239766,11.938108229444383,4.147885329150131,16.08529514601161,13.182282547624759,1.2441743181803757,3.2157394675798776
4061,106030,401461010.0,,41-43 westland ave,41,43 westland ave,,2115.0,41  43 westland av,boston,2115,101128.0,,Multifamily Housing,Multifamily Housing (101128.0),43.9,46.0,4437516.808,958696.2,50916.355,1019584.0,209157.462,,,,,,,,,,,,,,,,,,,,,,10.16,in compliance,260073.817,2025.0,I'm not sure,No,No,No,I'm not sure,I'm not sure,,,78.39910689077439,2.5717290661340084,11.524142320175393,3.7819143200811256,15.305605500476945,12.468720781240872,0.9445784610654786,4.36181253559217
3388,105022,401474000.0,parkside tower llc,91 westland ave,91 westland ave,91 westland ave,,2115.0,91 westland av,boston,2115,119638.0,,Multifamily Housing,Multifamily Housing (119638.0),65.4,76.0,7828132.66,2773886.2,147321.096,708155.0,145270.917,,,,,,,,,,2638021.6,195767.583,,,,,,,,,,,37.59,in compliance,488359.596,2025.0,No,No,No,No,No,No,,,30.867273054746626,4.081977264748659,11.692225795787039,4.180522258463153,15.873234554211942,13.09880729052387,1.4065814947368311,3.429696498193214
329,100457,401476000.0,astor assets inc,70 burbank st,70 burbank st,70 burbank st,,2115.0,70  64 burbank st,boston,2115,35000.0,,Multifamily Housing,Multifamily Housing (35000.0),66.3,59.0,2320107.976,1697424.8,90150.231,182498.0,37437.64,,,,,,,,,,,,,,,,,,,,,,43.86,in compliance,127587.871,2025.0,No,No,No,No,No,No,,,26.839722855209047,3.6453677428571427,10.46310334047155,4.194189897191817,14.657124283938787,11.756560590515893,1.2934572500443422,3.289882986238286
2003,102961,401515000.0,fifty two westland,52 westland ave,52 westland ave,52 westland ave,,2115.0,52 westland av,boston,2115,32376.0,,Multifamily Housing,Multifamily Housing (32376.0),60.4,94.0,1955109.424,1532099.9,81369.826,123977.0,25432.642,,,,,,,,,,,,,,,,,,,,,,33.78,in compliance,106802.468,2025.0,I'm not sure,No,No,No,I'm not sure,I'm not sure,,,21.637055980453397,3.2988160365702988,10.385172686555702,4.100989104940769,14.485956721190764,11.578736313855464,1.1935636272997623,3.0744073994577295
2080,103051,401516000.0,forty six westland av llc mass llc,46 westland ave,46 westland ave,46 westland ave,,2115.0,46 westland av,boston,2115,34200.0,,Multifamily Housing,Multifamily Housing (34200.0),59.3,97.0,2028773.512,1737300.0,92268.003,85426.0,17524.29,,,,,,,,,,0.0,,,,,,,,,,,,38.02,in compliance,109792.293,2025.0,I'm not sure,No,No,No,I'm not sure,I'm not sure,,,14.367612953140723,3.210300964912281,10.439980923050696,4.08260930600368,14.522941987146123,11.606345614337215,1.1663646912865187,2.6649765730804083
4149,106138,401518000.0,thirty-2 westland ave llc mass llc,32-34 westland ave,32,34 westland ave,,2115.0,32  34 westland av,boston,2115,22440.0,,Multifamily Housing,Multifamily Housing (22440.0),34.7,92.0,778747.444,,,134287.0,27547.635,,,,,,,,,,320560.2,23788.772,,,,,,,,,,,25.27,in compliance,51336.407,2030.0,I'm not sure,No,No,No,I'm not sure,I'm not sure,,,58.83902291819272,2.28771867201426,10.018600359636633,3.5467396869528134,13.565442066895429,10.8461554675585,0.827555107921867,4.074805289854243
5578,C10031,401519000.0,,24-28 westland avenue,24,28 westland avenue,,2115.0,,,,43550.0,,Multifamily Housing,Multifamily Housing (43550.0),84.4,81.0,3673723.748,3225799.8,171322.227,131279.0,26930.574,,,,,,,,,,,,,,,,,,,,,,42.32,,198252.801,,,,,,,,,,12.193177020832433,4.552303122847302,10.68166498228065,4.4355674016019115,15.116716350857818,12.19729826802276,1.5156332857421104,2.5008765347071713
134,100181,401567000.0,50 symphony  llc,50 symphony rd,50 symphony rd,50 symphony rd,,2115.0,50  44 symphony rd,boston,2115,24500.0,4500.0,Multifamily Housing,"Multifamily Housing (24500.0),Parking (4500.0)",38.6,94.0,945453.464,458827.2,24368.313,142622.0,29257.477,,,,,,,,,,,,,,,,,,,,,,19.08,in compliance,53625.79,2030.0,No,No,No,No,No,No,,,51.47240724478429,2.188807755102041,10.106428396532818,3.653252276470785,13.759419947466423,10.889785388056536,0.783356991523718,3.9410458824327375
3219,104780,401665000.0,,87 saint stephen st,87 saint stephen st,87 saint stephen st,,2115.0,87 st stephen st,boston,2115,39048.0,,Multifamily Housing,Multifamily Housing (39048.0),65.7,87.0,2565502.763,2072325.8,110061.223,144541.9,29651.325,,,,,,,,,,,,,,,,,,,,,,39.81,in compliance,139712.548,2025.0,No,No,No,No,No,No,,,19.224249188033323,3.5779693710305267,10.572546937566983,4.185098925490565,14.75766502634662,11.847342362256482,1.274795424689498,2.956172460690634
3434,105075,401673000.0,pizzi salvatore trsts,121 saint stephen st,121 saint stephen st,121 saint stephen st,,2115.0,121 st stephen st,boston,2115,30654.0,,Multifamily Housing,Multifamily Housing (30654.0),56.8,98.0,1740914.184,1412400.0,75012.564,96282.0,19751.289,,,,,,,,,,,,,,,,,,,,,,27.97,in compliance,94763.853,2025.0,I'm not sure,No,No,No,I'm not sure,I'm not sure,,,18.871040819781157,3.09140252495596,10.330518438558853,4.039536325727106,14.369920926323527,11.459143318062395,1.128624879503542,2.937628515240436
3278,104862,401707000.0,,114 fenway,114 fenway,114 fenway,,2115.0,114 fenway st,boston,2115,29400.0,,Multifamily Housing,Multifamily Housing (29400.0),61.7,,1814266.064,1537989.6,81682.628,80972.0,16610.596,,,,,,,,,,,,,,,,,,,,,,15.34,in compliance,98293.224,2030.0,No,No,No,No,No,No,,,15.22867099166553,3.3433069387755103,10.288749953326773,4.122283930911342,14.411191571448711,11.495710371918047,1.2069604185912743,2.7231799005693054
3271,104853,401719000.0,on the fens condo tr,70 fenway,70 fenway,70 fenway,,2115.0,74  70 fenway st,boston,2115,63713.0,,Multifamily Housing,Multifamily Housing (63713.0),59.2,92.0,3771044.012,547400.0,29072.414,180801.0,37089.517,,,,,,,,,,2606751.0,193446.992,,,,,,,,,,,14.18,in compliance,259608.923,2030.0,No,No,No,No,No,No,,,16.359398887599085,4.0746617330843,11.062143902371083,4.0809215418899605,15.142862447347142,12.466931635332305,1.4047877329612202,2.7948025876877756
893,101219,401720000.0,boston rehabilitation,66 fenway,66 fenway,66 fenway,,2115.0,66 fenway st,boston,2115,31296.0,,Multifamily Housing,Multifamily Housing (31296.0),62.3,82.0,1948373.45,1468774.2,78006.598,140562.5,28834.991,,,,,,,,,,,,,,,,,,,,,,31.27,in compliance,106841.589,2030.0,No,No,No,No,No,No,,,24.616447856800757,3.4139055789877304,10.351245572834545,4.131961425793407,14.482505454256295,11.57910253982015,1.2278569669856072,3.2034148315819246
3435,105076,401721000.0,,60 fenway,60 fenway,60 fenway,,2115.0,60 fenway st,boston,2115,33882.0,,Multifamily Housing,Multifamily Housing (33882.0),98.9,,3350138.68,3065100.2,162787.472,83540.0,17137.396,,,,,,,,,,,,,,,,,,,,,,25.54,in compliance,179924.868,2030.0,I'm not sure,No,No,No,I'm not sure,I'm not sure,,,8.508633170970702,5.310337878519568,10.430639178900892,4.594109238628667,15.024512299959342,12.100294642736719,1.6696554638358279,2.141081315228373
113,100155,401737000.0,409 huntington llc,409 huntington ave,409 huntington ave,409 huntington ave,,2115.0,409 huntington av,boston,2115,39275.0,,Multifamily Housing,Multifamily Housing (39275.0),102.6,13.0,4028818.744,560933.9,29791.199,204337.0,41917.692,,,,,,,,2770687.0,203645.495,,,,,,,,,,,,,57.65,in compliance,275354.386,2025.0,No,No,No,No,No,No,,,17.306027867060582,7.010932807129217,10.578343463123822,4.630837932736669,15.208983775323327,12.525814223381634,1.9474707602578116,2.8510548724375315
1959,102913,401777000.0,,56 fenway,56 fenway,56 fenway,,2115.0,73 hemenway st,boston,2115,66523.0,,Multifamily Housing,"Office (3300.0),Multifamily Housing (63223.0)",62.0,68.0,4123465.744,3210800.1,170525.593,267487.0,54872.283,,,,,,,,,,,,,,,,,,,,,,32.28,in compliance,225397.876,2025.0,No,No,No,No,No,No,,,22.13443311316618,3.3882698615516436,11.105303031508205,4.127134385045092,15.23220456771528,12.325622457295854,1.2203194257876488,3.0971344554276983
4111,106090,401834000.0,tetlow realty asso inc,11 tetlow st,11 tetlow st,11 tetlow st,,2115.0,11 tetlow st,boston,2115,32864.0,,Multifamily Housing,Multifamily Housing (32864.0),113.8,26.0,3740506.24,3360000.0,178449.6,111520.0,22877.213,,,,,,,,,,,,,,,,,,,,,,48.32,in compliance,201326.813,2025.0,I'm not sure,No,No,No,I'm not sure,I'm not sure,C10066,,10.173033904629976,6.126059305014605,10.400133112728284,4.73444252169223,15.134731518519379,12.212684801962823,1.812551689234538,2.3197404846115206
3599,105344,402005000.0,riverway sq condo tr,114-122 riverway,114,122 riverway,,2215.0,122  114 riverway st,boston,2215,69855.0,,Multifamily Housing,Multifamily Housing (69855.0),91.0,85.0,6354500.712,5533399.5,293878.847,240651.0,49367.146,,,,,,,,,,,,,,,,,,,,,,34.24,in compliance,343245.993,2025.0,No,No,No,No,No,No,,,12.922137345886883,4.913692548851192,11.154176944084588,4.51085950651685,15.664673893350837,12.746202649854869,1.5920257057702816,2.558941913920757
563,100812,402043200.0,,60-68 annunciation rd,60,68 annunciation rd,,2120.0,60  68 annunciation rd,boston,2120,32868.0,,Multifamily Housing,Multifamily Housing (32868.0),78.6,,2582911.652,1917500.0,101838.425,195021.0,40006.608,,,,,,,,,,,,,,,,,,,,,,79.57,in compliance,141845.033,2025.0,No,No,No,No,No,No,,,25.763208146695067,4.31559672021419,10.400254819051078,4.364371699435161,14.76442786785384,11.862490423762102,1.4622356047110234,3.2489474333378836
564,100813,402043300.0,boston housing authority,50-58 annunciation rd,50,58 annunciation rd,,2120.0,50  58 annunciation rd,boston,2120,72618.0,,Multifamily Housing,Multifamily Housing (72618.0),59.8,64.0,4345883.156,3224399.7,171247.868,328688.0,67427.056,,,,,,,,,,,,,,,,,,,,,,79.58,in compliance,238674.924,2025.0,No,No,No,No,No,No,,,25.8067858463151,3.286718499545567,11.192968103966658,4.091005660956586,15.28473955402522,12.382857754441547,1.1898896504748884,3.2506374746436206
565,100814,402043400.0,boston housing authority,40-48 annunciation rd,40,48 annunciation rd,,2120.0,40  48 annunciation rd,boston,2120,46860.0,,Multifamily Housing,Multifamily Housing (46860.0),79.3,32.0,3717715.76,2758500.2,146503.946,281130.0,57671.008,,,,,,,,,,,,,,,,,,,,,,79.58,in compliance,204174.954,2025.0,No,No,No,No,No,No,,,25.8023418525143,4.357126632522407,10.754919712061787,4.373238128640803,15.128619994636956,12.226732522929524,1.4718128108677377,3.2504652572855703
566,100815,402043500.0,boston housing authority,30-38 annunciation rd,30,38 annunciation rd,,2120.0,30  36 annunciation rd,boston,2120,72618.0,,Multifamily Housing,Multifamily Housing (72618.0),62.3,57.0,4524364.776,3356699.9,178274.332,342223.0,70203.626,,,,,,,,,,,,,,,,,,,,,,79.58,in compliance,248477.958,2025.0,No,No,No,No,No,No,,,25.80950624592167,3.4217130463521443,11.192968103966658,4.131961425793407,15.324987744267354,12.423109420383518,1.230141316416859,3.2507428832074217
569,100818,402043700.0,,250-270 ruggles st,250,270 ruggles st,,2120.0,250  270 ruggles st,boston,2120,46860.0,,Multifamily Housing,Multifamily Housing (46860.0),50.0,91.0,2342466.536,1739300.0,92374.223,176778.0,36264.239,,,,,,,,,,,,,,,,,,,,,,79.58,in compliance,128638.462,2025.0,No,No,No,No,No,No,,,25.75033809148939,2.7451656423388817,10.754919712061787,3.912023005428146,14.666715007400358,11.76476112849555,1.0098414164337637,3.248447756790129
2742,104150,402270000.0,madison botolph ii,351 massachusetts ave,351 massachusetts ave,351 massachusetts ave,,2115.0,351  367 massachusetts av,boston,2115,57750.0,,Multifamily Housing,Multifamily Housing (57750.0),81.8,60.0,4723660.72,3679384.0,195412.084,306060.0,62785.148,,,,,,,,,,,,,,,,,,,,,,53.94,in compliance,258197.232,2025.0,I'm not sure,No,No,No,I'm not sure,I'm not sure,,,22.10833272970545,4.47094774025974,10.96387862838404,4.404277243608702,15.368094633229065,12.461479036965411,1.4976004085813708,3.09595458405251
4062,106031,402277000.0,,333 massachusetts ave,333 massachusetts ave,333 massachusetts ave,,2115.0,333 massachusetts av,boston,2115,174779.0,,Multifamily Housing,"Personal Services (Health/Beauty, Dry Cleaning, etc) (650.0),Restaurant (2017.0),Multifamily Housing (166033.0),Retail Store (6079.0)",56.9,77.0,9940306.412,5666261.2,300935.132,1252651.0,256968.826,,,,,,,,,,,,,,,,,,,,,,40.4,in compliance,557903.958,2025.0,No,No,No,No,No,No,,,42.99900760091378,3.192053724989844,12.071277597686738,4.041295341132285,16.112108404314583,13.231942108269827,1.1606645105830895,3.7611770363787205
3600,105345,402289000.0,riviera condominium assn,270-280 huntington ave,270,280 huntington ave,,2115.0,280  270 huntington av,boston,2115,53457.0,,Multifamily Housing,Multifamily Housing (53457.0),90.0,53.0,4812887.612,3872963.5,205693.091,275476.0,56511.147,,,,,,,,,,,,,,,,,,,,,,66.51,in compliance,262204.238,2025.0,No,No,No,No,No,No,,,19.530176251287873,4.904956095553436,10.886632871395525,4.499809670330265,15.38680779708803,12.476879013415285,1.5902461420197609,2.971960769491382
4063,106032,402295000.0,,334 massachusetts ave,334 massachusetts ave,334 massachusetts ave,,2115.0,334 massachusetts av,boston,2115,154105.0,,Multifamily Housing,"Personal Services (Health/Beauty, Dry Cleaning, etc) (1100.0),Restaurant (6052.0),Multifamily Housing (146083.0),Office (670.0),Retail Store (200.0)",61.4,,9459829.352,6301354.6,334664.943,925696.0,189897.277,,,,,,,,,,,,,,,,,,,,,,42.47,in compliance,524562.22,2025.0,No,No,No,No,No,No,,,33.38975248778885,3.4039273222802633,11.945389467245167,4.117409835153096,16.062564901964723,13.170319327046892,1.2249298598017249,3.5082490411634537
3775,105637,402322000.0,,145 saint botolph st,145 saint botolph st,145 saint botolph st,,2115.0,145 st botolph st,boston,2115,22000.0,,Multifamily Housing,Multifamily Housing (22000.0),47.4,86.0,1042678.602,836400.0,44421.204,60456.8,12402.108,,,,,,,,,,,,,,,,,,,,,,20.76,in compliance,56823.312,2030.0,No,No,No,No,No,No,,,19.78439662272843,2.582877818181818,9.998797732340453,3.858622228701031,13.85730353884466,10.947701943044162,0.94890421070371,2.9848935776692165
3952,105897,402366000.0,,4-24 albemarle st,4,24 albemarle st,,2115.0,4  24 albemarle st,boston,2115,23200.0,,Multifamily Housing,Multifamily Housing (23200.0),102.5,25.0,2377498.428,1794152.2,95287.423,170969.0,35072.581,,,,,,,,,,,,,,,,,,,,,,55.17,in compliance,130360.004,2025.0,No,No,No,No,No,No,,,24.537213841219838,5.618965689655172,10.0519075576544,4.629862798578463,14.681559412202725,11.778055163635756,1.726147605981355,3.2001908974345192
3954,105899,402385000.0,,144-150 saint botolph st,144,150 saint botolph st,,2115.0,2 blackwood st,boston,2115,60430.0,,Multifamily Housing,Multifamily Housing (60430.0),38.7,91.0,2339131.664,1650691.4,87668.22,201770.3,41391.159,,,,,,,,,,,,,,,,,,,,,,19.47,in compliance,129059.379,2025.0,No,No,No,No,No,No,,,29.43273949648864,2.1356839152738707,11.009240949355604,3.655839600035736,14.665290334704583,11.768027879762773,0.758786930407169,3.382107643081036
3537,105248,402425000.0,,76-82 w rutland sq,76,82 w rutland sq,,2118.0,76  82 w rutland sq,boston,2118,24416.0,4000.0,Multifamily Housing,"Multifamily Housing (24416.0),Parking (4000.0)",36.2,,882799.372,293100.0,15566.541,172831.0,35454.551,,,,,,,,,,,,,,,,,,,,,,18.11,in compliance,51021.092,2030.0,No,No,No,No,No,No,,,66.80173495297865,2.089658093053735,10.102993934084184,3.5890591188317256,13.690853241991562,10.83999439483798,0.7370004607537968,4.201729052555304
4105,106083,402545000.0,tenants development ii lp,23 wellington st,23 wellington st,23 wellington st,,2118.0,23 wellington st,boston,2118,22975.0,,Multifamily Housing,Multifamily Housing (22975.0),88.4,,2031541.552,1664338.7,88393.028,107621.0,22077.372,,,,,,,,,,,,,,,,,,,,,,36.93,in compliance,110470.4,2030.0,No,No,No,No,No,No,,,18.075879116943604,4.808287268770402,10.042161947223887,4.481871969643598,14.524305448052575,11.612502890752316,1.5703409435284275,2.8945784040373823
570,100819,402595000.0,boston housing authority,755 tremont st,755 tremont st,755 tremont st,,2118.0,755 tremont st,boston,2118,55472.0,,Multifamily Housing,Multifamily Housing (55472.0),78.0,,4326985.461,1199000.0,63678.89,916760.1,188064.167,,,,,,,,,,,,,,,,,,,,,,57.78,in compliance,251743.057,2025.0,No,No,No,No,No,No,,,72.29335534887761,4.5382004795212,10.923633667924804,4.356708826689592,15.280381659136667,12.436164231253134,1.5125305633283295,4.280732221053022
169,100220,402600000.0,715-725 tremont street condominium trust,725-743 tremont st,725,743 tremont st,,2118.0,725 tremont st,boston,2118,133677.0,,Multifamily Housing,Multifamily Housing (133677.0),46.8,90.0,6253311.924,4825212.5,256267.036,418552.0,85861.757,,,,,,,,,,,,,,,,,,,,,,28.56,in compliance,342128.793,2025.0,Yes,No,No,No,Yes,Yes,,,22.838493012299,2.5593691734554187,11.803181721365751,3.845883202923601,15.648621789201005,12.742942532872682,0.9397608115069305,3.128447402413954
171,100223,402660000.0,715-725 tremont street condominium trust,705-723 tremont st,705,723 tremont st,,2118.0,715 tremont st,boston,2118,133677.0,,Multifamily Housing,Multifamily Housing (133677.0),44.1,90.0,5888658.416,4349529.1,231003.491,451093.0,92537.218,,,,,,,,,,,,,,,,,,,,,,28.04,in compliance,323540.709,2025.0,Yes,No,No,No,Yes,Yes,,,26.138330180060493,2.420316950559932,11.803181721365751,3.7864597824528,15.588538756508648,12.687080224264111,0.8838985028983593,3.2634028262804016
1690,102533,500066000.0,cove plaza associates lp mass lp,285 tremont st,285 tremont st,285 tremont st,,2109.0,283 tremont st,boston,2109,85986.0,,Multifamily Housing,Multifamily Housing (85986.0),68.6,43.0,5896791.059,3956551.8,210132.466,568651.6,116653.189,,,,,,,,,,,,,,,,,,,,,,47.94,in compliance,326785.655,2025.0,No,No,No,No,No,No,,,32.90475340784836,3.8004518758867727,11.361939771286126,4.22829253473184,15.589918872609967,12.697059745655718,1.3351199743695923,3.49361712781674
2480,103805,500120010.0,,78-96 broadway st,78,96 broadway st,,2116.0,80  96 broadway st,boston,2116,26333.0,7743.0,Multifamily Housing,"Multifamily Housing (26333.0),Parking (7743.0)",71.7,64.0,1887565.94,1281953.0,68084.524,177495.0,36411.324,,,,,,,,,,,,,,,,,,,,,,23.67,in compliance,104495.848,2030.0,No,No,No,No,No,No,,,32.08574341249239,3.968246990468234,10.178578184473086,4.272490747605575,14.450798694594438,11.556902617540247,1.3783244330671627,3.468411801028879
4645,106830,500478003.0,boston housing authority,440 tremont street,440 tremont street,440 tremont street,,2116.0,tremont st,boston,2116,37296.0,,Multifamily Housing,Multifamily Housing (37296.0),86.0,,3207897.82,2367999.9,125764.475,246160.0,50497.262,,,,,,,,,,,,,,,,,,,,,,40.28,in compliance,176261.737,2025.0,No,No,No,No,No,No,,,26.18334158785644,4.726022549335049,10.526641361275539,4.454347296253507,14.98112639584032,12.079725311365108,1.5530839500895688,3.2651233912921507
5343,107862,500478003.0,,450 tremont st,450 tremont st,450 tremont st,,2116.0,,,,37296.0,,Multifamily Housing,Multifamily Housing (37296.0),109.6,7.0,4085989.356,3265700.2,173441.338,240413.0,49318.323,,,,,,,,,,,,,,,,,,,,,,64.34,in compliance,222759.661,2025.0,,,,,,,,,20.076538298990123,5.972749383311883,10.526641361275539,4.696837374513915,15.223074449363654,12.313848715885245,1.7872073546097063,2.999551884493102
189,100246,500697000.0,9 appleton place condominium,49-55 berkeley st,49,55 berkeley st,,2116.0,9 appleton st,boston,2116,32080.0,,Multifamily Housing,"Multifamily Housing (24480.0),Supermarket/Grocery Store (7600.0)",28.6,100.0,917830.08,72200.0,3834.542,247840.0,50841.898,,,,,,,,,,,,,,,,,,,,,,24.48,in compliance,54676.44,2025.0,No,No,No,No,No,No,,,92.1376706241748,1.7043778054862844,10.37598806198045,3.353406717825807,13.729767554430655,10.909188182646703,0.533200120666253,4.5232838783565885
1689,102532,500800000.0,cove plaza associates lp mass llp,230 stuart st,230 stuart st,230 stuart st,,2116.0,246  224 stuart st,boston,2116,135160.0,,Multifamily Housing,Multifamily Housing (135160.0),69.9,35.0,9444403.917,6189282.9,328712.815,954021.4,195707.95,,,,,,,,,,,,,,,,,,,,,,52.78,in compliance,524420.765,2025.0,No,No,No,No,No,No,,,34.467650352718394,3.8799997410476474,11.814214540828226,4.247065649239764,16.060932945967988,13.17004962772311,1.3558350868948827,3.5400212132132216
3311,104904,500805000.0,,100 arlington st,100 arlington st,100 arlington st,,2116.0,100 arlington st,boston,2116,203204.0,,Multifamily Housing,"Restaurant (9232.0),Multifamily Housing (193972.0)",58.7,24.0,11920389.82,1131117.1,60073.629,1751235.0,359248.348,,,,,,4814058.9,265736.051,,,,,,,,,,,,,,,14.29,in compliance,685058.028,2025.0,I'm not sure,No,No,No,I'm not sure,I'm not sure,,,50.128197110000215,3.371282199169308,12.221965679532087,4.072439726834051,16.29376092208688,13.437258826065229,1.215293146533142,3.914583666335847
332,100461,500815020.0,,503-521 tremont st,503,521 tremont st,,2116.0,505 tremont st,boston,2116,390720.0,49280.0,Multifamily Housing,"Multifamily Housing (362230.0),Performing Arts (28490.0),Parking (49280.0)",59.8,23.0,23357526.82,10964965.4,582349.312,3632052.0,745079.147,,,,,,,,,,,,,,,,,,,,,,18.11,in compliance,1327428.459,2025.0,I'm not sure,No,No,No,I'm not sure,I'm not sure,,,53.05829819785689,3.3973906096437347,12.875746469904477,4.091005660956586,16.96642983788791,14.098754139120606,1.2230076692161298,3.971391275030084
3805,105681,500826000.0,,7 warren ave,7 warren ave,7 warren ave,,2116.0,7 warren av,boston,2116,45000.0,,Multifamily Housing,Multifamily Housing (45000.0),52.8,44.0,2373936.208,1352864.5,71850.634,299259.0,61389.991,,,,,,,,,,,,,,,,,,,,,,24.2,in compliance,133240.625,2030.0,No,No,No,No,No,No,,,43.013649373092164,2.9609027777777777,10.714417768752456,3.966511190712216,14.680059982687093,11.799911983080163,1.085494214327706,3.7615174926053947
3815,105693,501048000.0,,75 clarendon st,75 clarendon st,75 clarendon st,,2116.0,75 clarendon st,boston,2116,46100.0,,Multifamily Housing,Multifamily Housing (46100.0),42.7,78.0,1969043.4,607740.7,32277.109,398975.0,81845.732,,,,,,,,,,,,,,,,,,,,,,32.25,in compliance,114122.841,2025.0,No,No,No,No,No,No,,,69.1382702001388,2.475549696312364,10.73856822898474,3.754198920234579,14.493058399023854,11.645030699865094,0.9064624708803537,4.236108415380081
144,100193,501221000.0,5538-12-14 commonwealth avenue boston ma llc,12-14 commonwealth ave,12,14 commonwealth ave,,2116.0,12  14 commonwealth av,boston,2116,38080.0,,Multifamily Housing,Multifamily Housing (38080.0),38.7,91.0,1474394.072,244006.4,12959.18,360606.0,73974.715,,,,,,,,,,,,,,,,,,,,,,9.02,in compliance,86933.895,2025.0,No,No,No,No,No,No,,,83.45406335166004,2.2829279149159665,10.5474444889053,3.655839600035736,14.20375766471111,11.372903281235224,0.8254587923299228,4.4242963409734735
2594,103980,501260000.0,keezer robert a trsts,90 commonwealth ave,90 commonwealth ave,90 commonwealth ave,,2116.0,90 commonwealth av,boston,2116,40240.0,,Multifamily Housing,Multifamily Housing (40240.0),71.7,81.0,2887158.48,2356200.1,125137.787,155615.0,31922.861,,,,,,,,,,,,,,,,,,,,,,21.01,in compliance,157060.648,2030.0,I`m not sure,No,No,No,I`m not sure,I`m not sure,,,18.391152613485907,3.903097614314115,10.602616804773621,4.272490747605575,14.875783351492434,11.964387302732145,1.3617704979585252,2.911869712752541
3300,104888,501380000.0,one 84-190 commonwealth condo assn,190 commonwealth ave,190 commonwealth ave,190 commonwealth ave,,2116.0,190  184 commonwealth av,boston,2116,51936.0,,Multifamily Housing,Multifamily Housing (51936.0),63.6,72.0,3303675.128,2814500.1,149478.1,143369.0,29410.717,,,,,,,,,,,,,,,,,,,,,,29.58,in compliance,178888.817,2025.0,No,No,No,No,No,No,,,14.807646466320461,3.444408830098583,10.857767470314318,4.152613470346076,15.010546081912088,12.094519757760992,1.2367522874466739,2.6951437004805543
4455,106543,501383000.0,,154-170 commonwealth ave,154,170 commonwealth ave,,2116.0,160 commonwealth av,boston,2116,220742.0,,Multifamily Housing,Multifamily Housing (220742.0),32.1,75.0,7078657.672,1506585.3,80014.745,1633081.0,335010.236,,,,,,,,,,,,,,,,,,,,,,17.63,in compliance,415024.981,2025.0,I`m not sure,No,No,No,I`m not sure,I`m not sure,,,78.71997195445108,1.8801360003986556,12.304749877718919,3.4688560301359703,15.772594853344339,12.9360939925819,0.6313441148629828,4.365896896474259
1939,102876,501398002.0,exeter towers llc,180 newbury st,180 newbury st,180 newbury st,,2116.0,180 newbury st,boston,2116,114305.0,20000.0,Multifamily Housing,"Restaurant (5868.0),Multifamily Housing (104474.0),Parking (20000.0),Retail Store (3963.0)",38.1,,4352050.728,2445530.9,129882.146,558769.0,114625.873,,,,,,,,,,,,,,,,,,,,,,36.02,in compliance,244508.019,2025.0,No,No,No,No,No,No,,,43.809315711404544,2.13908419579196,11.646625593358072,3.6402142821326553,15.286157723699983,12.407003384905249,0.7603777915471768,3.7798464822426157
161,100211,501413000.0,66 beacon street holdings  llc,65-66h beacon st,65,66h beacon st,,2108.0,65 66h beacon st,boston,2108,28800.0,,Multifamily Housing,"Multifamily Housing (21637.0),Retail Store (7163.0)",95.4,,2748584.565,2011500.1,106830.77,216027.1,44315.799,,,,,,,,,,,,,,,,,,,,,,27.49,in compliance,151146.569,2030.0,No,No,No,No,No,No,,,26.818053140926374,5.248144756944444,10.268130666124037,4.558078578454241,14.826596633501005,11.926005300644645,1.6578746345206077,3.2890752853949894
2091,103062,501490000.0,forty-eight beacon condo tr,48 beacon st,48 beacon st,48 beacon st,,2108.0,48 beacon st,boston,2108,22000.0,,Multifamily Housing,Multifamily Housing (22000.0),85.4,,1878392.34,1685204.9,89501.232,56620.0,11615.027,,,,,,,,,,,,,,,,,,,,,,11.89,in compliance,101116.259,2030.0,I'm not sure,No,No,No,I'm not sure,I'm not sure,,,10.285174661647096,4.596193590909091,9.998797732340453,4.447346100794524,14.44592683066893,11.524026213047595,1.5252284807071415,2.3307035051335103
2444,103753,501560000.0,hill condominium apts assoc,70-72 mount vernon st,70,72 mount vernon st,,2108.0,70  72 mt vernon st,boston,2108,65564.0,,Multifamily Housing,Multifamily Housing (65564.0),41.6,94.0,2730447.436,1769362.1,93970.821,281678.0,57783.425,,,,,,,,,,,,,,,,,,,,,,10.87,in compliance,151754.246,2030.0,No,No,No,No,No,No,,,35.20036954485433,2.3145971264718446,11.09078204380925,3.728100167267218,14.819976049702362,11.930017688760948,0.8392356449516972,3.561056580982305
4295,106335,501604000.0,,34 beacon st,34 beacon st,34 beacon st,,2108.0,34 hf beacon st,boston,2108,45000.0,,Multifamily Housing,Multifamily Housing (45000.0),54.5,,2451723.484,1245472.3,66147.034,353532.0,72523.554,,,,,,,,,,,,,,,,,,,,,,8.1,in compliance,138670.588,2030.0,No,No,No,No,No,No,,,49.20229469890741,3.081568622222222,10.714417768752456,3.9982007016691985,14.712301798064034,11.839856529021606,1.1254387602691487,3.8959402626323363
4142,106130,501607000.0,thirty 7 beacon st condo tr,37 beacon st,37 beacon st,37 beacon st,,2108.0,37 beacon st,boston,2108,40062.0,,Multifamily Housing,Multifamily Housing (40062.0),60.3,88.0,2416631.108,3900.0,207.129,110459.0,22659.559,,,,,,,,,,2035845.0,151080.057,,,,,,,,,,,28.99,in compliance,173946.745,2025.0,I'm not sure,No,No,No,I'm not sure,I'm not sure,,,15.596202316617699,4.341938620138785,10.598183533085924,4.09933210373314,14.697885024123462,12.06650446813137,1.4683209350454456,2.747027443376407
282,100400,502186000.0,anderson park apartments llc,248-270 cambridge st,248,270 cambridge st,,2114.0,8 anderson st,boston,2114,72450.0,,Multifamily Housing,Multifamily Housing (72450.0),77.3,42.0,5601146.2,3927560.2,208592.722,490500.0,100621.17,,,,,,,,,,,,,,,,,,,,,,25.57,in compliance,309213.892,2025.0,No,No,No,No,No,No,,,29.88066219374884,4.267962622498275,11.190651947748828,4.3476939555933765,15.538481813333005,12.641788523534775,1.4511365757859467,3.397211521791098
3568,105292,502221000.0,,41 phillips st,41 phillips st,41 phillips st,,2114.0,41  43 phillips st,boston,2114,42588.0,,Multifamily Housing,Multifamily Housing (42588.0),45.4,,1932020.988,213400.0,11333.674,503699.0,103328.813,,,,,,,,,,,,,,,,,,,,,,13.78,pending revisions,114662.487,2030.0,No,No,No,No,No,No,,,88.95848200019658,2.6923660890391656,10.659327802434497,3.8155121050473024,14.474077157049631,11.649748196441692,0.9904203940071948,4.488169766509972
3889,105816,502280000.0,,67-69 beacon st,67,69 beacon st,,2108.0,10 charles st,boston,2108,55000.0,,Multifamily Housing,"Multifamily Housing (48310.0),Office (2429.0),Bank Branch (4261.0)",58.3,,3206874.204,2707896.5,143816.383,146242.0,30000.084,,,,,,,,,,,,,,,,,,,,,,9.7,in compliance,173816.467,2030.0,No,No,No,No,No,No,,,15.56031227160665,3.1602994,10.915088464214607,4.065602093356446,14.980807252461613,12.065755234160674,1.1506667699460658,2.7447235874181906
2704,104104,502282002.0,lincolnshire condominium tr,20-26 charles st,20,26 charles st,,2114.0,20  26 charles st,boston,2114,62800.0,,Multifamily Housing,Multifamily Housing (62800.0),66.4,86.0,4172943.0,3843599.7,204133.58,96525.0,19801.139,,,,,,,,,,,,,,,,,,,,,,19.77,in compliance,223934.719,2025.0,No,No,No,No,No,No,,,7.892697761507886,3.565839474522293,11.04771035245629,4.1956970564823886,15.244132100242442,12.319109855326603,1.271399502870313,2.065937998026542
2593,103979,502434000.0,keating doris j,112 revere st,112 revere st,112 revere st,,2114.0,112 revere st,boston,2114,20862.0,,Multifamily Housing,"Multifamily Housing (17622.0),Fitness Center/Health Club/Gym (1080.0),Retail Store (2160.0)",96.4,,2011829.216,1755100.1,93213.366,75243.0,15435.349,,,,,,,,,,,,,,,,,,,,,,18.38,in compliance,108648.715,2030.0,I'm not sure,No,No,No,I'm not sure,I'm not sure,,,12.761540612302152,5.207972150321158,9.945684601235916,4.5685062016165,14.514554923895249,11.59587515864731,1.650190557411394,2.546436008269676
3594,105339,502442001.0,river house condo tr,145 pinckney st,145 pinckney st,145 pinckney st,,2114.0,145 pinckney st,boston,2114,150000.0,13000.0,Multifamily Housing,"Multifamily Housing (150000.0),Parking (13000.0)",60.7,93.0,9103969.3,6886339.9,365733.512,649950.0,133330.743,,,,,,,,,,,,,,,,,,,,,,27.79,in compliance,499064.255,2025.0,Yes,No,No,No,Yes,Yes,,,24.35999968167731,3.3270950333333333,11.918390573078392,4.1059436980654525,16.02422106319845,13.1204901339789,1.2020995609005056,3.1929424297742623
1044,101457,502499000.0,brimmer chambers condominium trust,112 pinckney st,112 pinckney st,112 pinckney st,,2114.0,112 pinckney st,boston,2114,35100.0,,Multifamily Housing,Multifamily Housing (35100.0),39.0,100.0,1370495.852,139100.0,7387.601,102471.0,21020.901,,,,,,,,,,881764.8,65435.766,,,,,,,,,,,52.66,in compliance,93844.268,2030.0,No,No,No,No,No,No,,,25.512402838706294,2.673625868945869,10.465956409453957,3.6635616461296463,14.130683168087781,11.449391963964027,0.9834355545100693,3.2391647197487523
240,100322,502539000.0,aida caspi glasser trust,128 chestnut st,128 chestnut st,128 chestnut st,,2108.0,128 chestnut st,boston,2108,21960.0,,Multifamily Housing,Multifamily Housing (21960.0),78.1,79.0,1715986.024,,,50277.0,10313.824,,,,,,,,,,1544440.9,114612.959,,,,,,,,,,,16.89,in compliance,124926.783,2030.0,I'm not sure,No,No,No,I'm not sure,I'm not sure,,,9.997323005586438,5.688833469945355,9.996977895623466,4.35799005684564,14.355498414474733,11.735483108674092,1.7385052130506249,2.302317357714798
191,100248,502557000.0,92 beacon street condominiun,92 beacon st,92 beacon st,92 beacon st,,2108.0,92 beacon st,boston,2108,23400.0,,Multifamily Housing,Multifamily Housing (23400.0),49.3,97.0,1152744.54,941900.0,50024.309,61795.0,12676.626,,,,,,,,,,,,,,,,,,,,,,15.24,in compliance,62700.935,2030.0,I'm not sure,No,No,No,I'm not sure,I'm not sure,,,18.291460244088427,2.6795271367521365,10.060491301345794,3.8979240810486444,13.95765621355806,11.046131638790527,0.985640337444734,2.906434297602324
4530,106680,502598000.0,,180 beacon st,180 beacon st,180 beacon st,,2116.0,180 beacon st,boston,2116,210000.0,30000.0,Multifamily Housing,"Multifamily Housing (210000.0),Parking (30000.0)",45.6,90.0,9578848.44,6697431.5,355700.587,844495.0,173239.704,,,,,,,,,,,,,,,,,,,,,,9.57,in compliance,528940.291,2025.0,No,No,No,No,No,No,,,30.0823594015441,2.5187632904761905,12.254862809699606,3.8199077165203406,16.075067938128992,13.178630833014397,0.923768023314792,3.4039389335569084
1688,102531,502627000.0,cousins jesse x trst,236 beacon st,236 beacon st,236 beacon st,,2116.0,236 beacon st,boston,2116,36204.0,,Multifamily Housing,Multifamily Housing (36204.0),60.8,84.0,2200893.404,1807090.6,95974.582,115417.0,23676.643,,,,,,,,,,,,,,,,,,,,,,15.13,in compliance,119651.225,2030.0,No,No,No,No,No,No,,,17.8936479083564,3.304917274334328,10.496924888947062,4.107589788972121,14.604373928622481,11.692336331478844,1.1954114425317828,2.884445784412114
4350,106409,502633000.0,,250 beacon st,250 beacon st,250 beacon st,,2116.0,250 beacon st,boston,2116,52266.0,,Multifamily Housing,Multifamily Housing (52266.0),73.0,47.0,3815119.584,2643500.2,140396.296,343382.0,70441.383,,,,,,,,,,,,,,,,,,,,,,10.05,pending revisions,210837.679,2030.0,I'm not sure,No,No,No,I'm not sure,I'm not sure,,,30.711249424888276,4.033935617801247,10.864101343046947,4.290459441148391,15.154482567949925,12.258843822560989,1.3947424795140417,3.4246290182519097
4343,106400,502640000.0,,274 beacon st,274 beacon st,274 beacon st,,2116.0,274 beacon st,boston,2116,55220.0,0.0,Multifamily Housing,"Multifamily Housing (55220.0),Parking (1920.0)",73.1,,4037645.048,3326400.0,176665.104,208454.0,42762.254,,,,,,,,,,,,,,,,,,,,,,3.57,in compliance,219427.358,2030.0,I'm not sure,No,No,No,I'm not sure,I'm not sure,,,17.616118000573685,3.9736935530604853,10.919080485484145,4.291828366755733,15.211172171068993,12.298776513671234,1.379696028187089,2.8688142784464046
4356,106416,502659000.0,two ninty five beacon,295-297 beacon st,295,297 beacon st,,2116.0,295 beacon st,boston,2116,40000.0,,Multifamily Housing,Multifamily Housing (40000.0),73.8,73.0,2950961.972,2559499.8,135935.034,114731.0,23535.917,,,,,,,,,,,,,,,,,,,,,,25.78,in compliance,159470.951,2030.0,No,No,No,No,No,No,,,13.266161521718178,3.986773775,10.596634733096073,4.301358731606427,14.897641767362886,11.979617059228344,1.3829823261322702,2.585216546644965
419,100585,502677000.0,beacon towers condominium tr,259 beacon st,259 beacon st,259 beacon st,,2116.0,259 beacon st,boston,2116,21746.0,,Multifamily Housing,Multifamily Housing (21746.0),91.8,74.0,1997216.34,1724699.9,91598.812,79870.0,16384.532,,,,,,,,,,,,,,,,,,,,,,26.43,in compliance,107983.344,2030.0,I'm not sure,No,No,No,I'm not sure,I'm not sure,,,13.645413120343285,4.965664673963028,9.987185111557695,4.519612297626445,14.50726493902916,11.589732271990664,1.60254716043297,2.6134034300188236
27,100039,502721000.0,133-135 marlborough street,133 marlborough st,133 marlborough st,133 marlborough st,,2116.0,133  135 marlborough st,boston,2116,22214.0,,Multifamily Housing,Multifamily Housing (22214.0),66.8,86.0,1484599.008,1219200.0,64751.712,77784.0,15956.61,,,,,,,,,,,,,,,,,,,,,,10.43,in compliance,80708.322,2030.0,I`m not sure,No,No,No,I`m not sure,I`m not sure,,,17.877600225366717,3.633218780948951,10.008477999727065,4.2017030805426,14.210655265471907,11.298596971617842,1.290118971890777,2.8835485451541336
3890,105817,502892000.0,,65 commonwealth ave,65 commonwealth ave,65 commonwealth ave,,2116.0,65 commonwealth av,boston,2116,45460.0,,Multifamily Housing,Multifamily Housing (45460.0),54.1,,2461145.348,1873500.0,99501.585,172229.0,35331.057,,,,,,,,,,,,,,,,,,,,,,12.48,in compliance,134832.642,2030.0,Yes,No,No,No,Yes,Yes,,,23.877955149116207,2.9659622085349757,10.724588097406535,3.9908341858524357,14.716137388173681,11.811789599481752,1.0872015020752186,3.1729556545864046
2991,104487,502952000.0,,191 commonwealth ave,191 commonwealth ave,191 commonwealth ave,,2116.0,191 commonwealth av,boston,2116,40203.0,,Multifamily Housing,Multifamily Housing (40203.0),55.0,,2212792.964,1737085.1,92256.59,139422.0,28601.029,,,,,,,,,,,,,,,,,,,,,,9.94,in compliance,120857.619,2030.0,No,No,No,No,No,No,,,21.49901888878204,3.006184090739497,10.601696898688338,4.007333185232471,14.609766060205725,11.702368429241599,1.1006715305532604,3.0680073010124915
1595,102383,503015000.0,commonwealth condo tr,362-366 commonwealth ave,362,366 commonwealth ave,,2115.0,90  82 massachusetts av,boston,2115,49412.0,,Multifamily Housing,Multifamily Housing (49412.0),85.7,69.0,4235919.66,3601100.0,191254.421,186055.0,38167.323,,,,,,,,,,,,,,,,,,,,,,41.01,in compliance,229421.744,2025.0,No,No,No,No,No,No,,,14.987242894262067,4.643036995061928,10.807948588656703,4.450852825603734,15.259111019517912,12.343317265584764,1.5353686769280586,2.7071993655283957
4188,106182,503045010.0,,360 newbury st,360 newbury st,360 newbury st,,2115.0,360 newbury st,boston,2115,143151.0,,Multifamily Housing,Multifamily Housing (143151.0),33.2,76.0,4755502.524,1417536.1,75285.342,978302.0,200688.872,,,,,,,,,,,,,,,,,,,,,,14.86,in compliance,275974.214,2025.0,No,No,No,No,No,No,,,70.19475128975876,1.927853902522511,11.871655296181219,3.502549875922443,15.374812931658301,12.52806271279843,0.6564074166172122,4.251273540284348
4347,106406,503076000.0,,290 commonwealth ave,290 commonwealth ave,290 commonwealth ave,,2115.0,290 commonwealth av,boston,2115,24000.0,,Multifamily Housing,Multifamily Housing (24000.0),71.3,84.0,1712166.612,1436900.1,76313.764,80676.0,16549.875,,,,,,,,,,,,,,,,,,,,,,32.4,in compliance,92863.639,2030.0,No,No,No,No,No,No,,,16.07779356697326,3.8693182916666666,10.085809109330082,4.26689632742025,14.35327015104199,11.438887448831066,1.3530783395009833,2.777439038351596
4476,106603,503204000.0,,719 boylston st,719 boylston st,719 boylston st,,2116.0,717  725 boylston st,boston,2116,24420.0,,Multifamily Housing,"Restaurant (3712.0),Multifamily Housing (17509.0),Convenience Store without Gas Station (3199.0)",47.4,,1158529.36,640400.1,34011.649,151855.0,31151.535,,,,,,,,,,,,,,,,,,,,,,25.69,in compliance,65163.184,2030.0,I'm not sure,No,No,No,I'm not sure,I'm not sure,,,44.72498118217737,2.6684350532350534,10.103157747664696,3.858622228701031,13.962661965649534,11.084649925856105,0.9814921781914103,3.8005322086496385
3802,105677,503207200.0,seven 55 boylston llc,755 boylston st,755 boylston st,755 boylston st,,2116.0,755 boylston st,boston,2116,54384.0,,Multifamily Housing,"Restaurant (19875.0),Multifamily Housing (34509.0)",67.3,,3662327.056,1820399.8,96681.433,539838.0,110742.367,,,,,,,,,,,,,,,,,,,,,,31.89,in compliance,207423.8,2025.0,I'm not sure,No,No,No,I'm not sure,I'm not sure,,,50.296115107530696,3.8140592821418062,10.903825271935897,4.209160236650682,15.113609310987773,12.242519322292177,1.3386940503562794,3.917927839680231
4335,106389,503368000.0,,220-224 marlborough st,220,224 marlborough st,,2116.0,220  224 marlborough st,boston,2116,44939.0,,Multifamily Housing,Multifamily Housing (44939.0),81.9,,3679199.612,2884200.2,153179.873,233001.0,47797.825,,,,,,,,,,,,,,,,,,,,,,14.31,pending revisions,200977.698,2030.0,I'm not sure,No,No,No,I'm not sure,I'm not sure,,,21.608894487728598,4.4722334275351034,10.713061293600333,4.405498990859024,15.118205789750137,12.210949225661347,1.4978879320610137,3.073105011770532
2883,104325,503529000.0,,8 gloucester st,8 gloucester st,8 gloucester st,,2115.0,8 gloucester st,boston,2115,20206.0,,Multifamily Housing,Multifamily Housing (20206.0),71.4,,1442878.912,,,61576.0,12631.701,,,,,,,,,,1232781.6,91484.723,,,,,,,,,,,21.21,in compliance,104116.424,2030.0,No,No,No,No,No,No,,,14.56162028931226,5.152747896664357,9.913734868987678,4.268297869345539,14.182150920167112,11.553265013532146,1.6395301445444674,2.67838932018359
4348,106407,503569000.0,,293-295 commonwealth ave,293,295 commonwealth ave,,2115.0,293  295 commonwealth av,boston,2115,30000.0,,Multifamily Housing,Multifamily Housing (30000.0),88.4,61.0,2652891.652,2318699.9,123146.152,97946.0,20092.642,,,,,,,,,,,,,,,,,,,,,,28.81,in compliance,143238.794,2030.0,Yes,No,No,No,Yes,Yes,,,12.597817315608939,4.774626466666667,10.308952660644293,4.481871969643598,14.791160792481914,11.872268404641014,1.5633157439967211,2.5335235700316443
2108,103084,503596000.0,four hundred 16 marlborough,416 marlborough st,416 marlborough st,416 marlborough st,,2115.0,416 marlborough st,boston,2115,78100.0,,Multifamily Housing,Multifamily Housing (78100.0),49.2,71.0,3839771.632,1735383.1,92166.196,616761.0,126522.352,,,,,,,,,,,,,,,,,,,,,,34.52,in compliance,218688.548,2025.0,No,No,No,No,No,No,,,54.80745335508015,2.800109449423816,11.265745335827777,3.8958936234982624,15.160923451962116,12.295403841324912,1.0296585054971343,4.00382619483463
418,100584,503644000.0,beacon towers condo tr,483 beacon st,483 beacon st,483 beacon st,,2115.0,483  479 beacon st,boston,2115,70000.0,,Multifamily Housing,Multifamily Housing (70000.0),69.5,90.0,4867724.648,3896399.9,206937.799,284679.0,58399.05,,,,,,,,,,,,,,,,,,,,,,40.18,in compliance,265336.849,2025.0,I'm not sure,No,No,No,I'm not sure,I'm not sure,,,19.95526699007318,3.790526414285714,11.156250521031495,4.241326752570746,15.398137167808587,12.48875542607063,1.3325049050391338,2.9934931180189674
2025,102985,503693000.0,five 04 beacon llc,504 beacon st,504 beacon st,504 beacon st,,2115.0,7 massachusetts av,boston,2115,41041.0,,Multifamily Housing,Multifamily Housing (41041.0),75.9,,3114141.768,2611591.7,138701.635,147289.0,30214.865,,,,,,,,,,,,,,,,,,,,,,31.03,in compliance,168916.5,2025.0,No,No,No,No,No,No,,,16.138384145329635,4.115798835311031,10.62232684601953,4.3294166844015844,14.951464156351363,12.037159788965827,1.4148329429462994,2.7812005429185476
2032,102993,503698000.0,,520 beacon st,520 beacon st,520 beacon st,,2215.0,520 beacon st,boston,2215,34562.0,,Multifamily Housing,Multifamily Housing (34562.0),56.4,49.0,1947726.352,770600.0,40926.566,344996.0,70772.479,,,,,,,,,,,,,,,,,,,,,,31.19,pending revisions,111699.045,2025.0,I'm not sure,No,No,No,I'm not sure,I'm not sure,,,60.43857753381159,3.2318455239858803,10.450510091613937,4.032469158504013,14.48217327693085,11.623563435334082,1.1730533437201456,4.101627601949084
1155,101726,503703000.0,charlesview condominium tr,534-538 beacon st,534,538 beacon st,,2215.0,534  538 beacon st,boston,2215,37503.0,,Multifamily Housing,Multifamily Housing (37503.0),91.3,100.0,3423911.708,1774179.0,94226.647,483509.0,99187.036,,,,,,,,,,,,,,,,,,,,,,46.4,in compliance,193413.683,2025.0,No,No,No,No,No,No,,,48.18480659110501,5.157285630482894,10.532176208758672,4.514150787600923,15.046294229696347,12.172586609240154,1.6404104004814817,3.8750437554133854
434,100619,503748000.0,belvoir condo trust,636-638 beacon st,636,638 beacon st,,2215.0,636  638 beacon st,boston,2215,39550.0,,Multifamily Housing,Multifamily Housing (39550.0),112.5,2.0,4451323.416,2908099.7,154449.175,452293.0,92783.386,,,,,,,,,,,,,,,,,,,,,,40.23,in compliance,247232.561,2030.0,No,No,No,No,No,No,,,34.67039834496716,6.251139342604298,10.5853209731958,4.722953221644475,15.308712006782677,12.418084715147117,1.8327637419513167,3.545886249246363
920,101251,503758000.0,boston university trst of,96 bay state rd,96 bay state rd,96 bay state rd,,2215.0,96 bay state rd,boston,2215,28553.0,,Multifamily Housing,Multifamily Housing (28553.0),66.6,,1901075.605,1716416.8,91158.896,54120.4,11102.259,,,,,,,,,,,,,,,,,,,,,,20.1,in compliance,102261.155,2030.0,No,Yes,No,No,No,No,,,9.713812663436917,3.5814504605470527,10.259517288372871,4.198704577546343,14.45793039185278,11.535285163309107,1.2757678749362342,2.273548858524179
3913,105841,503809000.0,somerset condo tr,400-416 commonwealth ave,400,416 commonwealth ave,,2215.0,416  400 commonwealth av,boston,2215,215278.0,,Multifamily Housing,"Office (28326.0),Multifamily Housing (186952.0)",42.7,93.0,9201805.732,2541800.1,134995.003,1951936.0,400420.151,,,,,,,,,,,,,,,,,,,,,,25.02,in compliance,535415.154,2025.0,No,No,No,No,No,No,,,72.38034160228236,2.487087180297104,12.279685495130952,3.754198920234579,16.0349102979772,13.190797713739558,0.9111122186086071,4.281934737691776
4585,106759,503810000.0,windsor place condo tr,390 commonwealth ave,390 commonwealth ave,390 commonwealth ave,,2215.0,390 commonwealth av,boston,2215,149401.0,,Multifamily Housing,Multifamily Housing (149401.0),56.9,52.0,8498829.676,4944300.2,262591.784,1041773.0,213709.313,,,,,,,,,,,,,,,,,,,,,,25.57,in compliance,476301.097,2025.0,No,No,No,No,No,No,,,41.82559102211616,3.1880716795737647,11.914389245098882,4.041295341132285,15.9554390268046,13.07380548995657,1.159416244857689,3.733508377606668
388,100539,503870010.0,barnes mansion,10 charlesgate e,10 charlesgate e,10 charlesgate e,,2215.0,10 charlesgate east,boston,2215,26328.0,,Multifamily Housing,Multifamily Housing (26328.0),119.3,16.0,3140055.576,2658799.8,141208.857,141048.0,28934.587,,,,,,,,,,,,,,,,,,,,,,139.52,in compliance,170143.444,2030.0,No,No,No,No,No,No,,,15.32701958775777,6.46245229413552,10.178388290623175,4.78164132910387,14.95975105709086,12.044397148478525,1.8660088578553504,2.7296172570062827
1148,101718,503870210.0,charlesgate condominium trust,4-10 charlesgate e,4,10 charlesgate e,,2215.0,4 charlesgate east,boston,2215,54396.0,,Multifamily Housing,Multifamily Housing (54396.0),83.5,1.0,4541814.36,2658799.8,141208.857,551880.0,113212.663,,,,,,,,,,,,,,,,,,,,,,67.29,in compliance,254421.52,2025.0,No,No,No,No,No,No,,,41.46134546106811,4.67721008897713,10.90404590072885,4.42484663185681,15.328837128949749,12.446747698065439,1.5427017973365897,3.72476155850877
4018,105979,503892000.0,stratford 31 condo tr,31 massachusetts ave,31 massachusetts ave,31 massachusetts ave,,2115.0,31 massachusetts av,boston,2115,25088.0,,Multifamily Housing,Multifamily Housing (25088.0),62.6,84.0,1569948.588,1157100.0,61453.581,120999.0,24821.735,,,,,,,,,,,,,,,,,,,,,,26.57,in compliance,86275.316,2030.0,No,No,No,No,No,No,,,26.298105619876516,3.4389076849489797,10.130144923150134,4.136765278106052,14.266553430291497,11.365298810665958,1.235153887515824,3.2694969069269684
127,100174,503899000.0,,475 commonwealth ave,475 commonwealth ave,475 commonwealth ave,,2215.0,475 commonwealth av,boston,2215,45976.0,,Multifamily Housing,"Multifamily Housing (38650.0),Office (7326.0)",36.9,95.0,1695530.4,840909.7,44660.714,250475.0,51382.442,,,,,,,,,,,,,,,,,,,,,,22.67,in compliance,96043.156,2025.0,No,No,No,No,No,No,,,50.406543654422244,2.0889846006612145,10.735874800187577,3.6082115510464816,14.343506170201307,11.472552911103056,0.7366781109154795,3.9201210010627046
1012,101365,503916000.0,braemore conco assn inc,464-466 commonwealth ave,464,466 commonwealth ave,,2215.0,466  464 commonwealth av,boston,2215,100000.0,,Multifamily Housing,Multifamily Housing (100000.0),44.0,87.0,4404810.62,2358600.1,125265.251,599710.0,123024.509,,,,,,,,,,,,,,,,,,,,,,34.85,in compliance,248289.76,2025.0,No,No,No,No,No,No,,,46.45603756966968,2.4828976000000003,11.512925464970229,3.784189633918261,15.29820782437375,12.42235173021089,0.9094262652406618,3.8385064367845434
2602,103988,503924000.0,,545 newbury st,545 newbury st,545 newbury st,,2215.0,545 newbury st,boston,2215,46858.0,,Multifamily Housing,Multifamily Housing (46858.0),48.3,87.0,2261501.545,1260596.9,66950.301,370965.4,76099.842,264829.3,,,,,,,,,,,,,,,,,,,,,28.45,in compliance,143050.143,2025.0,No,No,No,No,No,No,,,55.971201629667696,3.0528435485936236,10.754877030826584,3.877431560658527,14.631539551074685,11.870950498128229,1.1160734673016435,4.024837301846789
2603,103989,503924000.0,,490-496 commonwealth ave,490,496 commonwealth ave,,2215.0,545 newbury st,boston,2215,165800.0,,Multifamily Housing,"Multifamily Housing (157653.0),Retail Store (3254.0),Other (4893.0)",53.2,,8823508.888,6076425.8,322718.974,805124.0,165163.137,,,,,,,,,,,,,,,,,,,,,,34.96,in compliance,487882.111,2025.0,No,No,No,No,No,No,,,31.135049462421982,2.9425941556091675,12.018537521683331,3.9740583963475986,15.992930181974941,13.097829079831474,1.079291558148142,3.438334176966866
3563,105286,503939000.0,residences @ 534-538 comm av,534-538 commonwealth ave,534,538 commonwealth ave,,2215.0,534  538 commonwealth av,boston,2215,43078.0,,Multifamily Housing,"Multifamily Housing (30770.0),Other (12308.0)",44.9,,1933994.244,862500.0,45807.375,314037.0,64421.55,,,,,,,,,,,,,,,,,,,,,,19.52,in compliance,110228.925,2030.0,I'm not sure,No,No,No,I'm not sure,I'm not sure,,,55.40561213531719,2.5588217883838618,10.670767704937301,3.8044377947482086,14.47509797877585,11.610314618573781,0.9395469136364817,4.014680890704066
955,101290,504140000.0,boston university trustee of,580 commonwealth ave,580 commonwealth ave,580 commonwealth ave,,2215.0,580 commonwealth av,boston,2215,124795.0,,Multifamily Housing,Multifamily Housing (124795.0),77.1,49.0,9618018.492,4745699.3,252044.09,1427716.0,292881.66,,,,,,,,,,,,,,,,,,952.2,70.663,,,44.9,in compliance,544996.413,2025.0,No,Yes,No,No,No,No,,,50.650569589277104,4.36713340278056,11.734427670012312,4.345103280569283,16.079148823462937,13.208534491972346,1.474106821960033,3.9249504762242964
978,101316,504162000.0,boylston condominium tr,1089-1091 boylston st,1089,1091 boylston st,,2215.0,1089  1091 boylston st,boston,2215,24650.0,,Multifamily Housing,Multifamily Housing (24650.0),72.3,93.0,1781241.956,1474800.0,78326.628,89813.0,18424.239,,,,,,,,,,,,,,,,,,,,,,41.12,in compliance,96750.867,2025.0,No,No,No,No,No,No,,,17.204592948067745,3.924984462474645,10.112532179470836,4.280824129164719,14.392821407059076,11.479894572092187,1.3673623926213505,2.8451763800371483
1955,102906,504165000.0,fenmore condominium tr,50 charlesgate e,50 charlesgate e,50 charlesgate e,,2215.0,1109  1111 boylston st,boston,2215,52651.0,,Multifamily Housing,Multifamily Housing (52651.0),104.6,74.0,5506358.856,4662271.0,247613.213,247388.0,50749.174,,,,,,,,,,,,,,,,,,,,,,109.61,in compliance,298362.387,2025.0,No,No,No,No,No,No,,,15.330002752730145,5.6667943059011225,10.871440510734077,4.650143551630823,15.521414138005833,12.606064090439295,1.7346235797052183,2.7298118724486216
1956,102909,504165000.0,fenmore condominium tr,60 charlesgate e,60 charlesgate e,60 charlesgate e,,2215.0,1109  1111 boylston st,boston,2215,54812.0,,Multifamily Housing,Multifamily Housing (54812.0),100.7,73.0,5520862.86,4853629.2,257776.247,195555.0,40116.153,,,,,,,,,,,,,,,,,,,,,,21.86,in compliance,297892.4,2025.0,No,No,No,No,No,No,,,12.086208445503752,5.434802597971248,10.911664427066091,4.612145799724517,15.524044721254718,12.60448762645919,1.6928231993930971,2.4920650046468182
1970,102924,504174000.0,fenway studios inc,30 ipswich st,30 ipswich st,30 ipswich st,,2215.0,30 ipswich st,boston,2215,66000.0,,Multifamily Housing,Multifamily Housing (66000.0),58.3,64.0,3847883.364,3536292.7,187812.505,91322.0,18733.795,,,,,,,,,,,,,,,,,,,,,,11.02,in compliance,206546.3,2025.0,No,No,No,No,No,No,,,8.09807192222368,3.129489393939394,11.097410021008562,4.065602093356446,15.16303377949754,12.23827987932629,1.1408698583177275,2.091625999050361
981,101319,504178000.0,boylston i holding llc,1163 boylston st,1163 boylston st,1163 boylston st,,2215.0,1163 boylston st,boston,2215,20100.0,,Multifamily Housing,Multifamily Housing (20100.0),80.7,93.0,1622179.18,1409731.0,74870.813,62265.0,12773.042,,,,,,,,,,,,,,,,,,,,,,35.3,in compliance,87643.855,2025.0,No,No,No,No,No,No,,,13.097043925196969,4.3603907960199,9.908475094047168,4.390738575275903,14.29928097611363,11.381036779506049,1.472561685458881,2.572386550178167
2700,104098,504213000.0,lincoln halls at park dr,11 park dr,11 park dr,11 park dr,,2215.0,11  15 park dr,boston,2215,52865.0,,Multifamily Housing,Multifamily Housing (52865.0),72.8,87.0,3851060.256,3277799.9,174083.953,168013.0,34466.187,,,,,,,,,,,,,,,,,,,,,,29.13,in compliance,208550.14,2025.0,No,No,No,No,No,No,,,14.88643438016359,3.9449567766953564,10.875496773166628,4.28771595520264,15.163859059519611,12.247934770926712,1.3724379977600851,2.700450353960963
493,100717,504215000.0,bobson residential llc,11 peterborough st,11 peterborough st,11 peterborough st,,2215.0,11 peterborough st,boston,2215,32875.0,,Multifamily Housing,Multifamily Housing (32875.0),68.0,86.0,2236574.372,1838800.0,97658.668,116581.0,23915.426,,,,,,,,,,,,,,,,,,,,,,,in compliance,121574.094,2025.0,I'm not sure,No,No,No,I'm not sure,I'm not sure,C10075,,17.785764879094305,3.698071300380228,10.400467769480066,4.219507705176107,14.620455955046836,11.708279183054213,1.307811413574147,2.878398411453115
3412,105048,504221000.0,,39 peterborough st,39 peterborough st,39 peterborough st,,2215.0,39 peterborough st,boston,2215,63147.0,,Multifamily Housing,Multifamily Housing (63147.0),68.5,54.0,4324069.292,,,212591.0,43610.918,,,,,,,,,,3598708.8,267060.18,,,,,,,,,,,42.29,in compliance,310671.098,2025.0,No,No,No,No,No,No,,,16.77568816929125,4.919807718498108,11.053220620711953,4.22683374526818,15.27970748258971,12.646490068846386,1.5932694481344352,2.8199307055209992
3406,105041,504224000.0,peterborough condo tr,82 jersey st,82 jersey st,82 jersey st,,2215.0,86  82 jersey st,boston,2215,27584.0,,Multifamily Housing,Multifamily Housing (27584.0),81.1,68.0,2236361.8,1893199.9,100547.847,100575.0,20631.956,,,,,,,,,,,,,,,,,,,,,,28.1,in compliance,121179.803,2025.0,No,No,No,No,No,No,,,15.345324993925402,4.393119308294663,10.224991173463419,4.395682961121367,14.620360906965672,11.705030696816854,1.4800395233534334,2.730810866988865
3239,104812,504225000.0,,1282 boylston st,1282 boylston st,1282 boylston st,,2215.0,1284  1282 boylston st,boston,2215,272845.0,86715.0,Multifamily Housing,"Multifamily Housing (262165.0),Parking (86715.0),Retail Store (10680.0)",61.5,89.0,16778486.23,10815524.9,574412.527,1747644.0,358511.69,,,,,,,,,,,,,,,,,,,,,,39.99,in compliance,932924.217,2025.0,No,No,No,No,No,No,,,35.540890833987945,3.419246154410013,12.516659147359427,4.119037174812473,16.635608042180642,13.74607925145016,1.2294201040907322,3.570683888084509
3408,105044,504233000.0,peterborough housing,42 peterborough st,42 peterborough st,42 peterborough st,,2215.0,42 peterborough st,boston,2215,63142.0,,Multifamily Housing,Multifamily Housing (63142.0),80.4,40.0,5074888.528,1362150.0,72343.787,256469.0,52612.051,,,,,,,,,,2837666.3,210583.216,,,,,,,,,,,63.37,in compliance,335539.054,2025.0,No,No,No,No,No,No,,,17.243939320473682,5.314039054828799,11.053141437251751,4.387014176184921,15.439815117724784,12.723493633984422,1.6703521967326695,2.8474607380010397
3407,105043,504236000.0,peterborough gardens cd tr,24-30 peterborough st,24,30 peterborough st,,2215.0,30  24 peterborough st,boston,2215,25672.0,,Multifamily Housing,Multifamily Housing (25672.0),93.1,50.0,2391055.504,1958100.0,103994.691,126892.0,26030.625,,,,,,,,,,,,,,,,,,,,,,36.39,in compliance,130025.316,2025.0,No,No,No,No,No,No,,,18.108092308006913,5.064868962293549,10.153156182789694,4.533674184283021,14.687245459889137,11.775484448940185,1.6223282661504923,2.8963589271975048
3002,104499,504238000.0,,25 park dr,25 park dr,25 park dr,,2215.0,31  25 park dr,boston,2215,78582.0,,Multifamily Housing,Multifamily Housing (78582.0),64.1,16.0,5036153.592,4266095.9,226572.353,225691.0,46298.252,,,,,,,,,,,,,,,,,,,,,,40.45,in compliance,272870.605,2025.0,No,No,No,No,No,No,,,15.291264088396769,3.472431409228576,11.271897944557457,4.160444363926624,15.432153172489874,12.51675298744677,1.2448550428893121,2.7272816907157194
494,100718,504241000.0,bobson residential llc,11 queensberry st,11 queensberry st,11 queensberry st,,2215.0,11 queensberry st,boston,2215,32628.0,,Multifamily Housing,Multifamily Housing (32628.0),93.1,65.0,3037151.492,21100.0,1120.621,94891.0,19465.94,,,,,,,,,,2692283.4,199794.351,,,,,,,,,,,26.07,in compliance,220380.912,2025.0,I'm not sure,No,No,No,I'm not sure,I'm not sure,,,10.660723592578702,6.75434939315925,10.39292609442047,4.533674184283021,14.926430624904327,12.303112746339767,1.9101866519192956,2.3665662956627793
2644,104034,504244000.0,,25-29 queensberry st,25,29 queensberry st,,2215.0,29 a25 queensberry st,boston,2215,38220.0,,Multifamily Housing,Multifamily Housing (38220.0),68.6,,2622733.848,2291500.3,121701.581,97079.0,19914.786,,,,,,,,,,,,,,,,,,,,,,2064.76,in compliance,141616.367,2025.0,I'm not sure,No,No,No,I'm not sure,I'm not sure,,,12.629878937300386,3.705294793301936,10.551114217794265,4.22829253473184,14.779727785153264,11.860877039720384,1.3097628219261193,2.536065350987908
1991,102949,504250000.0,fifty 1 park drive condo assn,51 park dr,51 park dr,51 park dr,,2215.0,51 park dr,boston,2215,29310.0,,Multifamily Housing,Multifamily Housing (29310.0),50.1,96.0,1467986.9,1018200.0,54076.602,131825.0,27042.581,,,,,,,,,,,,,,,,,,,,,,37.18,in compliance,81119.183,2025.0,No,No,No,No,No,No,,,30.641055022357495,2.7676282156260665,10.285684033704937,3.914021008090819,14.19940256441106,11.303674747275279,1.0179907135703403,3.4223407771241594
2689,104087,504270000.0,levenson norman a trst,16 queensberry st,16 queensberry st,16 queensberry st,,2215.0,16 queensberry st,boston,2215,20890.0,,Multifamily Housing,Multifamily Housing (20890.0),86.2,51.0,1800717.984,,,76332.0,15658.746,,,,,,,,,,1540273.2,114303.674,,,,,,,,,,,38.64,in compliance,129962.42,2030.0,I`m not sure,No,No,No,I`m not sure,I`m not sure,C10086,This building has been reported as part of a campus within Energy Star Portfolio Manager. This reported row of data may not encompass the energy and water usage of the entire building. See this building's corresponding Campus ID at the bottom of this data disclosure spreadsheet to view the reported energy usage for the entire campus of buildings.,14.464021357827455,6.221274293920536,9.947025854550612,4.456670177669648,14.403696023334914,11.775000610723854,1.8279747561732433,2.6716642802684385
2263,103379,504272000.0,guarini rosalyn e trst,111 park dr,111 park dr,111 park dr,,2215.0,111 park dr,boston,2215,32832.0,,Multifamily Housing,Multifamily Housing (32832.0),74.3,94.0,2440195.892,,,67616.0,13870.746,,,,,,,,,,2209490.1,163966.26,,,,,,,,,,,62.95,in compliance,177837.006,2025.0,I'm not sure,No,No,No,I'm not sure,I'm not sure,,,9.454812015559282,5.416575475146199,10.399158928530442,4.308110951723713,14.707588877653386,12.088622713138736,1.6894637846082958,2.246523819898946
2688,104086,504273000.0,levenson norman a mtgee,117 park dr,117 park dr,117 park dr,,2215.0,117 park dr,boston,2215,33360.0,,Multifamily Housing,Multifamily Housing (33360.0),49.7,95.0,1656537.58,,,125215.0,25686.605,,,,,,,,,,1229304.0,91226.65,,,,,,,,,,,35.6,in compliance,116913.255,2025.0,I'm not sure,No,No,No,I'm not sure,I'm not sure,,,25.79189071279626,3.504593974820144,10.415112856472684,3.906004933102583,14.320240186851716,11.669187528542976,1.2540746720702918,3.2500601290632347
2412,103632,504274000.0,hemenway park drive llc del llc,121 park dr,121 park dr,121 park dr,,2215.0,121 park dr,boston,2215,27800.0,,Multifamily Housing,Multifamily Housing (27800.0),72.8,96.0,2022531.384,601410.0,31940.885,69432.0,14243.28,,,,,,,,,,1184219.4,87880.922,,,,,,,,,,,45.42,pending revisions,134065.087,2025.0,No,No,No,No,No,No,,,11.713657482607449,4.822485143884892,10.232791299678729,4.28771595520264,14.519860445223314,11.806080684887986,1.5732893852092575,2.4607554672373144
1961,102915,504275000.0,fenway by the park condo tr,125 park dr,125 park dr,125 park dr,,2215.0,125  131 park dr,boston,2215,49150.0,,Multifamily Housing,Multifamily Housing (49150.0),81.3,91.0,3998210.596,3430000.0,182167.3,166533.0,34162.58,,,,,,,,,,,,,,,,,,,,,,39.79,in compliance,216329.88,2025.0,No,No,No,No,No,No,,,14.212247261774802,4.401421770091557,10.802632125575313,4.398146016553765,15.201357467992855,12.284559743870677,1.4819276182953636,2.6541040761058596
2204,103311,504277000.0,gilbert joy s trst,137 park dr,137 park dr,137 park dr,,2215.0,137 park dr,boston,2215,33372.0,,Multifamily Housing,Multifamily Housing (33372.0),44.7,100.0,1492538.516,1184800.0,62924.728,90193.0,18502.192,,,,,,,,,,,,,,,,,,,,,,27.4,in compliance,81426.92,2025.0,I'm not sure,No,No,No,I'm not sure,I'm not sure,C10029,,20.619370398210883,2.439977226417356,10.415472504021965,3.7999735016195233,14.215988930281075,11.30746120984801,0.8919887058260438,3.026230944573232
2205,103312,504278000.0,gilbert joy s trst,143 park dr,143 park dr,143 park dr,,2215.0,143 park dr,boston,2215,25715.0,,Multifamily Housing,Multifamily Housing (25715.0),110.8,61.0,2847939.928,2572100.2,136604.242,80844.0,16584.338,,,,,,,,,,,,,,,,,,,,,,79.8,in compliance,153188.58,2025.0,I'm not sure,No,No,No,I'm not sure,I'm not sure,C10029,,9.686013805555243,5.9571681897725055,10.154829758209017,4.707726774313183,14.862106458594921,11.939424990429215,1.784595232220198,2.2706829692902883
3955,105901,504281010.0,st cecilias house inc,108 kilmarnock st,108 kilmarnock st,108 kilmarnock st,,2215.0,108 kilmarnock st,boston,2215,80731.0,,Multifamily Housing,Multifamily Housing (80731.0),62.1,83.0,5011421.608,3258981.9,173084.529,513610.7,105362.099,,,,,,,,,,,,,,,,,,,,,,35.44,in compliance,278446.628,2030.0,No,No,No,No,No,No,,,34.970451242963954,3.449067000284897,11.298877919281251,4.128745988939433,15.427230186902285,12.536981679050433,1.2381037597691809,3.5545034547084735
3409,105045,504305000.0,,80 peterborough st,80 peterborough st,80 peterborough st,,2215.0,80 peterborough st,boston,2215,28801.0,,Multifamily Housing,Multifamily Housing (28801.0),83.6,44.0,2406853.972,,,115681.0,23730.8,,,,,,,,,,2012150.4,149321.681,,,,,,,,,,,36.78,in compliance,173052.481,2025.0,No,No,No,No,No,No,,,16.399870068644113,6.008558070900316,10.268165387743457,4.426043520090656,14.693831046873312,12.061350185857568,1.7931847981141114,2.797273412155117
3410,105046,504307000.0,,76 peterborough st,76 peterborough st,76 peterborough st,,2215.0,76 peterborough st,boston,2215,28801.0,,Multifamily Housing,Multifamily Housing (28801.0),77.3,26.0,2226219.488,1778568.5,94459.773,131199.0,26914.163,,,,,,,,,,,,,,,,,,,,,,44.0,in compliance,121373.936,2030.0,No,No,No,No,No,No,,,20.109008579930286,4.21422645047047,10.268165387743457,4.3476939555933765,14.615815407933411,11.706631439334812,1.438466051591354,3.001167902714996
3411,105047,504308000.0,,72 peterborough st,72 peterborough st,72 peterborough st,,2215.0,72 peterborough st,boston,2215,41712.0,,Multifamily Housing,Multifamily Housing (41712.0),56.6,74.0,2359608.16,,,170955.0,35069.709,,,,,,,,,,1776309.7,131819.943,,,,,,,,,,,19.52,in compliance,166889.652,2030.0,No,No,No,No,No,No,,,24.721227580853935,4.000998561565018,10.638544136173284,4.036008985209137,14.674006129318334,12.02508810652945,1.3865439703561675,3.2076622907761596
2300,103480,504313000.0,,1346-1352 boylston st,1346,1352 boylston st,,2215.0,1350 boylston st,boston,2215,189800.0,49000.0,Multifamily Housing,"Multifamily Housing (182752.0),Parking (49000.0),Other (7048.0)",63.8,67.0,12106107.22,6993644.9,371432.481,1498377.0,307377.058,,,,,,,,,,,,,,,,,,,,,,28.59,in compliance,678809.539,2025.0,I'm not sure,Yes,Yes,Yes,I'm not sure,I'm not sure,,,42.23229637437492,3.576446464699684,12.153726165157964,4.155753190350744,16.309220612159788,13.428095864983598,1.2743696998256346,3.7431852452646135
1681,102516,600007010.0,court square press building,9 w broadway,9 w broadway,9 w broadway,,2127.0,9 w broadway,boston,2127,200000.0,,Multifamily Housing,"Veterinary Office (3470.0),Multifamily Housing (196530.0)",61.7,26.0,12334812.12,76600.0,4068.226,1314352.0,269626.169,,,,,,7773643.1,429105.099,,,,,,,,,,,,,,,19.32,in compliance,702799.494,2025.0,Yes,No,No,No,Yes,Yes,C10023,,36.35860954483675,3.5139974699999996,12.206072645530174,4.122283930911342,16.327936076374385,13.462826915317587,1.2567542697874123,3.593431027236936
1682,102517,600007010.0,court square press building,141 dorchester ave,141 dorchester ave,141 dorchester ave,,2127.0,9 w broadway,boston,2127,199711.0,289.0,Multifamily Housing,"Office (2051.0),Multifamily Housing (195963.0),Parking (289.0),Fitness Center/Health Club/Gym (1697.0)",57.9,12.0,11570593.22,233200.0,12385.252,2257118.0,463025.187,,,,,,3636106.6,200713.084,,,,,,,,,,,,,,,23.06,in compliance,676123.523,2025.0,I'm not sure,No,No,No,I'm not sure,I'm not sure,C10023,,66.5620598465737,3.3855096764825174,12.204626600510851,4.05871738457895,16.263977370111316,13.424131064664039,1.219504464153189,4.1981347432482465
3571,105296,600022010.0,,48-52 w broadway,48,52 w broadway,,2127.0,48  78 w broadway,boston,2127,200755.0,50000.0,Multifamily Housing,"Multifamily Housing (197055.0),Parking (50000.0),Other (3700.0)",33.1,98.0,6637685.264,2956147.5,157000.994,1078997.0,221345.445,,,,,,,,,,,,,,,,,,,,,,21.2,in compliance,378346.439,2025.0,No,No,No,No,No,No,,,55.466619267382,1.884617762944883,12.209840538099092,3.4995332823830174,15.708273855856554,12.843565560158195,0.6337250220591025,4.015781385164223
4129,106114,600026000.0,,26 w broadway,26 w broadway,26 w broadway,,2127.0,26 hf26 w broadway,boston,2127,40924.0,6440.0,Multifamily Housing,"Multifamily Housing (40924.0),Parking (6440.0)",69.8,68.0,2854674.708,2299852.8,122145.182,162609.0,33357.61,,,,,,,,,,,,,,,,,,,,,,26.14,in compliance,155502.792,2030.0,No,No,No,No,No,No,,,19.43641066336165,3.7997945459876843,10.61947196699883,4.2456340097683265,14.86446845692762,11.95441896542416,1.3349469984253293,2.967148145326495
32,100044,600030000.0,,14-16 w broadway,14,16 w broadway,,2127.0,14  16 w broadway,boston,2127,68784.0,14110.0,Multifamily Housing,"Multifamily Housing (68784.0),Parking (14110.0)",90.7,9.0,6237054.707,3328737.9,176789.27,852378.9,174857.008,,,,,,,,,,,,,,,,,,,,,,26.25,in compliance,351646.278,2025.0,No,No,No,No,No,No,,,46.63170038208549,5.112326674808095,11.138726438736063,4.507557357121091,15.646018626834229,12.770381057292264,1.6316546185562009,3.842280575565751
5574,C10027,600053010.0,,45-55 west broadway st,45,55 west broadway st,,2127.0,,,,67200.0,0.0,Multifamily Housing,"Multifamily Housing (67200.0),Parking (15931.0)",46.1,77.0,3101089.904,1998700.0,106150.957,323092.0,66279.093,,,,,,,,,,,,,,,,,,,,,,9.74,,172430.05,,,,,,,,,,35.550029245459754,2.565923363095238,11.115428526511241,3.8308129500026027,14.947264189600412,12.057746925966878,0.9423183994556369,3.570940978906007
4152,106141,600072010.0,,36 a st,36 a st,36 a st,,2127.0,36 a st,boston,2127,29550.0,,Multifamily Housing,"Multifamily Housing (27550.0),Urgent Care/Clinic/Other Outpatient (2000.0)",45.9,93.0,1356087.42,753750.0,40031.663,176535.0,36214.39,,,,,,,,,,,,,,,,,,,,,,27.8,in compliance,76246.053,2030.0,I'm not sure,No,No,No,I'm not sure,I'm not sure,,,44.419252871617964,2.5802386802030455,10.293839022834245,3.8264651170664994,14.120114214430988,11.241720929195433,0.9478819063611889,3.793672998685432
4554,106717,600185000.0,,20 w fifth st,20 w fifth st,20 w fifth st,,2127.0,20 w fifth st,boston,2127,62738.0,20000.0,Multifamily Housing,"Multifamily Housing (62738.0),Parking (20000.0)",52.2,90.0,3274858.76,1946464.8,103376.746,389330.0,79867.156,,,,,,,,,,,,,,,,,,,,,,18.18,in compliance,183243.902,2025.0,No,No,No,No,No,No,,,40.56518026749954,2.920780101373968,11.046722603646513,3.955082494888593,15.001785299403949,12.118573342251143,1.071850738604629,3.7029100697543127
41,100056,600268000.0,160 west broadway,135 athens st,135 athens st,135 athens st,,2127.0,160 w broadway st,boston,2127,24358.0,5560.0,Multifamily Housing,"Multifamily Housing (24358.0),Parking (5560.0)",20.8,,507474.284,288400.0,15316.924,64207.0,13171.424,,,,,,,,,,,,,,,,,,,,,,24.24,in compliance,28488.348,2030.0,No,No,No,No,No,No,,,43.17143192422338,1.1695684374743411,10.100615616647056,3.0349529867072724,13.137201316693032,10.25725044055276,0.1566348239057029,3.765178978445678
43,100060,600291000.0,170 west broadway,170 w broadway,170 w broadway,170 w broadway,,2127.0,170 w broadway,boston,2127,67100.0,13075.0,Multifamily Housing,"Multifamily Housing (67100.0),Parking (13075.0)",55.3,59.0,3711004.812,2243500.2,119152.296,430101.0,88230.919,,,,,,,,,,,,,,,,,,,,,,22.21,in compliance,207383.215,2030.0,No,No,No,No,No,No,,,39.54640862777733,3.0906589418777943,11.113939322959773,4.012772908528289,15.126813236727424,12.24232364093356,1.1283843179737867,3.6774748842189378
571,100820,600307000.0,boston housing authority,88 w seventh st,88 w seventh st,88 w seventh st,,2127.0,11  95 b st,boston,2127,28356.0,,Multifamily Housing,Multifamily Housing (28356.0),110.0,,3119903.228,2436500.1,129402.52,200294.0,41088.311,,,,,,,,,,,,,,,,,,,,,,81.05,in compliance,170490.831,2025.0,No,No,No,No,No,No,,,21.90558880052545,6.012513436309776,10.252593926974908,4.700480365792417,14.953312542637972,12.046436797133568,1.7938428701586593,3.086741800636425
572,100822,600307000.0,boston housing authority,11 b st,11 b st,11 b st,,2127.0,11  95 b st,boston,2127,28356.0,,Multifamily Housing,Multifamily Housing (28356.0),96.7,,2743103.328,2059700.2,109390.678,200294.0,41088.311,,,,,,,,,,,,,,,,,,,,,,68.03,in compliance,150478.989,2025.0,No,No,No,No,No,No,,,24.914598189718646,5.3067777190012695,10.252593926974908,4.571613402459248,14.824600438914958,11.921578745451546,1.6689848184766372,3.215453904359439
574,100824,600307000.0,boston housing authority,59-71 b st,59,71 b st,,2127.0,11  95 b st,boston,2127,28356.0,,Multifamily Housing,Multifamily Housing (28356.0),104.4,,2959703.128,2276300.0,120894.293,200294.0,41088.311,,,,,,,,,,,,,,,,,,,,,,90.33,in compliance,161982.604,2025.0,No,No,No,No,No,No,,,23.091274446901213,5.712463111863451,10.252593926974908,4.648229675448539,14.90059952667581,11.995244225732534,1.742650298757627,3.1394548165985876
575,100825,600307000.0,boston housing authority,55-79 orton-marotta way,55,79 orton-marotta way,,2127.0,11  95 b st,boston,2127,28356.0,,Multifamily Housing,Multifamily Housing (28356.0),89.6,,2541903.128,1858500.0,98704.935,200294.0,41088.311,,,,,,,,,,,,,,,,,,,,,,77.66,in compliance,139793.246,2025.0,No,No,No,No,No,No,,,26.886672610444183,4.929935322330372,10.252593926974908,4.4953553199808844,14.748423621429462,11.847919795740685,1.595325868765777,3.291630721844935
576,100826,600307000.0,boston housing authority,7 orton-marotta way,7 orton-marotta way,7 orton-marotta way,,2127.0,11  95 b st,boston,2127,28356.0,,Multifamily Housing,Multifamily Housing (28356.0),116.0,,3290002.928,2606599.8,138436.515,200294.0,41088.311,,,,,,,,,,,,,,,,,,,,,,95.62,in compliance,179524.826,2025.0,No,No,No,No,No,No,,,20.77302625731888,6.33110544505572,10.252593926974908,4.7535901911063645,15.006399012710764,12.098068783753707,1.8454748567787984,3.0336553305636333
577,100827,600307000.0,boston housing authority,6 orton-marotta way,6 orton-marotta way,6 orton-marotta way,,2127.0,11  95 b st,boston,2127,28356.0,,Multifamily Housing,Multifamily Housing (28356.0),111.1,,3151503.328,2468100.2,131080.802,200294.0,41088.311,,,,,,,,,,,,,,,,,,,,,,94.2,in compliance,172169.113,2025.0,No,No,No,No,No,No,,,21.68594162753808,6.07169956975596,10.252593926974908,4.7104306966455844,14.96339014393982,12.056232487872482,1.8036385608975738,3.0766641993345756
578,100828,600307000.0,boston housing authority,1-25 crowley-rogers way,1,25 crowley-rogers way,,2127.0,11  95 b st,boston,2127,28356.0,,Multifamily Housing,Multifamily Housing (28356.0),115.4,,3272403.228,2589000.1,137501.795,200294.0,41088.311,,,,,,,,,,,,,,,,,,,,,,129.32,in compliance,178590.106,2025.0,No,No,No,No,No,No,,,20.884748134101276,6.298141698405981,10.252593926974908,4.748404354073999,15.00103520505317,12.092848548353642,1.8402546213787332,3.0390191382212266
579,100829,600307000.0,boston housing authority,141-165 w broadway,141,165 w broadway,,2127.0,11  95 b st,boston,2127,28356.0,,Multifamily Housing,Multifamily Housing (28356.0),118.5,,3361303.428,2677900.3,142223.285,200294.0,41088.311,,,,,,,,,,,,,,,,,,,,,,80.61,in compliance,183311.596,2025.0,No,No,No,No,No,No,,,20.332385538506642,6.464649315841444,10.252593926974908,4.774912960575186,15.027839381715937,12.118942694238163,1.8663487672632537,3.0122149615584592
580,100830,600307000.0,boston housing authority,149-175 flaherty way,149,175 flaherty way,,2127.0,11  95 b st,boston,2127,28356.0,,Multifamily Housing,Multifamily Housing (28356.0),120.9,,3429503.028,2746099.9,145845.366,200294.0,41088.311,,,,,,,,,,,,,,,,,,,,,,100.22,in compliance,186933.677,2025.0,No,No,No,No,No,No,,,19.92805273884132,6.5923852800112845,10.252593926974908,4.794963757620747,15.047925918848664,12.138509164477796,1.885915237502888,2.992128424425733
583,100833,600307000.0,boston housing authority,23-37 saint casimir st,23,37 saint casimir st,,2127.0,11  95 b st,boston,2127,20565.0,,Multifamily Housing,Multifamily Housing (20565.0),31.6,,649077.544,630100.0,33464.611,5562.0,1140.989,,,,,,,,,,,,,,,,,,,,,,54.85,in compliance,34605.6,2025.0,No,No,No,No,No,No,,,2.9238999986109517,1.6827425237053244,9.931345880664525,3.4531571205928664,13.38330747082922,10.451770797660547,0.5204249169960223,1.0729183411012388
591,100841,600307000.0,boston housing authority,49 crowley-rogers way,49 crowley-rogers way,49 crowley-rogers way,,2127.0,11  95 b st,boston,2127,28356.0,,Multifamily Housing,Multifamily Housing (28356.0),87.9,,2491103.128,1807700.0,96006.947,200294.0,41088.311,,,,,,,,,,,,,,,,,,,,,,55.94,in compliance,137095.258,2025.0,No,No,No,No,No,No,,,27.434961018602998,4.8347883340386515,10.252593926974908,4.476199804691132,14.728236193628218,11.828431277060181,1.5758373500852731,3.3118181496461787
593,100843,600307000.0,boston housing authority,111 flaherty way,111 flaherty way,111 flaherty way,,2127.0,11  95 b st,boston,2127,28356.0,,Multifamily Housing,Multifamily Housing (28356.0),106.4,,3017203.028,2333799.9,123948.113,200294.0,41088.311,,,,,,,,,,,,,,,,,,,,,,69.04,in compliance,165036.424,2025.0,No,No,No,No,No,No,,,22.651215902863,5.820158837635773,10.252593926974908,4.667205576907544,14.919840810540586,12.013921480035838,1.7613275530609305,3.12021353273381
594,100844,600307000.0,boston housing authority,1 joyce hayes way,1 joyce hayes way,1 joyce hayes way,,2127.0,11  95 b st,boston,2127,28356.0,,Multifamily Housing,Multifamily Housing (28356.0),105.2,,2984003.128,2300600.0,122184.866,200294.0,41088.311,,,,,,,,,,,,,,,,,,,,,,82.88,in compliance,163273.177,2025.0,No,No,No,No,No,No,,,22.90323242918531,5.757976336577796,10.252593926974908,4.65586330030361,14.908776288562612,12.003180009496461,1.7505860825215527,3.1312780547117853
596,100846,600307000.0,boston housing authority,37 joyce hayes way,37 joyce hayes way,37 joyce hayes way,,2127.0,11  95 b st,boston,2127,28356.0,,Multifamily Housing,Multifamily Housing (28356.0),114.3,,3241803.328,2558400.2,135876.635,200294.0,41088.311,,,,,,,,,,,,,,,,,,,,,,93.15,in compliance,176964.946,2025.0,No,No,No,No,No,No,,,21.08188261135624,6.240828960361123,10.252593926974908,4.738826570800765,14.991640315649851,12.083706946744686,1.831113019769778,3.0484140276245455
599,100849,600307000.0,boston housing authority,83-95 b st,83,95 b st,,2127.0,11  95 b st,boston,2127,28356.0,,Multifamily Housing,Multifamily Housing (28356.0),117.4,,3328003.228,2644600.1,140454.711,200294.0,41088.311,,,,,,,,,,,,,,,,,,,,,,86.13,in compliance,181543.022,2025.0,No,No,No,No,No,No,,,20.535832608272937,6.402278953307942,10.252593926974908,4.765586907393996,15.017883050874689,12.109247940411166,1.8566540134362568,3.0221712923997077
601,100851,600307000.0,boston housing authority,115 orton-marotta way,115 orton-marotta way,115 orton-marotta way,,2127.0,11  95 b st,boston,2127,28356.0,,Multifamily Housing,Multifamily Housing (28356.0),64.8,,1838803.128,1155400.0,61363.294,200294.0,41088.311,,,,,,,,,,,,,,,,,,,,,,40.49,in compliance,102451.605,2025.0,No,No,No,No,No,No,,,37.16728352770129,3.613048561151079,10.252593926974908,4.1713056033582285,14.424625444022181,11.537145819722957,1.2845518927480482,3.6154288992522146
606,100856,600307000.0,boston housing authority,44 w seventh st,44 w seventh st,44 w seventh st,,2127.0,11  95 b st,boston,2127,28356.0,,Multifamily Housing,Multifamily Housing (28356.0),84.2,,2387903.128,1704500.0,90525.995,200294.0,41088.311,,,,,,,,,,,,,,,,,,,,,,58.52,in compliance,131614.306,2025.0,No,No,No,No,No,No,,,28.620640598281422,4.6414976019184655,10.252593926974908,4.4331949212482815,14.685926186507647,11.787631000171732,1.5350370731968237,3.3541281567667505
468,100667,600516000.0,bigelow sq condo tr,350 w fourth st,350 w fourth st,350 w fourth st,,2127.0,350 w fourth st,boston,2127,35923.0,,Multifamily Housing,Multifamily Housing (35923.0),45.2,67.0,1622490.014,532500.0,28281.075,319457.8,65533.573,,,,,,,,,,,,,,,,,,,,,,32.27,in compliance,93814.648,2025.0,No,No,No,No,No,No,,,67.18302873141752,2.6115482559919827,10.489133037859581,3.8110970868381857,14.299472572841903,11.449076284849202,0.9599432469896193,4.2074206669937055
4298,106338,600685010.0,tudor place condo trust,116-138 tudor st,116,138 tudor st,,2127.0,118  130 tudor st,boston,2127,55000.0,,Multifamily Housing,Multifamily Housing (55000.0),19.8,100.0,1088284.976,183600.0,9750.996,265148.0,54392.461,,,,,,,,,,,,,,,,,,,,,,37.73,in compliance,64143.457,2030.0,No,No,No,No,No,No,,,83.13307342763501,1.1662446727272728,10.915088464214607,2.9856819377004897,13.900113598571863,11.068877369518445,0.15378890530383726,4.4204426182012675
4560,106724,600711010.0,west side condo trust,120 w seventh st,120 w seventh st,120 w seventh st,,2127.0,120 w seventh st,boston,2127,35895.0,,Multifamily Housing,Multifamily Housing (35895.0),25.7,100.0,923258.832,486400.0,25832.704,128036.0,26265.305,,,,,,,,,,,,,,,,,,,,,,23.03,pending revisions,52098.009,2030.0,No,No,No,No,No,No,,,47.319128965559685,1.4514001671541996,10.488353289010583,3.246490991901174,13.73566489887539,10.860882012040038,0.372528723029455,3.8569146316195453
1818,102715,601233000.0,,45 w third st,45 w third st,45 w third st,,2127.0,45 w third st,boston,2127,109194.0,0.0,Multifamily Housing,"Multifamily Housing (109194.0),Parking (30000.0)",33.1,99.0,3615619.856,1526152.0,81053.933,612388.0,125625.274,,,,,,,,,,,,,,,,,,,,,,26.12,in compliance,206679.207,2025.0,No,No,No,No,No,No,,,57.7925721569552,1.8927707291609428,11.600881395728463,3.4995332823830174,15.10077386664925,12.238923145544524,0.6380417498160628,4.056860258025053
3934,105877,601254000.0,spice lofts condominium tr,141 w second st,141 w second st,141 w second st,,2127.0,141 w second st,boston,2127,36000.0,8569.0,Multifamily Housing,"Multifamily Housing (36000.0),Parking (8569.0)",24.6,,884533.432,474800.0,25216.628,120086.0,24634.442,,,,,,,,,,,,,,,,,,,,,,12.93,in compliance,49851.07,2030.0,No,No,No,No,No,No,,,46.324020107812046,1.3847519444444445,10.491274217438248,3.202746442938317,13.692815589493442,10.816795239552807,0.32552102211456013,3.8356606193910303
3333,104935,601267000.0,one-84 west second st llc mass llc,154 w second st,154 w second st,154 w second st,,2127.0,154  158 w second st,boston,2127,90848.0,,Multifamily Housing,Multifamily Housing (90848.0),28.5,87.0,2586405.322,696100.0,36969.871,554016.8,113651.006,,,,,,,,,,,,,,,,,,,,,,23.4,in compliance,150620.877,2025.0,I'm not sure,No,No,No,I'm not sure,I'm not sure,,,73.08941131694749,1.6579437852236705,11.416943059272699,3.349904087274605,14.765779563077603,11.922521210238312,0.5055781509656141,4.291683504238323
3919,105853,601507001.0,south boston non profit,225 w second st,225 w second st,225 w second st,,2127.0,225 w second st,boston,2127,58304.0,,Multifamily Housing,Multifamily Housing (58304.0),56.3,78.0,3284928.598,2161983.1,114822.922,329116.5,67514.959,,,,,,,,,,,,,,,,,,,,,,34.28,in compliance,182337.881,2025.0,No,No,No,No,No,No,,,34.186279304783845,3.127364863474204,10.97342598061963,4.030694535145645,15.004855473895978,12.11361673392406,1.1401907533044302,3.5318243736517525
140,100188,601509010.0,5514 d street 320 boston llc,320 d st,320 d st,320 d st,,2127.0,320 d st,boston,2127,259607.0,0.0,Multifamily Housing,"Multifamily Housing (259607.0),Parking (89250.0)",37.2,96.0,9658489.288,5415500.1,287617.21,1243549.0,255101.642,,,,,,,,,,,,,,,,,,,,,,21.84,in compliance,542718.852,2025.0,No,No,No,No,No,No,,,43.93208496510785,2.0905401318146275,12.466924228009397,3.616308761279101,16.08334780555296,13.204346696872157,0.7374224688627594,3.7826449179383386
141,100189,601520004.0,5515 d street 339 boston llc,339 d st,339 d st,339 d st,,2127.0,339 d st,boston,2127,41760.0,8400.0,Multifamily Housing,"Multifamily Housing (41760.0),Parking (8400.0)",24.7,100.0,1033125.42,519500.0,27590.645,150535.0,30880.75,,,,,,,,,,,,,,,,,,,,,,35.57,in compliance,58471.395,2030.0,No,No,No,No,No,No,,,49.71787454905523,1.4001770833333333,10.639694222556521,3.2068032436339315,13.848099154090919,10.976292939274026,0.3365987167175064,3.9063645173187798
1676,102511,601700010.0,,351-353 w second st,351,353 w second st,,2127.0,190 f st,boston,2127,22387.0,,Multifamily Housing,Multifamily Housing (22387.0),46.2,,1033434.436,85400.0,4535.594,277853.0,56998.764,,,,,,,,,,,,,,,,,,,,,,34.84,pending revisions,61534.358,2030.0,I'm not sure,No,No,No,I'm not sure,I'm not sure,,,91.74032535819234,2.7486647607986776,10.016235712227882,3.832979798087693,13.848398217291441,11.027350964465152,1.0111152522372693,4.518962035687616
2093,103064,601728000.0,,314-330 w second st,314,330 w second st,,2127.0,314  330 w second st,boston,2127,36308.0,,Multifamily Housing,Multifamily Housing (36308.0),80.5,29.0,2922229.296,1443100.0,76643.041,433508.0,88929.831,,,,,,,,,,,,,,,,,,,,,,2.34,pending revisions,165572.872,2025.0,Yes,No,No,No,Yes,Yes,,,50.61869457762085,4.560231133634461,10.499793381646517,4.388257184424518,14.887857340493255,12.0171666910888,1.5173733094422817,3.924320966116346
4492,106620,601776010.0,,189-191 f st,189,191 f st,,2127.0,189  191 f st,boston,2127,61054.0,,Multifamily Housing,Multifamily Housing (61054.0),37.4,100.0,2281544.436,1785600.0,94833.216,145353.0,29817.714,,,,,,,,,,,,,,,,,,,,,,2.83,pending revisions,124650.93,2030.0,No,No,No,No,No,No,,,21.73818011712834,2.0416505061093457,11.019513997458025,3.6216707044204863,14.640363155820019,11.733272549814364,0.7137585523563399,3.079070166925434
1139,101707,601812000.0,channel view condo tr,312-320 w third st,312,320 w third st,,2127.0,312  320 w third st,boston,2127,32550.0,13695.0,Multifamily Housing,"Multifamily Housing (32550.0),Parking (13695.0)",30.2,,982377.516,706200.0,37506.282,80943.0,16604.647,,,,,,,,,,,,,,,,,,,,,,13.87,in compliance,54110.929,2030.0,No,No,No,No,No,No,,,28.11441151204035,1.6623941321044546,10.390532647636716,3.407841924380824,13.79773094930529,10.898791459219764,0.5082588115830488,3.3362823100664594
994,101333,601900005.0,bp broadway llc,353-361 athens st,353,361 athens st,,2127.0,420 w broadway,boston,2127,33904.0,,Multifamily Housing,"Multifamily Housing (32389.0),Retail Store (1515.0)",30.4,,1032141.7,26881.2,1427.661,294625.0,60439.373,,,,,,,,,,,,,,,,,,,,,,17.23,in compliance,61867.034,2025.0,No,No,No,No,No,No,,,97.39987191196713,1.824770941481831,10.431288280508081,3.414442608412176,13.847146521799562,11.0327427481485,0.6014544676404203,4.578824895575418
3038,104544,601960000.0,navem west broadway llc,457-469a w broadway,457,469a w broadway,,2127.0,457 469a w broadway,boston,2127,50295.0,,Multifamily Housing,"Multifamily Housing (36417.0),Retail Store (13878.0)",21.9,98.0,1101222.584,139100.0,7387.601,281982.0,57845.787,,,,,,,,,,,,,,,,,,,,,,17.22,in compliance,65233.388,2025.0,No,No,No,No,No,No,,,87.37242545508856,1.297015369321006,10.825660947568439,3.086486636822455,13.911931560576434,11.08572670273308,0.26006575516464164,4.470179734655923
2302,103482,601986000.0,harrigan william d jr ts,483 e broadway,483 e broadway,483 e broadway,,2127.0,481  487 e broadway,boston,2127,27356.0,,Multifamily Housing,Multifamily Housing (27356.0),69.1,17.0,1890703.14,1341900.0,71268.309,160845.0,32995.743,,,,,,,,,,,,,,,,,,,,,,26.81,in compliance,104264.052,2030.0,No,No,No,No,No,No,,,29.027680503561232,3.8113778330165227,10.216691162217987,4.235554730773624,14.452459349595205,11.554681921944415,1.3379907597264276,3.368249874863698
3876,105803,602077010.0,six-06 e fourth st condo tr,606 e fourth st,606 e fourth st,606 e fourth st,,2127.0,606 e fourth st,boston,2127,20000.0,,Multifamily Housing,Multifamily Housing (20000.0),32.4,,647157.564,346400.0,18397.304,88147.0,18082.476,,,,,,,,,,,,,,,,,,,,,,11.85,in compliance,36479.78,2030.0,No,No,No,No,No,No,,,46.47566570820456,1.8239889999999999,9.903487552536127,3.4781584227982836,13.38034507397349,10.50451341346833,0.6010258609322005,3.8389288575114735
607,100857,602527000.0,boston housing authority,120 l st,120 l st,120 l st,,2127.0,120 l st,boston,2127,55100.0,,Multifamily Housing,Multifamily Housing (55100.0),40.1,60.0,2208419.464,455600.0,24196.916,513722.0,105384.931,,,,,,,,,,,,,,,,,,,,,,41.67,in compliance,129581.847,2025.0,No,No,No,No,No,No,,,79.37335052848456,2.351757658802178,10.916904995141007,3.6913763343125234,14.607787642973907,11.772067983645226,0.8551629885042202,4.374162676253431
3422,105060,602641050.0,pier 4 llc,142 northern av,142 northern av,,,2110.0,142 northern av,boston,2110,417842.0,,Multifamily Housing,"Restaurant (10761.0),Multifamily Housing (407081.0)",51.1,66.0,21335637.15,8786400.3,466645.72,3641371.0,746990.847,,,,,,,,,,124879.0,9267.271,,,,,,,,,,,31.53,in compliance,1222903.838,2025.0,No,No,No,No,No,No,,,58.23544884222031,2.9267135376529883,12.94285864961988,3.933784497209659,16.875889338231435,14.016738783613945,1.0738801339940647,4.064494255955501
25,100037,602642000.0,133 seaport residential condominium trust,131-153 seaport blvd,131,153 seaport blvd,,2210.0,131  149 seaport bl,boston,2210,296552.0,,Multifamily Housing,"Multifamily Housing (253114.0),Retail Store (43438.0)",51.6,,15314169.69,8309593.0,441322.484,2052924.0,421136.829,,,,,,,,,,,,,,,,,,,,,,,in compliance,862459.313,2025.0,I'm not sure,No,No,No,I'm not sure,I'm not sure,,,45.7411976515718,2.908290326822952,12.599977861469387,3.9435216724875173,16.544289081304274,13.667543253441622,1.0675653919722343,3.8229993721515325
4988,107378,602642008.0,,131 seaport blvd,131 seaport blvd,131 seaport blvd,,2210.0,,,,353510.0,,Multifamily Housing,"Multifamily Housing (310072.0),Retail Store (43438.0)",50.8,,17963070.02,6431642.8,341584.549,3379668.0,693305.094,,,,,,,,,,,,,,,,,,,,,,,in compliance,1034889.643,2025.0,I`m not sure,No,No,No,I`m not sure,I`m not sure,,,64.19801377693456,2.9274692172781536,12.775667052461792,3.927896354584436,16.703828542755957,13.849805353875972,1.07413830141418,4.161972272163345
105,100146,602642060.0,,399 congress st,399 congress st,399 congress st,,2210.0,399 congress st,boston,2210,481242.0,104003.0,Multifamily Housing,"Multifamily Housing (481242.0),Parking (104003.0)",42.2,83.0,20315852.48,7249376.7,385014.397,3829565.0,785596.964,,,,,,,,,,,,,,,,,,,,,,20.53,in compliance,1170611.361,2025.0,I'm not sure,No,No,No,I'm not sure,I'm not sure,,,64.31947774583368,2.432479627713292,13.084125541069337,3.742420221041966,16.826912049605006,13.973036701071505,0.8889111600021677,4.163862505214514
26,100038,602642100.0,133 seaport residential condominium trust,133 seaport bl,133 seaport bl,133 seaport bl,,2210.0,133 seaport bl,boston,2210,384094.0,,Multifamily Housing,"Multifamily Housing (340656.0),Retail Store (43438.0)",40.6,,15602253.08,7414254.9,393771.078,2399765.0,492287.792,,,,,,,,,,,,,,,,,,,,,,,in compliance,886058.87,2025.0,No,No,No,No,No,No,,,52.4818954209016,2.3068802688925105,12.858642593279939,3.703768066607687,16.562925889996144,13.694538672075126,0.8358960787951873,3.9604682609977613
2126,103105,602655010.0,,346-354 congress st,346,354 congress st,,2210.0,346  354 congress st,boston,2210,90920.0,,Multifamily Housing,Multifamily Housing (90920.0),82.4,2.0,7495738.768,1604958.3,85239.335,1726489.0,354171.953,,,,,,,,,,,,,,,,,,,,,,49.51,in compliance,439411.288,2025.0,Yes,No,No,No,Yes,Yes,,,78.5918456296715,4.832944214694237,11.417735277966479,4.411585436915426,15.829845252773392,12.99319112817937,1.5754558502128915,4.364267948883684
4324,106375,602670010.0,,22 liberty dr,22 liberty dr,22 liberty dr,,2210.0,22 liberty dr,boston,2210,222191.0,,Multifamily Housing,Multifamily Housing (222191.0),76.0,7.0,16881184.5,11612998.5,616766.35,1544017.0,316739.647,,,,,,,,,,,,,,,,,,,,,,16.72,in compliance,933505.997,2025.0,I'm not sure,No,No,No,I'm not sure,I'm not sure,,,31.208814799399885,4.2013672786026435,12.31129265131695,4.330733340286331,16.641710216471107,13.746702666153242,1.4354100148362912,3.4407005805343798
5478,108029,602671130.0,,150 seaport blvd,150 seaport blvd,150 seaport blvd,,2210.0,,,,297956.0,21483.0,Multifamily Housing,"Restaurant (7317.0),Multifamily Housing (290639.0),Parking (21483.0)",21.8,100.0,6506470.064,3937500.2,209120.636,752922.0,154454.419,,,,,,,,,,,,,,,,,,,,,,11.58,in compliance,363575.055,2025.0,I'm not sure,No,No,No,I'm not sure,I'm not sure,,,39.48504760691388,1.2202306884237941,12.604701103579346,3.0819099697950434,15.68830763425084,12.803741033321428,0.19903992974208012,3.675922058645003
3423,105061,602672070.0,pier 4 residences condominium trust,300 pier 4 boulevard,300 pier 4 boulevard,300 pier 4 boulevard,,2110.0,300 pier 4 boulevard,boston,2110,216953.0,60000.0,Multifamily Housing,"Restaurant (16953.0),Multifamily Housing (200000.0),Parking (60000.0)",75.8,8.0,16441854.82,5853275.8,310867.478,3103335.0,636618.142,,,,,,,,,,,,,,,,,,,,,,29.95,in compliance,947485.62,2025.0,No,No,No,No,No,No,,,64.40298029738959,4.36723907943195,12.287436019201873,4.328098292648326,16.615340764829178,13.761567039042548,1.4741310198406734,4.165159909949295
4534,106686,602678015.0,,505 congress st,505 congress st,505 congress st,,2210.0,505 congress st,boston,2210,306021.0,31268.0,Multifamily Housing,"Multifamily Housing (289377.0),Parking (31268.0),Retail Store (16644.0)",51.1,59.0,15643709.66,5573829.7,296026.095,2951313.0,605432.349,,,,,,,,,,,,,,,,,,,,,,24.35,in compliance,901458.444,2025.0,No,No,No,No,No,No,,,64.37298359416113,2.9457404687913575,12.631409006030742,3.933784497209659,16.565579455493296,13.711769224057209,1.0803602180264664,4.1646940356841835
1133,101700,602678020.0,cg waterside ii limited,501 congress st,501 congress st,501 congress st,,2210.0,501 congress st,boston,2210,309066.0,19534.0,Multifamily Housing,"Multifamily Housing (309066.0),Parking (19534.0)",39.2,84.0,12129703.36,3856551.9,204821.471,2424722.0,497407.471,,,,,,,,,,,,,,,,,,,,,,17.79,in compliance,702228.942,2025.0,No,No,No,No,No,No,,,68.2087181091624,2.272100269845276,12.641310125305319,3.6686767467964168,16.311167825551127,13.462014758044832,0.820704632739514,4.22257238819231
3361,104988,602681002.0,,899 congress st,899 congress st,899 congress st,,2210.0,295  315 northern av,boston,2210,259730.0,81000.0,Multifamily Housing,"Multifamily Housing (259730.0),Parking (81000.0)",62.9,35.0,16332163.97,4652099.8,247073.02,3423231.0,702241.607,,,,,,,,,,,,,,,,,,,,,,30.88,in compliance,949314.627,2025.0,No,No,No,No,No,No,,,71.51886105298513,3.6550056866746234,12.467397908884436,4.141546163706395,16.608646971170373,13.763495557946698,1.2960976490622615,4.269961205864088
4182,106175,602687000.0,three- 81 congress st llc mass llc,381-389 congress st,381,389 congress st,,2127.0,381  389 congress st,boston,2127,44236.0,,Multifamily Housing,"Restaurant (5611.0),Multifamily Housing (38625.0)",93.4,1.0,4130716.472,1117900.0,59371.669,883006.0,181139.851,,,,,,,,,,,,,,,,,,,,,,46.8,in compliance,240511.52,2025.0,No,No,No,No,No,No,,,72.94010478141576,5.437008771136631,10.697294216195251,4.536891345234797,15.233961429794466,12.390523267588675,1.693229051393424,4.289638621922082
4162,106155,602706000.0,three 26 a street condo tr,326 a st,326 a st,326 a st,,2127.0,326 a st,boston,2127,55000.0,,Multifamily Housing,"Multifamily Housing (38844.0),Office (16156.0)",31.3,,1720130.696,1244300.0,66084.773,139458.0,28608.414,,,,,,,,,,,,,,,,,,,,,,6.3,in compliance,94693.187,2030.0,No,No,No,No,No,No,,,27.663689497928708,1.7216943090909091,10.915088464214607,3.4436180975461075,14.357910831949354,11.458397333608325,0.5433088693937168,3.320120704829676
2947,104420,602750050.0,,15 channel center st,15 channel center st,15 channel center st,,2127.0,15 channel center st,boston,2127,201748.0,,Multifamily Housing,Multifamily Housing (201748.0),36.5,52.0,7365166.612,2368801.0,125807.021,1464351.0,300396.964,,,,,,,,,,,,,,,,,,,,,,12.56,in compliance,426203.985,2025.0,No,No,No,No,No,No,,,67.84076352745515,2.112556183952257,12.214774672824074,3.597312260588446,15.812272229754695,12.96267334867333,0.747898675849257,4.217163246247186
4322,106373,602751100.0,,25 channel center st,25 channel center st,25 channel center st,,2210.0,25 channel center st,boston,2210,131888.0,,Multifamily Housing,Multifamily Housing (131888.0),44.0,72.0,5802042.552,2089373.7,110966.637,1088121.0,223217.142,,,,,,,,,,,,,,,,,,,,,,22.79,in compliance,334183.779,2025.0,No,No,No,No,No,No,,,63.99181041631905,2.53384522473614,11.789708356553009,3.784189633918261,15.573720577659344,12.719446357161173,0.929738000608164,4.158755112926791
4150,106139,602751300.0,,35 channel center st,35 channel center st,35 channel center st,,2210.0,35 channel center st,boston,2210,72193.0,,Multifamily Housing,Multifamily Housing (72193.0),41.7,50.0,3010478.66,1093600.0,58081.096,561805.0,115248.678,,,,,,,,,,,,,,,,,,,,,,22.82,in compliance,173329.774,2025.0,No,No,No,No,No,No,,,63.67635008414243,2.4009221669690968,11.187098367272093,3.730501128804756,14.917609647338015,12.062951267063278,0.8758528997911844,4.153813223375609
4340,106397,602752000.0,,249-257 a st,249,257 a st,,2210.0,6 binford st,boston,2210,79916.0,,Multifamily Housing,Multifamily Housing (79916.0),53.1,78.0,4247190.456,1270899.8,67497.488,226964.7,46559.539,,,,,,,,,,2201887.1,163402.042,,,,,,,,,,,9.58,in compliance,277459.069,2025.0,No,No,No,No,No,No,,,18.234115213998773,3.4718838405325596,11.28873136201984,3.9721769282478934,15.261768253121554,12.533428702190465,1.2446973401706258,2.9032943017781974
2072,103039,602753010.0,fort point place,21 wormwood st,21 wormwood st,21 wormwood st,,2210.0,21 wormwood st,boston,2210,137772.0,,Multifamily Housing,Multifamily Housing (137772.0),34.1,82.0,4693403.1,1023200.0,54342.152,1075675.0,220663.97,,,,,,,,,,,,,,,,,,,,,,21.18,in compliance,275006.122,2025.0,No,No,No,No,No,No,,,78.20262553732069,1.99609588305316,11.833355423881812,3.529297384289471,15.361668484972395,12.5245486382191,0.6911932143372872,4.359303221633694
1917,102845,602761030.0,eqr-315 on a apartments llc,315 a st,315 a st,315 a st,,2127.0,319 r a st,boston,2127,148814.0,45324.0,Multifamily Housing,"Multifamily Housing (148814.0),Parking (45324.0)",64.3,78.0,9572293.136,5471656.0,290599.65,1201828.0,246542.996,,,,,,,,,,,,,,,,,,0.0,,,,31.78,in compliance,537142.646,2025.0,No,No,No,No,No,No,,,42.8404913215353,3.609490007660569,11.910452482976822,4.163559631243574,16.074383351862423,13.19401897322558,1.2835664902487585,3.757483714270442
86,100118,602761100.0,,319 a st,319 a st,319 a st,,2210.0,319 a st,boston,2210,22833.0,,Multifamily Housing,"Restaurant (1500.0),Multifamily Housing (21333.0)",52.4,66.0,1197211.28,6713.3,356.543,348915.0,71576.423,,,,,,,,,,,,,,,,,,,,,,28.07,in compliance,71932.966,2025.0,No,No,No,No,No,No,,,99.44362679660019,3.1503948670783517,10.0359621369355,3.9589065913269965,13.995505476900926,11.183489936544856,1.147527799609355,4.599590918747741
2098,103069,602842000.0,four 11 d st associates llc,411-415 d st,411,415 d st,,2127.0,405  409 d st,boston,2127,234708.0,,Multifamily Housing,"Multifamily Housing (233508.0),Fast Food Restaurant (1200.0)",24.3,99.0,5701387.576,1647853.1,87517.478,1188023.0,243711.038,,,,,,,,,,,,,,,,,,,,,,17.42,pending revisions,331228.516,2025.0,I'm not sure,No,No,No,I'm not sure,I'm not sure,,,71.1004580098029,1.4112365833290728,12.366097467325519,3.190476350346503,15.5562201375654,12.710563796820749,0.344466329495231,4.264093778557827
1855,102774,602875000.0,edward sullivan condominium trust,401 w first st,401 w first st,401 w first st,,2127.0,401  407 w first st,boston,2127,40016.0,,Multifamily Housing,Multifamily Housing (40016.0),19.7,100.0,786323.464,126197.0,6702.323,193472.0,39688.846,,,,,,,,,,,,,,,,,,,,,,19.72,in compliance,46391.169,2025.0,No,No,No,No,No,No,,,83.95469740172983,1.15931549880048,10.597034653117401,2.9806186357439426,13.57512351856197,10.744864396824712,0.14782974370731133,4.430277336713708
1856,102775,602875000.0,edward sullivan condominium trust,405 w first st,405 w first st,405 w first st,,2127.0,401  407 w first st,boston,2127,40980.0,,Multifamily Housing,Multifamily Housing (40980.0),19.7,100.0,809066.452,132907.0,7058.691,198171.0,40652.799,,,,,,,,,,,,,,,,,,,,,,19.72,in compliance,47711.49,2025.0,No,No,No,No,No,No,,,83.57646964331181,1.1642628111273792,10.62083942179289,2.9806186357439426,13.603636333581958,10.772927528372527,0.15208810657963612,4.425762016875595
257,100365,602877000.0,,11 dorchester st,11 dorchester st,11 dorchester st,,2127.0,11 dorchester st,boston,2127,42760.0,5000.0,Multifamily Housing,"Restaurant (2500.0),Multifamily Housing (40260.0),Parking (5000.0)",83.9,1.0,3589218.08,1935199.9,102778.467,484765.0,99444.692,,,,,,,,,,,,,,,,,,,,,,20.85,in compliance,202223.159,2025.0,No,No,No,No,No,No,,,46.08499282802008,4.729260032740879,10.663358365138981,4.429625613473161,15.093444931727577,12.217127114123612,1.55376874898463,3.8304873618205764
2222,103330,603067001.0,gordon frederick m ts,455-457 e first st,455,457 e first st,,2127.0,dorchester st,boston,2127,37000.0,20000.0,Multifamily Housing,"Restaurant (2121.0),Multifamily Housing (34879.0),Parking (20000.0)",37.2,99.0,1376690.756,533200.0,28318.252,247213.0,50713.275,,,,,,,,,,,,,,,,,,,,,,20.05,in compliance,79031.527,2030.0,No,No,No,No,No,No,,,61.272136409260526,2.135987216216216,10.51867319162636,3.616308761279101,14.135193174421097,11.277602127788898,0.7589289361625369,4.115325194895135
172,100224,603516010.0,726-734 e broadway realty llc,728-734a e broadway,728,734a e broadway,,2127.0,726  728 e broadway,boston,2127,42924.0,1400.0,Multifamily Housing,"Restaurant (8000.0),Multifamily Housing (30524.0),Office (4400.0),Parking (1400.0)",86.3,,3703506.252,3095160.3,164383.964,178296.0,36575.641,,,,,,,,,,,,,,,,,,,,,,22.46,in compliance,200959.605,2030.0,No,No,No,No,No,No,,,16.426938555091173,4.681753913894325,10.667186389047018,4.457829598089382,15.124790564566903,12.210859196694752,1.5436728076477346,2.798922582069397
1866,102786,603733010.0,eight 81 east first street,881-883 e first st,881,883 e first st,,2127.0,881 e first st,boston,2127,38600.0,0.0,Multifamily Housing,"Multifamily Housing (38600.0),Parking (10344.0)",34.3,90.0,1322249.624,531000.0,28201.41,231902.0,47572.376,,,,,,,,,,,,,,,,,,,,,,19.19,in compliance,75773.786,2030.0,No,No,No,No,No,No,,,59.84379915391831,1.963051450777202,10.561007555452923,3.535145354171894,14.094845104564412,11.23550768068252,0.6745001252295987,4.091737820185641
3115,104653,603924002.0,nine 02 east second st llc,906 e second st,906 e second st,906 e second st,,2127.0,902 e second st,boston,2127,39600.0,,Multifamily Housing,Multifamily Housing (39600.0),34.5,94.0,1367766.836,718800.0,38175.468,190201.3,39017.895,,,,,,,,,,,,,,,,,,,,,,25.99,in compliance,77193.363,2025.0,I'm not sure,No,No,No,I'm not sure,I'm not sure,,,47.44926903572036,1.9493273484848483,10.586584397242571,3.5409593240373143,14.128689921117358,11.254068760814516,0.6674843635719434,3.8596611199998794
1835,102740,604127000.0,east seventh ltd partnership mass lp,160 n st,160 n st,160 n st,,2127.0,740 e seventh st,boston,2127,31416.0,,Multifamily Housing,Multifamily Housing (31416.0),55.9,87.0,1755560.024,1410600.0,74916.966,101102.0,20740.064,,,,,,,,,,,,,,,,,,,,,,20.55,in compliance,95657.03,2025.0,I'm not sure,No,No,No,I'm not sure,I'm not sure,,,19.650435449878987,3.044850713012478,10.355072596257845,4.023564380161053,14.378298465974192,11.468524469292552,1.1134518730347067,2.9780994983689197
1836,102741,604127001.0,east sixth ltd partnership mass lp,741 e sixth st,741 e sixth st,741 e sixth st,,2127.0,741 e sixth st,boston,2127,32500.0,,Multifamily Housing,Multifamily Housing (32500.0),49.9,87.0,1622630.32,1080600.0,57390.666,158860.0,32588.54,,,,,,,,,,,,,,,,,,,,,,18.78,in compliance,89979.206,2025.0,I'm not sure,No,No,No,I'm not sure,I'm not sure,,,33.40589303175353,2.768590953846154,10.388995368317829,3.910021002757473,14.29955904482793,11.407333878173079,1.0183385098552493,3.508732322495741
1837,102742,604128000.0,east sixth ltd partnership mass lp,745 e sixth st,745 e sixth st,745 e sixth st,,2127.0,745 e sixth st,boston,2127,32500.0,,Multifamily Housing,Multifamily Housing (32500.0),37.0,100.0,1203000.608,914400.0,48563.784,84584.0,17351.562,,,,,,,,,,,,,,,,,,,,,,18.75,in compliance,65915.346,2025.0,I'm not sure,No,No,No,I'm not sure,I'm not sure,,,23.991118016126556,2.0281644923076922,10.388995368317829,3.6109179126442243,14.000329500359847,11.09612656136285,0.7071311930450204,3.1776836791890637
3804,105680,604129000.0,seven sixty one east sixth,761 e sixth st,761 e sixth st,761 e sixth st,,2127.0,761 e sixth st,boston,2127,36500.0,0.0,Multifamily Housing,"Multifamily Housing (36500.0),Parking (12358.0)",29.6,100.0,1079701.804,785700.0,41728.527,86167.0,17676.298,,,,,,,,,,,,,,,,,,,,,,17.85,in compliance,59404.825,2030.0,No,No,No,No,No,No,,,27.231104732876783,1.6275294520547945,10.505067539570582,3.3877743613300146,13.892195453568327,10.992130731008071,0.48706319143748933,3.3043598762952033
1831,102736,604307000.0,east four lps,878-886 e fourth st,878,886 e fourth st,,2127.0,878  886 e fourth st,boston,2127,33000.0,,Multifamily Housing,Multifamily Housing (33000.0),42.7,96.0,1410609.152,994700.0,52828.517,121896.0,25005.745,,,,,,,,,,,,,,,,,,,,,,14.99,in compliance,77834.262,2025.0,I'm not sure,No,No,No,I'm not sure,I'm not sure,,,29.485661269834157,2.358614,10.404262840448617,3.754198920234579,14.159532191754451,11.262336998829316,0.8580741583806987,3.3839040865312877
193,100250,604486000.0,945 east broadway,945-947 e broadway,945,947 e broadway,,2127.0,945 e broadway,boston,2127,20975.0,9350.0,Multifamily Housing,"Multifamily Housing (20975.0),Parking (9350.0)",35.8,,751334.648,190900.0,10138.699,164254.0,33695.066,,,,,,,,,,,,,,,,,,,,,,15.41,in compliance,43833.765,2030.0,No,No,No,No,No,No,,,74.59516043774944,2.089810011918951,9.951086531335408,3.5779478934066544,13.52960643469039,10.688159689792101,0.7370731584566945,4.312075631616726
130,100177,700176000.0,,486-490 dorchester ave,486,490 dorchester ave,,2127.0,488 dorchester av,boston,2127,39653.0,7896.0,Multifamily Housing,"Multifamily Housing (37542.0),Parking (7896.0),Retail Store (2111.0)",35.7,,1414995.872,662800.0,35201.308,220456.0,45224.344,,,,,,,,,,,,,,,,,,,,,,23.65,in compliance,80425.652,2030.0,Yes,No,No,No,Yes,Yes,,,53.16121094662811,2.028236249464101,10.587921886243642,3.5751506887855933,14.162637171740732,11.29508845900629,0.707166572762649,3.973329012867544
3292,104879,700324010.0,one 52 old colony av condo,119 w ninth st,119 w ninth st,119 w ninth st,,2127.0,152 old colony av,boston,2127,37243.0,9836.0,Multifamily Housing,"Multifamily Housing (37243.0),Parking (9836.0)",26.5,99.0,985491.664,287492.0,15268.7,204572.0,41965.9,,,,,,,,,,,,,,,,,,,,,,23.06,in compliance,57234.6,2030.0,No,No,No,No,No,No,,,70.83067014151831,1.536788121257686,10.525219286685545,3.2771447329921766,13.800895946888707,10.954913889597483,0.4296946029119399,4.260292100987445
4944,107305,700367020.0,,200 old colony av,200 old colony av,200 old colony av,,2127.0,,,,44565.0,5100.0,Multifamily Housing,"Multifamily Housing (33783.0),Parking (5100.0),Adult Education (10782.0)",35.0,100.0,1558713.922,651400.0,34595.854,265918.5,54550.521,,,,,,,,,,,,,,,,,,,,,,24.78,in compliance,89146.375,2025.0,No,No,No,No,No,No,,,58.21169599940226,2.0003674408167846,10.704704076564818,3.5553480614894135,14.259371630239396,11.398034960658627,0.6933308840938102,4.064086296736239
609,100859,700386000.0,boston housing authority,177-193 w ninth st,177,193 w ninth st,,2127.0,frederick st,boston,2127,28600.0,,Multifamily Housing,Multifamily Housing (28600.0),81.0,36.0,2316339.552,1930200.1,102512.927,113171.0,23215.899,,,,,,,,,,,,,,,,,,,,,,10.36,in compliance,125728.826,2025.0,No,No,No,No,No,No,,,16.670976727767762,4.396112797202798,10.261161996807944,4.394449154672439,14.655498718327586,11.741882692074453,1.4807206952665086,2.813669286993938
610,100860,700386000.0,boston housing authority,11-21 mitchell st,11,21 mitchell st,,2127.0,frederick st,boston,2127,25400.0,,Multifamily Housing,Multifamily Housing (25400.0),81.0,45.0,2057033.196,1714099.9,91035.846,100508.0,20618.211,,,,,,,,,,,,,,,,,,,,,,10.36,in compliance,111654.057,2025.0,No,No,No,No,No,No,,,16.671990168504795,4.395829015748031,10.142504453006628,4.394449154672439,14.53677530657002,11.623160593374822,1.4806561403681933,2.8137300758697745
3240,104813,700538012.0,old colony revitalization corporation,20 Rev. Burke St,20 Rev. Burke St,20 Rev. Burke St,,2127.0,20 rev richard a burke,boston,2127,48000.0,,Multifamily Housing,Multifamily Housing (48000.0),44.9,79.0,2153322.002,1166500.0,61952.815,304535.2,62472.351,52252.1,,,,,,,,,,,,,,,,,,,,,40.63,in compliance,124425.166,2025.0,No,No,No,No,No,No,,,48.25659059420135,2.592190958333333,10.778956289890028,3.8044377947482086,14.582522324847726,11.731459737862895,0.9525034479728672,3.8765324110830064
5387,107923,700538020.0,,271 e 8th st,271 e 8th st,271 e 8th st,,2127.0,,,,146400.0,,Multifamily Housing,Multifamily Housing (146400.0),36.2,93.0,5297176.488,2860500.1,151921.16,714149.0,146500.526,,,,,,,,,,,,,,,,,,,,,,41.77,in compliance,298421.686,2025.0,No,No,No,No,No,No,,,46.00155414625483,2.038399494535519,11.894097880509348,3.5890591188317256,15.482684498453775,12.606262818933832,0.7121649384244827,3.8286751817065166
3241,104814,700539002.0,old colony revitalization corporation,20 rev richard a burke,20 rev richard a burke,20 rev richard a burke,,2127.0,20 rev richard a burke,boston,2127,108000.0,,Multifamily Housing,Multifamily Housing (108000.0),47.6,79.0,5142996.134,3042599.8,161592.475,627267.8,128677.716,39841.4,,,,,,,,,,,,,,,,,,,,,38.07,in compliance,290270.191,2025.0,No,No,No,No,No,No,,,41.616438511792985,2.687686953703704,11.589886506106357,3.8628327612373745,15.453146373055429,12.578567461309483,0.9886809552031266,3.7284952457469216
611,100861,700539010.0,boston housing authority,289 e ninth st,289 e ninth st,289 e ninth st,,2127.0,289 e ninth st,boston,2127,52000.0,,Multifamily Housing,Multifamily Housing (52000.0),43.2,48.0,2245818.179,818309.1,43460.396,436136.6,89469.062,60589.0,,,,,,,,,,,,,,,,,,,,,16.91,in compliance,132929.458,2025.0,No,No,No,No,No,No,,,66.26375695082483,2.556335730769231,10.858998997563564,3.765840495250065,14.624580457753412,11.797573875519397,0.938574877955833,4.193643095397543
3242,104815,700540130.0,,25 james o'neill st,25 james o'neill st,25 james o'neill st,,2127.0,25 james oneill st,boston,2127,61678.0,,Multifamily Housing,Multifamily Housing (61678.0),65.6,71.0,4046874.002,2437648.6,129463.517,525531.8,107807.593,183889.1,,,,,,,,,,,,,,,,,,,,,71.21,in compliance,237271.11,2025.0,No,No,No,No,No,No,,,44.31057973348784,3.8469326177891627,11.029682582289965,4.183575695950044,15.213455289694071,12.376958690385322,1.3472761080953566,3.791223468707119
3244,104817,700540160.0,,35 patterson wy,35 patterson wy,35 patterson wy,,2127.0,35 patterson wy,boston,2127,51331.0,,Multifamily Housing,Multifamily Housing (51331.0),46.8,76.0,2402461.624,1485455.9,78892.563,306477.0,62870.692,128693.8,,,,,,,,,,,,,,,,,,,,,32.11,in compliance,141763.255,2025.0,No,No,No,No,No,No,,,43.52808324192404,2.761747384621379,10.846050137149113,3.845883202923601,14.692004446337927,11.861913726918415,1.0158635897693027,3.77340632155829
3243,104816,700540230.0,old colony revitilizating,20 patterson wy,20 patterson wy,20 patterson wy,,2127.0,20 patterson wy,boston,2127,66996.0,,Multifamily Housing,Multifamily Housing (66996.0),48.7,74.0,3264025.272,1945481.8,103324.538,450106.0,92334.745,217218.2,,,,,,,,,,,,,,,,,,,,,38.58,in compliance,195659.283,2025.0,No,No,No,No,No,No,,,47.053225999041835,2.9204621619201148,11.112388195098362,3.885679030088544,14.99847173768322,12.184130073484619,1.071741878386259,3.851279429016533
612,100888,700540280.0,boston housing authority,280  290 dorchester st,280  290 dorchester st,280  290 dorchester st,,2127.0,280  290 dorchester st,boston,2127,57033.0,,Multifamily Housing,Multifamily Housing (57033.0),49.2,84.0,2808687.515,1810968.9,96180.558,292414.6,59985.931,,,,,,,,,,,,,,,,,,,,,,53.47,in compliance,156166.489,2025.0,No,No,No,No,No,No,,,35.52415397089839,2.7381777041362017,10.951385326659736,3.8958936234982624,14.84822785568326,11.958677954318432,1.0072926276586949,3.570212858665054
3570,105294,700775000.0,,225 dorchester st,225 dorchester st,225 dorchester st,,2127.0,225 dorchester st,boston,2127,41499.0,,Multifamily Housing,Multifamily Housing (41499.0),28.0,100.0,1162640.192,603700.0,32062.507,163816.0,33605.214,,,,,,,,,,,,,,,,,,,,,,27.62,in compliance,65667.721,2030.0,No,No,No,No,No,No,,,48.07719260405544,1.5823928528398277,10.633424609542924,3.332204510175204,13.96620400444144,11.092362774760685,0.45893816521776093,3.8728078984235035
4535,106687,701436000.0,,1350 columbia rd,1350 columbia rd,1350 columbia rd,,2127.0,1350 columbia rd,boston,2127,41739.0,,Multifamily Housing,Multifamily Housing (41739.0),47.8,90.0,1995755.452,1422979.6,75574.447,167871.0,34437.057,,,,,,,,,,,,,,,,,,,,,,27.23,in compliance,110011.504,2025.0,No,No,No,No,No,No,,,28.70096293992236,2.635700519897458,10.639191222509986,3.86702563949741,14.5065332093094,11.608340221124438,0.9691489986144515,3.3569306741163936
143,100192,701483000.0,5528-1410 columbia road  boston llc,1410 columbia rd,1410 columbia rd,1410 columbia rd,,2127.0,423  435 e eighth st,boston,2127,147560.0,,Multifamily Housing,Multifamily Housing (147560.0),65.1,62.0,9599328.016,5560482.2,295317.21,1183718.0,242827.911,,,,,,,,,,,,,,,,,,,,,,20.95,in compliance,538145.121,2025.0,No,No,No,No,No,No,,,42.07610539995949,3.646957989970182,11.901990151710612,4.175924549214524,16.077203655654735,13.195883544405875,1.2938933926952632,3.739480011863896
614,100890,701516000.0,boston housing authority,199 h st,199 h st,199 h st,,2127.0,columbia rd,boston,2127,84224.0,,Multifamily Housing,Multifamily Housing (84224.0),92.3,13.0,7772441.2,5901300.4,313418.064,548400.0,112498.776,,,,,,,,,,,,,,,,,,,,,,35.55,in compliance,425916.84,2025.0,No,No,No,No,No,No,,,24.0751008833621,5.056953362462006,11.341235195244934,4.525044141508807,15.866094855752946,12.961999394927702,1.620764199682768,3.1811781480538976
3233,104805,702836000.0,,5 o'connor way,5 o'connor way,5 o'connor way,,2127.0,5 oconnor wy,boston,2127,40818.0,,Multifamily Housing,Multifamily Housing (40818.0),35.3,93.0,1442420.752,835600.0,44378.716,205146.0,42083.65,93137.4,,,,,,,,,,,,,,,,,,,,,18.82,in compliance,86462.366,2025.0,Yes,No,No,No,Yes,Yes,,,48.52876131526982,2.118241119114116,10.616878439573116,3.563882963939251,14.181833337900308,11.36746452310281,0.7505860835296947,3.8821566389881403
620,100896,702845000.0,boston housing authority,31-41 logan way,31,41 logan way,,2127.0,27  3 mcdonough wy,boston,2127,30908.0,,Multifamily Housing,Multifamily Housing (30908.0),97.1,,3002342.596,2523099.9,134001.836,140458.0,28813.554,,,,,,,,,,,,,,,,,,,,,,58.93,in compliance,162815.39,2025.0,No,No,No,No,No,No,,,15.96299387480029,5.26774265562314,10.338770329053474,4.575741375297279,14.914903407249001,12.000372261252132,1.6616019321986573,2.7702731605699515
622,100898,702845000.0,boston housing authority,19-27 McDonough Wy,19,27 McDonough Wy,,2127.0,27  3 mcdonough wy,boston,2127,46640.0,,Multifamily Housing,Multifamily Housing (46640.0),97.3,,4538210.832,3814999.9,202614.645,211961.0,43481.68,,,,,,,,,,,,,,,,,,,,,,85.54,in compliance,246096.325,2025.0,No,No,No,No,No,No,,,15.936737029717616,5.276507825900515,10.750213821024374,4.577798989191959,15.32804340247587,12.413478303313566,1.663264482289192,2.768626949127544
623,100899,702845000.0,boston housing authority,371 old colony ave,371 old colony ave,371 old colony ave,,2127.0,27  3 mcdonough wy,boston,2127,51716.0,,Multifamily Housing,Multifamily Housing (51716.0),97.3,,5033418.948,4231500.0,224734.965,235029.0,48213.849,,,,,,,,,,,,,,,,,,,,,,85.0,in compliance,272948.814,2025.0,No,No,No,No,No,No,,,15.932593941314025,5.277840784283394,10.853522490374443,4.577798989191959,15.431610022508806,12.51703956208231,1.6635170717078662,2.7683669443956784
625,100904,702845000.0,boston housing authority,3-17 McDonough Wy,3,17 McDonough Wy,,2127.0,27  3 mcdonough wy,boston,2127,49464.0,,Multifamily Housing,Multifamily Housing (49464.0),97.3,,4813597.328,4046600.2,214914.937,224794.0,46114.241,,,,,,,,,,,,,,,,,,,,,,46.27,in compliance,261029.178,2025.0,No,No,No,No,No,No,,,15.934669953348454,5.277154657933043,10.809000411238404,4.577798989191959,15.386955247794225,12.472387473159895,1.6633870619214908,2.768497235596343
626,100906,702846000.0,boston housing authority,28-42 logan way,28,42 logan way,,2127.0,28  42 logan wy,boston,2127,56036.0,,Multifamily Housing,Multifamily Housing (56036.0),97.4,,5455406.544,4586499.8,243589.004,254662.0,52241.363,,,,,,,,,,,,,,,,,,,,,,51.0,in compliance,295830.367,2025.0,No,No,No,No,No,No,,,15.928142775274717,5.279291294881862,10.933749620316005,4.578826210648489,15.512117701328416,12.597541484571074,1.663791864255069,2.768087530513453
627,100907,702846000.0,boston housing authority,10-26 logan way,10,26 logan way,,2127.0,28  42 logan wy,boston,2127,56208.0,,Multifamily Housing,Multifamily Housing (56208.0),97.4,,5471974.728,4600399.8,244327.233,255444.0,52401.782,,,,,,,,,,,,,,,,,,,,,,47.82,in compliance,296729.015,2025.0,No,No,No,No,No,No,,,15.928678181570724,5.279124234984344,10.936814374505609,4.578826210648489,15.515150119852805,12.600574593880427,1.66376021937482,2.7681211438044206
628,100908,702846000.0,boston housing authority,231-241 msgr o'callaghan way,231,241 msgr o'callaghan way,,2127.0,28  42 logan wy,boston,2127,32406.0,,Multifamily Housing,Multifamily Housing (32406.0),97.2,,3149171.492,2646699.9,140566.232,147266.0,30210.147,,,,,,,,,,,,,,,,,,,,,,68.0,in compliance,170776.379,2025.0,No,No,No,No,No,No,,,15.956377198781018,5.269899987656606,10.386098869820946,4.576770711466393,14.962649957793708,12.048110254519871,1.6620113846989244,2.7698585736973724
629,100910,702846000.0,boston housing authority,1-17 Gavin Wy,1,17 Gavin Wy,,2127.0,28  42 logan wy,boston,2127,56208.0,,Multifamily Housing,Multifamily Housing (56208.0),97.4,,5471974.728,4600399.8,244327.233,255444.0,52401.782,,,,,,,,,,,,,,,,,,,,,,29.69,in compliance,296729.015,2025.0,No,No,No,No,No,No,,,15.928678181570724,5.279124234984344,10.936814374505609,4.578826210648489,15.515150119852805,12.600574593880427,1.66376021937482,2.7681211438044206
630,100911,702846000.0,boston housing authority,19-25 Gavin Wy,19,25 Gavin Wy,,2127.0,28  42 logan wy,boston,2127,123164.0,,Multifamily Housing,Multifamily Housing (123164.0),97.5,,12008494.2,10098599.9,536336.641,559758.0,114828.756,,,,,,,,,,,,,,,,,,,,,,21.92,in compliance,651165.397,2025.0,No,No,No,No,No,No,,,15.90522698258038,5.286978313468222,11.721272079588333,4.579852378003801,16.301124807344625,13.386518954973619,1.6652468753852867,2.76664779624548
631,100913,702846000.0,,1-5 henry sterling sq,1,5 henry sterling sq,,2127.0,28  42 logan wy,boston,2127,73224.0,,Multifamily Housing,Multifamily Housing (73224.0),97.4,,7131752.184,5996300.0,318463.493,332782.0,68266.899,,,,,,,,,,,,,,,,,,,,,,17.3,in compliance,386730.392,2025.0,No,No,No,No,No,No,,,15.921782922399984,5.281470446848028,11.201278515064615,4.578826210648489,15.780067510305951,12.865483067731825,1.6642045526672093,2.767688166758597
632,100914,702846000.0,boston housing authority,2-8 henry sterling sq,2,8 henry sterling sq,,2127.0,28  42 logan wy,boston,2127,29496.0,,Multifamily Housing,Multifamily Housing (29496.0),97.1,,2864347.792,2406999.9,127835.765,134041.0,27497.171,,,,,,,,,,,,,,,,,,,,,,45.45,in compliance,155332.936,2025.0,No,No,No,No,No,No,,,15.967613968785813,5.266237320314619,10.29200993991398,4.575741375297279,14.867851235444139,11.953326066496487,1.6613161265825072,2.7705625439753914
635,100920,702847000.0,boston housing authority,21 msgr o'callaghan way,21 msgr o'callaghan way,21 msgr o'callaghan way,,2127.0,391  439 old colony av,boston,2127,49976.0,,Multifamily Housing,Multifamily Housing (49976.0),97.3,,4863926.616,4089000.0,217166.79,227118.0,46590.987,,,,,,,,,,,,,,,,,,,,,,54.02,in compliance,263757.777,2025.0,No,No,No,No,No,No,,,15.932820226990035,5.277688830638707,10.819298169173406,4.577798989191959,15.397356615343275,12.482786449593627,1.6634882804202205,2.768381146983777
636,100921,702847000.0,boston housing authority,3 msgr o'callaghan way,3 msgr o'callaghan way,3 msgr o'callaghan way,,2127.0,391  439 old colony av,boston,2127,43288.0,,Multifamily Housing,Multifamily Housing (43288.0),97.3,,4211319.076,3540100.2,188014.722,196723.0,40355.756,,,,,,,,,,,,,,,,,,,,,,60.6,in compliance,228370.478,2025.0,No,No,No,No,No,No,,,15.939148099116865,5.275607050452781,10.675630739322571,4.577798989191959,15.253286476299158,12.338724492717986,1.6630937533954153,2.768778227712851
637,100923,702847000.0,,391-415 old colony ave,391,415 old colony ave,,2127.0,391  439 old colony av,boston,2127,87912.0,,Multifamily Housing,Multifamily Housing (87912.0),97.4,,8565716.832,7202500.0,382524.775,399536.0,81960.815,,,,,,,,,,,,,,,,,,,,,,24.78,in compliance,464485.59,2025.0,No,No,No,No,No,No,,,15.915501167480103,5.28352886977887,11.38409159312676,4.578826210648489,15.963278379408157,13.048685814149868,1.6645942210231077,2.7672935504977585
638,100924,702847000.0,boston housing authority,417-429 old colony ave,417,429 old colony ave,,2127.0,391  439 old colony av,boston,2127,76992.0,,Multifamily Housing,Multifamily Housing (76992.0),97.4,,7500172.448,6306300.0,334927.593,349904.0,71779.307,,,,,,,,,,,,,,,,,,,,,,98.7,in compliance,406706.9,2025.0,No,No,No,No,No,No,,,15.918633096474638,5.282456618869493,11.25145679933435,4.578826210648489,15.83043657130887,12.915848057573871,1.6643912582395208,2.7674903159557833
641,100929,702853000.0,boston housing authority,10-14 msgr o'callaghan way,10,14 msgr o'callaghan way,,2127.0,10  22 kemp st,boston,2127,48357.0,,Multifamily Housing,Multifamily Housing (48357.0),97.3,,4705528.244,3955700.3,210087.243,219762.0,45081.977,,,,,,,,,,,,,,,,,,,,,,34.75,in compliance,255169.22,2025.0,No,No,No,No,No,No,,,15.93574343658748,5.276779370101536,10.786366268065041,4.577798989191959,15.364248597600655,12.44968221189338,1.6633159438283385,2.7685646011009126
643,100932,702853000.0,boston housing authority,4-6 msgr o'callaghan way,4,6 msgr o'callaghan way,,2127.0,10  22 kemp st,boston,2127,211892.0,,Multifamily Housing,Multifamily Housing (211892.0),97.5,,20668925.78,17383101.2,923216.505,963020.1,197553.943,,,,,,,,,,,,,,,,,,,,,,19.52,in compliance,1120770.448,2025.0,No,No,No,No,No,No,,,15.898112312129072,5.289347629924679,12.263831989886318,4.579852378003801,16.844141960302625,13.929526906776523,1.665694916890205,2.7662003796705057
650,100942,703210000.0,boston housing authority,24 bellflower st,24 bellflower st,24 bellflower st,,2125.0,24 bellflower st,boston,2125,85000.0,,Multifamily Housing,Multifamily Housing (85000.0),53.5,79.0,4551668.076,3078799.8,163515.057,431673.0,88553.399,,,,,,,,,,,,,,,,,,,,,,77.83,in compliance,252068.456,2025.0,No,No,No,No,No,No,,,32.360290828684754,2.9655112470588234,11.350406535472453,3.979681653901961,15.331004333851958,12.437455980396814,1.0870494449243615,3.4769320794392984
3793,105663,703469000.0,,4 lucy st,4 lucy st,4 lucy st,,2125.0,55 enterprise st,boston,2125,529523.0,109251.0,Multifamily Housing,"Multifamily Housing (529523.0),Swimming Pool (0.0),Parking (109251.0)",28.5,99.0,15105617.72,3648200.2,193755.913,3357977.0,688855.402,,,,,,,,,,,,,,,,,,,,,,12.44,pending revisions,882611.315,2025.0,I'm not sure,No,No,No,I'm not sure,I'm not sure,,,75.85205340778344,1.6668044919672989,13.179731880285141,3.349904087274605,16.530577267034587,13.690640195812453,0.5109083155273121,4.328784777383059
261,100369,703574000.0,alvan-mora llc,1258-1272 massachusetts ave,1258,1272 massachusetts ave,,2125.0,1272  1258 massachusetts av,boston,2125,37586.0,6000.0,Multifamily Housing,"Multifamily Housing (37586.0),Parking (10500.0)",74.3,61.0,2793267.072,1681958.2,89328.8,325706.0,66815.329,,,,,,,,,,,,,,,,,,,,,,27.8,in compliance,156144.129,2025.0,No,No,No,No,No,No,,,39.7870199752958,4.154316208162613,10.534386919616546,4.308110951723713,14.842722462267753,11.958534763541369,1.424147843924822,3.683540727824048
5436,107975,703644000.0,,67 e cottage st,67 e cottage st,67 e cottage st,,2125.0,,,,93691.0,,Multifamily Housing,Multifamily Housing (93691.0),42.2,95.0,3954751.496,2252648.0,119638.135,498858.0,102335.73,,,,,,,,,,,,,,,,,,,,,,45.31,in compliance,221973.865,2025.0,,,,,,,,,43.04134726092534,2.369212250909906,11.447757412385977,3.742420221041966,15.190428324340038,12.310314928699032,0.8625575163130552,3.762161217894408
4437,106523,703892012.0,uphams corner market,612-618 columbia rd,612,618 columbia rd,,2125.0,612  618 columbia rd,boston,2125,60348.0,,Multifamily Housing,Multifamily Housing (60348.0),48.5,56.0,2926610.088,1744270.2,92638.19,346524.0,71085.933,,,,,,,,,,,,,,,,,,,,,,40.5,in compliance,163724.123,2025.0,No,No,No,No,No,No,,,40.401414300052124,2.7129999834294423,11.007883085959966,3.8815637979434374,14.88935534463787,12.005938113528924,0.9980550275689591,3.6988647917813915
3710,105521,703892100.0,rpp commerce llc mass llc,600-618 columbia rd,600 columbia rd,600 columbia rd,,2125.0,600 columbia rd,boston,2125,29712.0,,Multifamily Housing,Multifamily Housing (29712.0),47.7,,1417070.18,1056200.0,56094.782,105765.0,21696.632,,,,,,,,,,,,,,,,,,,,,,35.19,pending revisions,77791.414,2030.0,I'm not sure,No,No,No,I'm not sure,I'm not sure,,,25.467055184945043,2.618181677436726,10.299306283592488,3.8649313978942956,14.164102044616465,11.261786344179209,0.9624800605867223,3.2373856633413336
4046,106014,704012000.0,sumner st housing corp,67 sumner st,67 sumner st,67 sumner st,,2125.0,63  69 sumner st,boston,2125,26400.0,,Multifamily Housing,Multifamily Housing (26400.0),28.9,94.0,761812.808,,,156584.0,32121.642,,,,,,,,,,227548.2,16886.352,,,,,,,,,,,37.37,in compliance,49007.994,2030.0,No,No,No,No,No,No,,,70.13377695797416,1.8563634090909091,10.181119289134408,3.3638415951183864,13.543456145697068,10.799738706643558,0.6186194175091503,4.250404517621839
1813,102710,800132010.0,dudley neighbors two inc,564-570 dudley st,564,570 dudley st,,2125.0,564  570 dudley st,boston,2125,28392.0,,Multifamily Housing,Multifamily Housing (28392.0),36.2,,1026638.416,605792.1,32173.618,123343.0,25302.583,,,,,,,,,,,,,,,,,,,,,,17.89,in compliance,57476.201,2030.0,No,No,No,No,No,No,,,40.994454414610566,2.024380142293604,10.253862694326333,3.5890591188317256,13.841800349019934,10.95912624545482,0.7052635511284879,3.7134367993758652
5016,107419,800146000.0,,19 leyland st,19 leyland st,19 leyland st,,2125.0,,,,38101.0,,Multifamily Housing,Multifamily Housing (38101.0),67.9,80.0,2586343.032,2020254.7,107295.727,165911.0,34034.983,,,,,,,,,,,,,,,,,,,,,,32.87,in compliance,141330.71,2030.0,I'm not sure,No,No,No,I'm not sure,I'm not sure,,,21.888558928404358,3.7093700952730897,10.547995807489514,4.21803603456465,14.765755479168725,11.858857884052966,1.3108620765634535,3.0859640769512935
3832,105711,800437000.0,shetland street llc,13 shetland st,13 shetland st,13 shetland st,,2119.0,13 shetland st,boston,2119,49693.0,0.0,Multifamily Housing,"Multifamily Housing (49693.0),Parking (14000.0)",38.9,93.0,1932409.28,961900.0,51086.509,284440.0,58350.022,,,,,,,,,,,,,,,,,,,,,,33.29,in compliance,109436.531,2025.0,No,No,No,No,No,No,,,50.22496818065374,2.202252450043266,10.8136193570947,3.6609942506244004,14.474278113969218,11.603100034620075,0.7894806775253763,3.9165122771647845
5213,107693,800740000.0,,204-210 hampden st,204,210 hampden st,,2119.0,,,,51576.0,0.0,Multifamily Housing,"Multifamily Housing (51576.0),Parking (1600.0)",27.2,100.0,1403862.644,1046500.0,55579.615,104737.0,21485.748,,,,,,,,,,,,,,,,,,,,,,3.4,in compliance,77065.363,2030.0,,,,,,,,,25.45678924340692,1.494209768109198,10.850811726990456,3.3032169733019514,14.154738026873208,11.252409210879206,0.4015974838887495,3.2369824753341265
3957,105904,801080000.0,st helenas house inc,89 union park st,89 union park st,89 union park st,,2118.0,89 union park st,boston,2118,85828.0,,Multifamily Housing,Multifamily Housing (85828.0),58.5,79.0,5020538.564,3762038.4,199801.859,368845.3,75664.925,,,,,,,,,,,,,,,,,,,,,,37.37,in compliance,275466.784,2025.0,No,No,No,No,No,No,,,25.0681371002611,3.209521181898681,11.360100572564972,4.069026754237811,15.42904776957877,12.526222334063219,1.1661217614982466,3.221597601481872
3668,105426,801103000.0,roman catholic archbishop of boston,50 malden st,50 malden st,50 malden st,,2118.0,50 malden st,boston,2118,192793.0,57408.0,Multifamily Housing,"Restaurant (3504.0),Multifamily Housing (189289.0),Parking (62104.0)",48.4,80.0,9324470.42,3736006.8,198419.321,1637885.0,335995.729,,,,,,,,,,,,,,,,,,,,,,31.21,in compliance,534415.05,2025.0,No,No,No,No,No,No,,,59.935943287061235,2.7719629343389025,12.169372353445523,3.879499813722586,16.048152730460547,13.188928063233169,1.0195557097876458,4.0932763800362775
48,100066,801106020.0,1850  condominium  trust,90 wareham st,90 wareham st,90 wareham st,,2118.0,90 wareham st,boston,2118,70831.0,,Multifamily Housing,Multifamily Housing (70831.0),63.6,9.0,4502151.38,234200.0,12438.362,1250865.0,256602.446,,,,,,,,,,,,,,,,,,,,,,29.32,in compliance,269040.808,2025.0,No,No,No,No,No,No,,,94.80221008805795,3.79834829382615,11.168052036959455,4.152613470346076,15.320065924939035,12.50261834968053,1.3345663127210747,4.551792722154397
125,100172,801108000.0,,46-76 wareham st,46,76 wareham st,,2118.0,46 wareham st,boston,2118,56112.0,13540.0,Multifamily Housing,"Multifamily Housing (56112.0),Parking (13540.0)",49.1,,2757075.8,1196427.0,63542.238,457400.0,93831.036,,,,,,,,,,,,,,,,,,,,,,11.52,in compliance,157373.274,2030.0,No,No,No,No,No,No,,,56.60770770248682,2.804627780153978,10.935104972379959,3.893859034800475,14.829681183280512,11.966375803852033,1.0312708314720744,4.036145154426855
4316,106366,801132010.0,,27 wareham st,27 wareham st,27 wareham st,,2118.0,27 wareham st,boston,2118,34029.0,,Multifamily Housing,Multifamily Housing (34029.0),66.4,53.0,2259242.5,1376814.0,73122.592,258625.0,53054.333,,,,,,,,,,,,,,,,,,,,,,20.63,in compliance,126176.925,2030.0,No,No,No,No,No,No,,,39.06031750686347,3.7079233888741956,10.434968381227153,4.1956970564823886,14.630540138072956,11.745440367680155,1.3104719864530026,3.6651070541114366
2935,104401,801172000.0,,83-93 e dedham st,83,93 e dedham st,,2118.0,100  112 e canton st,boston,2118,280000.0,37000.0,Multifamily Housing,"Multifamily Housing (280000.0),Swimming Pool (0.0),Parking (37000.0)",62.1,50.0,17399150.28,8024373.2,426174.461,2747590.0,563640.613,,,,,,,,,,,,,,,,,,,,,,19.35,in compliance,989815.074,2025.0,No,No,No,No,No,No,,,53.883029157329624,3.5350538357142858,12.542544882151386,4.128745988939433,16.671931928509558,13.805273410723219,1.2627285285718313,3.98681557040227
651,100943,801209010.0,,42 harrison archway,42 harrison archway,42 harrison archway,,2118.0,15 msgr reynolds wy,boston,2118,64740.0,,Multifamily Housing,Multifamily Housing (64740.0),46.0,,2976830.08,1363500.0,72415.485,472840.0,96998.398,,,,,,,,,,,,,,,,,,,,,,49.68,in compliance,169413.883,2025.0,No,No,No,No,No,No,,,54.19862614395512,2.616834769848625,11.078134527480236,3.828641396489095,14.906369560774031,12.040100011797184,0.9619654843169495,3.99265556022683
652,100944,801209010.0,,10 e brookline st,10 e brookline st,10 e brookline st,,2118.0,15 msgr reynolds wy,boston,2118,71898.0,,Multifamily Housing,Multifamily Housing (71898.0),63.9,,4594818.736,3490600.0,185385.766,323628.0,66389.048,,,,,,,,,,,,,,,,,,,,,,49.68,in compliance,251774.814,2025.0,No,No,No,No,No,No,,,24.032880155819054,3.5018333472419263,11.183003726910572,4.157319361383489,15.340439864898071,12.436290371761231,1.2532866448506603,3.179422899237762
653,100945,801209010.0,,18 e brookline st,18 e brookline st,18 e brookline st,,2118.0,15 msgr reynolds wy,boston,2118,84216.0,,Multifamily Housing,Multifamily Housing (84216.0),68.7,77.0,5781546.1,4473300.0,237576.963,383425.0,78655.805,,,,,,,,,,,,,,,,,,,,,,49.68,in compliance,316232.768,2025.0,No,No,No,No,No,No,,,22.628957568114867,3.7550200436971592,11.341140205931161,4.229749199228304,15.570181696228609,12.664233829001763,1.3230936230706025,3.11923039442692
654,100946,801209010.0,,599 harrison ave,599 harrison ave,599 harrison ave,,2118.0,15 msgr reynolds wy,boston,2118,85164.0,,Multifamily Housing,Multifamily Housing (85164.0),34.1,99.0,2904721.092,1471200.0,78135.432,420141.0,86187.725,,,,,,,,,,,,,,,,,,,,,,49.68,in compliance,164323.157,2025.0,No,No,No,No,No,No,,,49.3535891310972,1.9294908294584567,11.352334088312983,3.529297384289471,14.881847934020374,12.009590237489999,0.6572561491770154,3.8990104913220076
655,100952,801209010.0,boston housing authority,637-651 harrison ave,637,651 harrison ave,,2118.0,15 msgr reynolds wy,boston,2118,74420.0,,Multifamily Housing,Multifamily Housing (74420.0),44.8,100.0,3332570.848,2717800.1,144342.363,180179.0,36961.92,,,,,,,,,,,,,,,,,,,,,,49.68,in compliance,181304.283,2025.0,No,No,No,No,No,No,,,18.448153179367907,2.4362306234883095,11.217480001900613,3.8022081394209395,15.019254590523945,12.107932020291814,0.8904520183912003,2.914964266797083
656,100953,801209010.0,,623-635 harrison ave,623,635 harrison ave,,2118.0,15 msgr reynolds wy,boston,2118,68570.0,,Multifamily Housing,Multifamily Housing (68570.0),44.6,98.0,3057337.232,2121899.9,112694.104,274161.0,56241.388,,,,,,,,,,,,,,,,,,,,,,49.68,in compliance,168935.492,2025.0,No,No,No,No,No,No,,,30.59781715797324,2.4636939186233047,11.13561040027841,3.7977338590260183,14.933054909476356,12.03727221689563,0.9016618166172194,3.420928671707137
657,100954,801209010.0,boston housing authority,17 monsignor reynolds way,17 monsignor reynolds way,17 monsignor reynolds way,,2118.0,15 msgr reynolds wy,boston,2118,45402.0,,Multifamily Housing,Multifamily Housing (45402.0),22.8,100.0,1036952.544,271600.0,14424.676,224312.0,46015.364,,,,,,,,,,,,,,,,,,,,,,49.68,in compliance,60440.04,2025.0,No,No,No,No,No,No,,,73.81111076188266,1.3312197700541826,10.723311435922577,3.126760535960395,13.851796723387274,11.009407078199825,0.2860956422772489,4.301509272603596
658,100956,801209010.0,,21 monsignor reynolds way,21 monsignor reynolds way,21 monsignor reynolds way,,2118.0,15 msgr reynolds wy,boston,2118,27770.0,,Multifamily Housing,Multifamily Housing (27770.0),81.5,70.0,2262678.07,1988100.1,105587.996,80474.2,16508.477,,,,,,,,,,,,,,,,,,,,,,49.68,in compliance,122096.473,2025.0,No,No,No,No,No,No,,,12.135621287477278,4.396704105149442,10.231711580300844,4.400603020246817,14.63205965643152,11.712566773522697,1.4808551932218514,2.496145035847167
5526,108090,801209020.0,,14 east brookline st,14 east brookline st,14 east brookline st,,2118.0,,,,27770.0,,Multifamily Housing,Multifamily Housing (27770.0),101.9,,2830785.356,1936199.9,102831.577,262188.0,53785.246,,,,,,,,,,,,,,,,,,,,,,49.68,in compliance,156616.823,2025.0,,,,,,,,,31.603412894015264,5.639784767734966,10.231711580300844,4.623991940228679,14.856064742074441,11.961557483333515,1.72984590303267,3.4532651177361315
3807,105684,801212000.0,,700 harrison ave,700 harrison ave,700 harrison ave,,2118.0,700 harrison av,boston,2118,174156.0,,Multifamily Housing,Multifamily Housing (174156.0),40.8,100.0,7098781.94,4188192.4,222434.898,853045.0,174993.651,,,,,,,,,,,,,,,,,,,,,,15.01,in compliance,397428.549,2025.0,No,No,No,No,No,No,,,41.00305547278157,2.2820261661958243,12.067706728258363,3.708682081410116,15.775433769547352,12.89277044597599,0.8250637177176272,3.7136465876539324
246,100337,801219000.0,,603 albany st,603 albany st,603 albany st,,2118.0,603 albany st,boston,2118,56610.0,,Multifamily Housing,Multifamily Housing (56610.0),48.4,63.0,2740564.396,1430499.7,75973.839,383958.0,78765.144,,,,,,,,,,,,,,,,,,,,,,31.82,in compliance,154738.983,2025.0,I'm not sure,No,No,No,I'm not sure,I'm not sure,,,47.80483507748234,2.7334213566507684,10.943940927030706,3.879499813722586,14.823674441094079,11.949494995766997,1.0055540687362914,3.867126786630451
4937,107287,801374010.0,,5 st george st,5 st george st,5 st george st,,2118.0,,,,44999.0,,Multifamily Housing,Multifamily Housing (44999.0),28.3,99.0,1273335.018,370600.0,19682.566,264576.5,54275.223,,,,,,,,,,,,,,,,,,,,,,20.3,in compliance,73957.789,2030.0,I'm not sure,No,No,No,I'm not sure,I'm not sure,,,70.89844319941572,1.6435429453987866,10.714395546283317,3.342861804649192,14.057150014950421,11.211249790516623,0.4968542442333053,4.261248475601884
3272,104855,801380010.0,,1 saint george st,1 saint george st,1 saint george st,,2118.0,1  4 st george st,boston,2118,30946.0,,Multifamily Housing,Multifamily Housing (30946.0),54.4,58.0,1683888.812,1042600.0,55372.486,187951.0,38556.268,,,,,,,,,,,,,,,,,,,,,,30.8,in compliance,93928.754,2030.0,No,No,No,No,No,No,,,38.085472157053566,3.0352470109222516,10.339999029049618,3.996364153861897,14.336616445476322,11.450291837703091,1.110292808653472,3.6398329012023756
2139,103120,801385002.0,,11 e newton st,11 e newton st,11 e newton st,,2118.0,11 e newton st,boston,2118,193816.0,,Multifamily Housing,Multifamily Housing (193816.0),61.1,85.0,11849387.49,9689622.2,514615.835,632991.0,129851.774,,,,,,,,,,,,,,,,,,,,,,27.34,in compliance,644467.609,2025.0,I'm not sure,No,No,No,I'm not sure,I'm not sure,,,18.22761085729335,3.3251517366987247,12.174664534370493,4.11251186617755,16.287786735601916,13.376179842534423,1.201515308163929,2.9029375245503886
2233,103345,801391022.0,granite james court llc,45 e newton st,45 e newton st,45 e newton st,,2118.0,45 e newton st,boston,2118,106050.0,1725.0,Multifamily Housing,"Multifamily Housing (106050.0),Parking (1725.0)",78.7,28.0,8348681.752,3991400.8,211983.296,1277046.0,261973.216,,,,,,,,,,,,,,,,,,,,,,20.3,in compliance,473956.512,2025.0,No,No,No,No,No,No,,,52.193539511266295,4.469179745403111,11.571665959992828,4.365643155423357,15.937614210351649,13.068870849632772,1.4972048896399435,3.954958723077192
179,100233,801401300.0,761 harrison church llc,761 harrison av,761 harrison av,761 harrison av,,2118.0,761 harrison av,boston,2118,54426.0,1725.0,Multifamily Housing,"Multifamily Housing (54426.0),Parking (1725.0)",77.1,17.0,4193924.983,1035936.1,55018.566,925553.6,189868.066,,,,,,,,,,,,,,,,,,,,,,51.44,pending revisions,244886.632,2025.0,No,No,No,No,No,No,,,75.30243695443801,4.499442031382061,10.904597259843,4.345103280569283,15.249147603541067,12.408550655905294,1.5039533960622946,4.3215124975549175
3403,105037,801401510.0,,21 father francis gilday street,21 father francis gilday street,21 father francis gilday street,,2118.0,21 fr francis gilday st,boston,2118,81750.0,,Multifamily Housing,Multifamily Housing (81750.0),48.0,78.0,3923388.424,2825400.0,150056.994,321802.0,66014.462,,,,,,,,,,,,,,,,,,,,,,22.07,in compliance,216071.456,2025.0,No,No,No,No,No,No,,,27.98694841385402,2.643075914373089,11.3114210887595,3.871201010907891,15.182466232270954,12.28336444677396,0.9719433580144612,3.331738273427099
1830,102735,801448000.0,east concord street lps mass lp,1640 washington st,1640 washington st,1640 washington st,,2118.0,1640 washington st,boston,2118,43375.0,,Multifamily Housing,Multifamily Housing (43375.0),43.6,77.0,1892301.381,1247200.0,66238.792,189068.4,38785.492,,,,,,,,,,,,,,,,,,,,,,15.33,in compliance,105024.284,2025.0,No,No,No,No,No,No,,,34.092335794791666,2.4213091412103744,10.67763851724916,3.775057150354989,14.45330430819159,11.561946878589922,0.884308361340761,3.52907260227691
5191,107662,801610010.0,,93-101 northampton st,93,101 northampton st,,2118.0,,,,26768.0,,Multifamily Housing,Multifamily Housing (26768.0),67.5,39.0,1806354.704,1369646.0,72741.899,127992.0,26256.279,,,,,,,,,,,,,,,,,,,,,,61.83,in compliance,98998.178,2025.0,I'm not sure,No,No,No,I'm not sure,I'm not sure,,,24.177305920753426,3.6983778392109983,10.194962423226606,4.212127597878484,14.406821396775278,11.502856724906966,1.3078943016803612,3.185414421309817
3392,105026,801615010.0,parmelee court limited,1762-1786 washington st,1762,1786 washington st,,2118.0,1762  1786 washington st,boston,2118,39781.0,0.0,Multifamily Housing,"Multifamily Housing (38342.0),Office (1439.0),Parking (5686.0)",78.4,31.0,3120126.192,2345632.9,124576.563,226991.0,46564.934,,,,,,,,,,,,,,,,,,,,,,73.87,in compliance,171141.497,2025.0,I'm not sure,No,No,No,I'm not sure,I'm not sure,,,24.823590232852993,4.302091375279656,10.591144690352435,4.361823927356363,14.953384005121588,12.050245961158284,1.4591012708058488,3.211794420115422
2234,103346,801675000.0,grant manor lp mass lp,1810-1854 washington st,1810,1854 washington st,,2118.0,1854  1810 washington st,boston,2118,137893.0,,Multifamily Housing,Multifamily Housing (137893.0),74.6,40.0,10282376.32,7755015.8,411868.889,740727.0,151952.737,,,,,,,,,,,,,,,,,,,,,,50.54,in compliance,563821.626,2025.0,No,No,No,No,No,No,,,24.580617888239278,4.0888342845539665,11.834233301071668,4.312140507209715,16.145941950811117,13.242493214500124,1.4082599134284552,3.201958241667312
2235,103347,801675000.0,grant manor lp mass lp,20 e lenox st,20 e lenox st,20 e lenox st,,2118.0,1854  1810 washington st,boston,2118,42298.0,,Multifamily Housing,Multifamily Housing (42298.0),83.0,33.0,3508855.396,2825319.2,150052.703,200333.0,41096.312,,,,,,,,,,,,,,,,,,,,,,62.34,in compliance,191149.015,2025.0,No,No,No,No,No,No,,,19.48117459412112,4.5191029126672655,10.652495082592695,4.418840607796598,15.070800444254834,12.160808586090095,1.5083135034973991,2.969448593836054
3819,105697,801717010.0,,70-72 northampton st,70,72 northampton st,,2118.0,70  72 northampton st,boston,2118,27935.0,,Multifamily Housing,Multifamily Housing (27935.0),43.1,99.0,1203052.58,1034278.0,54930.505,49465.0,10147.25,,,,,,,,,,,,,,,,,,,,,,4.87,in compliance,65077.755,2030.0,No,No,No,No,No,No,,,14.029478225299178,2.3296135672095937,10.237635661893249,3.763522997109702,14.000372701399847,11.083338064733056,0.845702402839807,2.641160703494024
4936,107286,801877000.0,,1 newcomb st,1 newcomb st,1 newcomb st,,2118.0,,,,24665.0,,Multifamily Housing,Multifamily Housing (24665.0),32.2,99.0,793751.284,314597.3,16708.263,140432.0,28808.22,,,,,,,,,,,,,,,,,,,,,,29.95,pending revisions,45516.483,2030.0,I'm not sure,No,No,No,I'm not sure,I'm not sure,,,60.36841243081378,1.845387512669775,10.113140513667839,3.4719664525503626,13.584525446825525,10.72582980307364,0.6126892894058025,4.100465995142922
4250,106286,802041010.0,trustees boston university,815 albany st,815 albany st,815 albany st,,2119.0,817 albany st,boston,2119,102126.0,,Multifamily Housing,Multifamily Housing (102126.0),72.8,30.0,7431620.812,4003254.4,212612.841,1003551.0,205868.452,,,,,,,,,,,,,,,,,,4250.4,315.422,,,61.23,in compliance,418796.715,2025.0,No,Yes,No,No,No,No,,,46.07698147247721,4.1007844721226725,11.533962624036029,4.28771595520264,15.821254537183885,12.945140914108213,1.4111782900721863,3.8303135080023645
5479,108030,802531000.0,,2-14 taber st,2,14 taber st,,2119.0,,,,46239.0,,Multifamily Housing,"Multifamily Housing (44239.0),Fitness Center/Health Club/Gym (2000.0)",25.4,100.0,1176686.808,473187.0,25130.962,206184.0,42296.586,,,,,,,,,,,,,,,,,,,,,,20.4,pending revisions,67427.548,2025.0,I'm not sure,No,No,No,I'm not sure,I'm not sure,,,59.7891240742116,1.4582397543199463,10.74157887681483,3.2347491740244907,13.978213257375325,11.11880893743109,0.37723006061626146,4.0908237727472265
1880,102802,802571000.0,,11 mount pleasant ave,11 mount pleasant ave,11 mount pleasant ave,,2119.0,11 mt pleasant av,boston,2119,23176.0,,Multifamily Housing,Multifamily Housing (23176.0),63.9,,1480580.82,979068.0,51998.301,146985.0,30152.503,,,,,,,,,,,,,,,,,,,,,,35.09,in compliance,82150.804,2030.0,No,No,No,No,No,No,,,33.8741972727973,3.5446498101484294,10.050872539449186,4.157319361383489,14.207945014699474,11.316311910392567,1.2654393709433813,3.5226535821751015
2578,103955,802604000.0,jpndc  pitts  llc,22-24 greenville st,22,24 greenville st,,2119.0,22  24 greenville st,boston,2119,33310.0,,Multifamily Housing,Multifamily Housing (33310.0),17.2,100.0,571738.304,15012.5,797.314,163167.0,33472.078,,,,,,,,,,,,,,,,,,,,,,33.72,in compliance,34269.392,2030.0,No,No,No,No,No,No,,,97.37851656166106,1.0288019213449415,10.413612931187725,2.8449093838194073,13.256436655182569,10.442007873246435,0.028394942058709547,4.578605617137405
5119,107554,802734000.0,,62 forest st,62 forest st,62 forest st,,2119.0,,,,21500.0,,Multifamily Housing,Multifamily Housing (21500.0),72.1,,1549180.312,1258901.0,66860.232,85076.0,17452.491,,,,,,,,,,,,,,,,,,,,,,50.92,in compliance,84312.723,2030.0,I'm not sure,No,No,No,I'm not sure,I'm not sure,,,18.738430326759794,3.921522,9.975808214115753,4.278054044290903,14.253236518047274,11.342288057868778,1.3664798437530243,2.93057651272371
5267,107764,900079000.0,,20 aguadilla st,20 aguadilla st,20 aguadilla st,,2118.0,,,,20923.0,,Multifamily Housing,Multifamily Housing (20923.0),76.4,77.0,1598407.449,1383164.5,73459.867,63084.1,12941.072,,,,,,,,,,,,,,,,,,,,,,65.91,in compliance,86400.939,2025.0,No,No,No,No,No,No,,,13.466679722349067,4.129471825264063,9.94860431133925,4.335982696172475,14.284518347150852,11.366753822788645,1.4181495114493943,2.600218465779891
4475,106596,900080000.0,viviendas llc,100 w dedham st,100 w dedham st,100 w dedham st,,2118.0,100 w dedham st,boston,2118,63968.0,,Multifamily Housing,Multifamily Housing (63968.0),89.2,42.0,5705043.304,4418320.1,234656.981,377117.0,77361.781,,,,,,,,,,,,,,,,,,,,,,47.52,in compliance,312018.762,2025.0,No,No,No,No,No,No,,,22.55512715648968,4.877732022261131,11.066138237300127,4.490881039585964,15.556861131784125,12.65081859959899,1.5846803622988639,3.1159624084631634
661,100964,900095000.0,boston housing authority,80 w dedham st,80 w dedham st,80 w dedham st,,2118.0,80 w dedham st,boston,2118,128250.0,,Multifamily Housing,Multifamily Housing (128250.0),77.2,,9894927.52,2654800.0,140996.428,2121960.0,435298.874,,,,,,,,,,,,,,,,,,,,,,65.27,in compliance,576295.302,2025.0,No,No,No,No,No,No,,,73.17330823662265,4.493530619883041,11.761736763033015,4.3463994570307305,16.107532812080404,13.264375485387365,1.5026387223543494,4.292830712893167
2193,103300,900190000.0,geraghty susan a ts,1511-1525 washington st,1511,1525 washington st,,2118.0,1511  1525 washington st,boston,2118,58880.0,,Multifamily Housing,"K-12 School (8590.0),Multifamily Housing (41700.0),Other (8590.0)",80.3,18.0,4729865.38,178700.0,9490.757,449740.0,92259.664,,,,,,,,,,3016652.5,223865.782,,,,,,,,,,,25.43,in compliance,325616.203,2030.0,Yes,No,No,No,Yes,Yes,,,32.4444824051208,5.530166491168478,10.983256753402758,4.385769620952716,15.369407299175148,12.693474675385874,1.7102179219831153,3.4795303949522247
4079,106051,900248000.0,,640 tremont st,640 tremont st,640 tremont st,,2118.0,143 w brookline st,boston,2118,24732.0,,Multifamily Housing,Multifamily Housing (24732.0),65.1,49.0,1608987.355,1074300.0,57056.073,156707.9,32147.059,,,,,,,,,,,,,,,,,,,,,,42.28,in compliance,89203.132,2030.0,No,No,No,No,No,No,,,33.23275719497498,3.606790069545528,10.115853230678459,4.175924549214524,14.291115567025056,11.39867143005931,1.2828181993808492,3.503536051990182
477,100680,900352000.0,,42 w newton st,42 w newton st,42 w newton st,,2118.0,43  41 w newton st,boston,2118,22039.0,,Multifamily Housing,Multifamily Housing (22039.0),39.9,85.0,880324.112,366900.0,19486.059,150476.0,30868.647,,,,,,,,,,,,,,,,,,,,,,23.57,in compliance,50354.706,2030.0,No,No,No,No,No,No,,,58.32473249352507,2.2847999455510686,10.000568890186692,3.686376323895818,13.688045427736155,10.82684735951888,0.8262784693321881,4.06602623141648
2523,103887,900628000.0,,68 w concord st,68 w concord st,68 w concord st,,2118.0,68 w concord st,boston,2118,38493.0,,Multifamily Housing,Multifamily Housing (38493.0),64.1,72.0,2466410.924,1852500.0,98386.275,179927.0,36910.225,,,,,,,,,,,,,,,,,,,,,,37.57,in compliance,135296.5,2030.0,No,No,No,No,No,No,,,24.8919556378838,3.5148338658976956,10.558231685563127,4.160444363926624,14.718274584671743,11.815223945383783,1.2569922598206549,3.214544684521702
537,100772,900650000.0,,1701 washington st,1701 washington st,1701 washington st,,2118.0,worcester st,boston,2118,55472.0,,Multifamily Housing,Multifamily Housing (55472.0),74.9,,4154028.8,1092100.0,58001.431,897400.0,184092.636,,,,,,,,,,,,,,,,,,,,,,51.7,in compliance,242094.067,2025.0,No,No,No,No,No,No,,,73.7131001595367,4.364257048601096,10.923633667924804,4.316153890523174,15.239589216470714,12.39708163622355,1.4734479682987454,4.300180533189854
2664,104058,900660000.0,,508 shawmut ave,508 shawmut ave,508 shawmut ave,,2118.0,83 w springfield st,boston,2118,107340.0,10000.0,Multifamily Housing,"Multifamily Housing (107340.0),Parking (10000.0)",60.1,50.0,6447157.604,4600269.3,244320.303,541292.0,111040.641,,,,,,,,,,,,,,,,,,,,,,36.14,in compliance,355360.944,2025.0,I'm not sure,No,No,No,I'm not sure,I'm not sure,,,28.647810573982053,3.3106106204583567,11.58375664573082,4.096009841541162,15.679149910092917,12.78088929558578,1.1971326498549597,3.355077020484312
4106,106085,900740000.0,tenants' development iii lp mass lp,400 massachusetts ave,400 massachusetts ave,400 massachusetts ave,,2118.0,400 massachusetts av,boston,2118,60000.0,,Multifamily Housing,Multifamily Housing (60000.0),44.7,99.0,2679737.276,1908973.3,101385.572,225898.0,46340.716,,,,,,,,,,,,,,,,,,,,,,28.26,in compliance,147726.288,2025.0,No,No,No,No,No,No,,,28.763933972309303,2.4621048,11.002099841204238,3.7999735016195233,14.80122931633837,11.903116435079234,0.901016593874996,3.359122309740092
4220,106253,900789000.0,tremont towers condo trust,492-498 massachusetts ave,492,498 massachusetts ave,,2118.0,492  498 massachusetts av,boston,2118,25088.0,,Multifamily Housing,Multifamily Housing (25088.0),68.3,,1714655.548,1235000.0,65590.85,140579.0,28838.376,,,,,,,,,,,,,,,,,,,,,,24.5,in compliance,94429.226,2030.0,No,No,No,No,No,No,,,27.975101787032507,3.7639200414540817,10.130144923150134,4.223909766576744,14.354722771762559,11.455605901675815,1.3254609785256812,3.331314892691191
2959,104432,900860010.0,,1721 washington st,1721 washington st,1721 washington st,,2118.0,1721 washington st,boston,2118,53960.0,,Multifamily Housing,Multifamily Housing (53960.0),67.9,21.0,3663914.992,1935000.0,102767.85,506716.0,103947.72,,,,,,,,,,,,,,,,,,,,,,18.0,in compliance,206715.57,2025.0,I'm not sure,No,No,No,I'm not sure,I'm not sure,,,47.189713821832036,3.8309038176426986,10.895998310321692,4.21803603456465,15.114042803633652,12.23909906939319,1.343100759071497,3.854175941338302
5533,108099,900881000.0,,1777-1781 washington st,1777,1781 washington st,,2118.0,,,,26219.0,,Multifamily Housing,Multifamily Housing (26219.0),76.7,50.0,2011379.32,1585612.9,84211.901,124785.0,25598.395,,,,,,,,,,,,,,,,,,,,,,127.25,in compliance,109810.296,2030.0,,,,,,,,,21.168813535877458,4.188195430794462,10.174239617765064,4.33990170837321,14.51433127354362,11.606509574153193,1.4322699563881296,3.052529038979025
538,100773,900890000.0,,155 northampton st,155 northampton st,155 northampton st,,2118.0,155 northampton st,boston,2118,55472.0,,Multifamily Housing,Multifamily Housing (55472.0),73.5,,4079632.661,949600.0,50433.256,917360.1,188187.251,,,,,,,,,,,,,,,,,,,,,,53.54,in compliance,238620.507,2025.0,No,No,No,No,No,No,,,76.72676746459159,4.301638790741275,10.923633667924804,4.297285406218791,15.221517508258406,12.382629732144657,1.458996064219853,4.34025063659878
3601,105346,900939000.0,robert l fortes house lp,541-549 shawmut ave,541,549 shawmut ave,,2118.0,541  549 shawmut av,boston,2118,39280.0,,Multifamily Housing,Multifamily Housing (39280.0),50.5,85.0,1984168.985,1238349.8,65768.758,218587.1,44840.958,,,,,,,,,,,,,,,,,,,,,,36.72,in compliance,110609.716,2025.0,No,No,No,No,No,No,,,37.590143727853906,2.815929633401222,10.578470762468402,3.9219733362813143,14.500710737090994,11.613763212313218,1.0352924498448166,3.6267418811349885
1968,102922,901006000.0,fenway ns acquisition llc,599 columbus ave,599 columbus ave,599 columbus ave,,2127.0,599 columbus av,boston,2127,35545.0,,Multifamily Housing,Multifamily Housing (35545.0),76.8,60.0,2731454.292,2256193.4,119826.431,139291.0,28574.156,,,,,,,,,,,,,,,,,,,,,,42.61,in compliance,148400.587,2025.0,No,No,No,No,No,No,,,17.400319933671433,4.1750059642706425,10.478554778363584,4.341204640153626,14.820344733015077,11.9076705652332,1.429115786869617,2.856488593044056
1969,102923,901045000.0,fenway ns acquisition llc,607-627 columbus ave,607,627 columbus ave,,2118.0,380 northampton st,boston,2118,74156.0,,Multifamily Housing,Multifamily Housing (74156.0),60.0,56.0,4450345.426,3601580.4,191279.935,248758.8,51030.38,,,,,,,,,,,,,,,,,,,,,,27.48,in compliance,242310.315,2025.0,No,No,No,No,No,No,,,19.072729376490425,3.267575314202492,11.213926261352483,4.0943445622221,15.308492274950074,12.397974477091227,1.1840482157387429,2.9482595334659876
3421,105059,901071000.0,,789-793 tremont st,789,793 tremont st,,2118.0,272  268 northampton st,boston,2118,242904.0,0.0,Multifamily Housing,"Multifamily Housing (242904.0),Swimming Pool (0.0),Parking (12500.0)",53.3,88.0,12955621.62,9452118.6,502002.019,1026818.0,210641.445,,,,,,,,,,,,,,,,,,,,,,20.78,in compliance,712643.464,2025.0,No,No,No,No,No,No,,,27.043527060803434,2.9338482034054607,12.400421582536847,3.975936331171799,16.377040353845338,13.476736523838607,1.076314941301761,3.297447681307564
3695,105499,901120000.0,roxse residences lp mass lp,228-232 northampton st,228,232 northampton st,,2118.0,65  109 camden st,boston,2118,28496.0,,Multifamily Housing,Multifamily Housing (28496.0),39.4,,1122346.214,825805.2,43858.514,86911.2,17828.964,,,,,,,,,,,,,,,,,,,,,,48.08,in compliance,61687.478,2025.0,No,No,No,No,No,No,,,26.422689129327793,2.1647767405951712,10.257519005529442,3.673765816303888,13.930931886094722,11.029836239539502,0.7723172340100594,3.274223077764963
3697,105501,901120000.0,roxse residences lp mass lp,59-105 camden st,59,105 camden st,,2118.0,65  109 camden st,boston,2118,71033.0,,Multifamily Housing,Multifamily Housing (71033.0),39.3,100.0,2793916.276,2256874.3,119862.594,157398.0,32288.626,,,,,,,,,,,,,,,,,,,,,,48.33,in compliance,152151.22,2025.0,No,No,No,No,No,No,,,19.222680017774447,2.141979361705123,11.170899836775021,3.6712245188752153,14.842954852709408,11.932630173695863,0.7617303369208402,2.9560908328315483
3698,105503,901120000.0,roxse residences lp mass lp,172-196 northampton st,172,196 northampton st,,2118.0,65  109 camden st,boston,2118,36887.0,,Multifamily Housing,Multifamily Housing (36887.0),39.8,,1466614.868,1205890.3,64044.834,76414.0,15675.568,,,,,,,,,,,,,,,,,,,,,,37.86,in compliance,79720.402,2025.0,No,No,No,No,No,No,,,17.77808447118511,2.161205899097243,10.515614464432117,3.6838669122903918,14.198467492323983,11.28628081696329,0.7706663525311719,2.8779664892529646
3687,105449,901180010.0,roxbury corners llc,1797-1815 washington st,1797,1815 washington st,,2118.0,1797  1815 washington st,boston,2118,81011.0,0.0,Multifamily Housing,"Multifamily Housing (81011.0),Parking (3512.0)",60.6,28.0,4910965.896,3840679.5,203978.488,313683.0,64348.931,,,,,,,,,,,,,,,,,,,,,,83.85,in compliance,268327.419,2025.0,I'm not sure,No,No,No,I'm not sure,I'm not sure,,,21.79476443364819,3.312234375578625,11.302340226903391,4.104294893075269,15.406981200586761,12.499963226495895,1.1976229995925045,3.081669777357029
401,100558,901233000.0,bc camden limited,50-60 camden st,50,60 camden st,,2118.0,50  60 camden st,boston,2118,72228.0,,Multifamily Housing,Multifamily Housing (72228.0),64.5,61.0,4660853.18,3384793.5,179766.383,373991.7,76720.657,,,,,,,,,,,,,,,,,,,,,,52.0,in compliance,256487.04,2025.0,No,No,No,No,No,No,,,27.37944599136676,3.551074929390264,11.18758306133577,4.1666652238017265,15.354709075180573,12.454833416000675,1.2672503546649034,3.309792585593019
5091,107517,901323508.0,,150 camden st,150 camden st,150 camden st,,2118.0,,,,214869.0,35400.0,Multifamily Housing,"Multifamily Housing (214869.0),Parking (35400.0)",55.1,61.0,11846471.52,5714022.5,303471.735,1797318.0,368701.815,,,,,,,,,,,,,,,,,,,,,,36.53,in compliance,672173.55,2025.0,No,No,No,No,No,No,,,51.76831433179354,3.128294681875934,12.27778381908412,4.009149716158869,16.287540619180184,13.41827184509076,1.1404880260066406,3.946778269668874
4940,107293,901361000.0,,1065-1067 tremont street,1065,1067 tremont street,,2120.0,,,,49483.0,,Multifamily Housing,Multifamily Housing (49483.0),27.2,100.0,1344003.46,743645.0,39494.986,175955.0,36095.409,,,,,,,,,,,,,,,,,,,,,,34.18,pending revisions,75590.395,2025.0,No,No,No,No,No,No,,,44.671377055085856,1.5276033183113393,10.809384455226267,3.3032169733019514,14.11116337446668,11.233084503831506,0.42370004860523824,3.799332962179806
3210,104769,901401010.0,northeastern university,742  744 columbus av,742  744 columbus av,742  744 columbus av,,2120.0,742  744 columbus av,boston,2120,313765.0,,Multifamily Housing,Multifamily Housing (313765.0),51.4,92.0,16128951.95,6482900.4,344306.84,2827096.0,579950.473,,,,,,,,,,,,,,,,,,,,,,46.02,in compliance,924257.313,2025.0,No,No,No,No,No,No,,,59.80844661391653,2.9456992111930904,12.656399577050268,3.9396381724611196,16.596126472788924,13.73674578912895,1.0803462120786815,4.091146898706422
3699,105507,901580000.0,roxse residences lp mass lp,91-105 hammond st,91,105 hammond st,,2118.0,10  70 kendall st,boston,2118,54004.0,,Multifamily Housing,Multifamily Housing (54004.0),43.0,98.0,2319847.176,1985563.3,105453.267,97973.0,20098.181,,,,,,,,,,,,,,,,,,,,,,31.55,in compliance,125551.448,2025.0,No,No,No,No,No,No,,,14.410370450626617,2.3248546033627138,10.896813396877137,3.7612001156935624,14.657011869059017,11.740470897772907,0.8436575008957706,2.66794811756625
3700,105508,901580000.0,roxse residences lp mass lp,5-15 hammond st,5,15 hammond st,,2118.0,10  70 kendall st,boston,2118,21613.0,,Multifamily Housing,Multifamily Housing (21613.0),43.5,,939678.024,766938.7,40732.114,50627.0,10385.623,,,,,,,,,,,,,,,,,,,,,,44.66,in compliance,51117.737,2025.0,No,No,No,No,No,No,,,18.383628608728646,2.3651384352010365,9.981050264483919,3.7727609380946383,13.753292567910615,10.841886819683436,0.8608365551995176,2.9114605190272655
3701,105509,901580000.0,roxse residences lp mass lp,17-21-25 hammond st,17,25 hammond st,,2118.0,10  70 kendall st,boston,2118,40350.0,,Multifamily Housing,Multifamily Housing (40350.0),38.4,,1549780.072,1254109.8,66605.771,86656.0,17776.612,,,,,,,,,,,,,,,,,,,,,,24.21,in compliance,84382.383,2025.0,No,No,No,No,No,No,,,19.079047133340605,2.0912610408921934,10.605346673698095,3.648057459593681,14.25362358979597,11.343113926568957,0.7377672528708622,2.94859072417247
3702,105510,901580000.0,roxse residences lp mass lp,35-45 hammond st,35,45 hammond st,,2118.0,10  70 kendall st,boston,2118,39574.0,,Multifamily Housing,Multifamily Housing (39574.0),34.1,,1351220.584,1041387.1,55308.069,90807.0,18628.148,,,,,,,,,,,,,,,,,,,,,,28.44,in compliance,73936.217,2025.0,No,No,No,No,No,No,,,22.930904747821693,1.8683028503562946,10.585927615952386,3.529297384289471,14.116518878225886,11.210958068076526,0.6250304521241409,3.1324855530395848
3703,105511,901580000.0,roxse residences lp mass lp,47-55 hammond st,47,55 hammond st,,2118.0,10  70 kendall st,boston,2118,40062.0,,Multifamily Housing,Multifamily Housing (40062.0),43.4,,1738231.308,1442806.7,76627.464,86584.0,17761.842,,,,,,,,,,,,,,,,,,,,,,37.67,in compliance,94389.306,2025.0,No,No,No,No,No,No,,,16.99644887537603,2.3560807248764415,10.598183533085924,3.770459441106359,14.368378664559566,11.45518306181818,0.8569995287322577,2.8330044325519643
3704,105513,901580000.0,roxse residences lp mass lp,65-83 hammond st,65,83 hammond st,,2118.0,10  70 kendall st,boston,2118,38734.0,,Multifamily Housing,Multifamily Housing (38734.0),36.1,,1398183.928,1151090.3,61134.406,72419.0,14856.034,,,,,,,,,,,,,,,,,,,,,,23.68,in compliance,75990.44,2025.0,No,No,No,No,No,No,,,17.6732464092521,1.9618536686115557,10.564473046287677,3.586292865338835,14.150684758214954,11.238362821882625,0.6738897755949473,2.872051993805652
3705,105515,901580000.0,roxse residences lp mass lp,85-89 hammond st,85,89 hammond st,,2118.0,10  70 kendall st,boston,2118,41078.0,,Multifamily Housing,Multifamily Housing (41078.0),44.7,,1837032.652,1549500.0,82293.945,84271.0,17287.353,,,,,,,,,,,,,,,,,,,,,,52.75,in compliance,99581.298,2025.0,No,No,No,No,No,No,,,15.652704503479889,2.424200253176883,10.623227977365595,3.7999735016195233,14.42366213867185,11.508729654857156,0.885501677491561,2.750643713779891
888,101206,901710000.0,,431 melnea cass boulevard,431 melnea cass boulevard,431 melnea cass boulevard,,2119.0,,,,52055.0,,Multifamily Housing,Multifamily Housing (52055.0),40.4,89.0,2104548.912,893285.5,47442.393,355001.0,72824.905,,,,,,,,,,,,,,,,,,,,,,22.0,in compliance,120267.298,2025.0,No,No,No,No,No,No,,,57.557068654624835,2.3103889732014213,10.860056130908854,3.6988297849671046,14.559611708547768,11.697472027934394,0.8374158970255405,4.052776953943773
3706,105517,902000010.0,roxse residences lp mass lps,1030-1070 tremont st,1030,1070 tremont st,,2120.0,1030  1070 tremont st,boston,2120,285517.0,,Multifamily Housing,Multifamily Housing (285517.0),17.6,100.0,5033875.856,2600990.2,138138.59,713038.0,146272.615,,,,,,,,,,,,,,,,,,,,,,31.01,in compliance,284411.205,2025.0,No,No,No,No,No,No,,,48.33239200366963,0.9961270432233458,12.562056850963984,2.8678989020441064,15.431700793268819,12.55817637486929,-0.0038804760946926295,3.8781019777766637
3707,105518,902000010.0,roxse residences lp mass lps,35-65 warwick st,35,65 warwick st,,2120.0,1030  1070 tremont st,boston,2120,44132.0,,Multifamily Housing,Multifamily Housing (44132.0),39.9,,1761020.016,1429738.7,75933.422,97093.0,19917.658,,,,,,,,,,,,,,,,,,,,,,49.66,in compliance,95851.08,2025.0,No,No,No,No,No,No,,,18.812726541434152,2.17191788271549,10.694940421880197,3.686376323895818,14.381403753682912,11.470551016015945,0.7756105941357487,2.9345335845061786
2749,104157,902126010.0,,2093-2115 washington st,2093,2115 washington st,,2119.0,2093  2115 washington st,boston,2119,45200.0,,Multifamily Housing,Multifamily Housing (45200.0),46.6,54.0,2106527.48,1042700.0,55377.797,311790.0,63960.601,,,,,,,,,,,,,,,,,,,,,,32.01,in compliance,119338.398,2030.0,I'm not sure,No,No,No,I'm not sure,I'm not sure,,,50.503696657211414,2.6402300442477875,10.718852365820323,3.8416005411316,14.560551405651983,11.689718417154902,0.9708660513345789,3.9220465347351414
3772,105634,902131000.0,school house kenilworth,37 williams st,37 williams st,37 williams st,,2119.0,37 williams st,boston,2119,25630.0,,Multifamily Housing,Multifamily Housing (25630.0),61.7,58.0,1581862.972,1162763.6,61754.375,122831.0,25197.551,,,,,,,,,,,,,,,,,,,,,,41.69,in compliance,86951.926,2030.0,No,No,No,No,No,No,,,26.495202433374864,3.392583925087788,10.151518819358117,4.122283930911342,14.274113806617692,11.373110670198406,1.2215918508402897,3.2769636763524073
5133,107574,902145000.0,,80-100 dewitt dr,80,100 dewitt dr,,2119.0,,,,33000.0,,Multifamily Housing,Multifamily Housing (33000.0),73.3,76.0,2420337.732,1735000.0,92145.85,200861.0,41204.626,,,,,,,,,,,,,,,,,,,,,,83.1,in compliance,133350.476,2025.0,,,,,,,,,28.317034110097495,4.040923515151515,10.404262840448617,4.294560608892605,14.69941764707315,11.800736099157595,1.3964732587089779,3.3434635355903906
2739,104147,902160000.0,madison  haynes  llc,735 shawmut ave,735 shawmut ave,735 shawmut ave,,2119.0,725  751 shawmut av,boston,2119,138710.0,0.0,Multifamily Housing,"Multifamily Housing (138710.0),Parking (35370.0)",56.6,77.0,7851497.016,5449472.9,289421.506,703993.0,144417.124,,,,,,,,,,,,,,,,,,,,,,44.88,in compliance,433838.63,2025.0,I'm not sure,No,No,No,I'm not sure,I'm not sure,,,30.594544072994907,3.1276665705428592,11.840140701757337,4.036008985209137,15.876214774252306,12.980427923663745,1.14028722190641,3.420821694793169
5539,108105,902197010.0,,sojourner truth pl,sojourner truth pl,sojourner truth pl,,2120.0,,,,21350.0,,Multifamily Housing,Multifamily Housing (21350.0),70.7,80.0,1509154.904,1084900.0,57619.039,124342.0,25507.518,,,,,,,,,,,,,,,,,,,,,,37.95,in compliance,83126.557,2030.0,I'm not sure,No,No,No,I'm not sure,I'm not sure,,,28.11332051968073,3.893515550351288,9.96880701865677,4.258445572902527,14.22706038589434,11.328119508609802,1.3593124899530324,3.336243503864597
2745,104153,902230010.0,madison melnea cass llc,40 raynor cir,40 raynor cir,40 raynor cir,,2119.0,40 raynor ci,boston,2119,22256.0,0.0,Multifamily Housing,"Multifamily Housing (22256.0),Parking (3000.0)",45.4,,1011277.584,625271.2,33208.153,113132.0,23207.898,,,,,,,,,,,,,,,,,,,,,,32.1,in compliance,56416.051,2030.0,I'm not sure,No,No,No,I'm not sure,I'm not sure,,,38.17184914483381,2.534869293673616,10.010366914163225,3.8155121050473024,13.826725024115087,10.940508989196054,0.9301420750328296,3.6420983105623352
5150,107598,902310000.0,,11-21 raynor cir,11,21 raynor cir,,2120.0,,,,20706.0,,Multifamily Housing,Multifamily Housing (20706.0),54.3,81.0,1125065.96,720471.0,38264.215,118580.0,24325.501,,,,,,,,,,,,,,,,,,,,,,68.78,in compliance,62589.716,2030.0,I'm not sure,No,No,No,I'm not sure,I'm not sure,,,35.96346893296816,3.0227816091954023,9.938178792326058,3.9945242269398897,13.933352223013031,11.044356262442404,1.1061774701163456,3.582503671384875
5151,107601,902345000.0,,67-81 ruggles st,67,81 ruggles st,,2120.0,,,,22741.0,,Multifamily Housing,Multifamily Housing (22741.0),112.8,8.0,2564582.564,1887652.0,100253.198,198397.0,40699.161,,,,,,,,,,,,,,,,,,,,,,49.7,in compliance,140952.359,2030.0,I'm not sure,No,No,No,I'm not sure,I'm not sure,,,26.396511192610607,6.198160107295194,10.03192474171143,4.725616339063959,14.757306280262993,11.856177232833565,1.8242524911221354,3.2732318496243997
5152,107605,902380000.0,,51 ruggles st,51 ruggles st,51 ruggles st,,2119.0,,,,20399.0,,Multifamily Housing,Multifamily Housing (20399.0),102.1,33.0,2082353.308,1806633.0,95950.279,80809.0,16577.158,,,,,,,,,,,,,,,,,,,,,,42.27,in compliance,112527.437,2030.0,I'm not sure,No,No,No,I'm not sure,I'm not sure,,,13.241385517562708,5.516321241237316,9.923241159022965,4.625952725170619,14.549009210205963,11.63095235533608,1.7077111963131153,2.58334719137541
3721,105564,902453000.0,ruggles assisted living lp mass lp,25 ruggles st,25 ruggles st,25 ruggles st,,2119.0,25 ruggles st,boston,2119,27516.0,,Multifamily Housing,Multifamily Housing (27516.0),64.2,55.0,1765320.163,1042856.8,55386.125,211741.9,43436.733,,,,,,,,,,,,,,,,,,,,,,21.2,in compliance,98822.858,2025.0,No,No,No,No,No,No,,,40.92714393842223,3.591468890827155,10.222522932645905,4.162003210695915,14.383842627366787,11.501084213252527,1.2785612806066222,3.7117935088959753
3722,105565,902454000.0,ruggles shawmut housing llc,41 ruggles st,41 ruggles st,41 ruggles st,,2119.0,41 ruggles st,boston,2119,39610.0,,Multifamily Housing,Multifamily Housing (39610.0),57.3,69.0,2271523.82,1638649.0,87028.648,185485.0,38050.393,,,,,,,,,,,,,,,,,,,,,,48.52,in compliance,125079.041,2025.0,I'm not sure,No,No,No,I'm not sure,I'm not sure,,,27.862469993821154,3.1577642262055035,10.586836890615963,4.048300623720694,14.635961450589303,11.736701144449325,1.1498642538333625,3.327280621773629
5153,107610,902500000.0,,759 shawmut av,759 shawmut av,759 shawmut av,,2119.0,,,,29756.0,,Multifamily Housing,Multifamily Housing (29756.0),103.2,22.0,3071159.844,2485960.9,132029.383,171512.0,35183.972,,,,,,,,,,,,,,,,,,,,,,80.64,in compliance,167213.355,2030.0,I'm not sure,No,No,No,I'm not sure,I'm not sure,,,19.055493706826415,5.619483633552897,10.300786071311231,4.636668853047462,14.93756584756371,12.027025850844861,1.72623977953363,2.9473554435586053
3902,105830,902505000.0,smith senior residences llc,757 shawmut ave,757 shawmut ave,757 shawmut ave,,2119.0,757 shawmut st,boston,2119,103792.0,,Multifamily Housing,Multifamily Housing (103792.0),51.8,53.0,5371735.28,1518086.0,80625.547,1129440.0,231693.322,,,,,,,,,,,,,,,,,,,,,,23.61,in compliance,312318.869,2025.0,I'm not sure,No,No,No,I'm not sure,I'm not sure,,,71.74252816121646,3.009084216509943,11.550144175452836,3.9473901492654373,15.496661557674667,12.651779960914448,1.1016357854616106,4.27308371209118
4577,106746,902643102.0,whittier 1a-9 preservation associates lp,100 cabot st,100 cabot st,100 cabot st,,2120.0,155  185 cabot st,boston,2120,77752.0,0.0,Multifamily Housing,"Multifamily Housing (77752.0),Parking (19065.0)",43.0,81.0,3344237.208,1535078.8,81528.035,530234.0,108772.203,,,,,,,,,,,,,,,,,,,,,,49.67,in compliance,190300.238,2025.0,Yes,No,No,No,Yes,Yes,,,54.10016785806899,2.4475285265973867,11.261279553183307,3.7612001156935624,15.02274918607763,12.156358303940316,0.8950787507570099,3.990837288584572
4626,106809,902643102.0,whittier 1a-9 preservation associates lp,154 ruggles st,154 ruggles st,154 ruggles st,,2120.0,155  185 cabot st,boston,2120,23542.0,,Multifamily Housing,Multifamily Housing (23542.0),39.0,,918682.348,480226.7,25504.84,128504.0,26361.311,,,,,,,,,,,,,,,,,,,,,,41.36,in compliance,51866.151,2025.0,Yes,No,No,No,Yes,Yes,,,47.72867624533915,2.2031327414833064,10.066541338972426,3.6635616461296463,13.730695691968075,10.856421659849511,0.789880320877086,3.865532396406076
5468,108019,902643150.0,,180 ruggles st,180 ruggles st,180 ruggles st,,2120.0,,,,40541.0,,Multifamily Housing,Multifamily Housing (40541.0),39.6,91.0,1605268.594,700322.6,37194.133,265224.5,54408.154,,,,,,,,,,,,,,,,,,,,,,31.91,in compliance,91602.287,2025.0,I'm not sure,No,No,No,I'm not sure,I'm not sure,,,56.37597228635497,2.2594974716953207,10.610069086697326,3.6788291182604347,14.288801648831695,11.425211517599454,0.8151424309021277,4.03204304443873
5469,108020,902643150.0,,25 whittier st,25 whittier st,25 whittier st,,2120.0,,,,30581.0,,Multifamily Housing,Multifamily Housing (30581.0),37.2,94.0,1136576.652,492319.4,26147.083,188821.0,38734.74,,,,,,,,,,,,,,,,,,,,,,32.27,in compliance,64881.823,2025.0,Yes,No,No,No,Yes,Yes,,,56.68650451478745,2.1216383702298813,10.328134180060221,3.616308761279101,13.943531365666898,11.080322786421679,0.752188606361458,4.037536166791281
3359,104985,902908050.0,parcel 25d primary,1 gurney st,1 gurney st,1 gurney st,,2120.0,1 gurney st,boston,2120,77529.0,,Multifamily Housing,Multifamily Housing (77529.0),59.3,45.0,4596881.44,2410403.6,128016.535,640820.0,131457.815,,,,,,,,,,,,,,,,,,,,,,22.82,in compliance,259474.35,2025.0,No,No,No,No,No,No,,,47.56646416793381,3.3468037766513175,11.25840733889688,4.08260930600368,15.340888683722692,12.466413132772061,1.2080057938751816,3.8621279786493576
3688,105450,902921010.0,roxbury crossing senior,30 gurney st,30 gurney st,30 gurney st,,2120.0,30 gurney st,boston,2120,34700.0,,Multifamily Housing,Multifamily Housing (34700.0),54.0,60.0,1874805.368,1195854.9,63511.854,198989.0,40820.603,,,,,,,,,,,,,,,,,,,,,,22.4,in compliance,104332.457,2025.0,No,No,No,No,No,No,,,36.21604289912616,3.0066990489913543,10.45449496593495,3.9889840465642745,14.444015408265335,11.555337781457883,1.1008428155229328,3.589502194668138
5541,108107,903070000.0,,dewitt dr,dewitt dr,dewitt dr,,2119.0,,,,22350.0,,Multifamily Housing,Multifamily Housing (22350.0),83.7,61.0,1870754.876,1359900.0,72224.289,149723.0,30714.176,,,,,,,,,,,,,,,,,,,,,,85.4,in compliance,102938.465,2030.0,,,,,,,,,27.30861969165863,4.6057478747203575,10.014581600041716,4.4272389774954295,14.441852584380475,11.541886661496576,1.5273050614548618,3.307202391976845
454,100647,903082100.0,,107-139 madison park ct,107,139 madison park ct,,2119.0,shawmut av,boston,2119,43803.0,,Multifamily Housing,Multifamily Housing (43803.0),40.2,99.0,1762984.992,1322100.0,70216.731,129216.0,26507.37,,,,,,,,,,,,,,,,,,,,,,34.1,in compliance,96724.101,2030.0,I'm not sure,No,No,No,I'm not sure,I'm not sure,,,25.008969242547018,2.2081615642764194,10.687457587169673,3.6938669956249757,14.382518948581437,11.479617885134205,0.7921602979645314,3.219234530227621
1115,101674,903130010.0,cbes development llc mass llc,2311 washington st,2311 washington st,2311 washington st,,2119.0,2311 washington st,boston,2119,49588.0,,Multifamily Housing,Multifamily Housing (49588.0),57.3,66.0,2839328.931,1589572.7,84422.206,366282.6,75139.213,,,,,,,,,,,,,,,,,,,,,,16.17,in compliance,159561.419,2025.0,No,No,No,No,No,No,,,44.01783674812984,3.217742578849722,10.811504147958038,4.048300623720694,14.85907829031465,11.980184199186116,1.1686800512280786,3.7845949324130435
1754,102626,903146010.0,dartmouth hotel lp,39-59 warren st,39,59 warren st,,2119.0,39  59 warren st,boston,2119,59178.0,0.0,Multifamily Housing,"Multifamily Housing (59178.0),Parking (21000.0)",59.7,79.0,3531910.86,2443807.0,129790.59,318905.0,65420.172,,,,,,,,,,,,,,,,,,,,,,93.56,in compliance,195210.762,2025.0,I'm not sure,No,No,No,I'm not sure,I'm not sure,,,30.8091494627925,3.2987049579235523,10.988305130182049,4.089332020398556,15.077349602561913,12.181835084638072,1.193529954456023,3.4278117063460765
4367,106427,903162020.0,two451 washington llc,2451 washington st,2451 washington st,2451 washington st,,2119.0,2451 washington st,boston,2119,22630.0,,Multifamily Housing,Multifamily Housing (22630.0),38.4,,869746.432,356800.0,18949.648,150336.0,30839.927,,,,,,,,,,,,,,,,,,,,,,23.42,in compliance,49789.575,2030.0,No,No,No,No,No,No,,,58.979141911558884,2.20015797613787,10.027031738627583,3.648057459593681,13.675956990677518,10.815560903749226,0.7885291651216423,4.077183854477614
3773,105635,903214000.0,school house kenilworth,6 kenilworth st,6 kenilworth st,6 kenilworth st,,2119.0,6 kenilworth st,boston,2119,34688.0,,Multifamily Housing,Multifamily Housing (34688.0),50.1,,1738462.108,1336241.9,70967.807,117884.0,24182.724,,,,,,,,,,,,,,,,,,,,,,18.05,in compliance,95150.531,2030.0,No,No,No,No,No,No,,,23.1375701977624,2.7430388318726937,10.454149084799319,3.914021008090819,14.368511434391543,11.463215453370836,1.009066368571518,3.141457711833961
3485,105170,903453000.0,prang estates associates mass lp,45 centre st,45 centre st,45 centre st,,2119.0,45 centre st,boston,2119,48273.0,,Multifamily Housing,Multifamily Housing (48273.0),65.5,65.0,3159934.772,2649479.1,140713.835,149606.0,30690.175,,,,,,,,,,,,,,,,,,,,,,38.65,in compliance,171404.01,2030.0,No,No,No,No,No,No,,,16.154704123114097,3.5507221428127527,10.78462767712726,4.182050142641207,14.966061943577898,12.051778680438073,1.2671510033108124,2.7822112842287727
2579,103957,903454000.0,jpndc  pitts  llc,286 roxbury st,286 roxbury st,286 roxbury st,,2119.0,gardner st,boston,2119,28216.0,,Multifamily Housing,Multifamily Housing (28216.0),51.4,84.0,1449775.904,1200044.8,63734.379,73192.0,15014.607,,,,,,,,,,,,,,,,,,,,,,37.3,in compliance,78748.986,2030.0,No,No,No,No,No,No,,,17.226254217010354,2.79093372554579,10.247644471915889,3.9396381724611196,14.186919553487318,11.274020680414505,1.0263762084986168,2.8464346280086015
3689,105452,903516000.0,,15 highland ave,15 highland ave,15 highland ave,,2119.0,15  27 highland av,boston,2119,27423.0,,Multifamily Housing,Multifamily Housing (27423.0),111.8,8.0,3065663.092,2623754.5,139347.601,129516.0,26568.912,,,,,,,,,,,,,,,,,,,,,,53.83,in compliance,165916.513,2025.0,No,No,No,No,No,No,,,14.415413766543136,6.050268497246837,10.219137356321928,4.716711560720999,14.935774447183643,12.019240007090149,1.8001026507682207,2.6682980345662513
4840,107168,903671000.0,,50-52 highland st,50,52 highland st,,2119.0,50 52 highland st,boston,2119,73385.0,,Multifamily Housing,Multifamily Housing (73385.0),39.8,100.0,2921229.972,2443700.1,129784.912,139956.0,28710.574,,,,,,,,,,,,,,,,,,,,,,26.27,in compliance,158495.486,2030.0,No,No,No,No,No,No,,,16.347595703772956,2.159780418341623,11.203474834045299,3.6838669122903918,14.887515308842511,11.973481392398655,0.7700065583533566,2.7940808347730868
4977,107357,903737012.0,,2505 washington st,2505 washington st,2505 washington st,,2119.0,,,,94700.0,9450.0,Multifamily Housing,"Multifamily Housing (89350.0),Parking (13770.0),Retail Store (5350.0)",23.8,100.0,2253134.664,450500.0,23926.055,528322.0,108379.975,,,,,,,,,,,,,,,,,,,,,,27.39,in compliance,132306.03,2030.0,,,,,,,,,80.00915085561881,1.39710696937698,11.45846927917417,3.169685580677429,14.627832988600206,11.792872927295683,0.33440364812151396,4.382141013827572
390,100541,903737030.0,bartlett b condominium trust,2565 washington st,2565 washington st,2565 washington st,,2119.0,2565 washington st,boston,2119,80768.0,,Multifamily Housing,Multifamily Housing (80768.0),34.5,80.0,2784016.16,960541.0,51014.333,534430.0,109632.97,,,,,,,,,,,,,,,,,,,,,,13.9,in compliance,160647.303,2025.0,No,No,No,No,No,No,,,65.50088863349126,1.9889969170958797,11.29933612646083,3.5409593240373143,14.839405105017303,11.986966576354531,0.6876304498937006,4.182063709472707
4824,107152,1000001015.0,mission main revitalization,55 smith st,55 smith st,55 smith st,,2120.0,smith st,boston,2120,64373.0,,Multifamily Housing,Multifamily Housing (64373.0),72.7,56.0,4679620.5,3414962.7,181368.669,370650.0,76035.141,,,,,,,,,,,,,,,,,,,,,,62.97,in compliance,257403.81,2025.0,I'm not sure,No,No,No,I'm not sure,I'm not sure,,,27.0259820748285,3.9986300156898076,11.072449569522252,4.286341384539473,15.35872757486229,12.458401375899419,1.3859518063771654,3.296798702359125
2980,104457,1000001020.0,mission main phase two lps mass lps,24-46 saint alphonsus st,24,46 saint alphonsus st,,2120.0,34  46 st alphonsus st,boston,2120,63502.0,,Multifamily Housing,Multifamily Housing (63502.0),60.9,75.0,3864542.492,2664316.9,141501.871,351766.0,72161.277,,,,,,,,,,,,,,,,,,,,,,58.57,in compliance,213663.148,2025.0,I'm not sure,No,No,No,I'm not sure,I'm not sure,,,31.058743936305515,3.3646680104563633,11.058826680447785,4.109233174715851,15.167353860940214,12.272155979080377,1.2133292986325928,3.4358803769899318
2985,104473,1000001025.0,mission main revitalization,69 mcgreevey way,69 mcgreevey way,69 mcgreevey way,,2120.0,69 mcgreevey wy,boston,2120,105918.0,0.0,Multifamily Housing,"Multifamily Housing (105918.0),Parking (20790.0)",48.8,89.0,5165173.14,3197404.5,169814.153,576720.0,118308.341,,,,,,,,,,,,,,,,,,,,,,37.09,in compliance,288122.494,2025.0,I'm not sure,No,No,No,I'm not sure,I'm not sure,,,38.09853212393961,2.720241073283106,11.570420488817337,3.8877303128591016,15.457449181755253,12.571140995081343,1.0007205062640048,3.6401757544597553
2986,104474,1000001035.0,mission main revitalization,601-629 parker st,601,629 parker st,,2120.0,mcgreevey wy,boston,2120,113145.0,0.0,Multifamily Housing,"Multifamily Housing (113145.0),Parking (17010.0)",59.3,84.0,6707911.848,4784895.0,254125.773,563604.0,115617.725,,,,,,,,,,,,,,,,,,,,,,62.52,in compliance,369743.498,2025.0,I'm not sure,No,No,No,I'm not sure,I'm not sure,,,28.669151178147683,3.267873065535375,11.636425460955842,4.08260930600368,15.718798260515095,12.820564795563799,1.1841393346079585,3.3558216728350083
2982,104462,1000001040.0,mission main phase two lps mass lps,32-38 mcgreevey way,32,38 mcgreevey way,,2120.0,32  38 mcgreevey wy,boston,2120,28502.0,,Multifamily Housing,Multifamily Housing (28502.0),65.8,67.0,1875870.524,1267589.4,67321.673,178277.0,36571.744,,,,,,,,,,,,,,,,,,,,,,60.46,in compliance,103893.417,2030.0,I'm not sure,No,No,No,I'm not sure,I'm not sure,,,32.428030493963874,3.6451272542277735,10.257729539233157,4.186619838331271,14.444583389108951,11.551120816081015,1.2933912768478575,3.479023187484087
2983,104464,1000001045.0,mission main phase two lps mass lps,631-651 parker st,631,651 parker st,,2120.0,631  649 parker st,boston,2120,68290.0,,Multifamily Housing,Multifamily Housing (68290.0),59.6,85.0,4069393.212,2876298.7,152760.224,349676.0,71732.535,,,,,,,,,,,,,,,,,,,,,,62.24,in compliance,224492.759,2025.0,I'm not sure,No,No,No,I'm not sure,I'm not sure,,,29.320021468596284,3.287344545321423,11.131518621955134,4.087655574071304,15.219004458343376,12.321598731746727,1.1900801097915927,3.378270609234973
2987,104480,1000001050.0,mission main revitalization,2-20 horadan way,2,20 horadan way,,2120.0,smith st,boston,2120,74517.0,,Multifamily Housing,Multifamily Housing (74517.0),61.7,76.0,4595973.2,3251304.0,172676.755,394100.0,80845.674,,,,,,,,,,,,,,,,,,,,,,55.42,in compliance,253522.429,2025.0,I'm not sure,No,No,No,I'm not sure,I'm not sure,,,29.25883717076505,3.402209281103641,11.21878256625621,4.122283930911342,15.340691086776253,12.443207575417043,1.2244250091608315,3.3761816535433895
4823,107151,1000001055.0,city of boston,smith st,10 Smith St,10 Smith St,,2120.0,smith st,boston,2120,55808.0,,Multifamily Housing,Multifamily Housing (55808.0),60.9,80.0,3401231.964,2440678.9,129624.456,281522.0,57751.423,,,,,,,,,,,,,,,,,,,,,,48.22,in compliance,187375.879,2025.0,I'm not sure,No,No,No,I'm not sure,I'm not sure,,,28.24256923571591,3.3575092997419724,10.929672507268652,4.109233174715851,15.039648266309193,12.140871926521314,1.2111994192526623,3.3408303870885776
33,100045,1000003000.0,1457 tremont street llc,1455-1459 tremont st,1455,1459 tremont st,,2120.0,1457 tremont st,boston,2120,38208.0,763.0,Multifamily Housing,"Multifamily Housing (36454.0),Bank Branch (1754.0),Parking (763.0)",28.1,100.0,1074258.568,491100.0,26082.321,170914.0,35061.298,,,,,,,,,,,,,,,,,,,,,,21.35,in compliance,61143.619,2025.0,No,No,No,No,No,No,,,54.28713556232023,1.60028316059464,10.550800196752274,3.3357695763397,13.887141277402502,11.020980785711366,0.4701805889590918,3.994287284733553
1147,101717,1000015000.0,charlesbank cooperative corp,646-656 huntington ave,646,656 huntington ave,,2120.0,650 huntington av,boston,2120,210000.0,,Multifamily Housing,Multifamily Housing (210000.0),64.3,80.0,13508936.82,9812314.6,521132.028,1083418.0,222252.369,,,,,,,,,,,,,,,,,,,,,,35.04,in compliance,743384.397,2025.0,No,No,No,No,No,No,,,27.36547500338372,3.5399257,12.254862809699606,4.163559631243574,16.418862011058803,13.518968547924459,1.2641057382248522,3.3092821825078564
2723,104128,1000017000.0,,1575 tremont st,1575 tremont st,1575 tremont st,,2120.0,1575 tremont st,boston,2120,166440.0,,Multifamily Housing,Multifamily Housing (166440.0),64.0,71.0,10648223.54,7807392.0,414650.589,832600.1,170799.585,,,,,,,,,,,,,,,,,,,,,,43.13,in compliance,585450.174,2025.0,No,No,No,No,No,No,,,26.680097581939005,3.5174848233597693,12.022390163096878,4.1588830833596715,16.180903632450544,13.280136358484103,1.2577461953872253,3.2839178785347
5401,107937,1000017010.0,,95 saint alphonsus st,95 saint alphonsus st,95 saint alphonsus st,,2120.0,,,,127607.0,31402.0,Multifamily Housing,"Multifamily Housing (127607.0),Parking (31402.0)",33.0,99.0,4205352.784,1814114.0,96347.595,700832.0,143768.676,,,,,,,,,,,,,,,,,,,,,,21.13,pending revisions,240116.271,2025.0,No,No,No,No,No,No,,,56.86428776910907,1.8816857304066392,11.7567105073223,3.4965075614664802,15.251868744183998,12.388878547510059,0.6321680401877598,4.040667512614843
131,100178,1000036000.0,49 worthington street boston llc,49 worthington st,49 worthington st,49 worthington st,,2120.0,49 worthington st,boston,2120,26125.0,,Multifamily Housing,Multifamily Housing (26125.0),79.2,94.0,2067901.816,1748221.3,92848.033,93693.0,19220.182,,,,,,,,,,,,,,,,,,,,,,53.22,in compliance,112068.215,2025.0,No,No,No,No,No,No,,,15.45985246864351,4.289692440191388,10.170647989267112,4.37197629882038,14.542045035727066,11.626863027373945,1.4562150381068326,2.7382465003351864
2790,104224,1000037000.0,mass college of pharmacy &,660 huntington ave,660 huntington ave,660 huntington ave,,2120.0,660 huntington av,boston,2120,21700.0,,Multifamily Housing,Multifamily Housing (21700.0),97.3,81.0,2111399.97,1970060.6,104629.918,41424.2,8497.76,,,,,,,,,,,,,,,,,,,,,,30.71,in compliance,113127.678,2025.0,No,No,No,No,No,No,,,6.69440115744626,5.213257050691245,9.98506753952855,4.577798989191959,14.56286177832915,11.636272353650204,1.6512048141216538,1.901271528906027
3797,105668,1000131000.0,seven 06 huntington lp mass lp,706-712 huntington ave,706,712 huntington ave,,2120.0,706  712 huntington av,boston,2120,28600.0,,Multifamily Housing,Multifamily Housing (28600.0),100.3,31.0,2868437.5,2319873.2,123208.466,160775.0,32981.384,,,,,,,,,,,,,,,,,,,,,,55.27,in compliance,156189.85,2025.0,No,No,No,No,No,No,,,19.124991088353852,5.461183566433567,10.261161996807944,4.60816569496789,14.869278014395547,11.958827533482525,1.6976655366745814,2.950995913744065
3028,104534,1000305000.0,,887-895 huntington ave,887,895 huntington ave,,2115.0,887  895 huntington av,boston,2115,23920.0,,Multifamily Housing,Multifamily Housing (23920.0),72.9,62.0,1742644.584,1314500.0,69813.095,125482.0,25741.377,,,,,,,,,,,,,,,,,,,,,,147.3,in compliance,95554.472,2030.0,No,No,No,No,No,No,,,24.569749347122176,3.994752173913043,10.082470208064567,4.289088639014612,14.370914393210446,11.467451751294295,1.3849815432297263,3.2015159848987222
2563,103935,1000315000.0,jhb massachusetts prop llc mass llc,364 riverway,364 riverway,364 riverway,,2115.0,364  352 riverway st,boston,2115,51324.0,,Multifamily Housing,Multifamily Housing (51324.0),105.0,59.0,5388660.876,162700.0,8640.997,171298.0,35140.072,,,,,,,,,,4641492.1,344445.129,,,,,,,,,,,60.09,pending revisions,388226.198,2025.0,I'm not sure,No,No,No,I'm not sure,I'm not sure,,,10.846748091037227,7.564223326319071,10.845913758014909,4.653960350157523,15.499807466006224,12.869343433272025,2.023429675257117,2.3838653199511417
3248,104822,1000358010.0,oliver lofts trust,156-168 terrace st,156,168 terrace st,,2120.0,156  168 terrace st,boston,2120,98454.0,1500.0,Multifamily Housing,"Multifamily Housing (98454.0),Parking (2325.0)",35.3,84.0,3476730.436,2143140.0,113822.165,390853.0,80179.584,,,,,,,,,,,,,,,,,,,,,,21.43,in compliance,194001.749,2025.0,I'm not sure,No,No,No,I'm not sure,I'm not sure,,,38.359288662148096,1.970481128242631,11.497344713003205,3.563882963939251,15.061602880230756,12.175622453468744,0.6782777404655383,3.646996706103678
34,100046,1000517000.0,1480 tremont realty trust,1486 tremont st,1486 tremont st,1486 tremont st,,2120.0,1486 tremont st,boston,2120,75370.0,0.0,Multifamily Housing,"Multifamily Housing (75370.0),Parking (23121.0)",51.0,92.0,3845621.792,2170957.6,115299.558,490816.0,100685.994,,,,,,,,,,,,,,,,,,,,,,30.2,in compliance,215985.552,2025.0,No,No,No,No,No,No,,,43.549207513956176,2.8656700543983016,11.230164596837515,3.9318256327243257,15.162445862281842,12.282966795540252,1.052802198702736,3.773891505979237
2532,103896,1001052000.0,,170 parker hill ave,170 parker hill ave,170 parker hill ave,,2120.0,170 parker hill av,boston,2120,40319.0,,Multifamily Housing,Multifamily Housing (40319.0),51.8,75.0,2090408.64,1496481.8,79478.148,174070.0,35708.72,,,,,,,,,,,,,,,,,,,,,,43.2,in compliance,115186.868,2025.0,Yes,No,No,No,Yes,Yes,,,28.41324605795736,2.8568880180560035,10.604578100850384,3.9473901492654373,14.55287012636025,11.654311027690671,1.049732926840286,3.3468554469230525
2533,103897,1001052000.0,,30 iroquois st,30 iroquois st,30 iroquois st,,2120.0,170 parker hill av,boston,2120,80648.0,,Multifamily Housing,Multifamily Housing (80648.0),48.3,95.0,3892285.988,2728200.3,144894.718,341174.0,69988.434,,,,,,,,,,,,,,,,,,,,,,14.81,in compliance,214883.152,2025.0,No,No,No,No,No,No,,,29.908821389000153,2.6644572959031843,11.297849284733777,3.877431560658527,15.174507200575077,12.277849680301752,0.9800003955679745,3.3981534666163737
2548,103915,1001248000.0,jamaica view llc mass llc,70 parker hill ave,70 parker hill ave,70 parker hill ave,,2120.0,25 sunset st,boston,2120,29100.0,0.0,Multifamily Housing,"Multifamily Housing (29100.0),Parking (13819.0)",67.4,67.0,1961191.524,946200.0,50252.682,297477.0,61024.432,,,,,,,,,,,,,,,,,,,,,,36.57,in compliance,111277.114,2025.0,I`m not sure,No,No,No,I`m not sure,I`m not sure,,,51.75609486011628,3.8239558075601376,10.278493453159584,4.210645017918261,14.489062766906107,11.619778891681579,1.3412854385219943,3.9465422002852497
2446,103758,1001250000.0,hillside & parkerhill llc,40 parker hill ave,40 parker hill ave,40 parker hill ave,,2120.0,40  44 parker hill av,boston,2120,25920.0,,Multifamily Housing,Multifamily Housing (25920.0),29.2,99.0,758038.948,263200.0,13978.552,145029.0,29751.249,,,,,,,,,,,,,,,,,,,,,,30.62,in compliance,43729.801,2030.0,I'm not sure,No,No,No,I'm not sure,I'm not sure,,,65.28169873799149,1.6871065200617283,10.16277015046621,3.374168709274236,13.53849004589022,10.685785093744885,0.5230149432786745,4.178711732651705
363,100496,1001490000.0,back of the hill community development assoc inc,100 s huntington ave,100 s huntington ave,100 s huntington ave,,2130.0,100 s huntington av,boston,2130,119531.0,,Multifamily Housing,Multifamily Housing (119531.0),49.8,93.0,5949552.36,4163523.9,221124.754,523455.0,107381.559,,,,,,,,,,,,,,,,,,,,,,32.74,in compliance,328506.313,2025.0,I'm not sure,No,No,No,I'm not sure,I'm not sure,,,30.02086325449197,2.748293856823753,11.691331030937592,3.9080149840306073,15.598826541078177,12.702311334378157,1.0109803034405662,3.40189258177095
3908,105836,1001492000.0,,46 s huntington ave,46 s huntington ave,46 s huntington ave,,2116.0,82  46 s huntington av,boston,2116,80124.0,,Multifamily Housing,Multifamily Housing (80124.0),57.3,89.0,4591434.224,3870301.2,205551.697,211352.0,43356.749,,,,,,,,,,,,,,,,,,,,,,43.26,in compliance,248908.446,2025.0,No,No,No,No,No,No,,,15.706741981195806,3.106540437322151,11.29133071364587,4.048300623720694,15.339703000331447,12.424840421086511,1.1335097074406415,2.75409004573137
968,101306,1001520010.0,both/ndc community,209 heath st,209 heath st,209 heath st,,2130.0,191  225 heath st,boston,2130,30176.0,,Multifamily Housing,Multifamily Housing (30176.0),56.3,99.0,1698115.448,1339330.0,71131.816,105154.0,21571.292,,,,,,,,,,,,,,,,,,,,,,51.52,in compliance,92703.108,2030.0,No,No,No,No,No,No,,,21.129377364924604,3.07208072640509,10.314802185433184,4.030694535145645,14.345029634119324,11.437157278500003,1.1223550930668187,3.050664364318494
4491,106619,1001591000.0,walter huntington llc,33-39 s huntington ave,33,39 s huntington ave,,2116.0,33  37 s huntington av,boston,2116,52580.0,7000.0,Multifamily Housing,"Restaurant (7080.0),Multifamily Housing (45500.0),Parking (7000.0)",30.8,100.0,1618176.464,718527.6,38161.001,263672.0,54089.674,,,,,,,,,,,,,,,,,,,,,,34.61,in compliance,92250.675,2025.0,No,No,No,No,No,No,,,55.59890622658321,1.7544822175732218,10.870091098283872,3.427514689979529,14.296810433694423,11.432264878949175,0.5621737806653025,4.018163528879281
2549,103916,1001609000.0,jamaicaway place condo tr,40 jamaicaway,40 jamaicaway,40 jamaicaway,,2130.0,60  40 jamaicaway st,boston,2130,31942.0,,Multifamily Housing,Multifamily Housing (31942.0),82.2,55.0,2625260.952,2267099.9,120405.676,104971.0,21533.751,,,,,,,,,,,,,,,,,,,,,,36.11,in compliance,141939.427,2025.0,No,No,No,No,No,No,,,13.643474085009741,4.4436612297288836,10.371677037216255,4.409155302062135,14.7806908593527,11.863155675153818,1.4914786379375635,2.613261318299704
4100,106078,1001612000.0,ten jamaicaway condo assn,10 jamaicaway,10 jamaicaway,10 jamaicaway,,2130.0,10 jamaicaway st,boston,2130,29568.0,,Multifamily Housing,Multifamily Housing (29568.0),72.6,88.0,2147703.044,1842799.9,97871.103,89362.0,18331.721,,,,,,,,,,,,,,,,,,,,,,31.96,in compliance,116202.824,2030.0,No,No,No,No,No,No,,,14.197332780797604,3.9300197510822508,10.294447974441411,4.28496492183075,14.579909477381548,11.663092426030627,1.3686444515892155,2.653054114626315
9,100013,1001625010.0,101 huntington owner (de)  llc,101 s huntington ave,101 s huntington ave,101 s huntington ave,,2199.0,105 s huntington av,boston,2199,204050.0,68250.0,Multifamily Housing,"Multifamily Housing (202450.0),Electric Vehicle Charging Station (0.0),Swimming Pool (0.0),Parking (68250.0),Other (1600.0)",33.2,100.0,6766543.148,4094421.7,217454.736,783154.0,160656.212,,,,,,,,,,,,,,,,,,,,,,16.64,pending revisions,378110.948,2025.0,No,No,No,No,No,No,,,39.491936468177826,1.8530308649840723,12.226120340833951,3.502549875922443,15.727500901187152,12.842942944762658,0.6168226039287056,3.67609651102153
430,100615,1001631000.0,bell olmstead park llc,161 s huntington ave,161 s huntington ave,161 s huntington ave,,2115.0,161 s huntington av,boston,2115,193000.0,44100.0,Multifamily Housing,"Multifamily Housing (193000.0),Swimming Pool (0.0),Parking (46800.0)",50.6,76.0,9756583.7,5551976.1,294865.451,1232300.0,252794.022,,,,,,,,,,,,,,,,,,,,,,33.4,in compliance,547659.473,2025.0,No,No,No,No,No,No,,,43.09697507130493,2.8376138497409324,12.170445467887022,3.92395157629342,16.093452866376513,13.213408973146343,1.042963505259321,3.76345281068625
1928,102856,1001632000.0,es jway llc,201-205 s huntington ave,201,205 s huntington ave,,2115.0,201 s huntington av,boston,2115,113126.0,,Multifamily Housing,Multifamily Housing (113126.0),35.8,92.0,4044480.364,1616596.7,85857.451,711572.0,145971.88,,,,,,,,,,,,,,,,,,,,,,24.03,in compliance,231829.331,2025.0,Yes,No,No,No,Yes,Yes,C10026,,60.03219650691324,2.0493019376624297,11.636257520742163,3.5779478934066544,15.212863636440103,12.353756737689539,0.7174992169473764,4.094881026747825
1929,102857,1001632000.0,es jway llc,221 s huntington ave,221 s huntington ave,221 s huntington ave,,2115.0,201 s huntington av,boston,2115,36240.0,,Multifamily Housing,Multifamily Housing (36240.0),43.0,88.0,1556956.764,670700.0,35620.877,259747.0,53284.5,,,,,,,,,,,,,,,,,,,,,,23.69,in compliance,88905.377,2025.0,Yes,No,No,No,Yes,Yes,C10026,,56.924877205517575,2.4532388796909492,10.497918760156915,3.7612001156935624,14.258243681644448,11.39532790336247,0.8974091432055545,4.041732454819986
3471,105138,1001643000.0,pond place condo tr,90 bynner st,90 bynner st,90 bynner st,,2130.0,90 90b bynner st,boston,2130,20832.0,,Multifamily Housing,Multifamily Housing (20832.0),67.1,65.0,1398108.944,1094400.0,58123.584,89012.0,18259.922,,,,,,,,,,,,,,,,,,,,,,40.76,in compliance,76383.506,2030.0,I'm not sure,No,No,No,I'm not sure,I'm not sure,,,21.723793206776026,3.6666429531490015,9.944245545008295,4.206184043977636,14.150631127208868,11.243522061794645,1.299276516786348,3.0784081210136858
1112,101671,1001645000.0,castle condominium tr,339-343 s huntington ave,339,343 s huntington ave,,2115.0,339  343 s huntington av,boston,2115,25559.0,,Multifamily Housing,Multifamily Housing (25559.0),80.5,59.0,2058643.836,1783199.9,94705.747,80728.0,16560.542,,,,,,,,,,,,,,,,,,,,,,32.87,in compliance,111266.289,2030.0,No,No,No,No,No,No,,,13.380461466089175,4.353311514534997,10.148744784095449,4.388257184424518,14.537557991931237,11.61968160728795,1.4709368231925,2.593795543349675
2495,103821,1001783000.0,huntington hill east cd tr,238-246 s huntington ave,238,246 s huntington ave,,2115.0,238  246 s huntington av,boston,2115,45804.0,,Multifamily Housing,Multifamily Housing (45804.0),66.4,52.0,3040748.448,487000.0,25864.57,221804.0,45500.873,,,,,,,,,,1796953.2,133351.897,,,,,,,,,,,23.37,in compliance,204717.34,2025.0,I'm not sure,No,No,No,I'm not sure,I'm not sure,,,24.889547147439668,4.469420574622304,10.73212670253323,4.1956970564823886,14.927614243080157,12.229385477392476,1.497258774859246,3.2144479220572824
1354,101962,1001851000.0,,17 bickford st,17 bickford st,17 bickford st,,2130.0,1  58 horan wy,boston,2130,26730.0,,Multifamily Housing,Multifamily Housing (26730.0),84.6,,2261710.216,1765799.9,93781.633,145343.0,29815.663,,,,,,,,,,,,,,,,,,,,,,55.1,in compliance,123597.296,2025.0,No,No,No,No,No,No,,,21.92730589187028,4.623916797605687,10.193541809132965,4.437934266612178,14.631631817813973,11.724783946743768,1.5312421376108036,3.087732704535162
1363,101972,1001851000.0,city of boston,170 heath st,170 heath st,170 heath st,,2130.0,1  58 horan wy,boston,2130,25758.0,,Multifamily Housing,Multifamily Housing (25758.0),84.6,,2178824.456,1701100.1,90345.426,140013.0,28722.267,,,,,,,,,,,,,,,,,,,,,,57.02,in compliance,119067.693,2025.0,No,No,No,No,No,No,,,21.92674846449401,4.622551945026788,10.156500537452615,4.437934266612178,14.594296048955924,11.68744745910005,1.530946921647434,3.087707282603964
1366,101975,1001851000.0,city of boston,18-26 walden st,18,26 walden st,,2130.0,1  58 horan wy,boston,2130,25758.0,,Multifamily Housing,Multifamily Housing (25758.0),84.6,,2178624.456,1700900.1,90334.804,140013.0,28722.267,,,,,,,,,,,,,,,,,,,,,,77.66,in compliance,119057.071,2025.0,No,No,No,No,No,No,,,21.92876136289916,4.622139568289463,10.156500537452615,4.437934266612178,14.594204252125174,11.68735824536328,1.5308577079106631,3.087799079434715
1124,101688,1002038024.0,centre creighton apartments  llc,365 centre st,365 centre st,365 centre st,,2130.0,365 centre st,boston,2130,35503.0,,Multifamily Housing,Multifamily Housing (35503.0),86.0,6.0,3054333.28,1532018.3,81365.492,446165.0,91526.288,,,,,,,,,,,,,,,,,,,,,,101.45,in compliance,172891.78,2025.0,No,No,No,No,No,No,,,49.84334600021122,4.869779455257302,10.477372478935242,4.454347296253507,14.93207188781771,12.060421128609477,1.5830486496742342,3.9088850070614543
2550,103919,1002149000.0,,111 perkins st,111 perkins st,111 perkins st,,2130.0,111 perkins st,boston,2130,445701.0,,Multifamily Housing,Multifamily Housing (445701.0),43.4,93.0,19325518.32,13519683.0,718030.364,1701593.0,349064.788,,,,,,,,,,,,,,,,,,,,,,16.48,in compliance,1067095.152,2025.0,No,No,No,No,No,No,,,30.04364725856419,2.3941951038925198,13.007403602593786,3.770459441106359,16.77693697329412,13.880450703439992,0.8730471008462065,3.402651232926862
1721,102592,1002221012.0,cwl housing llc,270 centre st,270 centre st,270 centre st,,2130.0,270 centre st,boston,2130,40932.0,,Multifamily Housing,Multifamily Housing (40932.0),47.1,76.0,1928737.96,1152832.1,61226.913,227405.0,46649.862,,,,,,,,,,,,,,,,,,,,,,44.94,in compliance,107876.775,2030.0,No,No,No,No,No,No,,,40.23045052475661,2.635511946643213,10.619667432206645,3.8522730010223722,14.47237644025506,11.588744882479793,0.9690774502731458,3.6946241846252312
2507,103860,1002301000.0,hyde square commons condo,319-329 centre st,319,329 centre st,,2130.0,319 -329a centre st,boston,2130,26856.0,,Multifamily Housing,"Multifamily Housing (22291.0),Other (4565.0)",88.9,24.0,2386963.776,1448500.0,76929.835,275048.0,56423.347,,,,,,,,,,,,,,,,,,,,,,27.56,in compliance,133353.182,2030.0,I'm not sure,No,No,No,I'm not sure,I'm not sure,,,39.31794200801478,4.965489350610664,10.198244538659871,4.487512142519859,14.685532729671674,11.800756391342714,1.602511852682844,3.671680954336842
1367,101978,1002333000.0,city of boston,921-925 parker st,921,925 parker st,,2130.0,921  925 parker st,boston,2130,24720.0,,Multifamily Housing,Multifamily Housing (24720.0),94.2,13.0,2327874.964,1774800.0,94259.628,162097.0,33252.579,,,,,,,,,,,,,,,,,,,,,,76.63,in compliance,127512.207,2025.0,No,No,No,No,No,No,,,23.759836206993118,5.158260800970874,10.115367911571628,4.545420181582317,14.660466376769058,11.755967380174194,1.6405994686025676,3.167996600825612
1370,101981,1002333000.0,city of boston,30-40 bickford st,30,40 bickford st,,2130.0,921  925 parker st,boston,2130,58695.0,,Multifamily Housing,Multifamily Housing (58695.0),75.2,,4412096.06,3095900.0,164423.249,385755.0,79133.781,,,,,,,,,,,,,,,,,,,,,,30.44,in compliance,243557.03,2025.0,No,No,No,No,No,No,,,29.8328482732536,4.1495362466990375,10.980109823312622,4.320151230955794,15.299860431557317,12.403106403527616,1.4229965802149938,3.3956100774834352
663,100966,1002333100.0,boston housing authority,285-287 centre st,285,287 centre st,,2130.0,285  297 centre st,boston,2130,48538.0,,Multifamily Housing,Multifamily Housing (48538.0),76.8,,3727370.788,2610200.1,138627.727,327424.0,67167.759,,,,,,,,,,,,,,,,,,,,,,40.02,in compliance,205795.486,2025.0,No,No,No,No,No,No,,,29.973401229542496,4.239883925996127,10.790102275300281,4.341204640153626,15.131213660499746,12.23463816822511,1.4445358929248286,3.400310362695207
664,100967,1002333100.0,boston housing authority,960-964 parker st,960,964 parker st,,2130.0,285  297 centre st,boston,2130,24720.0,,Multifamily Housing,Multifamily Housing (24720.0),32.2,89.0,794974.964,241900.0,12847.309,162097.0,33252.579,,,,,,,,,,,,,,,,,,,,,,20.62,in compliance,46099.888,2025.0,No,No,No,No,No,No,,,69.57442732121059,1.8648822006472492,10.115367911571628,3.4719664525503626,13.586065901316692,10.738565799480703,0.6231978879090769,4.24239707627798
665,100968,1002333100.0,boston housing authority,275-279 centre st,275,279 centre st,,2130.0,285  297 centre st,boston,2130,78162.0,,Multifamily Housing,Multifamily Housing (78162.0),29.2,,2284192.68,530800.0,28190.788,513890.0,105419.395,,,,,,,,,,,,,,,,,,,,,,58.66,in compliance,133610.183,2025.0,No,No,No,No,No,No,,,76.76540507519707,1.7094007701952354,11.266538874925619,3.374168709274236,14.641523206970446,11.802681757239961,0.5361428823143424,4.34075408391837
667,100970,1002333200.0,boston housing authority,950-954 parker st,950,954 parker st,,2130.0,954  940 parker st,boston,2130,48951.0,,Multifamily Housing,Multifamily Housing (48951.0),82.6,,4042336.832,2945000.1,156408.955,321611.0,65975.281,,,,,,,,,,,,,,,,,,,,,,126.6,in compliance,222384.236,2025.0,No,No,No,No,No,No,,,27.147291758639874,4.542996792711079,10.79857507675918,4.414009680526933,15.212333506477165,12.312161957551403,1.5135868807922226,3.3012772903414884
668,100971,1002333200.0,boston housing authority,940-944 parker st,940,944 parker st,,2130.0,954  940 parker st,boston,2130,48951.0,,Multifamily Housing,Multifamily Housing (48951.0),76.7,,3756636.632,2659299.9,141235.418,321611.0,65975.281,,,,,,,,,,,,,,,,,,,,,,147.56,in compliance,207210.699,2025.0,No,No,No,No,No,No,,,29.211900994155027,4.233022798308513,10.79857507675918,4.33990170837321,15.139034602284832,12.241491424134754,1.4429163473755735,3.37457619453382
544,100792,1002333400.0,boston housing auth,265-267 centre st,265,267 centre st,,2130.0,265  279 centre st,boston,2130,47432.0,,Multifamily Housing,Multifamily Housing (47432.0),91.0,,4316594.1,3253500.2,172793.396,311575.0,63916.496,,,,,,,,,,,,,,,,,,,,,,146.4,in compliance,236709.892,2025.0,No,No,No,No,No,No,,,24.629154644167265,4.990510457075392,10.767052385387204,4.51085950651685,15.277977246489597,12.374590585925844,1.6075382005386403,3.203930889341529
466,100665,1002334010.0,bickford street elderly hous,90 bickford st,90 bickford st,90 bickford st,,2130.0,90 bickford st,boston,2130,44920.0,,Multifamily Housing,Multifamily Housing (44920.0),50.8,72.0,2279863.443,1411906.6,74986.36,254383.6,52184.252,,,,,,,,,,,,,,,,,,,,,,53.68,in compliance,127170.612,2025.0,No,No,No,No,No,No,,,38.07223644929509,2.831046571682992,10.71263840885238,3.927896354584436,14.63962610571589,11.75328486545898,1.040646456606601,3.639485314381975
2546,103913,1002467010.0,jamaica plain neighborhood development corporation,61 heath st,61 heath st,61 heath st,,2130.0,61 heath st,boston,2130,56920.0,,Multifamily Housing,Multifamily Housing (56920.0),57.6,21.0,3276404.768,1961713.4,104186.599,385314.0,79043.314,,,,,,,,,,,,,,,,,,,,,,43.88,in compliance,183229.913,2025.0,No,No,No,No,No,No,,,40.12780038476614,3.2190778812368235,10.949402052203789,4.053522567701846,15.002257271878294,12.118496998461032,1.1690949462572429,3.6920693705355165
5584,C10037,1002546000.0,,11 wyman street,11 wyman street,11 wyman street,,2130.0,,,,47268.0,,Multifamily Housing,Multifamily Housing (47268.0),23.5,100.0,1111719.996,663100.0,35217.241,131483.0,26972.423,,,,,,,,,,,,,,,,,,,,,,15.33,,62189.664,,,,,,,,,,40.35546001369215,1.3156821528306677,10.763588812758906,3.1570004211501135,13.921418919926905,11.037944091285462,0.27435527852655617,3.6977267018859945
3691,105470,1100182000.0,,122a highland st,122a highland st,122a highland st,,2119.0,80 a58 cedar st,boston,2119,47740.0,,Multifamily Housing,Multifamily Housing (47740.0),75.2,77.0,3591307.548,2907699.7,154427.931,200354.0,41100.62,,,,,,,,,,,,,,,,,,,,,,12.36,in compliance,195528.551,2025.0,No,No,No,No,No,No,,,19.03590522289627,4.095696501885212,10.773524899892822,4.320151230955794,15.094026913651248,12.183461688665336,1.4099367887725154,2.9463269444114344
5108,107539,1100871012.0,,1542 columbus av,1542 columbus av,1542 columbus av,,2119.0,,,,49162.0,,Multifamily Housing,Multifamily Housing (49162.0),69.9,25.0,3438759.656,2168768.9,115183.316,372213.0,76355.775,,,,,,,,,,,,,,,,,,,,,,36.4,in compliance,191539.091,2025.0,I'm not sure,No,No,No,I'm not sure,I'm not sure,,,36.93327580291933,3.8960801228591184,10.802876246334927,4.247065649239764,15.050621399214071,12.162847197319335,1.3599709509844082,3.609112927961171
58,100086,1100896020.0,225 centre street condominium trust,225 centre st,225 centre st,225 centre st,,2119.0,225 centre st,boston,2119,128924.0,19431.0,Multifamily Housing,"Multifamily Housing (112619.0),Parking (19431.0),Retail Store (16305.0)",57.7,87.0,7435635.301,4989987.4,265018.231,716778.4,147039.921,,,,,,,,,,,,,,,,,,,,,,32.29,in compliance,412058.152,2025.0,No,No,No,No,No,No,,,32.89235308825698,3.1961322329434396,11.766978362441531,4.055257173514054,15.821794581569621,12.928919764002623,1.1619414015610927,3.4932402018271773
1678,102513,1100915000.0,council of elders,2863-2893 washington st,2863,2893 washington st,,2119.0,2863  2893 washington st,boston,2119,110566.0,,Multifamily Housing,Multifamily Housing (110566.0),77.0,46.0,8513809.02,5622269.7,298598.744,847461.7,173848.293,,,,,,,,,,,,,,,,,,,,,,40.08,in compliance,472447.037,2025.0,No,No,No,No,No,No,,,33.96442688416095,4.2729866052855305,11.613367906704086,4.343805421853684,15.95719999382901,13.065680928627977,1.4523130219238902,3.525313708782691
3049,104561,1100915001.0,new academy estates llc mass llc,2895-2933 washington st,2895,2933 washington st,,2119.0,2897  2933 washington st,boston,2119,98211.0,0.0,Multifamily Housing,"Multifamily Housing (98211.0),Parking (86418.0)",61.8,89.0,6073758.98,4635038.0,246166.868,421665.0,86500.358,,,,,,,,,,,,,,,,,,,,,,54.99,in compliance,332667.226,2025.0,I'm not sure,No,No,No,I'm not sure,I'm not sure,,,23.688530191726507,3.387270529777724,11.494873504362479,4.123903364463645,15.619488243194674,12.714897947986803,1.2200244436243237,3.1649909728405405
214,100272,1100916001.0,academy homes urban edge lps,1596-1590 columbus av,1596,1590 columbus av,,2119.0,1596  1590 columbus av,boston,2119,234459.0,,Multifamily Housing,Multifamily Housing (234459.0),83.4,68.0,19560677.13,16323944.4,866964.687,948632.1,194602.389,,,,,,,,,,,,,,,,,,,,,,60.28,in compliance,1061567.076,2025.0,I'm not sure,No,No,No,I'm not sure,I'm not sure,,,16.547867941905956,4.527730119125305,12.365036011496874,4.423648309364701,16.789031840069914,13.875256747954774,1.5102207364578994,2.806257268261905
5522,108086,1100917000.0,,75 ritchie st,75 ritchie st,225 centre st,,2119.0,,,,33726.0,,Multifamily Housing,Multifamily Housing (33726.0),75.8,73.0,2555175.132,2143821.0,113858.333,120561.0,24731.884,,,,,,,,,,,,,,,,,,,,,,81.53,in compliance,138590.217,2030.0,,,,,,,,,16.099570279866043,4.109298968155133,10.42602433223013,4.328098292648326,14.753631324084944,11.839276778831158,1.4132524466010286,2.7787925809426643
1859,102778,1101005000.0,egleston crossing ue lp,3033-3039 washington st,3033,3039 washington st,,2119.0,3033  3039 washington st,boston,2119,38028.0,,Multifamily Housing,Multifamily Housing (38028.0),61.9,92.0,2352726.38,2056598.9,109225.968,86790.0,17804.101,,,,,,,,,,,,,,,,,,,,,,79.87,in compliance,127030.069,2025.0,I`m not sure,No,No,No,I`m not sure,I`m not sure,,,12.58712024557654,3.340435179341538,10.54607800947892,4.12552017969055,14.671085375354945,11.752179101196136,1.2061010917172146,2.5326740884198933
381,100529,1101101001.0,bancroft housing inc,1-3 bancroft st,1,3 bancroft st,,2119.0,1  11 bancroft st,boston,2119,25112.0,,Multifamily Housing,Multifamily Housing (25112.0),98.3,,2468103.34,2049382.7,108842.715,122720.0,25174.781,,,,,,,,,,,,,,,,,,,,,,38.96,in compliance,134017.496,2030.0,I'm not sure,No,No,No,I'm not sure,I'm not sure,,,16.966025741855688,5.336791016247213,10.131101098521789,4.5880240271531205,14.718960535091911,11.805725637574078,1.6746245390522878,2.8312128586457197
1120,101683,1101134000.0,cdb limited partnership,1865-1869 columbus ave,1865,1869 columbus ave,,2119.0,1865  1869 columbus av,boston,2119,74368.0,0.0,Multifamily Housing,"Multifamily Housing (74368.0),Parking (384.0)",54.8,86.0,4077095.848,3095279.2,164390.278,287754.0,59029.856,,,,,,,,,,,,,,,,,,,,,,44.47,in compliance,223420.134,2025.0,I'm not sure,No,No,No,I'm not sure,I'm not sure,,,24.082333300593035,3.00425094126506,11.216781020771528,4.00369019395397,15.220895490968266,12.316809286891914,1.1000282661203855,3.1814785136114847
4949,107311,1101198200.0,,25 amory st,25 amory st,225 centre st,,2119.0,,,,47876.0,,Multifamily Housing,Multifamily Housing (47876.0),33.9,92.0,1621249.264,649266.0,34482.517,284872.0,58438.642,,,,,,,,,,,,,,,,,,,,,,32.77,in compliance,92921.159,2025.0,I'm not sure,No,No,No,I'm not sure,I'm not sure,,,59.9553699967015,1.9408713969421003,10.77636961399326,3.5234150143864045,14.298707560641986,11.439506659901692,0.6631370459084315,4.093600452052477
174,100227,1101200015.0,75 amory avenue apartments llc,75 amory av,75 amory av,225 centre st,,2119.0,75 amory av,boston,2119,46387.0,,Multifamily Housing,Multifamily Housing (46387.0),36.3,88.0,1685070.496,662552.1,35188.142,299683.0,61476.971,,,,,,,,,,,,,,,,,,,,,,35.93,in compliance,96665.113,2025.0,No,No,No,No,No,No,,,60.68371328542922,2.083883695863065,10.74477452654493,3.591817741270805,14.337317958282163,11.479007840751592,0.7342333142066609,4.10567534716025
276,100391,1101202010.0,amory terrace,20 amory ave,20 amory ave,225 centre st,,2119.0,10  20 amory av,boston,2119,78910.0,0.0,Multifamily Housing,"Multifamily Housing (78910.0),Parking (8500.0)",45.5,92.0,3589095.236,2015300.0,107032.583,461253.0,94621.44,,,,,,,,,,,,,,,,,,,,,,50.93,in compliance,201654.023,2025.0,I'm not sure,No,No,No,I'm not sure,I'm not sure,,,43.85128620058718,2.5554938917754404,11.27606324151508,3.817712325956905,15.0934107053029,12.214308750511632,0.9382455089965515,3.780804050214412
22,100031,1101208030.0,125 amory leasehold condominium association,125 amory st,125 amory st,225 centre st,,2119.0,125 amory st,boston,2119,113806.0,,Multifamily Housing,Multifamily Housing (113806.0),96.7,6.0,11002144.88,3211730.0,170574.98,2283240.0,468383.854,,,,,,,,,,,,,,,,,,,,,,58.1,in compliance,638958.834,2025.0,No,No,No,No,No,No,,,70.81125954051242,5.614456478568793,11.642250523361831,4.571613402459248,16.21360080084565,13.36759530874924,1.725344785387409,4.260018021113343
5440,107984,1101208050.0,,137 amory st,137 amory st,225 centre st,,2119.0,,,,69885.0,0.0,Multifamily Housing,"Multifamily Housing (69885.0),Parking (10500.0)",27.8,100.0,1945774.75,583400.0,30984.374,399289.2,81910.186,,,,,,,,,,,,,,,,,,,,,,43.13,in compliance,112894.56,2025.0,No,No,No,No,No,No,,,70.02016260001318,1.6154333547971667,11.154606312919007,3.3250360206965914,14.481170784771573,11.63420956474302,0.47960325182401375,4.248783237717671
5517,108081,1101282000.0,,3089 washington st,3089 washington st,225 centre st,,2119.0,,,,21481.0,,Multifamily Housing,Multifamily Housing (21481.0),65.5,34.0,1407073.364,953031.7,50615.514,133072.0,27298.39,,,,,,,,,,,,,,,,,,,,,,37.01,in compliance,77913.904,2030.0,I'm not sure,No,No,No,I'm not sure,I'm not sure,,,32.26993250083298,3.627107862762441,9.974924102473977,4.182050142641207,14.157022476883583,11.263359701169728,1.2884355986957519,3.474135914361434
5106,107536,1101481000.0,,48-56a school st,48,56a school st,,2119.0,,,,20221.0,0.0,Multifamily Housing,"Multifamily Housing (20221.0),Parking (1440.0)",65.9,,1332448.508,1063211.0,56467.136,78909.0,16187.392,,,,,,,,,,,,,,,,,,,,,,55.62,in compliance,72654.528,2025.0,I'm not sure,No,No,No,I'm not sure,I'm not sure,,,20.207110648811657,3.5930234904307405,9.91447694733573,4.188138441508461,14.1025287911235,11.193470993277842,1.2789940459421116,3.006034554782768
5298,107809,1101573000.0,,9 cleaves st,9 cleaves st,9 cleaves st,,2119.0,,,,26600.0,,Multifamily Housing,Multifamily Housing (26600.0),86.9,,2311536.556,1987181.6,105539.215,95063.0,19501.224,,,,,,,,,,,,,,,,,,,,,,25.58,in compliance,125040.439,2030.0,I'm not sure,No,No,No,I'm not sure,I'm not sure,,,14.032623218008066,4.700768383458646,10.188666494769791,4.464758032271346,14.653423037124213,11.736392475965715,1.547725981195924,2.6413848486977187
5413,107950,1101582000.0,,6 cleaves st,6 cleaves st,6 cleaves st,,2119.0,,,,26600.0,,Multifamily Housing,Multifamily Housing (26600.0),54.5,,1448818.48,1099890.3,58415.174,102265.0,20978.642,,,,,,,,,,,,,,,,,,,,,,54.92,in compliance,79393.816,2030.0,I'm not sure,No,No,No,I'm not sure,I'm not sure,,,24.084695534115493,2.9847299248120303,10.188666494769791,3.9982007016691985,14.186258940853758,11.282175760071118,1.0935092653013279,3.1815765986950573
1860,102779,1101615010.0,egleston infill llc,67 walnut pk,67 walnut pk,67 walnut pk,,2130.0,67 walnut pk,boston,2130,31000.0,,Multifamily Housing,Multifamily Housing (31000.0),48.9,83.0,1516567.008,926175.0,49189.154,173034.0,35496.195,,,,,,,,,,,,,,,,,,,,,,40.77,in compliance,84685.349,2030.0,I'm not sure,No,No,No,I'm not sure,I'm not sure,,,38.931215039329146,2.7317854516129034,10.341742483467284,3.8897773964808264,14.231959791089103,11.346697890471598,1.0049554070043145,3.661796372009426
4489,106617,1101620000.0,walnut washington apts llc mass llc,361 walnut ave,361 walnut ave,361 walnut ave,,2119.0,361  363 walnut av,boston,2119,46410.0,,Multifamily Housing,Multifamily Housing (46410.0),34.9,99.0,1617452.576,1277132.8,67828.523,138971.3,28508.572,133850.3,,,,,,,,,,,,,,,,,,,,,30.18,in compliance,96337.095,2030.0,I'm not sure,No,No,No,I'm not sure,I'm not sure,,,29.317145264789513,2.0757831286360697,10.745270232235221,3.5524868292083815,14.296362985607434,11.475608726106996,0.730338493871774,3.378172507502938
4374,106437,1101626000.0,ue apartments llc,2018 columbus ave,2018 columbus ave,2018 columbus ave,,2119.0,2030 c2014 columbus av,boston,2119,29835.0,0.0,Multifamily Housing,"Multifamily Housing (29835.0),Parking (2400.0)",66.4,80.0,1981207.344,1460495.2,77566.9,152612.0,31306.826,,,,,,,,,,,,,,,,,,,,,,59.17,in compliance,108873.726,2030.0,I'm not sure,No,No,No,I'm not sure,I'm not sure,,,26.283722265467237,3.64919477124183,10.303437479956182,4.1956970564823886,14.499216986533686,11.597944012593803,1.2945065326376213,3.268949822303003
669,100972,1101630000.0,boston housing authority,1990 columbus ave,1990 columbus ave,1990 columbus ave,,2119.0,1990 columbus av,boston,2119,121640.0,,Multifamily Housing,Multifamily Housing (121640.0),63.7,10.0,7743332.0,2076000.0,110256.36,1661000.0,340737.54,,,,,,,,,,,,,,,,,,,,,,50.58,in compliance,450993.9,2025.0,No,No,No,No,No,No,,,73.1930537138276,3.707611805327195,11.7088211417913,4.154184562578117,15.862342643887335,13.019209092894453,1.3103879511031526,4.293100521844645
4494,106638,1101661000.0,wardman ue lps,71 westminster ave,71 westminster ave,71 westminster ave,,2119.0,71 westminster av,boston,2119,80055.0,,Multifamily Housing,Multifamily Housing (80055.0),67.6,69.0,5414707.288,4277661.7,227186.613,333249.0,68362.7,,,,,,,,,,,,,,,,,,,,,,49.54,in compliance,295549.313,2025.0,I'm not sure,No,No,No,I'm not sure,I'm not sure,,,21.00013010620197,3.691828280557117,11.290469177436155,4.213607983048918,15.504629381185156,12.596590981770031,1.3061218043338756,3.044528633237658
4564,106731,1101702000.0,westminster community lp,30-108 westminster ave,30,108 westminster ave,,2119.0,30  108 westminster av,boston,2119,70905.0,0.0,Multifamily Housing,"Multifamily Housing (70905.0),Parking (6144.0)",63.6,72.0,4510064.144,3569931.9,189599.083,275537.0,56523.66,,,,,,,,,,,,,,,,,,,,,,38.24,in compliance,246122.743,2025.0,No,No,No,No,No,No,,,20.8461242353009,3.4711620196036947,11.169096231895447,4.152613470346076,15.321821933994128,12.413585645762256,1.2444894138668088,3.037168042970335
3050,104568,1101752000.0,new academy estates llc mass llc,2948-2962 washington st,2948,2962 washington st,,2119.0,2986  2930 washington st,boston,2119,175746.0,,Multifamily Housing,Multifamily Housing (175746.0),60.9,81.0,10705733.04,8261250.0,438754.988,716437.0,146969.886,,,,,,,,,,,,,,,,,,,,,,78.89,in compliance,585724.874,2025.0,No,No,No,No,No,No,,,22.83440564430514,3.332792063546254,12.076795049812201,4.109233174715851,16.186289954074407,13.280605460016801,1.2038104102046006,3.1282684180216775
87,100119,1102013000.0,,3193-3201 washington st,3193,3201 washington st,,2130.0,3193  3201 washington st,boston,2130,45710.0,4595.0,Multifamily Housing,"Multifamily Housing (45710.0),Parking (4595.0)",37.6,98.0,1719918.584,815800.0,43327.138,264982.0,54358.407,,,,,,,,,,,,,,,,,,,,,,27.92,in compliance,97685.545,2025.0,No,No,No,No,No,No,,,52.56983322996642,2.1370716473419384,10.73007237132579,3.6270040503958487,14.357787512785585,11.489508874167669,0.7594365028418785,3.9621424424840463
5441,107985,1102176020.0,,57-61 brookside ave # 57-1,57,61 brookside ave # 57,1,2130.0,,,,27655.0,,Multifamily Housing,Multifamily Housing (27655.0),35.8,93.0,989146.112,583200.0,30973.752,118976.0,24406.737,,,,,,,,,,,,,,,,,,,,,,19.03,in compliance,55380.489,2030.0,I'm not sure,No,No,No,I'm not sure,I'm not sure,,,41.04185958727198,2.002548870005424,10.227561822428779,3.5779478934066544,13.804597336800988,10.921982626588461,0.6944208041596831,3.7145925114166767
273,100384,1102238010.0,amory foundary studios condo,83-85 brookside ave,83,85 brookside ave,,2130.0,83  89 brookside av,boston,2130,50882.0,,Multifamily Housing,Multifamily Housing (50882.0),51.1,41.0,2597588.096,1906716.1,101265.692,202483.0,41537.363,,,,,,,,,,,,,,,,,,,,,,17.58,in compliance,142803.055,2030.0,No,No,No,No,No,No,,,26.597841648331915,2.8065534963248298,10.837264505417558,3.933784497209659,14.770093917068557,11.869221722216205,1.0319572167986468,3.2808300714553877
2267,103385,1102271000.0,gutting kurt w sr ts,180-186 green st,180,186 green st,,2130.0,180  186 green st,boston,2130,21127.0,,Multifamily Housing,"Multifamily Housing (16452.0),Other (4675.0)",29.6,,625674.12,213641.0,11346.474,120760.0,24772.706,,,,,,,,,,,,,,,,,,,,,,7.56,in compliance,36119.18,2030.0,No,No,No,No,No,No,,,65.85716442930388,1.7096218109528092,9.958307122300235,3.3877743613300146,13.346584939456113,10.494579305169127,0.5362721828688929,4.18748822150121
5270,107767,1102293000.0,,3222-3234 washington st,3222,3234 washington st,,2130.0,,,,34544.0,,Multifamily Housing,Multifamily Housing (34544.0),50.0,,1725711.752,1345458.0,71457.274,111446.0,22862.032,,,,,,,,,,,,,,,,,,,,,,43.37,in compliance,94319.306,2030.0,No,No,No,No,No,No,,,22.03557276928134,2.7304106646595647,10.449989152754588,3.912023005428146,14.361150133202631,11.454441177253733,1.0044520244991448,3.0926580915699793
5107,107537,1102342000.0,,3316-3324 washington st,3316,3324 washington st,,2130.0,,,,33504.0,,Multifamily Housing,Multifamily Housing (33504.0),63.1,,2114255.868,1726263.7,91681.865,113714.0,23327.29,,,,,,,,,,,,,,,,,,,,,,70.71,in compliance,115009.155,2030.0,I'm not sure,No,No,No,I'm not sure,I'm not sure,,,18.352046740068456,3.4326992299426933,10.419420113670263,4.144720769547168,14.564213473092906,11.652767012872435,1.2333468992021719,2.9097411072488795
4486,106614,1102357000.0,,459-461 walnut ave,459,461 walnut ave,,2130.0,461 walnut av,boston,2130,30120.0,,Multifamily Housing,"Multifamily Housing (20120.0),Urgent Care/Clinic/Other Outpatient (10000.0)",57.7,,1737098.784,818564.5,43473.961,269207.0,55225.124,,,,,,,,,,,,,,,,,,,,,,28.82,in compliance,98699.085,2030.0,No,No,No,No,No,No,,,52.87981740075871,3.276862051792829,10.31294468191383,4.055257173514054,14.367726914072499,11.499830954861885,1.1868862729480543,3.968021742450455
93,100125,1102589000.0,,3385-3389 washington st,3385,3389 washington st,,2130.0,3383 - 3389r washington st,boston,2130,27633.0,,Multifamily Housing,Multifamily Housing (27633.0),24.9,100.0,688865.9,373000.0,19810.03,92575.0,18990.836,,,,,,,,,,,,,,,,,,,,,,27.56,in compliance,38800.866,2030.0,No,No,No,No,No,No,,,45.855047586184774,1.4041496037346652,10.226765989656345,3.214867803470662,13.442801901154535,10.566197844949915,0.33943185529357023,3.825485281763826
2577,103952,1102605020.0,,3531-3541 washington st,3531,3541 washington st,,2130.0,3531  3541 washington st,boston,2130,127745.0,38255.0,Multifamily Housing,"Restaurant (1938.0),Multifamily Housing (102307.0),Urgent Care/Clinic/Other Outpatient (7500.0),Bank Branch (3500.0),Parking (38255.0),Fitness Center/Health Club/Gym (12500.0)",45.6,86.0,5829121.864,2209000.1,117319.995,1060997.0,217652.925,,,,,,,,,,,,,,,,,,,,,,11.46,in compliance,334972.92,2025.0,I'm not sure,No,No,No,I'm not sure,I'm not sure,,,62.10679752482869,2.622199851266194,11.757791368356754,3.8199077165203406,15.578376923311122,12.721804971718917,0.9640136033621629,4.1288554438963425
1080,101541,1102605040.0,burnett street llc,45 burnett st,45 burnett st,45 burnett st,,2130.0,45 burnett st,boston,2130,47124.0,,Multifamily Housing,Multifamily Housing (47124.0),42.5,81.0,2004176.768,986500.0,52393.015,298264.0,61185.877,,,,,,,,,,,,,,,,,,,,,,24.68,in compliance,113578.892,2025.0,No,No,No,No,No,No,,,50.780027183709976,2.410213309566251,10.76053770436601,3.7495040759303713,14.510743944881662,11.640252958145243,0.8797152537792328,3.927503111599547
2052,103017,1102617010.0,forest hills arborway llc,3611 washington street,3611 washington street,3611 washington street,,2130.0,3589  3612 washington st,boston,2130,229047.0,,Multifamily Housing,Multifamily Housing (229047.0),31.9,98.0,7301586.392,3119443.4,165673.639,1225716.0,251443.38,,,,,,,,,,,,,,,,,,,,,,18.06,in compliance,417117.019,2025.0,No,No,No,No,No,No,,,57.27970094255649,1.8210979362314283,12.341682501652166,3.462606009790799,15.803602196481961,12.94112208251732,0.5994395808651528,4.047946301663839
4618,106800,1102617010.0,forest hills arborway llc,3615 washington street,3615 washington street,3615 washington street,,2130.0,3589  3612 washington st,boston,2130,109288.0,,Multifamily Housing,Multifamily Housing (109288.0),28.3,100.0,3090958.316,1581342.8,83985.116,442443.0,90762.757,,,,,,,,,,,,,,,,,,,,,,18.7,in compliance,174747.873,2025.0,No,No,No,No,No,No,,,48.84187129393821,1.5989667026571992,11.601741878567323,3.342861804649192,14.943991735419957,12.071099488348162,0.46935760978083835,3.888587963290211
2056,103023,1102906000.0,forestvale apartments lp mass lp,129-137 forest hills st,129,137 forest hills st,,2130.0,107  137 forest hills st,boston,2130,25268.0,,Multifamily Housing,Multifamily Housing (25268.0),64.2,,1623211.024,1189886.0,63194.845,127000.3,26052.842,,,,,,,,,,,,,,,,,,,,,,118.36,in compliance,89247.687,2030.0,No,No,No,No,No,No,,,26.696718247830237,3.5320439686560077,10.137294052018591,4.162003210695915,14.299916858993598,11.399170783339674,1.2618767313210835,3.2845406457856137
1142,101710,1103125000.0,charles e farnsworth,100 south st,100 south st,100 south st,,2130.0,100 south st,boston,2130,75648.0,,Multifamily Housing,Multifamily Housing (75648.0),40.9,96.0,3095053.708,1994482.4,105926.96,322559.0,66169.753,,,,,,,,,,,,,,,,,,,,,,17.48,in compliance,172096.713,2025.0,No,No,No,No,No,No,,,35.56060074192418,2.274967124048223,11.233846281325715,3.711130063048756,14.945315817100512,12.055811882656398,0.8219656013306834,3.5712383042579043
1381,101993,1103307000.0,city of boston,2-6 metcalf ct,2,6 metcalf ct,,2130.0,119 south st,boston,2130,20805.0,,Multifamily Housing,Multifamily Housing (20805.0),102.1,,2123226.156,1834100.1,97409.056,84738.0,17383.153,,,,,,,,,,,,,,,,,,,,,,60.63,in compliance,114792.209,2025.0,No,No,No,No,No,No,,,13.617897739387116,5.517529872626772,9.942948621417042,4.625952725170619,14.568447261625119,11.650878894710953,1.7079302732939117,2.6113849378085474
3567,105291,1103719020.0,residences at forest hills,3686 washington st,3686 washington st,3686 washington st,,2130.0,3694 washington st,boston,2130,189903.0,21045.0,Multifamily Housing,"Multifamily Housing (189903.0),Parking (22260.0)",35.9,99.0,6812900.104,3818300.3,202789.929,877667.0,180044.608,,,,,,,,,,,,,,,,,,,,,,26.25,in compliance,382834.537,2025.0,No,No,No,No,No,No,,,43.95677917384593,2.015947810197838,12.154268694463903,3.580737295494233,15.734328447091432,12.85535815653924,0.7010894620753358,3.7832068596502912
2920,104371,1103774000.0,mcleod robert n,131 morton st,131 morton st,131 morton st,,2130.0,131  141 morton st,boston,2130,52300.0,,Multifamily Housing,Multifamily Housing (52300.0),52.7,72.0,2757387.477,1883484.2,100031.846,256126.4,52541.77,,,,,,,,,,,,,,,,,,,,,,37.62,in compliance,152573.616,2025.0,No,No,No,No,No,No,,,31.69455519217911,2.917277552581262,10.864751650053014,3.9646154555473165,14.829794223112195,11.935402486422841,1.0706508363698264,3.4561449056316293
2744,104152,1200023010.0,madison housing dev llc mass llc,205-213 dudley st,205,213 dudley st,,2119.0,205  213 dudley st,boston,2119,44000.0,,Multifamily Housing,Multifamily Housing (44000.0),43.5,97.0,1911904.296,1283216.0,68151.602,184258.0,37798.686,,,,,,,,,,,,,,,,,,,,,,56.1,in compliance,105950.288,2030.0,I'm not sure,No,No,No,I'm not sure,I'm not sure,,,32.88427857060477,2.4079610909090907,10.691944912900398,3.7727609380946383,14.463610316947415,11.570725281956083,0.8787803690556841,3.492994688565427
3733,105584,1200183001.0,s a m h corp,138-148 warren st,138,148 warren st,,2119.0,138  148 warren st,boston,2119,24200.0,,Multifamily Housing,"Personal Services (Health/Beauty, Dry Cleaning, etc) (1500.0),Multifamily Housing (21525.0),Social/Meeting Hall (1175.0)",68.0,,1645748.976,1389599.9,73801.651,75073.0,15400.475,,,,,,,,,,,,,,,,,,,,,,5.61,in compliance,89202.126,2030.0,Yes,No,No,No,Yes,Yes,,,15.564970155570068,3.6860382644628102,10.094107912144779,4.219507705176107,14.31370614312121,11.39866015236479,1.3045522402200134,2.745022886485377
4450,106538,1200280000.0,van ness terrace,238-248 warren st,238,248 warren st,,2119.0,236 248a warren st,boston,2119,46996.0,,Multifamily Housing,Multifamily Housing (46996.0),61.3,75.0,2882883.176,2224629.9,118150.094,192923.0,39576.224,,,,,,,,,,,,,,,,,,,,,,41.39,in compliance,157726.318,2025.0,No,No,No,No,No,No,,,22.834161992070953,3.3561647374244616,10.757817770687463,4.115779842942166,14.874301454120706,11.96861664552047,1.2107988748330065,3.1282577475650903
3693,105495,1200302000.0,,2 waverly st,2 waverly st,2 waverly st,,2119.0,2 waverly st,boston,2119,91430.0,,Multifamily Housing,Multifamily Housing (91430.0),46.4,92.0,4243864.464,3060337.2,162534.509,346872.0,71157.322,,,,,,,,,,,,,,,,,,,,,,29.66,in compliance,233691.831,2025.0,No,No,No,No,No,No,,,27.889186962498624,2.5559644646177406,11.423328931158473,3.8372994592322094,15.26098484229653,12.361758564845402,0.9384296336869311,3.328239049636806
2647,104038,1200420000.0,laconcha limited partnership,3 alaska st,3 alaska st,3 alaska st,,2119.0,3  15 alaska st,boston,2119,42548.0,,Multifamily Housing,Multifamily Housing (42548.0),53.9,80.0,2293666.992,1852782.0,98401.252,129216.0,26507.37,,,,,,,,,,,,,,,,,,,,,,41.18,in compliance,124908.622,2025.0,I'm not sure,No,No,No,I'm not sure,I'm not sure,,,19.222684720049372,2.9357107737143933,10.658388129371556,3.9871304779149512,14.645662401356345,11.735337724956104,1.0769495955845483,2.9560910774527116
3692,105494,1200721000.0,,82 walnut ave,82 walnut ave,82 walnut ave,,2119.0,82 walnut av,boston,2119,20688.0,,Multifamily Housing,Multifamily Housing (20688.0),123.6,,2556083.008,2310900.1,122731.904,71859.0,14741.155,,,,,,,,,,,,,,,,,,,,,,,pending revisions,137473.059,2030.0,No,No,No,No,No,No,,,9.592555722274886,6.645062790023203,9.937309101011639,4.817050545023591,14.753986569695586,11.831183242345627,1.8938741413339892,2.2609873520639683
3605,105351,1200724000.0,rockland st elderly housing,30 rockland st,30 rockland st,30 rockland st,,2119.0,26  28 rockland st,boston,2119,32980.0,,Multifamily Housing,Multifamily Housing (32980.0),45.8,85.0,1509077.671,985156.2,52321.646,153552.6,31499.78,,,,,,,,,,,,,,,,,,,,,,32.11,in compliance,83821.426,2025.0,No,No,No,No,No,No,,,34.71951869401161,2.541583565797453,10.40365659611359,3.824284091120139,14.22700920826101,11.336443933980496,0.9327873378669057,3.5473020271963986
2588,103968,1200921000.0,kasanof land llc,215-233 blue hill ave,215,233 blue hill ave,,2119.0,233 blue hill av,boston,2119,72728.0,0.0,Multifamily Housing,"Multifamily Housing (72728.0),Parking (12150.0)",56.9,43.0,4137622.456,2335700.9,124049.075,528113.0,108337.101,,,,,,,,,,,,,,,,,,,,,,39.05,in compliance,232386.176,2025.0,I'm not sure,No,No,No,I'm not sure,I'm not sure,,,43.551599792216514,3.1952779672203278,11.194481733801695,4.041295341132285,15.235631894845799,12.35615581854179,1.1616740847400955,3.773946437232688
545,100793,1201140000.0,boston housing auth,280 martin luther king jr blvd,280 martin luther king jr blvd,280 martin luther king jr blvd,,2119.0,280 martin luther king jr bl,boston,2119,95200.0,,Multifamily Housing,Multifamily Housing (95200.0),89.3,,8503942.8,6694900.4,355566.16,530200.0,108765.228,,,,,,,,,,,,,,,,,,,,,,46.12,in compliance,464331.388,2025.0,No,No,No,No,No,No,,,21.273919316578656,4.877430546218487,11.463735220779457,4.492001487882454,15.956040472734827,13.048353774566033,1.5846185537865765,3.057481877238783
4088,106066,1201345000.0,taurus at fountain hill associates,16 akron st,16 akron st,16 akron st,,2119.0,16 akron st,boston,2119,77571.0,,Multifamily Housing,Multifamily Housing (77571.0),71.7,57.0,5564132.764,4484330.3,238162.782,316472.0,64921.066,,,,,,,,,,,,,,,,,,,,,,49.16,in compliance,303083.848,2025.0,No,No,No,No,No,No,,,19.4073358886517,3.907179848139124,11.258948924983619,4.272490747605575,15.531851692991694,12.621764772282516,1.3628158472988974,2.9656511331831976
3958,105905,1201440000.0,st james estates condo trust,66 saint james st,66 saint james st,66 saint james st,,2119.0,66  70 st james st,boston,2119,27000.0,,Multifamily Housing,Multifamily Housing (27000.0),46.4,95.0,1251919.908,896700.0,47623.737,104109.0,21356.92,,,,,,,,,,,,,,,,,,,,,,18.75,in compliance,68980.657,2030.0,No,No,No,No,No,No,,,28.37525963761573,2.5548391481481483,10.203592144986466,3.8372994592322094,14.040188857349927,11.14158141094533,0.9379892659588631,3.3455176259840465
5103,107531,1201820000.0,,51 humboldt av,51 humboldt av,51 humboldt av,,2119.0,,,,27494.0,,Multifamily Housing,Multifamily Housing (27494.0),61.5,81.0,1691223.549,1552159.3,82435.18,40757.4,8360.973,,,,,,,,,,,,,,,,,,,,,,87.71,in compliance,90796.153,2030.0,No,No,No,No,No,No,,,8.223062083793158,3.3023988142867537,10.221723078031365,4.119037174812473,14.340962818433521,11.416372195850432,1.1946491178190675,2.1069426559776665
4523,106668,1201990000.0,washington park lp mass lp,25 wyoming st,25 wyoming st,25 wyoming st,,2121.0,25  33 wyoming st,boston,2121,42840.0,,Multifamily Housing,Multifamily Housing (42840.0),91.3,20.0,3911625.06,3156105.9,167620.784,221430.0,45424.15,,,,,,,,,,,,,,,,,,,,,,39.0,in compliance,213044.934,2025.0,I'm not sure,No,No,No,I'm not sure,I'm not sure,,,19.31556227682006,4.973037675070028,10.665227524561685,4.514150787600923,15.179463461985275,12.269258380189585,1.6040308556278995,2.9609111065834806
4087,106065,1201992000.0,taurus apartments company,120 humboldt ave,120 humboldt ave,120 humboldt ave,,2121.0,120 humboldt av,boston,2121,42336.0,,Multifamily Housing,Multifamily Housing (42336.0),74.2,40.0,3143347.666,2542646.3,135039.945,176055.5,36116.025,,,,,,,,,,,,,,,,,,,,,,32.4,in compliance,171155.97,2025.0,No,No,No,No,No,No,,,19.11108277403636,4.042799744897959,10.653393066914683,4.3067641501733345,14.96079892563421,12.050330525032715,1.3969374581180318,2.950268416722223
3532,105236,1202025000.0,,140 humboldt ave,140 humboldt ave,140 humboldt ave,,2121.0,140 humboldt av,boston,2121,44352.0,,Multifamily Housing,Multifamily Housing (44352.0),52.6,76.0,2332044.424,1679919.1,89220.503,191127.0,39207.793,,,,,,,,,,,,,,,,,,,,,,29.12,in compliance,128428.296,2025.0,No,No,No,No,No,No,,,27.964904370535272,2.895659632034632,10.699913082549575,3.9627161197436642,14.662255876013786,11.763126019791027,1.0632129372414525,3.330950308655163
3460,105122,1202067000.0,,515 warren st,515 warren st,515 warren st,,2121.0,515 warren st,boston,2121,25660.0,,Multifamily Housing,Multifamily Housing (25660.0),91.5,,2347826.956,1747100.0,92788.481,176063.0,36117.564,,,,,,,,,,,,,,,,,,,,,,60.74,in compliance,128906.045,2025.0,No,No,No,No,No,No,,,25.58763387202545,5.023618277474669,10.152688638169627,4.516338972281476,14.669000758747478,11.766839084646897,1.6141504464772696,3.242109182904369
3461,105123,1202208000.0,pnc arhpf new port antonio apts llc,55 elm hill ave,55 elm hill ave,55 elm hill ave,,2121.0,55 elm hill av,boston,2121,37448.0,,Multifamily Housing,Multifamily Housing (37448.0),54.8,75.0,2051997.964,1783483.8,94720.825,78697.0,16143.903,,,,,,,,,,,,,,,,,,,,,,29.16,in compliance,110864.728,2030.0,No,No,No,No,No,No,,,13.086073829554735,2.96049797051912,10.530708582979907,4.00369019395397,14.534324493069576,11.61606607044973,1.0853574874698235,2.5715485983049877
3462,105125,1202262000.0,,181-185 ruthven st,181,185 ruthven st,,2121.0,181  185 ruthven st,boston,2121,37448.0,,Multifamily Housing,Multifamily Housing (37448.0),54.8,75.0,2051997.964,1783483.8,94720.825,78697.0,16143.903,,,,,,,,,,,,,,,,,,,,,,29.16,in compliance,110864.728,2025.0,No,No,No,No,No,No,,,13.086073829554735,2.96049797051912,10.530708582979907,4.00369019395397,14.534324493069576,11.61606607044973,1.0853574874698235,2.5715485983049877
3770,105632,1202311000.0,school house brookledge,60 brookledge st,60 brookledge st,60 brookledge st,,2121.0,20 hutchings st,boston,2121,76905.0,,Multifamily Housing,Multifamily Housing (76905.0),46.9,79.0,3608763.596,2774587.6,147358.347,244483.0,50153.243,,,,,,,,,,,,,,,,,,,,,,29.47,in compliance,197511.59,2025.0,No,No,No,No,No,No,,,23.11630136633644,2.5682542097392886,11.250326172885911,3.8480176754522337,15.09887577746171,12.193552545145806,0.9432263722598949,3.1405380555022515
5410,107947,1202313000.0,,107 elm hill ave,107 elm hill ave,107 elm hill ave,,2121.0,,,,24489.0,,Multifamily Housing,Multifamily Housing (24489.0),69.9,,1711533.104,1409598.4,74863.771,88492.0,18153.249,,,,,,,,,,,,,,,,,,,,,,46.72,in compliance,93017.02,2030.0,I'm not sure,No,No,No,I'm not sure,I'm not sure,,,17.641959544593185,3.7983184286822658,10.105979316119466,4.247065649239764,14.352900078862897,11.440537766143656,1.3345584500241907,2.870280129703529
2132,103112,1202327000.0,franklin highlands lp,278 humboldt ave,278 humboldt ave,278 humboldt ave,,2121.0,278  280 humboldt av,boston,2121,29706.0,,Multifamily Housing,Multifamily Housing (29706.0),60.0,74.0,1782863.664,1397744.4,74234.205,112872.0,23154.562,,,,,,,,,,,,,,,,,,,,,,41.86,in compliance,97388.767,2030.0,No,No,No,No,No,No,,,21.602111399584842,3.2784207567494783,10.299104324589479,4.0943445622221,14.39373142953586,11.486466154437684,1.1873618298482063,3.072791059893681
670,100973,1202342000.0,boston housing authority,125 elm hill ave,125 elm hill ave,125 elm hill ave,,2121.0,brookledge st,boston,2121,63162.0,,Multifamily Housing,Multifamily Housing (63162.0),75.2,52.0,4752454.324,4062199.9,215743.437,202302.0,41500.232,,,,,,,,,,,,,,,,,,,,,,27.17,in compliance,257243.669,2025.0,No,No,No,No,No,No,,,14.524805968445536,4.072760029764732,11.05345813347938,4.320151230955794,15.374171742356927,12.457779043092195,1.4043209096128144,2.6758579441940538
5404,107940,1202342000.0,,129 elm hill ave,129 elm hill ave,129 elm hill ave,,2121.0,,,,63162.0,,Multifamily Housing,Multifamily Housing (63162.0),75.2,53.0,4752454.324,4062199.9,215743.437,202302.0,41500.232,,,,,,,,,,,,,,,,,,,,,,27.17,in compliance,257243.669,2025.0,,,,,,,,,14.524805968445536,4.072760029764732,11.05345813347938,4.320151230955794,15.374171742356927,12.457779043092195,1.4043209096128144,2.6758579441940538
2256,103368,1202347000.0,grove hall redeveloper llc,164 seaver st,164 seaver st,164 seaver st,,2121.0,164  176 seaver st,boston,2121,74860.0,,Multifamily Housing,Multifamily Housing (74860.0),73.8,55.0,5523063.716,4621040.1,245423.44,264368.0,54232.452,,,,,,,,,,,,,,,,,,,,,,47.3,in compliance,299655.892,2025.0,No,No,No,No,No,No,,,16.332660957482243,4.00288394336094,11.22337498145842,4.301358731606427,15.524443285300574,12.610390068633116,1.387015087174695,2.793166842726745
3086,104619,1202352000.0,,140 seaver st,140 seaver st,140 seaver st,,2121.0,140 seaver st,boston,2121,30559.0,,Multifamily Housing,Multifamily Housing (30559.0),72.9,43.0,2228085.75,1709419.1,90787.248,152012.5,31183.844,,,,,,,,,,,,,,,,,,,,,,48.63,in compliance,121971.092,2025.0,No,No,No,No,No,No,,,23.279600072618393,3.9913312608396874,10.327414520231974,4.289088639014612,14.616653366721364,11.71153934481844,1.384124824586466,3.1475774437044386
3041,104547,1202365000.0,nazing lp mass lp,1-8 nazing ct,1,8 nazing ct,,2121.0,1  8 nazing ct,boston,2121,96746.0,,Multifamily Housing,Multifamily Housing (96746.0),78.5,29.0,7598972.904,5352454.1,284268.837,658417.0,135067.663,,,,,,,,,,,,,,,,,,,,,,35.43,in compliance,419336.5,2025.0,I'm not sure,No,No,No,I'm not sure,I'm not sure,,,29.56475295980342,4.334406590453352,11.479844266368104,4.363098624788363,15.843523651913232,12.946428979215217,1.4665847128471114,3.386582873405088
5537,108103,1202367000.0,,224-236 seaver st,224,236 seaver st,,2121.0,,,,48373.0,,Multifamily Housing,Multifamily Housing (48373.0),70.2,53.0,3397299.256,2503055.0,132937.251,262088.0,53764.732,,,,,,,,,,,,,,,,,,,,,,29.53,in compliance,186701.983,2025.0,,,,,,,,,26.32336752850365,3.8596320881483472,10.786697085808159,4.251348311031766,15.03849133746342,12.13726895079103,1.3505718649828709,3.2704570438846154
2257,103369,1202371000.0,grove hall redeveloper llc,102 elm hill ave,102 elm hill ave,102 elm hill ave,,2121.0,102  108 elm hill av,boston,2121,31920.0,,Multifamily Housing,Multifamily Housing (31920.0),77.4,,2470028.612,2099482.0,111503.489,108601.0,22278.409,,,,,,,,,,,,,,,,,,,,,,39.11,in compliance,133781.898,2030.0,No,No,No,No,No,No,,,15.002372861177202,4.191162218045112,10.370988051563746,4.3489867805956814,14.719740292342737,11.803966126043727,1.4329780744799814,2.7082083793365204
5409,107946,1202380000.0,,17 sonoma st,17 sonoma st,17 sonoma st,,2121.0,,,,25168.0,,Multifamily Housing,Multifamily Housing (25168.0),78.7,50.0,1981630.136,1563394.0,83031.855,122578.0,25145.651,,,,,,,,,,,,,,,,,,,,,,115.48,in compliance,108177.506,2030.0,I'm not sure,No,No,No,I'm not sure,I'm not sure,,,21.106588717118704,4.298216226954863,10.13332862529806,4.365643155423357,14.499430364954446,11.591528730990689,1.4582001056926297,3.0495852532133734
2258,103370,1202393000.0,grove hall redeveloper llc mass llc,573-577 blue hill ave,573,577 blue hill ave,,2121.0,573  577 blue hill av,boston,2121,36300.0,,Multifamily Housing,Multifamily Housing (36300.0),63.3,85.0,2296384.66,1893410.4,100559.026,118105.0,24228.06,,,,,,,,,,,,,,,,,,,,,,55.66,in compliance,124787.086,2030.0,No,No,No,No,No,No,,,17.548975255304132,3.437660771349862,10.499573020252942,4.147885329150131,14.646846557232406,11.734364251999189,1.234791231746247,2.864995558195951
3087,104620,1202394000.0,,280-296 seaver st,280,296 seaver st,,2121.0,294  296 seaver st,boston,2121,31928.0,,Multifamily Housing,Multifamily Housing (31928.0),81.1,16.0,2590539.04,2123453.3,112776.605,136895.0,28082.64,,,,,,,,,,,,,,,,,,,,,,45.0,in compliance,140859.245,2030.0,No,No,No,No,No,No,,,18.031238558365832,4.411777906539714,10.37123864672857,4.395682961121367,14.767376535573142,11.85551640835319,1.4842777616246199,2.892105729163469
2259,103371,1202399000.0,grove hall redeveloper llc mass llc,258-260 seaver st,258,260 seaver st,,2121.0,258  260 seaver st,boston,2121,20005.0,,Multifamily Housing,Multifamily Housing (20005.0),81.8,56.0,1637259.104,1380021.6,73292.947,75392.0,15465.915,,,,,,,,,,,,,,,,,,,,,,68.81,in compliance,88758.862,2030.0,No,No,No,No,No,No,,,15.712162611984477,4.436833891527118,9.903737521291335,4.404277243608702,14.308534123608435,11.393678555873757,1.4899410345824224,2.7544351010993173
2261,103372,1202410000.0,grove hall redeveloper llc mass llc,545-549 blue hill ave,545,549 blue hill ave,,2121.0,6 wayne st,boston,2121,60900.0,,Multifamily Housing,Multifamily Housing (60900.0),61.9,91.0,3770615.032,3122553.4,165838.811,189936.0,38963.471,,,,,,,,,,,,,,,,,,,,,,2.91,in compliance,204802.282,2030.0,No,No,No,No,No,No,,,17.18791541697752,3.3629274548440065,11.016988453697989,4.12552017969055,15.1427486845801,12.229800314663537,1.2128118609655483,2.844206544849763
4630,106814,1202424000.0,,1-4 maple ct,1,4 maple ct,,2121.0,1 4 maple ct,boston,2121,57707.0,,Multifamily Housing,"Pre-school/Daycare (2000.0),Multifamily Housing (55707.0)",42.5,52.0,2454520.324,595400.0,31621.694,544877.0,111776.068,,,,,,,,,,,,,,,,,,,,,,57.72,pending revisions,143397.762,2025.0,No,No,No,No,No,No,,,75.74604444587195,2.4849283795726684,10.963133762295572,3.7495040759303713,14.71344191274745,11.873377600331311,0.9102438380357385,4.3273862244896995
4451,106539,1202455010.0,,495-505 blue hill ave,495,505 blue hill ave,,2121.0,495 blue hill av,boston,2121,35772.0,,Multifamily Housing,Multifamily Housing (35772.0),60.1,67.0,2148989.536,1714375.8,91050.499,127378.0,26130.323,,,,,,,,,,,,,,,,,,,,,,32.07,in compliance,117180.822,2030.0,No,No,No,No,No,No,,,20.22498646079959,3.275769372693727,10.484920743466072,4.096009841541162,14.580508306371286,11.671473507923126,1.1865527644570542,3.0069187935153865
3455,105116,1202461000.0,,32-36 maple st,32,36 maple st,,2121.0,32  36 maple st,boston,2121,22254.0,,Multifamily Housing,Multifamily Housing (22254.0),66.5,62.0,1479345.316,1158300.0,61517.313,94093.0,19302.238,,,,,,,,,,,,,,,,,,,,,,35.93,in compliance,80819.551,2025.0,No,No,No,No,No,No,,,21.702805050149628,3.6316864833288403,10.010277046717645,4.197201947661808,14.207110193818826,11.299974183061478,1.2896971363438312,3.0774415171762697
4631,106815,1202480000.0,,25-29 schuyler st,25,29 schuyler st,,2121.0,25 29 schuyler st,boston,2121,22296.0,,Multifamily Housing,Multifamily Housing (22296.0),64.3,,1432671.628,1163400.0,61788.174,78919.0,16189.444,,,,,,,,,,,,,,,,,,,,,,34.4,in compliance,77977.618,2030.0,No,No,No,No,No,No,,,18.79589576474812,3.4973815034086835,10.012162569161784,4.163559631243574,14.175051530516535,11.26417711577612,1.2520145466143353,2.9336385356169843
2760,104175,1202491000.0,maple commons apartments,15-19 maple st,15,19 maple st,,2121.0,15  19 maple st,boston,2121,27344.0,,Multifamily Housing,Multifamily Housing (27344.0),61.9,75.0,1692056.404,1268313.3,67360.119,124192.0,25476.747,,,,,,,,,,,,,,,,,,,,,,60.2,in compliance,92836.866,2030.0,No,No,No,No,No,No,,,25.0441848036645,3.3951457723815093,10.216252405355371,4.12552017969055,14.341455154290083,11.4385991028173,1.2223466974619281,3.220641657015098
4583,106757,1202504000.0,wilshire westminster llc,49-51 cheney st,49,51 cheney st,,2121.0,49  51 cheney st,boston,2121,57525.0,,Multifamily Housing,Multifamily Housing (57525.0),37.8,93.0,2174726.476,1834301.0,97419.726,99773.0,20467.433,,,,,,,,,,,,,,,,,,,,,,36.77,in compliance,117887.159,2030.0,I`m not sure,No,No,No,I`m not sure,I`m not sure,,,15.65440278154778,2.049320451977401,10.959974914903567,3.632309102625542,14.592413456435782,11.677483166259684,0.7175082513561174,2.7507522053153175
3457,105118,1202555000.0,,89-91 georgia st,89,91 georgia st,,2121.0,89  91 georgia st,boston,2121,40122.0,,Multifamily Housing,Multifamily Housing (40122.0),81.0,36.0,3251542.56,2712600.1,144066.191,157955.0,32402.889,,,,,,,,,,,,,,,,,,,,,,41.92,in compliance,176469.08,2025.0,No,No,No,No,No,No,,,16.575706554799023,4.398312147948756,10.599680091282034,4.394449154672439,14.994640075549059,12.080900955872979,1.4812208645909446,2.807938162903904
4089,106067,1202882000.0,,295-311 blue hill av,295,311 blue hill av,,2121.0,295  311 blue hill av,boston,2121,48837.0,,Multifamily Housing,"Multifamily Housing (42847.0),Other - Education (5990.0)",54.2,54.0,2649068.844,1475299.9,78353.178,344012.0,70570.622,,,,,,,,,,,,,,,,,,,,,,47.7,in compliance,148923.8,2025.0,No,No,No,No,No,No,,,44.310684807555724,3.0494051641173696,10.796243501276619,3.9926809084456005,14.789718756591478,11.911190044717236,1.1149465434406165,3.7912258400131122
3533,105237,1203099000.0,,236 harold st,236 harold st,236 harold st,,2121.0,49  67 hutchings st,boston,2121,39944.0,,Multifamily Housing,Multifamily Housing (39944.0),44.3,81.0,1771120.048,1075058.4,57096.352,204004.0,41849.381,,,,,,,,,,,,,,,,,,,,,,23.6,in compliance,98945.733,2030.0,No,No,No,No,No,No,,,39.30237531815235,2.4771112807931104,10.595233752180444,3.7909846770510898,14.387122699899601,11.50232682731161,0.9070930751311649,3.671284957714206
4209,106242,1203393000.0,townsend house condo tr,135 townsend st,135 townsend st,135 townsend st,,2121.0,135 townsend st,boston,2121,32000.0,,Multifamily Housing,Multifamily Housing (32000.0),39.5,70.0,1265334.764,418571.9,22230.354,248172.0,50910.004,,,,,,,,,,,,,,,,,,,,,,25.81,in compliance,73140.358,2025.0,No,No,No,No,No,No,,,66.92300835259435,2.2856361874999997,10.373491181781864,3.676300671907076,14.050847280707064,11.200135586413843,0.8266444046319795,4.203542829570162
5543,108109,1300067000.0,,589 dudley st,589 dudley st,589 dudley st,,2125.0,,,,20576.0,0.0,Multifamily Housing,"Multifamily Housing (20576.0),Parking (3600.0)",74.2,,1525847.344,1244572.3,66099.235,82437.0,16911.126,,,,,,,,,,,,,,,,,,,,,,47.12,in compliance,83010.361,2030.0,,,,,,,,,18.43483299008187,4.034329364307932,9.931880627037346,4.3067641501733345,14.238060449125287,11.326720710313255,1.3948400832759087,2.9142419722516277
3399,105033,1300691000.0,peabody medeiros llc,11 woodcliff st,11 woodcliff st,11 woodcliff st,,2125.0,11 woodcliff st,boston,2125,51132.0,,Multifamily Housing,Multifamily Housing (51132.0),45.7,93.0,2334420.12,1554061.6,82536.212,228710.0,46917.569,,,,,,,,,,,,,,,,,,,,,,39.27,in compliance,129453.781,2025.0,No,No,No,No,No,No,,,33.42983637838077,2.5317566494563093,10.842165803287912,3.822098297900159,14.663274075630582,11.771079192941622,0.9289133896537103,3.509448805965371
3228,104799,1300723000.0,nuestra quincy commons,278-292 blue hill av,278,292 blue hill av,,2119.0,278  292 blue hill av,boston,2119,49650.0,0.0,Multifamily Housing,"Multifamily Housing (49650.0),Parking (17682.0)",46.5,63.0,2311165.26,1496874.4,79498.999,238655.0,48957.687,,,,,,,,,,,,,,,,,,,,,,34.24,in compliance,128456.686,2025.0,I'm not sure,No,No,No,I'm not sure,I'm not sure,,,35.23446256067383,2.58724443101712,10.812753669473318,3.8394523125933104,14.653262396868545,11.763347052565264,0.9505933830919455,3.562024653666314
3418,105054,1300741010.0,phillips brooks school,5 perth st,5 perth st,5 perth st,,2121.0,quincy st,boston,2121,55000.0,0.0,Multifamily Housing,"Multifamily Housing (55000.0),Parking (6370.0)",62.7,66.0,3449674.244,2696946.1,143234.807,220612.0,45256.346,,,,,,,,,,,,,,,,,,,,,,32.45,in compliance,188491.153,2025.0,I'm not sure,No,No,No,I'm not sure,I'm not sure,,,21.821226659568612,3.4271118727272727,10.915088464214607,4.138361447638875,15.053790362520516,12.14680635108178,1.2317178868671719,3.0828831960369234
3330,104932,1301149015.0,one-50 magnolia lp mass lps,150 magnolia st,150 magnolia st,150 magnolia st,,2125.0,150 magnolia st,boston,2125,32775.0,,Multifamily Housing,Multifamily Housing (32775.0),62.2,76.0,2039162.34,1453339.0,77186.834,171695.0,35221.512,,,,,,,,,,,,,,,,,,,,,,70.55,in compliance,112408.346,2030.0,I'm not sure,No,No,No,I'm not sure,I'm not sure,,,28.729889855164743,3.4296978184591915,10.3974213086319,4.130354999745133,14.52804966384683,11.629893466354174,1.2324721577222733,3.357938039192159
5120,107555,1301150000.0,,112 magnolia st,112 magnolia st,112 magnolia st,,2125.0,,,,30464.0,,Multifamily Housing,Multifamily Housing (30464.0),59.0,,1797927.26,1437603.0,76351.095,105605.0,21663.81,,,,,,,,,,,,,,,,,,,,,,39.97,in compliance,98014.905,2030.0,I'm not sure,No,No,No,I'm not sure,I'm not sure,,,20.041973263701447,3.21740103072479,10.324300937591092,4.07753744390572,14.402145037133042,11.492874837924653,1.1685739003335611,2.997828737621748
2707,104109,1301235000.0,lionhead apartments llc mass llc,713 dudley st,713 dudley st,713 dudley st,,2125.0,713 dudley st,boston,2125,37254.0,,Multifamily Housing,Multifamily Housing (37254.0),47.8,94.0,1782149.78,1213830.0,64466.511,166565.0,34169.144,,,,,,,,,,,,,,,,,,,,,,19.05,in compliance,98635.655,2030.0,No,No,No,No,No,No,,,31.89096512134911,2.6476527352767487,10.525514600592947,3.86702563949741,14.393330935108137,11.499188087800722,0.9736734872077739,3.4623227446389357
2708,104110,1301236000.0,lionhead apartments llc mass llc,715-723 dudley st,715,723 dudley st,,2125.0,715  723 dudley st,boston,2125,47624.0,,Multifamily Housing,Multifamily Housing (47624.0),42.6,97.0,2029739.772,1340410.0,71189.175,202031.0,41444.639,,,,,,,,,,,,,,,,,,,,,,48.81,pending revisions,112633.814,2025.0,No,No,No,No,No,No,,,33.96297821817525,2.3650641273307578,10.771092114833227,3.751854253275325,14.52341815166778,11.63189725155994,0.8608051367267133,3.5252710554240436
4436,106522,1301316010.0,uphams corner lp mass lp,530 columbia rd,530 columbia rd,530 columbia rd,,2125.0,530 columbia rd,boston,2125,60843.0,,Multifamily Housing,Multifamily Housing (60843.0),38.9,96.0,2365594.016,1265162.6,67192.786,322518.0,66161.343,,,,,,,,,,,,,,,,,,,,,,34.0,pending revisions,133354.129,2025.0,No,No,No,No,No,No,,,46.52023070132758,2.191774386535838,11.016052054822241,3.6609942506244004,14.676539717926403,11.800763492760343,0.7847114379381015,3.8398872868240566
3986,105936,1301320010.0,st kevin's lp mass lp,516 columbia rd,516 columbia rd,516 columbia rd,,2125.0,516 columbia rd,boston,2125,25701.0,,Multifamily Housing,Multifamily Housing (25701.0),48.7,67.0,1252688.18,716100.0,38032.071,157265.0,32261.342,,,,,,,,,,,,,,,,,,,,,,49.71,in compliance,70293.413,2030.0,No,No,No,No,No,No,,,42.83681911567171,2.7350458347924205,10.154285180632154,3.885679030088544,14.040802344168705,11.160433374973506,1.0061481943413526,3.7573979924883947
5017,107420,1301360000.0,,45-49 stoughton st,45,49 stoughton st,,2125.0,,,,20256.0,,Multifamily Housing,Multifamily Housing (20256.0),53.9,,1091478.56,899024.7,47747.202,56405.0,11570.922,,,,,,,,,,,,,,,,,,,,,,27.13,in compliance,59318.124,2030.0,I'm not sure,No,No,No,I'm not sure,I'm not sure,,,17.63317464980714,2.928422393364929,9.916206324943902,3.9871304779149512,13.903043812085674,10.990670170667496,1.0744638457235935,2.869782051089895
344,100475,1301625000.0,au 200 hancock llc,200 hancock st,200 hancock st,200 hancock st,,2125.0,200 hancock st,boston,2125,30800.0,,Multifamily Housing,Multifamily Housing (30800.0),39.6,87.0,1219239.972,607362.6,32257.028,179331.0,36787.961,,,,,,,,,,,,,,,,,,,,,,68.53,in compliance,69044.989,2025.0,No,No,No,No,No,No,,,50.18735324484588,2.2417204220779223,10.335269968961667,3.6788291182604347,14.01373824881016,11.142513585603051,0.8072436166413852,3.9157630675651385
3521,105221,1302364011.0,,25 william t morrissey blvd,25 william t morrissey blvd,25 william t morrissey blvd,,2124.0,25 wm t morrissey bl,boston,2124,218777.0,21870.0,Multifamily Housing,"Multifamily Housing (218777.0),Parking (30270.0)",34.6,98.0,7569951.44,2745827.0,145830.872,1413870.0,290041.292,,,,,,,,,,,,,,,,,,,,,,27.31,pending revisions,435872.164,2025.0,No,No,No,No,No,No,C10084,This building has been reported as part of a campus within Energy Star Portfolio Manager. This reported row of data may not encompass the energy and water usage of the entire building. See this building's corresponding Campus ID at the bottom of this data disclosure spreadsheet to view the reported energy usage for the entire campus of buildings.,63.730085440283865,1.9923125557074097,12.29580822517461,3.543853682063679,15.839697210597812,12.985104277504247,0.6892960523296371,4.154656749985651
1794,102678,1303046010.0,dna lofts condominium trust,942 dorchester ave,942 dorchester ave,942 dorchester ave,,2125.0,942  944 dorchester av,boston,2125,36873.0,,Multifamily Housing,Multifamily Housing (36873.0),78.9,,2908327.68,1415100.0,75155.961,437640.0,89777.47,,,,,,,,,,,,,,,,,,,,,,44.43,in compliance,164933.431,2025.0,No,No,No,No,No,No,,,51.34542906802029,4.473013614297725,10.51523485488309,4.368181227851829,14.883088793543225,12.013297222990634,1.4980623681075422,3.9385759171840498
3401,105035,1303411010.0,peninsula housing assoc ii llc,375 mount vernon st,375 mount vernon st,375 mount vernon st,,2125.0,401 mt vernon st,boston,2125,134338.0,19191.0,Multifamily Housing,"Multifamily Housing (134338.0),Parking (28356.0)",51.6,83.0,6934984.768,3751199.8,199226.221,933114.0,191419.006,,,,,,,,,,,,,,,,,,,,,,36.46,in compliance,390645.227,2025.0,I'm not sure,No,No,No,I'm not sure,I'm not sure,,,45.91105880710133,2.907927965281603,11.808114291111403,3.9435216724875173,15.75208941533356,12.875555079252207,1.0674407881408032,3.8267060206634844
3402,105036,1303412000.0,,401 mount vernon st,401 mount vernon st,401 mount vernon st,,2125.0,375  401 mt vernon st,boston,2125,305286.0,33921.0,Multifamily Housing,"Multifamily Housing (305286.0),Parking (66931.0)",39.5,95.0,12056206.65,7201200.2,382455.743,1422921.0,291898.014,,,,,,,,,,,,,,,,,,,,,,32.87,in compliance,674353.757,2025.0,I'm not sure,No,No,No,I'm not sure,I'm not sure,,,40.27153839595143,2.208924605124375,12.62900432113697,3.676300671907076,16.3050901599843,13.421510114220357,0.7925057930833868,3.6956449761687327
2186,103203,1400035000.0,geneva av elderly housing inc,22 beechwood st,22 beechwood st,22 beechwood st,,2121.0,22 beechwood st,boston,2121,42420.0,,Multifamily Housing,Multifamily Housing (42420.0),52.5,70.0,2228544.14,1204534.7,63972.838,300120.0,61566.617,,,,,,,,,,,,,,,,,,,,,,22.06,in compliance,125539.455,2025.0,No,No,No,No,No,No,,,45.951724249895264,2.9594402404526168,10.655375228118674,3.960813169597578,14.616859078217688,11.740375370616281,1.085000142497608,3.827591372578525
4517,106661,1400076000.0,washington columbia lps mass lps,144-148 geneva ave,144,148 geneva ave,,2121.0,148  144 geneva av,boston,2121,34944.0,,Multifamily Housing,Multifamily Housing (34944.0),61.1,49.0,2133604.547,1514367.5,80428.058,223398.9,45828.05,143000.0,,,,,,,,,,,,,,,,,,,,,55.66,in compliance,126256.108,2030.0,No,No,No,No,No,No,C10040,,35.72689033245672,3.6130983287545786,10.461502059104577,4.11251186617755,14.573323382987528,11.746067726165341,1.284565667060765,3.5759036358508225
5534,108100,1400078000.0,,165 columbia rd,165 columbia rd,165 columbia rd,,2121.0,,,,42544.0,,Multifamily Housing,Multifamily Housing (42544.0),87.5,28.0,3721825.504,3028029.4,160818.641,250168.7,51319.607,159779.5,,,,,,,,,,,,,,,,,,,,,104.86,in compliance,212138.248,2025.0,,,,,,,,,22.935334523007235,4.986325874388868,10.658294113482802,4.471638793363569,15.12972483276399,12.264993454328271,1.6066993408454702,3.1326787136417944
3227,104793,1400470010.0,nu-life condo trust,79 brunswick st,79 brunswick st,79 brunswick st,,2121.0,392  402 blue hill av,boston,2121,26209.0,,Multifamily Housing,"Multifamily Housing (21557.0),Office (4652.0)",29.7,,779140.428,535800.0,28456.338,71319.0,14630.38,,,,,,,,,,,,,,,,,,,,,,32.59,in compliance,43086.718,2030.0,I'm not sure,No,No,No,I'm not sure,I'm not sure,,,31.233281845567383,1.6439665000572323,10.17385814221302,3.391147045808654,13.565946575615726,10.670970061545251,0.4971119193322315,3.441484252087204
4518,106662,1400707000.0,washington columbia lps mass lps,178-180 columbia rd,178,180 columbia rd,,2121.0,180  178 columbia rd,boston,2121,30060.0,,Multifamily Housing,Multifamily Housing (30060.0),70.3,52.0,2112478.334,1727673.0,91756.713,156021.2,32006.189,147539.0,,,,,,,,,,,,,,,,,,,,,55.2,in compliance,123762.902,2030.0,No,No,No,No,No,No,C10040,,25.201098113605557,4.117195675316035,10.310950663306965,4.252771798816619,14.563372382066197,11.726122933582246,1.4151722702752814,3.2268875695047026
4581,106753,1400731000.0,wilder gardens lp mass lp,36 bishop joe l smith way,36 bishop joe l smith way,36 bishop joe l smith way,,2121.0,36 bishop joe l smith wy,boston,2121,70756.0,,Multifamily Housing,Multifamily Housing (70756.0),66.6,66.0,4713201.228,3541370.3,188082.177,343444.0,70454.102,,,,,,,,,,,,,,,,,,,,,,40.67,in compliance,258536.279,2025.0,No,No,No,No,No,No,,,24.86383220046127,3.6539131522415063,11.166992617563398,4.198704577546343,15.365877901366142,12.462791307377286,1.2957986898138876,3.2134142254680174
5275,107772,1400766000.0,,150 columbia rd,150 columbia rd,150 columbia rd,,2121.0,,,,29138.0,,Multifamily Housing,Multifamily Housing (29138.0),62.4,55.0,1818848.522,1492159.8,79248.607,139218.5,28559.283,148324.8,,,,,,,,,,,,,,,,,,,,,55.99,in compliance,107807.89,2030.0,No,No,No,No,No,No,,,26.117315379988526,3.699906994302972,10.279798443213942,4.133565275375382,14.413714178606611,11.588106125873317,1.3083076826593747,3.262598518880517
2153,103134,1400774000.0,gangemi frank r ts,488 blue hill ave,488 blue hill ave,488 blue hill ave,,2121.0,488 blue hill av,boston,2121,23540.0,,Multifamily Housing,Multifamily Housing (23540.0),50.3,,1184626.677,967015.8,51358.209,63778.1,13083.439,,,,,,,,,,,,,,,,,,,,,,25.85,in compliance,64441.648,2030.0,No,No,No,No,No,No,,,18.370381837602327,2.737538147833475,10.066456380814268,3.9180050771056933,13.984938242409354,11.073515411141427,1.0070590303271587,2.910739684944724
4629,106812,1400783000.0,,35 washington st,35 washington st,35 washington st,,2121.0,35 washington st,boston,2121,28329.0,,Multifamily Housing,Multifamily Housing (28329.0),82.5,,2337473.272,1954199.9,103787.557,112331.0,23043.581,,,,,,,,,,,,,,,,,,,,,,43.4,in compliance,126831.138,2030.0,Yes,No,No,No,Yes,Yes,,,16.397630135126526,4.477077835433655,10.25164129393118,4.412798293340635,14.664581105641103,11.750611858661763,1.498970564730585,2.7971368204327507
4515,106659,1400832000.0,washington columbia ii mass lps,95-103 washington st,95,103 washington st,,2121.0,95  103 washington st,boston,2121,22461.0,,Multifamily Housing,Multifamily Housing (22461.0),82.9,34.0,1862865.823,1517332.5,80585.529,144071.9,29554.91,146040.0,,,,,,,,,,,,,,,,,,,,,85.33,in compliance,110140.439,2030.0,I'm not sure,No,No,No,I'm not sure,I'm not sure,C10039,,26.389175619386517,4.903630247985397,10.019535750898795,4.417635062141249,14.437626624982501,11.609511548644738,1.5899757977459428,3.2729539116561988
4516,106660,1400833000.0,washington columbia ii mass lps,102 columbia rd,102 columbia rd,102 columbia rd,,2121.0,108  102 columbia rd,boston,2121,39006.0,,Multifamily Housing,Multifamily Housing (39006.0),61.3,66.0,2389980.306,1931960.3,102606.412,191277.2,39238.605,194617.8,,,,,,,,,,,,,,,,,,,,,65.43,in compliance,141845.017,2025.0,No,No,No,No,No,No,C10039,,27.3084466989746,3.6364922576013945,10.571470759432524,4.115779842942166,14.686795683706379,11.86249031096294,1.291019551530416,3.3071960572285524
5546,108112,1400841001.0,,53 washington st,53 washington st,53 washington st,,2121.0,,,,22706.0,,Multifamily Housing,Multifamily Housing (22706.0),57.0,,1293988.668,1109181.1,58908.608,54164.0,11111.203,,,,,,,,,,,,,,,,,,,,,,38.17,in compliance,70019.811,2030.0,,,,,,,,,14.282636098015658,3.083758081564344,10.030384485724479,4.04305126783455,14.07323999666306,11.156533495276221,1.126149009551743,2.659044540576202
5272,107769,1400842000.0,,59-63b washington st,59,63b washington st,,2121.0,,,,28459.0,,Multifamily Housing,Multifamily Housing (28459.0),65.4,57.0,1862568.052,1504079.6,79881.668,127846.0,26226.328,77722.1,,,,,,,,,,,,,,,,,,,,,56.94,in compliance,106107.996,2030.0,No,No,No,No,No,No,,,23.420874659134334,3.728451315928177,10.256219733992088,4.180522258463153,14.437466766554932,11.572212684627658,1.3159929506355688,3.1536277041474507
5273,107770,1400843000.0,,71 washington st,71 washington st,71 washington st,,2121.0,,,,28046.0,,Multifamily Housing,Multifamily Housing (28046.0),69.0,62.0,1935048.519,1642357.0,87225.58,114031.6,23392.442,96384.3,,,,,,,,,,,,,,,,,,,,,35.07,in compliance,110618.022,2030.0,No,No,No,No,No,No,,,20.10765725611245,3.944163944947586,10.241601298286596,4.23410650459726,14.475642958550266,11.61383830235463,1.3722370040680343,3.001100700534494
5542,108108,1400845000.0,,90 columbia rd,90 columbia rd,90 columbia rd,,2121.0,,,,28907.0,,Multifamily Housing,Multifamily Housing (28907.0),60.6,75.0,1750501.465,1453947.3,77219.141,116425.4,23883.507,100689.3,,,,,,,,,,,,,,,,,,,,,52.54,in compliance,101102.648,2030.0,I'm not sure,No,No,No,I'm not sure,I'm not sure,,,22.694121459075728,3.497514373681115,10.271839059304192,4.104294893075269,14.37541285628025,11.52389159655478,1.2520525372505884,3.1221059243891864
5274,107771,1400875000.0,,50-52 columbia rd,50,52 columbia rd,,2121.0,,,,29896.0,,Multifamily Housing,Multifamily Housing (29896.0),69.6,53.0,2080140.811,1685150.7,89498.354,163795.9,33601.091,163881.5,,,,,,,,,,,,,,,,,,,,,65.99,in compliance,123099.445,2030.0,No,No,No,No,No,No,,,26.868189750881243,4.117589142360182,10.30547997116532,4.242764567340374,14.547946146982275,11.720747803632731,1.4152678324674108,3.2909430497170793
3293,104880,1401034000.0,,155-157 washington st,155,157 washington st,,2121.0,157  155 washington st,boston,2121,40650.0,0.0,Multifamily Housing,"Multifamily Housing (40650.0),Parking (4320.0)",39.5,93.0,1606313.16,1133990.0,60226.209,138430.0,28397.53,,,,,,,,,,,,,,,,,,,,,,30.21,in compliance,88623.739,2030.0,I'm not sure,No,No,No,I'm not sure,I'm not sure,,,29.405469385558668,2.1801657810578106,10.612754114975957,3.676300671907076,14.289452148253378,11.39215503524237,0.7794009202664138,3.3811806905649497
4825,107153,1401065000.0,secretary of housing,129-135 columbia rd,129,135 columbia rd,,2121.0,129 135 columbia rd,boston,2121,66400.0,,Multifamily Housing,Multifamily Housing (66400.0),51.3,81.0,3408107.128,2621064.5,139204.736,230669.0,47319.439,,,,,,,,,,,,,,,,,,,,,,43.96,in compliance,186524.175,2025.0,I'm not sure,No,No,No,I'm not sure,I'm not sure,C10036,,23.094263143420765,2.809099021084337,11.103452335464524,3.937690752176724,15.041667600709598,12.136316134330336,1.0328637988658105,3.1395842379144216
5535,108101,1401067000.0,,143 columbia rd,143 columbia rd,143 columbia rd,,2121.0,,,,28420.0,,Multifamily Housing,Multifamily Housing (28420.0),76.8,40.0,2183713.726,1776280.0,94338.231,148562.2,30476.05,99460.5,,,,,,,,,,,,,,,,,,,,,53.51,in compliance,124814.281,2030.0,,,,,,,,,23.21350572167444,4.391776249120338,10.254848401651092,4.341204640153626,14.596537529416654,11.734582159460471,1.4797337578093785,3.1447342524682806
2395,103612,1401103000.0,hearth inc,16 ronald st,16 ronald st,16 ronald st,,2121.0,ronald st,boston,2121,45648.0,,Multifamily Housing,Multifamily Housing (45648.0),52.4,71.0,2393430.082,1607054.5,85350.664,230473.5,47279.334,,,,,,,,,,,,,,,,,,,,,,38.36,in compliance,132629.998,2025.0,No,No,No,No,No,No,,,32.85703471930374,2.9054941728005605,10.728715073453282,3.9589065913269965,14.688238075773244,11.795318560408854,1.0666034869555725,3.492165868710841
1978,102935,1401147000.0,fields corner granite,15-15a bowdoin ave,15,15a bowdoin ave,,2121.0,15 15a bowdoin av,boston,2121,27528.0,,Multifamily Housing,Multifamily Housing (27528.0),86.7,34.0,2386485.308,2106500.0,111876.215,82059.0,16833.583,,,,,,,,,,,,,,,,,,,,,,44.55,in compliance,128709.798,2030.0,No,No,No,No,No,No,,,11.73263526540009,4.675595684394072,10.222958947477316,4.462453883786496,14.685332259113308,11.765315521222567,1.54235657374525,2.462374297739949
2185,103198,1401380000.0,geneva apartments llc mass llc,211-255 geneva ave,211,255 geneva ave,,2121.0,211 geneva av,boston,2121,80000.0,,Multifamily Housing,Multifamily Housing (80000.0),48.8,90.0,3904105.6,2848262.2,151271.205,309450.0,63480.573,,,,,,,,,,,,,,,,,,,,,,38.84,in compliance,214751.778,2025.0,No,No,No,No,No,No,,,27.04562646819799,2.684397225,11.289781913656018,3.8877303128591016,15.177539275329625,12.277238119206872,0.9874562055508541,3.2975253089744303
1979,102936,1401421000.0,fields corner granite,96 bowdoin ave,96 bowdoin ave,96 bowdoin ave,,2121.0,96 bowdoin av,boston,2121,21016.0,,Multifamily Housing,Multifamily Housing (21016.0),61.7,,1295859.644,1071565.0,56910.817,65737.0,13485.288,,,,,,,,,,,,,,,,,,,,,,26.53,in compliance,70396.105,2030.0,No,No,No,No,No,No,,,17.30932092750625,3.3496433669585075,9.953039331365376,4.122283930911342,14.07468485064684,11.161893213911009,1.2088538825456339,2.8512451383496353
5070,107494,1401933000.0,,786-790 blue hill ave,786,790 blue hill ave,,2124.0,,,,22057.0,,Multifamily Housing,Multifamily Housing (22057.0),77.5,51.0,1710162.668,1343495.5,71353.046,107464.0,22045.165,,,,,,,,,,,,,,,,,,,,,,40.5,in compliance,93398.211,2030.0,I'm not sure,No,No,No,I'm not sure,I'm not sure,,,21.44142744203559,4.234402275921476,10.001385290812587,4.350277936359301,14.35209905143989,11.4446274698579,1.4432421790453136,3.065324912439507
5531,108097,1401945000.0,,31 wales st,31 wales st,31 wales st,,2124.0,,,,22323.0,,Multifamily Housing,Multifamily Housing (22323.0),88.6,38.0,1977564.156,1656024.1,87951.44,94238.0,19331.983,,,,,,,,,,,,,,,,,,,,,,54.12,in compliance,107283.423,2030.0,I'm not sure,No,No,No,I'm not sure,I'm not sure,,,16.260114278689425,4.805959010885633,10.01337281606537,4.484131857611035,14.497376421081249,11.583229424605374,1.5698566085400032,2.7887151323046484
5525,108089,1402009000.0,,214 harvard st,214 harvard st,214 harvard st,,2124.0,,,,37864.0,0.0,Multifamily Housing,"Multifamily Housing (37864.0),Parking (900.0)",66.3,73.0,2509954.66,2002232.0,106338.542,148805.0,30525.858,,,,,,,,,,,,,,,,,,,,,,63.62,in compliance,136864.4,2030.0,I'm not sure,No,No,No,I'm not sure,I'm not sure,,,20.229249111217012,3.6146313120642297,10.541756071586084,4.194189897191817,14.735775247199795,11.82674593363167,1.284989862045586,3.007129532903879
5071,107495,1402519000.0,,12-16 mclellan st,12,16 mclellan st,,2121.0,,,,29496.0,,Multifamily Housing,Multifamily Housing (29496.0),74.8,46.0,2206092.364,1767490.0,93871.394,128547.0,26370.132,,,,,,,,,,,,,,,,,,,,,,40.94,in compliance,120241.526,2030.0,I'm not sure,No,No,No,I'm not sure,I'm not sure,,,19.882288394068347,4.07653668294006,10.29200993991398,4.314817884980432,14.606733347366047,11.697257715630421,1.4052477757164406,2.989829304969349
5072,107496,1402774000.0,,712-718 blue hill ave,712,718 blue hill ave,,2121.0,,,,28396.0,,Multifamily Housing,Multifamily Housing (28396.0),49.9,,1417463.012,1144329.0,60775.313,80051.0,16421.662,,,,,,,,,,,,,,,,,,,,,,29.69,in compliance,77196.975,2030.0,I'm not sure,No,No,No,I'm not sure,I'm not sure,,,19.270063298836888,2.718586244541485,10.254003569159277,3.910021002757473,14.164379220416434,11.254115551307333,1.0001119821480569,2.9585527672593277
5073,107497,1402788000.0,,185 harvard st,185 harvard st,185 harvard st,,2124.0,,,,30936.0,,Multifamily Housing,Multifamily Housing (30936.0),57.4,77.0,1775507.152,1425279.0,75696.568,102646.0,21056.8,,,,,,,,,,,,,,,,,,,,,,34.73,in compliance,96753.368,2030.0,I'm not sure,No,No,No,I'm not sure,I'm not sure,,,19.726394709560708,3.1275332298939746,10.339675833287133,4.050044303325521,14.389596659518247,11.479920421655637,1.1402445883685026,2.9819575719413005
1410,102026,1402862000.0,city of boston,69-83 ames st,69,83 ames st,,2124.0,180  20 stratton st,boston,2124,21600.0,,Multifamily Housing,Multifamily Housing (21600.0),75.4,,1627872.78,1144000.0,60757.84,141815.0,29091.929,,,,,,,,,,,,,,,,,,,,,,21.37,in compliance,89849.769,2025.0,No,No,No,No,No,No,,,29.725544784279762,4.159711527777778,9.980448593672257,4.32280727501391,14.302784677528,11.405894321256815,1.4254457275845578,3.392006769886772
1411,102027,1402862000.0,city of boston,21-45 ames way,21,45 ames way,,2124.0,180  20 stratton st,boston,2124,28500.0,,Multifamily Housing,Multifamily Housing (28500.0),76.1,,2168034.236,1522900.1,80881.224,189078.0,38787.461,,,,,,,,,,,,,,,,,,,,,,96.84,in compliance,119668.685,2025.0,,,,,,,,,29.757947867572327,4.198901228070175,10.257659366256743,4.33204826486764,14.589331432929905,11.692482244955336,1.4348228786985946,3.393096251524555
1413,102028,1402862000.0,city of boston,50-70 ames st,50,70 ames st,,2124.0,180  20 stratton st,boston,2124,21600.0,,Multifamily Housing,Multifamily Housing (21600.0),75.4,,1627872.78,1144000.0,60757.84,141815.0,29091.929,,,,,,,,,,,,,,,,,,,,,,138.83,in compliance,89849.769,2025.0,No,No,No,No,No,No,,,29.725544784279762,4.159711527777778,9.980448593672257,4.32280727501391,14.302784677528,11.405894321256815,1.4254457275845578,3.392006769886772
1414,102029,1402862000.0,city of boston,49-63 ames st,49,63 ames st,,2124.0,180  20 stratton st,boston,2124,21600.0,,Multifamily Housing,Multifamily Housing (21600.0),75.4,,1627872.78,1144000.0,60757.84,141815.0,29091.929,,,,,,,,,,,,,,,,,,,,,,32.35,in compliance,89849.769,2025.0,No,No,No,No,No,No,,,29.725544784279762,4.159711527777778,9.980448593672257,4.32280727501391,14.302784677528,11.405894321256815,1.4254457275845578,3.392006769886772
1415,102030,1402862000.0,city of boston,78-94 ames st,78,94 ames st,,2124.0,180  20 stratton st,boston,2124,21600.0,,Multifamily Housing,Multifamily Housing (21600.0),75.4,,1627872.78,1144000.0,60757.84,141815.0,29091.929,,,,,,,,,,,,,,,,,,,,,,23.14,in compliance,89849.769,2025.0,No,No,No,No,No,No,,,29.725544784279762,4.159711527777778,9.980448593672257,4.32280727501391,14.302784677528,11.405894321256815,1.4254457275845578,3.392006769886772
1416,102031,1402862000.0,city of boston,16-40 stratton st,16,40 stratton st,,2124.0,180  20 stratton st,boston,2124,28500.0,,Multifamily Housing,Multifamily Housing (28500.0),73.6,,2097917.168,1473899.9,78278.824,182889.0,37517.849,,,,,,,,,,,,,,,,,,,,,,96.57,in compliance,115796.673,2025.0,No,No,No,No,No,No,,,29.745917087132582,4.0630411578947365,10.257659366256743,4.298645025734831,14.5564555857481,11.659591113138353,1.401931746881611,3.39269188180461
1417,102032,1402862000.0,city of boston,48-62 stratton st,48,62 stratton st,,2124.0,180  20 stratton st,boston,2124,21600.0,,Multifamily Housing,Multifamily Housing (21600.0),75.4,,1627872.78,1144000.0,60757.84,141815.0,29091.929,,,,,,,,,,,,,,,,,,,,,,32.23,in compliance,89849.769,2025.0,No,No,No,No,No,No,,,29.725544784279762,4.159711527777778,9.980448593672257,4.32280727501391,14.302784677528,11.405894321256815,1.4254457275845578,3.392006769886772
1418,102033,1402862000.0,city of boston,70-90 ames way,70,90 ames way,,2124.0,180  20 stratton st,boston,2124,28500.0,,Multifamily Housing,Multifamily Housing (28500.0),76.1,,2168034.236,1522900.1,80881.224,189078.0,38787.461,,,,,,,,,,,,,,,,,,,,,,17.95,in compliance,119668.685,2025.0,,,,,,,,,29.757947867572327,4.198901228070175,10.257659366256743,4.33204826486764,14.589331432929905,11.692482244955336,1.4348228786985946,3.393096251524555
1420,102034,1402862000.0,city of boston,98-112 stratton st,98,112 stratton st,,2124.0,180  20 stratton st,boston,2124,21600.0,,Multifamily Housing,Multifamily Housing (21600.0),75.4,,1627872.78,1144000.0,60757.84,141815.0,29091.929,,,,,,,,,,,,,,,,,,,,,,29.2,in compliance,89849.769,2025.0,No,No,No,No,No,No,,,29.725544784279762,4.159711527777778,9.980448593672257,4.32280727501391,14.302784677528,11.405894321256815,1.4254457275845578,3.392006769886772
1421,102035,1402862000.0,city of boston,118-132 stratton st,118,132 stratton st,,2124.0,180  20 stratton st,boston,2124,21600.0,,Multifamily Housing,Multifamily Housing (21600.0),75.4,,1627872.78,1144000.0,60757.84,141815.0,29091.929,,,,,,,,,,,,,,,,,,,,,,23.94,in compliance,89849.769,2025.0,No,No,No,No,No,No,,,29.725544784279762,4.159711527777778,9.980448593672257,4.32280727501391,14.302784677528,11.405894321256815,1.4254457275845578,3.392006769886772
1422,102037,1402862000.0,city of boston,208-222 westview st,208,222 westview st,,2124.0,180  20 stratton st,boston,2124,21600.0,,Multifamily Housing,Multifamily Housing (21600.0),75.4,,1627872.78,1144000.0,60757.84,141815.0,29091.929,,,,,,,,,,,,,,,,,,,,,,108.96,in compliance,89849.769,2025.0,No,No,No,No,No,No,,,29.725544784279762,4.159711527777778,9.980448593672257,4.32280727501391,14.302784677528,11.405894321256815,1.4254457275845578,3.392006769886772
1423,102038,1402862000.0,city of boston,230-240 westview st,230,240 westview st,,2124.0,180  20 stratton st,boston,2124,21600.0,,Multifamily Housing,Multifamily Housing (21600.0),75.4,,1627872.78,1144000.0,60757.84,141815.0,29091.929,,,,,,,,,,,,,,,,,,,,,,23.68,in compliance,89849.769,2025.0,No,No,No,No,No,No,,,29.725544784279762,4.159711527777778,9.980448593672257,4.32280727501391,14.302784677528,11.405894321256815,1.4254457275845578,3.392006769886772
1424,102039,1402862000.0,city of boston,1-17 ames st,1,17 ames st,,2124.0,180  20 stratton st,boston,2124,21600.0,,Multifamily Housing,Multifamily Housing (21600.0),75.4,,1627872.78,1144000.0,60757.84,141815.0,29091.929,,,,,,,,,,,,,,,,,,,,,,29.2,in compliance,89849.769,2025.0,No,No,No,No,No,No,,,29.725544784279762,4.159711527777778,9.980448593672257,4.32280727501391,14.302784677528,11.405894321256815,1.4254457275845578,3.392006769886772
1425,102040,1402862000.0,city of boston,20-40 ames st,20,40 ames st,,2124.0,180  20 stratton st,boston,2124,21600.0,,Multifamily Housing,Multifamily Housing (21600.0),74.8,,1615425.352,1135200.0,60290.472,140746.0,28872.634,,,,,,,,,,,,,,,,,,,,,,28.58,in compliance,89163.106,2025.0,No,No,No,No,No,No,,,29.72879330545507,4.127921574074074,9.980448593672257,4.314817884980432,14.295108855812956,11.398222623142477,1.41777402947022,3.3921160477387478
1426,102041,1402862000.0,city of boston,158-172 westview st,158,172 westview st,,2124.0,180  20 stratton st,boston,2124,21600.0,,Multifamily Housing,Multifamily Housing (21600.0),75.4,,1627872.78,1144000.0,60757.84,141815.0,29091.929,,,,,,,,,,,,,,,,,,,,,,128.23,in compliance,89849.769,2025.0,No,No,No,No,No,No,,,29.725544784279762,4.159711527777778,9.980448593672257,4.32280727501391,14.302784677528,11.405894321256815,1.4254457275845578,3.392006769886772
1427,102042,1402862000.0,city of boston,180-190 westview st,180,190 westview st,,2124.0,180  20 stratton st,boston,2124,21600.0,,Multifamily Housing,Multifamily Housing (21600.0),75.4,,1627872.78,1144000.0,60757.84,141815.0,29091.929,,,,,,,,,,,,,,,,,,,,,,29.9,in compliance,89849.769,2025.0,No,No,No,No,No,No,,,29.725544784279762,4.159711527777778,9.980448593672257,4.32280727501391,14.302784677528,11.405894321256815,1.4254457275845578,3.392006769886772
1442,102057,1402862000.0,city of boston,140-150 westview st,140,150 westview st,,2124.0,180  20 stratton st,boston,2124,21600.0,,Multifamily Housing,Multifamily Housing (21600.0),75.4,,1627872.78,1144000.0,60757.84,141815.0,29091.929,,,,,,,,,,,,,,,,,,,,,,27.72,in compliance,89849.769,2025.0,No,No,No,No,No,No,,,29.725544784279762,4.159711527777778,9.980448593672257,4.32280727501391,14.302784677528,11.405894321256815,1.4254457275845578,3.392006769886772
1443,102058,1402862000.0,city of boston,156-180 stratton st,156,180 stratton st,,2124.0,180  20 stratton st,boston,2124,28500.0,,Multifamily Housing,Multifamily Housing (28500.0),80.6,,2297218.084,1613600.0,85698.296,200357.0,41101.235,,,,,,,,,,,,,,,,,,,,,,41.28,in compliance,126799.531,2025.0,No,No,No,No,No,No,,,29.75982743264875,4.449106350877193,10.257659366256743,4.389498649512583,14.647209420133526,11.750362622240251,1.4927032559835098,3.3931594113139645
1445,102060,1402862000.0,city of boston,138-152 stratton st,138,152 stratton st,,2124.0,180  20 stratton st,boston,2124,21600.0,,Multifamily Housing,Multifamily Housing (21600.0),106.9,,2308460.692,1621399.9,86112.549,201366.0,41308.221,,,,,,,,,,,,,,,,,,,,,,46.16,in compliance,127420.77,2025.0,No,No,No,No,No,No,,,29.76403277218983,5.899109722222223,9.980448593672257,4.671893818030999,14.652091493277172,11.755250038659597,1.7748014449873413,3.3933007106024715
4080,106052,1402922010.0,talbot bernard housing llc mass llc,112-114 bernard st,112,114 bernard st,,2124.0,112  114 bernard st,boston,2124,45187.0,0.0,Multifamily Housing,"Multifamily Housing (45187.0),Parking (3420.0)",65.7,69.0,2970732.672,2107135.0,111909.94,253106.0,51922.165,,,,,,,,,,,,,,,,,,,,,,79.85,in compliance,163832.105,2025.0,I'm not sure,No,No,No,I'm not sure,I'm not sure,,,29.07146933953403,3.6256468674618807,10.718564713832988,4.185098925490565,14.904319171264774,12.006597432416378,1.2880327185833904,3.369757258169047
4081,106060,1402922020.0,,193 talbot ave,193 talbot ave,193 talbot ave,,2124.0,193 talbot av,boston,2124,28283.0,,Multifamily Housing,Multifamily Housing (28283.0),35.2,100.0,995121.0552,909640.7,48311.018,54859.6,11253.898,101700.6,,,,,,,,,,,,,,,,,,,,,29.51,in compliance,59564.916,2030.0,No,No,No,No,No,No,,,18.810694755361055,2.106032457660078,10.250016196420983,3.5610460826040513,13.810619672257912,10.994822022008343,0.7448058255873593,2.9344255780567363
1753,102624,1404198000.0,danube apartments llc,825 blue hill ave,825 blue hill ave,825 blue hill ave,,2124.0,825  829 blue hill av,boston,2124,20025.0,,Multifamily Housing,Multifamily Housing (20025.0),65.4,87.0,1309418.484,1172658.7,62279.904,40082.0,8222.421,,,,,,,,,,,,,,,,,,,,,,32.85,in compliance,70502.325,2030.0,No,No,No,No,No,No,,,10.444773612955963,3.520715355805243,9.90473677193656,4.180522258463153,14.08509369127868,11.163400966979978,1.258664195043418,2.346101720571243
4567,106734,1404338000.0,wfh housing llc a mass llc,52-58 franklin hill ave,52,58 franklin hill ave,,2124.0,140 american legion hw,boston,2124,21060.0,,Multifamily Housing,Multifamily Housing (21060.0),80.2,60.0,1688496.792,1347754.0,71579.215,99866.0,20486.511,,,,,,,,,,,,,,,,,,,,,,84.85,in compliance,92065.726,2025.0,No,No,No,No,No,No,,,20.181132325183597,4.371591927825261,9.955130785687967,4.384523514872469,14.33934921889479,11.430258014003135,1.4751272283151677,3.004748124609144
4568,106735,1404338000.0,wfh housing llc a mass llc,30-38 franklin hill ave,30,38 franklin hill ave,,2124.0,140 american legion hw,boston,2124,21060.0,,Multifamily Housing,Multifamily Housing (21060.0),78.4,66.0,1652066.868,1347754.0,71579.215,89189.0,18296.231,,,,,,,,,,,,,,,,,,,,,,84.85,in compliance,89875.446,2025.0,No,No,No,No,No,No,,,18.420939990063406,4.267590028490028,9.955130785687967,4.361823927356363,14.317537709241467,11.40618005745888,1.4510492717709127,2.913488060473194
4569,106736,1404338000.0,wfh housing llc a mass llc,40-50 franklin hill ave,40,50 franklin hill ave,,2124.0,140 american legion hw,boston,2124,21060.0,,Multifamily Housing,Multifamily Housing (21060.0),85.4,41.0,1798977.352,1347754.0,71579.215,132246.0,27128.944,,,,,,,,,,,,,,,,,,,,,,84.85,in compliance,98708.159,2025.0,No,No,No,No,No,No,,,25.083316829883028,4.68699710351377,9.955130785687967,4.447346100794524,14.402728923637195,11.499922886645365,1.5447921009573975,3.222202957015796
1983,102940,1404349000.0,fieldstone apartments lp a mass lp,887-907 blue hill ave,887,907 blue hill ave,,2124.0,901  907 blue hill av,boston,2124,56432.0,,Multifamily Housing,Multifamily Housing (56432.0),28.6,97.0,1613258.016,1249648.0,66368.805,106568.0,21861.36,,,,,,,,,,,,,,,,,,,,,,15.67,in compliance,88230.165,2030.0,No,No,No,No,No,No,,,22.539853984522214,1.563477548199603,10.940791652475832,3.353406717825807,14.293766304637439,11.387704190326609,0.4469125378507752,3.1152850305304085
4817,107142,1404350000.0,fieldstone apartments lp,911-917 blue hill ave,911,917 blue hill ave,,2124.0,911 913 blue hill av,boston,2124,24348.0,,Multifamily Housing,Multifamily Housing (24348.0),53.3,67.0,1298322.708,925786.9,49168.542,109184.0,22398.006,,,,,,,,,,,,,,,,,,,,,,37.64,in compliance,71566.548,2030.0,No,No,No,No,No,No,,,28.69488327550688,2.939319369147363,10.100204989613815,3.975936331171799,14.07658376475997,11.178383037069768,1.078178047455953,3.3567188237878733
4818,107143,1404357000.0,fieldstone apartments lp,935-939 blue hill avenue,935,939 blue hill avenue,,2124.0,935 blue hill av,boston,2124,21595.0,,Multifamily Housing,Multifamily Housing (21595.0),53.6,,1156831.52,844940.6,44874.795,91410.0,18751.847,,,,,,,,,,,,,,,,,,,,,,44.27,in compliance,63626.642,2030.0,No,No,No,No,No,No,,,26.96197554333582,2.946359898124566,9.980217085394802,3.9815490680767565,13.961195377594958,11.060787560985435,1.0805704755906345,3.294427560189454
2372,103585,1404445000.0,harvard hill ue llc,436 harvard st,436 harvard st,436 harvard st,,2124.0,436 harvard st,boston,2124,23667.0,,Multifamily Housing,Multifamily Housing (23667.0),44.3,,1047683.464,785055.0,41694.271,76972.0,15790.036,,,,,,,,,,,,,,,,,,,,,,38.05,in compliance,57484.307,2030.0,I'm not sure,No,No,No,I'm not sure,I'm not sure,,,25.068641323902767,2.428880170701821,10.0718369517632,3.7909846770510898,13.862092060072472,10.959267267796395,0.8874303160331966,3.2216177154045265
3606,105352,1404715000.0,,51 deering rd,51 deering rd,51 deering rd,,2126.0,51  59 deering rd,boston,2126,41000.0,,Multifamily Housing,Multifamily Housing (41000.0),68.3,20.0,2801012.54,2144902.0,113915.745,192295.0,39447.396,,,,,,,,,,,,,,,,,,,,,,36.11,in compliance,153363.141,2030.0,No,No,No,No,No,No,,,23.425078427174768,3.7405644146341466,10.621327345686446,4.223909766576744,14.845491531204734,11.940563858730446,1.3192365130440014,3.153807176130611
2373,103586,1405129000.0,harvard hill ue llc,70 hazleton st,70 hazleton st,70 hazleton st,,2126.0,636 walk hill st,boston,2126,20850.0,0.0,Multifamily Housing,"Multifamily Housing (20850.0),Parking (4500.0)",76.4,60.0,1593467.728,1194796.0,63455.616,116844.0,23969.378,,,,,,,,,,,,,,,,,,,,,,70.48,in compliance,87424.994,2030.0,I'm not sure,No,No,No,I'm not sure,I'm not sure,,,25.02022774571058,4.193045275779377,9.945109227226947,4.335982696172475,14.281423160359582,11.37853649330132,1.4334272660743723,3.2196846075437233
2396,103613,1405196900.0,hearth olmstead lp,2 kingbird rd,2 kingbird rd,2 kingbird rd,,2124.0,2 kingbird rd,boston,2124,52356.0,,Multifamily Housing,Multifamily Housing (52356.0),42.8,80.0,2239976.743,1291758.4,68605.289,277906.9,57009.821,,,,,,,,,,,,,,,,,,,,,,20.7,in compliance,125615.11,2025.0,No,No,No,No,No,No,,,42.33347653266238,2.399249560699824,10.86582182291161,3.756538102587751,14.621976041188038,11.740977828328235,0.8751560054166249,3.7455781804460764
5182,107646,1405196930.0,,1 kingbird rd,1 kingbird rd,1 kingbird rd,,2124.0,,,,46375.0,0.0,Multifamily Housing,"Multifamily Housing (46375.0),Parking (10800.0)",56.0,92.0,2599170.752,2009932.0,106747.489,172696.0,35426.857,,,,,,,,,,,,,,,,,,,,,,32.48,in compliance,142174.346,2025.0,No,No,No,No,No,No,,,22.671256051437748,3.0657540916442048,10.744515799909736,4.02535169073515,14.77070301058058,11.864809372199588,1.1202935722898522,3.121097868870682
3264,104838,1405198700.0,olmsted green rental 1 llc mass llc,51-55 catbird ct,51,55 catbird ct,,2124.0,harvard st,boston,2124,52428.0,0.0,Multifamily Housing,"Multifamily Housing (52428.0),Parking (11700.0)",84.1,40.0,4409028.184,3399649.4,180555.38,295832.0,60686.976,,,,,,,,,,,,,,,,,,,,,,40.6,in compliance,241242.356,2025.0,No,No,No,No,No,No,,,22.894459202214072,4.601402990768292,10.867196078739436,4.432006566978902,15.299164856698868,12.393557333725159,1.5263612549857235,3.1308949250488682
2420,103647,1500389000.0,heritage hill condo tr,46 adams st,46 adams st,46 adams st,,2122.0,46 adams st,boston,2122,20975.0,,Multifamily Housing,Multifamily Housing (20975.0),75.4,71.0,1582537.96,1236800.0,65686.448,101330.0,20786.836,,,,,,,,,,,,,,,,,,,,,,47.65,in compliance,86473.284,2030.0,No,No,No,No,No,No,,,21.84801680839302,4.122683384982121,9.951086531335408,4.32280727501391,14.274540420074546,11.36759078972296,1.416504258387554,3.084110153504366
1801,102686,1500550000.0,dorchester housing assoc lps,10 ellet st,10 ellet st,10 ellet st,,2122.0,adams st,boston,2122,59400.0,,Multifamily Housing,Multifamily Housing (59400.0),40.6,94.0,2409391.972,843690.0,44808.376,458881.0,94134.848,,,,,,,,,,,,,,,,,,,,,,45.72,in compliance,138943.224,2025.0,No,No,No,No,No,No,,,64.98613850905616,2.3391115151515147,10.992049505350737,3.703768066607687,14.694884979859475,11.841820668238489,0.8497711628877528,4.1741739934470035
1980,102937,1500608000.0,fields corner housing lps mass lps,444a-452 geneva ave,444a,452 geneva ave,,2122.0,444 a452 geneva st,boston,2122,20344.0,,Multifamily Housing,Multifamily Housing (20344.0),67.2,,1366192.352,1193900.0,63408.029,50496.0,10358.749,,,,,,,,,,,,,,,,,,,,,,27.01,in compliance,73766.778,2030.0,No,No,No,No,No,No,,,12.611688694331088,3.625972178529296,9.920541307101956,4.207673247529104,14.12753812325514,11.208663746633336,1.2881224395313802,2.5346240580869535
1788,102669,1501522000.0,ditson street senior hsng in,33 ditson st,33 ditson st,33 ditson st,,2122.0,33 ditson st,boston,2122,30325.0,,Multifamily Housing,Multifamily Housing (30325.0),58.7,69.0,1778980.065,1246109.6,66180.881,156175.4,32037.822,,,,,,,,,,,,,,,,,,,,,,44.26,in compliance,98218.703,2025.0,No,No,No,No,No,No,,,29.955023195271163,3.238869018961253,10.31972773381225,4.072439726834051,14.39155076085163,11.49495193445616,1.175224200643909,3.3996970298727995
1981,102938,1501578000.0,fields corner housing mass lp,12 arcadia st,12 arcadia st,12 arcadia st,,2122.0,12 arcadia st,boston,2122,29040.0,,Multifamily Housing,Multifamily Housing (29040.0),38.7,88.0,1123636.28,507633.8,26960.431,180540.0,37035.976,,,,,,,,,,,,,,,,,,,,,,48.22,in compliance,63996.407,2030.0,No,No,No,No,No,No,,,54.82464138662378,2.2037330234159778,10.276429468938732,3.655839600035736,13.932080662761788,11.066582220140866,0.7901527512021326,4.004139753226905
4235,106269,1501703010.0,,307 bowdoin st,307 bowdoin st,307 bowdoin st,,2122.0,307 bowdoin st,boston,2122,20400.0,,Multifamily Housing,Multifamily Housing (20400.0),81.1,71.0,1654189.384,1258800.0,66854.868,115882.0,23772.033,,,,,,,,,,,,,,,,,,,,,,283.38,in compliance,90626.901,2030.0,No,No,No,No,No,No,,,23.903355330685645,4.442495147058824,9.923290179832307,4.395682961121367,14.318821648615675,11.414506368488695,1.4912161886563875,3.1740188394889115
4236,106270,1502099000.0,,123 hamilton st,123 hamilton st,123 hamilton st,,2125.0,121  129 hamilton st,boston,2125,28500.0,,Multifamily Housing,Multifamily Housing (28500.0),64.4,79.0,1835760.912,1215200.0,64539.272,181876.0,37310.043,,,,,,,,,,,,,,,,,,,,,,28.78,in compliance,101849.315,2025.0,No,No,No,No,No,No,,,33.80550208599277,3.5736601754385964,10.257659366256743,4.165113633110308,14.422969619460702,11.531249696055507,1.2735903297987645,3.5206235728504125
1579,102357,1502411010.0,columbia west lp,392-396 columbia rd,392,396 columbia rd,,2125.0,392 columbia rd,boston,2125,62533.0,,Multifamily Housing,Multifamily Housing (62533.0),30.5,99.0,1906393.98,1021781.8,54266.831,259265.0,53185.622,,,,,,,,,,,,,,,,,,,,,,43.48,in compliance,107452.453,2025.0,No,No,No,No,No,No,,,46.40442002182571,1.7183319687205154,11.04344969638154,3.417726683613366,14.460724046977377,11.584803731032968,0.5413540346514286,3.8373947137864217
2214,103321,1502434000.0,glendale associates lp,422 columbia rd,422 columbia rd,422 columbia rd,,2125.0,422 columbia rd,boston,2125,31548.0,,Multifamily Housing,Multifamily Housing (31548.0),59.9,87.0,1890428.192,1498249.5,79572.031,114941.0,23578.997,,,,,,,,,,,,,,,,,,,,,,45.02,in compliance,103151.028,2025.0,No,No,No,No,No,No,,,20.746407338279898,3.2696534804108026,10.359265474517882,4.092676505121403,14.452313917989507,11.543949484518569,1.1846840100006872,3.032373091362331
2215,103322,1502435000.0,glendale associates lp,414 columbia rd,414 columbia rd,414 columbia rd,,2125.0,414  418 columbia rd,boston,2125,26444.0,,Multifamily Housing,Multifamily Housing (26444.0),49.8,87.0,1317180.704,969610.5,51496.014,101867.0,20896.996,,,,,,,,,,,,,,,,,,,,,,25.56,in compliance,72393.01,2030.0,No,No,No,No,No,No,,,26.38859520143715,2.73759680834972,10.182784568453469,3.9080149840306073,14.091004180121047,11.189865026751523,1.007080458298055,3.272931916867849
1762,102637,1502620000.0,,481-485 columbia rd,481,485 columbia rd,,2125.0,481  485 columbia rd,boston,2125,22750.0,,Multifamily Housing,Multifamily Housing (22750.0),78.5,,1786180.659,1504776.3,79918.669,82474.9,16918.901,,,,,,,,,,,,,,,,,,,,,,59.36,in compliance,96837.57,2025.0,No,No,No,No,No,No,,,15.75522210572766,4.256596483516484,10.032320424379096,4.363098624788363,14.39559018815852,11.48079031780036,1.4484698934212623,2.757171872585443
549,100797,1502943000.0,boston housing auth,330 bowdoin st,330 bowdoin st,330 bowdoin st,,2125.0,330 bowdoin st,boston,2125,64830.0,,Multifamily Housing,Multifamily Housing (64830.0),80.9,,5244269.9,3637900.3,193208.885,470800.0,96579.912,,,,,,,,,,,,,,,,,,,,,,55.99,in compliance,289788.797,2025.0,No,No,No,No,No,No,,,30.63229487864459,4.469979901280272,11.07952373816904,4.393213824064446,15.472646590886052,12.576907650426529,1.497383912257488,3.422054840618754
4378,106443,1503062000.0,uncle jay's enterprises llc,17-19 winter st,17,19 winter st,,2122.0,19 winter st,boston,2122,29440.0,,Multifamily Housing,Multifamily Housing (29440.0),70.7,72.0,2081495.88,1647700.0,87509.347,127138.3,26081.151,,,,,,,,,,,,,,,,,,,,,,672.64,in compliance,113590.498,2030.0,No,No,No,No,No,No,,,20.841499352139003,3.8583728940217394,10.290109572842812,4.258445572902527,14.548597366273388,11.640355137404606,1.3502455645617932,3.036946160177176
3760,105614,1503123000.0,,130 auckland st,130 auckland st,130 auckland st,,2125.0,130 auckland st,boston,2125,145206.0,0.0,Multifamily Housing,"Multifamily Housing (145206.0),Parking (20521.0)",49.9,94.0,7242859.961,5686953.5,302034.1,456010.1,93545.912,,,,,,,,,,,,,,,,,,,,,,28.71,in compliance,395580.012,2025.0,No,No,No,No,No,No,,,21.482879292065878,2.724267674889467,11.88590870283314,3.910021002757473,15.795526708598725,12.888108351670605,1.0021996488374647,3.067256305911865
1129,101693,1600465000.0,cesco llc mass llc,428 adams st,428 adams st,428 adams st,,2122.0,428  430 adams st,boston,2122,31792.0,,Multifamily Housing,Multifamily Housing (31792.0),91.2,26.0,2900227.67,2462897.3,130804.476,128174.2,26293.655,,,,,,,,,,,,,,,,,,,,,,47.66,in compliance,157098.131,2030.0,No,No,No,No,No,No,,,15.079836698820268,4.941435927277302,10.366969964791599,4.513054897080286,14.880299798771748,11.964625927291976,1.5976559625003783,2.7133585335304775
331,100460,1601116000.0,,445-447 adams st,445,447 adams st,,2122.0,445  447 adams st,boston,2122,28448.0,,Multifamily Housing,Multifamily Housing (28448.0),62.1,64.0,1765317.588,1378059.0,73188.713,113499.0,23283.185,,,,,,,,,,,,,,,,,,,,,,27.6,in compliance,96471.898,2030.0,No,No,No,No,No,No,,,21.938013617638074,3.391166268278965,10.255833138313632,4.128745988939433,14.383841168706805,11.47700703248127,1.2211738941676378,3.0882209137218366
671,100974,1601530000.0,boston housing authority,1879 dorchester ave,1879 dorchester ave,1879 dorchester ave,,2124.0,talbot av,boston,2124,103200.0,,Multifamily Housing,Multifamily Housing (103200.0),53.6,70.0,5529506.82,3747299.8,199019.092,522335.0,107151.802,,,,,,,,,,,,,,,,,,,,,,33.47,in compliance,306170.894,2025.0,No,No,No,No,No,No,,,32.2322664257063,2.9667722286821703,11.544424132029599,3.9815490680767565,15.525609186881365,12.631898702168389,1.0874745701387902,3.4729680137306067
1933,102862,1602615000.0,estuary pt norfolk condo tr,171 walnut st,171 walnut st,171 walnut st,,2122.0,169  171 walnut st,boston,2122,20644.0,,Multifamily Housing,Multifamily Housing (20644.0),52.8,,1089891.026,851180.0,45206.17,69962.2,14352.046,,,,,,,,,,,,,,,,,,,,,,24.64,in compliance,59558.216,2030.0,I'm not sure,No,No,No,I'm not sure,I'm not sure,,,21.903246749918644,2.8850133695020346,9.935179999268618,3.966511190712216,13.90158827306059,10.994709533360762,1.059529534092145,3.0866348792549454
330,100459,1602975000.0,,3-9 Msgr Patrick J Lydon Way,3,9 Msgr Patrick J Lydon Way,,2124.0,1842  1840 dorchester av,boston,2124,20236.0,,Multifamily Housing,Multifamily Housing (20236.0),65.5,,1325408.64,910100.0,48335.411,121720.0,24969.641,,,,,,,,,,,,,,,,,,,,,,18.3,in compliance,73305.052,2030.0,No,No,No,No,No,No,,,31.335762078629575,3.622507017197074,9.915218475411827,4.182050142641207,14.097231377401798,11.202384807737095,1.2871663323252684,3.4447600037456576
236,100317,1603457000.0,adams st village llc mass llc,725 adams st,725 adams st,725 adams st,,2124.0,725 adams st,boston,2124,34705.0,,Multifamily Housing,Multifamily Housing (34705.0),48.5,94.0,1682846.992,1265504.8,67210.96,122316.0,25091.904,,,,,,,,,,,,,,,,,,,,,,56.71,in compliance,92302.864,2025.0,No,No,No,No,No,No,,,24.800860766550308,2.6596416654660713,10.454639047773684,3.8815637979434374,14.335997555195704,11.432830449261983,0.9781914014882999,3.210878360897258
4619,106801,1603457001.0,corcoran john m trst,735 adams st,735 adams st,735 adams st,,2124.0,735 adams st,boston,2124,41395.0,,Multifamily Housing,Multifamily Housing (41395.0),61.7,46.0,2552127.988,1563248.5,83024.128,289824.0,59454.495,,,,,,,,,,,,,,,,,,,,,,36.15,in compliance,142478.623,2025.0,No,No,No,No,No,No,,,38.74895641009679,3.4419283246768932,10.630915379572906,4.122283930911342,14.752438074226864,11.866947253402524,1.2360318738296174,3.6571038240843596
4006,105959,1604106000.0,stock st condo tr,15 stock st,15 stock st,15 stock st,,2122.0,15  44 stock st,boston,2122,24213.0,,Multifamily Housing,Multifamily Housing (24213.0),38.0,,919268.0,703117.8,37342.586,63350.0,12995.619,,,,,,,,,,,,,,,,,,,,,,2121.46,in compliance,50338.205,2030.0,No,No,No,No,No,No,,,23.514329063994396,2.078974311320365,10.094644957992482,3.6375861597263857,13.73133298015212,10.826519610524757,0.7318746525322759,3.1576099827337134
4540,106694,1604119001.0,wenlock court condo tr,15-17 wenlock rd,15,17 wenlock rd,,2122.0,15  45 wenlock rd,boston,2122,24576.0,,Multifamily Housing,Multifamily Housing (24576.0),33.8,,831105.968,611496.0,32476.553,64364.0,13203.631,,,,,,,,,,,,,,,,,,,,,,2716.15,in compliance,45680.184,2030.0,No,No,No,No,No,No,,,26.424984425090788,1.8587314453125001,10.1095256359474,3.520460802488973,13.63051258436,10.729419872342795,0.6198942363953965,3.2743099423555897
2607,103993,1604327000.0,keystone apartments company lp,151 hallet st,151 hallet st,151 hallet st,,2124.0,151 hallet st,boston,2124,279125.0,0.0,Multifamily Housing,"Multifamily Housing (279125.0),Parking (73435.0)",45.8,95.0,12771248.67,9674169.1,513795.121,907702.1,186206.009,,,,,,,,,,,,,,,,,,,,,,24.79,in compliance,700001.13,2025.0,I'm not sure,No,No,No,I'm not sure,I'm not sure,,,24.251471414775917,2.507841038961039,12.53941498914246,3.824284091120139,16.362707004747605,13.458837228309953,0.919422239167494,3.1884772924406994
5169,107628,1700625000.0,,282-292 talbot ave,282,292 talbot ave,,2124.0,,,,36216.0,,Multifamily Housing,Multifamily Housing (36216.0),54.7,68.0,1981072.367,1688371.9,89669.432,85785.6,17598.058,,,,,,,,,,,,,,,,,,,,,,26.49,in compliance,107267.49,2025.0,I'm not sure,No,No,No,I'm not sure,I'm not sure,,,14.775499366702338,2.9618812127236582,10.497256289115795,4.001863709427935,14.499148855553596,11.583080900417745,1.0858246113019498,2.6929703608057802
2454,103772,1701421010.0,holland john p,49 norfolk st,49 norfolk st,49 norfolk st,,2124.0,49  51 norfolk st,boston,2124,36416.0,,Multifamily Housing,Multifamily Housing (36416.0),49.3,88.0,1796233.892,1159500.1,61581.05,186616.0,38282.406,,,,,,,,,,,,,,,,,,,,,,47.99,in compliance,99863.456,2030.0,No,No,No,No,No,No,,,35.44982572904264,2.7422961335676628,10.502763517486002,3.8979240810486444,14.401202748763835,11.511559091907575,1.0087955744215715,3.5681183370011063
4362,106422,1701586000.0,,241-257 talbot ave,241,257 talbot ave,,2124.0,241  251 talbot av,boston,2124,27148.0,,Multifamily Housing,Multifamily Housing (27148.0),77.5,61.0,2104447.152,1754133.7,93162.041,102671.0,21061.929,,,,,,,,,,,,,,,,,,,,,,65.04,in compliance,114223.97,2030.0,I'm not sure,No,No,No,I'm not sure,I'm not sure,,,16.647072952963377,4.207454324443789,10.209058657823649,4.350277936359301,14.559563354974388,11.645916449100381,1.4368577912767317,2.8122344023512458
674,100977,1703554000.0,boston housing authority,2262-2266 dorchester ave,2262,2266 dorchester ave,,2124.0,2262  2266 dorchester av,boston,2124,110110.0,,Multifamily Housing,Multifamily Housing (110110.0),89.0,,9794584.7,8820799.9,468472.683,285400.0,58546.956,,,,,,,,,,,,,,,,,,,,,,38.22,in compliance,527019.639,2025.0,No,No,No,No,No,No,,,9.942510477243614,4.786301325946781,11.609235145107636,4.48863636973214,16.097340209278652,13.1749930924838,1.5657579473761642,2.2968195518827708
4649,106835,1703661000.0,,"1220 adams st
",1220 adams st,1220 adams st,,2124.0,1220 1230 adams st,boston,2124,105398.0,,Multifamily Housing,Multifamily Housing (105398.0),83.0,49.0,8745883.828,6884146.5,365617.021,545644.0,111933.41,,,,,,,,,,,,,,,,,,,,,,30.53,in compliance,477550.431,2025.0,No,No,Yes,Yes,No,No,,,21.28794769305504,4.530924979601131,11.565498939577298,4.418840607796598,15.984093727994615,13.076425047985772,1.5109261084084755,3.058141076562967
1083,101545,1703703000.0,butler lp mass lp,68 butler st,68 butler st,68 butler st,,2124.0,68 butler st,boston,2124,31232.0,,Multifamily Housing,Multifamily Housing (31232.0),46.6,96.0,1454303.396,,,108383.0,22233.689,,,,,,,,,,1084500.6,80480.79,,,,,,,,,,,41.0,in compliance,102714.479,2025.0,Yes,No,No,No,Yes,Yes,,,25.429291746630838,3.2887576524077873,10.349198489212819,3.8416005411316,14.19003757830713,11.53970836942635,1.1905098802135312,3.2359017279502624
379,100525,1704031010.0,baker square condo trust,1241-1251 adams st,1241,1251 adams st,,2124.0,1241  1255 adams st,boston,2124,229178.0,,Multifamily Housing,Multifamily Housing (229178.0),50.1,65.0,11478495.75,5600800.3,297458.504,1722654.0,353385.242,,,,,,,,,,,,,,,,,,,,,,25.02,in compliance,650843.746,2025.0,No,No,No,No,No,No,,,51.20839850552718,2.8399049908804512,12.342254273177373,3.914021008090819,16.255985908040255,13.38602487087556,1.043770597698186,3.935903551904547
2179,103174,1704048010.0,,40 river st,40 river st,40 river st,,2126.0,40 river st,boston,2126,76708.0,,Multifamily Housing,Multifamily Housing (76708.0),27.2,96.0,2085323.056,986700.0,52403.637,321988.0,66052.618,,,,,,,,,,,,,,,,,,,,,,30.01,pending revisions,118456.255,2025.0,I'm not sure,No,No,No,I'm not sure,I'm not sure,,,52.68590643731893,1.5442490353027065,11.247761284393405,3.3032169733019514,14.550434344138283,11.682299015284286,0.4345377308908798,3.96434798974963
57,100084,1704098000.0,2165 dot ave llc,2165 dorchester ave,2165 dorchester ave,2165 dorchester ave,,2124.0,2165 dorchester av,boston,2124,31200.0,,Multifamily Housing,Multifamily Housing (31200.0),55.5,91.0,1730231.416,,,107193.0,21989.572,,,,,,,,,,1364488.9,101258.721,,,,,,,,,,,42.58,in compliance,123248.293,2025.0,Yes,No,No,No,Yes,Yes,,,21.139287587065752,3.9502658012820513,10.348173373797573,4.0163830207523885,14.363765724002013,11.721956241910446,1.3737828681128719,3.051133280113871
2301,103481,1704416000.0,harmon apartments llc,2045 dorchester ave,2045 dorchester ave,2045 dorchester ave,,2124.0,2049 dorchester av,boston,2124,43176.0,,Multifamily Housing,Multifamily Housing (43176.0),57.5,69.0,2483201.12,1593914.5,84652.799,260635.0,53466.664,,,,,,,,,,,,,,,,,,,,,,12.63,in compliance,138119.463,2025.0,No,No,No,No,No,No,,,35.81368049842052,3.198987006670372,10.673040064298478,4.051784947803305,14.725059060001863,11.835874263572826,1.1628341992743472,3.5783299572383616
675,100978,1704614000.0,boston housing authority,784-786 washington st,784,786 washington st,,2124.0,784  786 washington st,boston,2124,64230.0,,Multifamily Housing,Multifamily Housing (64230.0),93.0,,5975632.62,3857599.5,204877.109,620760.0,127342.706,,,,,,,,,,,,,,,,,,,,,,94.02,in compliance,332219.815,2025.0,No,No,No,No,No,No,,,35.44605849614631,5.172346489179511,11.070225670251839,4.532599493153256,15.603200528001455,12.713552122185,1.6433264519331625,3.5680120619206543
5299,107810,1704738000.0,,728 washington st,728 washington st,728 washington st,,2124.0,,,,24980.0,,Multifamily Housing,Multifamily Housing (24980.0),84.1,17.0,2100844.951,1221948.0,64897.658,319590.9,65560.877,211547.2,,,,,,,,,,,,,,,,,,,,,93.59,in compliance,130458.535,2030.0,I'm not sure,No,No,No,I'm not sure,I'm not sure,,,51.90730943356514,5.222519415532426,10.125830783679568,4.432006566978902,14.557850179388579,11.778810715791405,1.6529799321118364,3.949459617125496
2208,103315,1704781102.0,girls latin academy llc mass llc,380 talbot av,380 talbot av,380 talbot av,,2124.0,380 talbot av,boston,2124,80099.0,,Multifamily Housing,Multifamily Housing (80099.0),95.5,10.0,7647467.924,4967846.9,263842.349,785352.0,161107.109,,,,,,,,,,,,,,,,,,,,,,79.64,in compliance,424949.458,2025.0,I'm not sure,No,No,No,I'm not sure,I'm not sure,,,35.04086389679639,5.305302912645601,11.291018648584012,4.5591262474866845,15.849885160686533,12.95972551848179,1.668706869897776,3.556514920353209
4846,107174,1704806010.0,new lithgow residential llc mass llc,369 391 talbot av,369 391 talbot av,369 391 talbot av,,2124.0,369 391 talbot av,boston,2124,32527.0,,Multifamily Housing,Multifamily Housing (32527.0),84.7,36.0,2754406.848,2124538.0,112834.213,184604.0,37869.665,,,,,,,,,,,,,,,,,,,,,,77.01,in compliance,150703.878,2030.0,No,No,No,No,No,No,,,22.86868183824672,4.633193285578135,10.389825792650848,4.439115601658009,14.828712677207253,11.92307211752835,1.5332463248775021,3.1297683692177993
345,100476,1800015000.0,au river llc,422 river st,422 river st,422 river st,,2126.0,422 river st,boston,2126,33493.0,10363.0,Multifamily Housing,"Multifamily Housing (33493.0),Parking (10363.0)",37.0,97.0,1239256.892,651400.0,34595.854,172291.0,35343.776,,,,,,,,,,,,,,,,,,,,,,34.74,in compliance,69939.63,2030.0,No,No,No,No,No,No,,,47.4383269074448,2.08818648672857,10.419091740755093,3.6109179126442243,14.030022477295638,11.15538772035459,0.736295979599496,3.859430486517909
1769,102645,1800731000.0,delhi limited partnership mass lps,217 delhi st,217 delhi st,217 delhi st,,2126.0,217 delhi st,boston,2126,21420.0,,Multifamily Housing,Multifamily Housing (21420.0),61.1,85.0,1308633.16,,,73180.0,15012.145,,,,,,,,,,1058943.0,78584.16,,,,,,,,,,,64.09,in compliance,93596.305,2030.0,Yes,No,No,No,Yes,Yes,,,19.081064474936582,4.369575396825397,9.97208034400174,4.11251186617755,14.084493761154798,11.44674618519074,1.4746658411889997,2.948696454554947
356,100487,1800768001.0,avanath morton village llc,65 morton village dr,65 morton village dr,65 morton village dr,,2126.0,65  95 morton village dr,boston,2126,246000.0,,Multifamily Housing,Multifamily Housing (246000.0),56.3,67.0,13846879.39,10762888.6,571617.014,903866.0,185419.071,,,,,,,,,,,,,,,,,,,,,,37.05,in compliance,757036.085,2025.0,No,No,No,No,No,No,,,22.273078901281597,3.0773824593495935,12.4130868149145,4.030694535145645,16.443570450408984,13.537166199711487,1.1240793847969879,3.1033787250262166
5530,108096,1800904000.0,,1310 blue hill av,1310 blue hill av,1310 blue hill av,,2126.0,,,,24867.0,,Multifamily Housing,Multifamily Housing (24867.0),49.4,,1227787.648,923253.0,49033.967,89254.0,18309.566,,,,,,,,,,,,,,,,,,,,,,34.03,in compliance,67343.533,2030.0,I'm not sure,No,No,No,I'm not sure,I'm not sure,,,24.804618013228293,2.708148670929344,10.121296902259635,3.899950424193877,14.020724447654526,11.117562156441284,0.9962652541816494,3.2110298460467854
226,100306,1801010000.0,adams court llc mass llc,415 river st,415 river st,415 river st,,2126.0,415 river st,boston,2126,31312.0,,Multifamily Housing,Multifamily Housing (31312.0),50.4,88.0,1577619.472,1208932.4,64206.4,108056.0,22166.608,0.0,,,,,,,,,,,,,,,,,,,,,42.63,in compliance,86373.008,2025.0,I'm not sure,No,No,No,I'm not sure,I'm not sure,,,23.370862679108715,2.758463464486459,10.351756689635858,3.919991175077323,14.271427605553525,11.36643049857538,1.0146738089395222,3.151490061823623
5015,107418,1801054000.0,,30-32 regis rd,30,32 regis rd,,2126.0,,,,34562.0,,Multifamily Housing,Multifamily Housing (34562.0),54.9,53.0,1898398.62,995805.2,52887.214,264535.0,54266.71,,,,,,,,,,,,,,,,,,,,,,44.02,in compliance,107153.924,2030.0,No,No,No,No,No,No,,,47.54707945636834,3.1003392164805277,10.450510091613937,4.005513348515485,14.456521257175487,11.582021621789734,1.1315115301757959,3.8617203666291298
2512,103871,1801487010.0,,50 poydras st,50 poydras st,50 poydras st,,2136.0,36 poydras st,boston,2136,27894.0,,Multifamily Housing,Multifamily Housing (27894.0),54.4,48.0,1517410.896,888466.7,47186.466,184333.0,37814.072,,,,,,,,,,,,,,,,,,,,,,30.45,in compliance,85000.538,2030.0,No,No,No,No,No,No,,,41.450331456562836,3.047269592026959,10.23616689091864,3.996364153861897,14.232516082564166,11.350412864864188,1.1142459739455477,3.7244958780888453
2889,104331,1801691020.0,mattapan center for life inc,555 river st,555 river st,555 river st,,2126.0,555 river st,boston,2126,52970.0,,Multifamily Housing,Multifamily Housing (52970.0),47.4,91.0,2511151.7,2251157.3,119558.964,76200.0,15631.668,,,,,,,,,,,,,,,,,,,,,,23.11,in compliance,135190.632,2025.0,No,No,No,No,No,No,,,10.354047109141193,2.5522112894090996,10.877480994538573,3.858622228701031,14.736252050492478,11.814441150249513,0.9369601557109412,2.3373774683188078
5500,108051,1801935000.0,,20 fairlawn ave,20 fairlawn ave,20 fairlawn ave,,2126.0,,,,293656.0,,Multifamily Housing,Multifamily Housing (293656.0),55.0,81.0,16137964.71,,,978626.0,200755.338,,,,,,,,,,12798892.8,949805.835,,,,,,,,,,,36.55,in compliance,1150561.173,2030.0,I'm not sure,No,No,No,I'm not sure,I'm not sure,,,20.691696666252035,3.918057771678426,12.59016429322958,4.007333185232471,16.59668511062404,13.955760357839347,1.365596064609767,3.0297324925640723
475,100674,1801980000.0,bismarck street owner llc,2 bismarck st,2 bismarck st,2 bismarck st,,2126.0,785  795 cummins hw,boston,2126,80244.0,,Multifamily Housing,Multifamily Housing (80244.0),80.9,56.0,6493326.144,,,331337.0,67970.472,,,,,,,,,,5362804.3,397973.707,,,,,,,,,,,159.11,in compliance,465944.179,2025.0,I'm not sure,No,No,No,I'm not sure,I'm not sure,,,17.411285364045316,5.806592131498928,11.292827271841979,4.393213824064446,15.686285460323083,13.051821118379033,1.758993846537054,2.8571185801212255
2196,103303,1802440000.0,geraghty thomas j trst,110 livermore st,110 livermore st,110 livermore st,,2126.0,110 livermore st,boston,2126,36920.0,,Multifamily Housing,Multifamily Housing (36920.0),67.0,69.0,2474212.832,2054158.1,109096.337,123111.0,25254.991,,,,,,,,,,,,,,,,,,,,,,60.76,in compliance,134351.328,2025.0,No,No,No,No,No,No,,,16.978054321642126,3.638985048754063,10.516508688616788,4.204692619390966,14.721432855720272,11.808213498624482,1.2917048100076947,2.831921587841941
2197,103304,1802441000.0,geraghty thomas j trst,102 livermore st,102 livermore st,102 livermore st,,2126.0,102 livermore st,boston,2126,54016.0,,Multifamily Housing,Multifamily Housing (54016.0),69.0,69.0,3728266.024,3005341.7,159613.698,211877.0,43464.448,,,,,,,,,,,,,,,,,,,,,,67.42,in compliance,203078.146,2025.0,No,No,No,No,No,No,,,19.391215672275212,3.7595924540876777,10.897035577955629,4.23410650459726,15.13145381061083,12.221346139612526,1.3243105616568982,2.964820163126041
3771,105633,1802473000.0,school house brookledge,610 cummins hwy,610 cummins hwy,610 cummins hwy,,2126.0,610 cummins hw,boston,2126,46288.0,,Multifamily Housing,Multifamily Housing (46288.0),35.8,95.0,1657369.256,1147657.4,60952.085,149388.0,30645.454,,,,,,,,,,,,,,,,,,,,,,35.37,in compliance,91597.539,2025.0,No,No,No,No,No,No,,,30.755624454518056,1.9788614543726237,10.742638027215916,3.5779478934066544,14.320742117689617,11.425159683489076,0.6825216562731591,3.426072886616717
4538,106690,1803025000.0,wbh housing llc mass llc,1439 blue hill ave,1439 blue hill ave,1439 blue hill ave,,2126.0,1439  1443 blue hill av,boston,2126,29416.0,,Multifamily Housing,Multifamily Housing (29416.0),54.7,58.0,1608212.064,1177372.0,62530.227,126272.0,25903.438,,,,,,,,,,,,,,,,,,,,,,31.89,in compliance,88433.665,2030.0,No,No,No,No,No,No,,,26.791180991911773,3.006311701115039,10.289294022981109,4.001863709427935,14.290633600622582,11.390008001921853,1.100713978940745,3.288072765896253
4539,106692,1803026000.0,wbh housing llc mass llc,1447 blue hill ave,1447 blue hill ave,1447 blue hill ave,,2126.0,1447  1451 blue hill av,boston,2126,28256.0,,Multifamily Housing,Multifamily Housing (28256.0),53.2,72.0,1502603.84,1177372.0,62530.227,95320.0,19553.945,,,,,,,,,,,,,,,,,,,,,,33.2,in compliance,82084.172,2030.0,No,No,No,No,No,No,,,21.645501584769008,2.9050174122310306,10.249061103403687,3.9740583963475986,14.222710054484276,11.315500487572914,1.0664393841692266,3.07479765386495
1108,101662,1803370000.0,,1000 harvard st,1000 harvard st,1000 harvard st,,2126.0,1000 harvard st,boston,2126,22141.0,,Multifamily Housing,Multifamily Housing (22141.0),45.0,89.0,995901.04,605500.0,32158.105,114420.0,23472.119,,,,,,,,,,,,,,,,,,,,,,21.8,in compliance,55630.224,2030.0,I'm not sure,No,No,No,I'm not sure,I'm not sure,,,39.20250981965035,2.5125434262228445,10.005186372360962,3.8066624897703196,13.81140317420074,10.926481929665583,0.9212955573046202,3.668740770758328
2189,103296,1804430000.0,geraghty anne c ts,760 metropolitan ave,760 metropolitan ave,760 metropolitan ave,,2136.0,760 metropolitan av,boston,2136,28755.0,,Multifamily Housing,Multifamily Housing (28755.0),38.1,86.0,1094787.424,,,162002.0,33233.09,,,,,,,,,,542036.6,40224.536,,,,,,,,,,,48.27,in compliance,73457.626,2030.0,No,No,No,No,No,No,,,50.49154860405118,2.5546035819857416,10.266566944147854,3.6402142821326553,13.906070769053091,11.204464001944295,0.9378970577964408,3.921805967900784
2190,103297,1804432000.0,geraghty anne c ts,752 metropolitan ave,752 metropolitan ave,752 metropolitan ave,,2136.0,752 metropolitan av,boston,2136,22680.0,,Multifamily Housing,Multifamily Housing (22680.0),54.0,59.0,1224311.3,,,168225.0,34509.677,,,,,,,,,,650327.6,48260.811,,,,,,,,,,,81.95,in compliance,82770.488,2030.0,No,No,No,No,No,No,,,46.88423064869204,3.6494924162257494,10.029238757841688,3.9889840465642745,14.017889039783359,11.323826851718048,1.294588093876359,3.8476813854097074
815,101118,1805623000.0,,1 cliffmont st,1 cliffmont st,1 cliffmont st,,2131.0,27 cliffmont st,boston,2131,130920.0,,Multifamily Housing,Multifamily Housing (130920.0),55.6,65.0,7280731.5,5037000.3,267515.086,657600.0,134900.064,,,,,,,,,,,,,,,,,,,,,,49.11,in compliance,402415.15,2025.0,No,No,No,No,No,No,,,30.81874177065862,3.0737484723495268,11.782341728615117,4.018183201256536,15.800741895894244,12.905239546164324,1.1228978175492077,3.42812300396641
3680,105438,1806016300.0,roslindale senior,15 blue ledge dr,15 blue ledge dr,15 blue ledge dr,,2131.0,washington st,boston,2131,72186.0,,Multifamily Housing,Multifamily Housing (72186.0),43.4,92.0,3130393.343,1825706.3,96963.262,382381.9,78441.823,,,,,,,,,,,,,,,,,,,,,,22.75,in compliance,175405.085,2025.0,No,No,No,No,No,No,,,41.67988674658385,2.429904482863713,11.187001400261579,3.770459441106359,14.956669223310783,12.074853349377985,0.887851949116406,3.73001868022894
1713,102580,1806659000.0,cummins towers company,865 american legion hwy,865 american legion hwy,865 american legion hwy,,2131.0,915 american legion hw,boston,2131,72457.0,,Multifamily Housing,Multifamily Housing (72457.0),83.8,55.0,6068554.936,5033088.0,267307.304,303478.0,62255.477,,,,,,,,,,,,,,,,,,,,,,,in compliance,329562.781,2025.0,No,No,No,No,No,No,C10021,,17.06357557310906,4.548391197537851,11.190748561439063,4.428433007488037,15.618631068136503,12.705522148918014,1.5147735874789516,2.8369461082102276
1714,102581,1806659000.0,cummins towers company,855 american legion hwy,855 american legion hwy,855 american legion hwy,,2131.0,915 american legion hw,boston,2131,72457.0,,Multifamily Housing,Multifamily Housing (72457.0),97.4,8.0,7055855.796,4402742.6,233829.659,777583.0,159513.377,,,,,,,,,,,,,,,,,,,,,,,in compliance,393343.036,2025.0,No,No,No,No,No,No,C10021,,37.603232126060874,5.428640931863036,11.190748561439063,4.578826210648489,15.769368439385094,12.882437375266102,1.6916888138270394,3.6270900075009225
1715,102582,1806659000.0,cummins towers company,950 canterbury st,950 canterbury st,950 canterbury st,,2131.0,915 american legion hw,boston,2131,72458.0,,Multifamily Housing,Multifamily Housing (72458.0),84.0,55.0,6085238.012,5054469.4,268442.87,302101.0,61972.999,,,,,,,,,,,,,,,,,,,,,,,in compliance,330415.869,2025.0,No,No,No,No,No,No,C10021,,16.939582726546604,4.5601019763173145,11.190762362632867,4.430816798843313,15.621376398182772,12.70810734913659,1.5173449865037227,2.8296530564852596
1546,102177,1807263000.0,clarendon hill condo tr,12 victoria heights rd,12 victoria heights rd,12 victoria heights rd,,2136.0,1  102 victoria heights rd,boston,2136,163834.0,,Multifamily Housing,Multifamily Housing (163834.0),29.0,74.0,4745942.2,124900.0,6633.439,1354350.0,277831.359,,,,,,,,,,,,,,,,,,,,,,21.77,in compliance,284464.798,2025.0,No,No,No,No,No,No,,,97.37255865652979,1.7362989245211617,12.00660899906896,3.367295829986474,15.372800537226905,12.558364792028305,0.5517557929593441,4.578544432313378
2455,103776,1807581000.0,holland paul ts,491-495 huntington ave,491,495 huntington ave,,2136.0,491  495 huntington av,boston,2136,22320.0,,Multifamily Housing,Multifamily Housing (22320.0),45.9,74.0,1025291.576,451400.0,23973.854,168198.0,34504.138,,,,,,,,,,,,,,,,,,,,,,48.88,in compliance,58477.992,2030.0,No,No,No,No,No,No,,,55.975960315507365,2.6199817204301072,10.013238416495247,3.8264651170664994,13.840487594492567,10.976405757308841,0.963167340813593,4.024922318487852
1679,102514,1807893000.0,country manor condo tr,116-120 bradlee st,116,120 bradlee st,,2136.0,120  116 bradlee st,boston,2136,24957.0,,Multifamily Housing,Multifamily Housing (24957.0),51.3,92.0,1280992.456,967300.0,51373.303,91938.0,18860.161,,,,,,,,,,,,,,,,,,,,,,50.67,in compliance,70233.464,2030.0,I'm not sure,No,No,No,I'm not sure,I'm not sure,,,24.489312581868948,2.8141789477901993,10.124909622951998,3.937690752176724,14.063145691712428,11.159580171587557,1.034670548635559,3.1982368012303515
3566,105290,1808728010.0,residences at fairmount,11 nott st,11 nott st,11 nott st,,2136.0,11 nott st,boston,2136,35318.0,,Multifamily Housing,Multifamily Housing (35318.0),45.2,66.0,1595985.132,735100.0,39041.161,252311.0,51759.079,,,,,,,,,,,,,,,,,,,,,,169.28,in compliance,90800.24,2030.0,No,No,No,No,No,No,,,53.943045043981016,2.5709338014610115,10.47214802797307,3.8110970868381857,14.283001741159024,11.416417207757698,0.9442691797846281,3.987928768546478
3588,105324,1809143010.0,riley house non-profit,39 maple st,39 maple st,39 maple st,,2136.0,39 maple st,boston,2136,46834.0,,Multifamily Housing,Multifamily Housing (46834.0),30.8,85.0,1444762.063,606114.3,32190.73,245793.6,50422.099,,,,,,,,,,,,,,,,,,,,,,25.13,in compliance,82612.829,2025.0,No,No,No,No,No,No,,,58.050017627020154,1.763949886834351,10.754364713861957,3.427514689979529,14.183455203686611,11.321920262218955,0.5675555483569973,4.061305011796225
478,100683,1809255000.0,blake estates associates  lp,1344 hyde park ave,1344 hyde park ave,1344 hyde park ave,,2136.0,1344 hyde park av,boston,2136,187533.0,,Multifamily Housing,Multifamily Housing (187533.0),45.9,94.0,8603056.528,5999550.4,318636.122,763044.0,156530.846,,,,,,,,,,,,,,,,,,,,,,31.43,in compliance,475166.968,2025.0,No,No,No,No,No,No,,,30.26390186006691,2.533777884425674,12.14171010890642,3.8264651170664994,15.967628108313038,13.071421532830005,0.9297114239235847,3.409955644530959
337,100467,1809783000.0,atj neponset ii lps,70-72 sierra rd,70,72 sierra rd,,2136.0,72  70 sierra rd,boston,2136,28832.0,,Multifamily Housing,Multifamily Housing (28832.0),34.4,88.0,991245.204,,,197517.0,40518.637,,,,,,,,,,317317.2,23548.109,,,,,,,,,,,32.22,in compliance,64066.746,2030.0,No,No,No,No,No,No,,,67.9910105824835,2.2220708240843505,10.269241160408065,3.5380565643793527,13.806717213584054,11.067680725142898,0.7984395647348326,4.2193754991208525
338,100468,1809784000.0,atj neponset ii lps,60-62 sierra rd,60,62 sierra rd,,2136.0,62  60 sierra rd,boston,2136,28832.0,,Multifamily Housing,Multifamily Housing (28832.0),41.7,73.0,1202439.256,,,225238.0,46205.323,,,,,,,,,,433927.2,32201.738,,,,,,,,,,,45.99,in compliance,78407.061,2030.0,No,No,No,No,No,No,,,63.91556478758208,2.719445789400666,10.269241160408065,3.730501128804756,13.999862764925226,11.26966926605851,1.0004281056504467,4.157562912122946
339,100469,1809785000.0,atj neponset iii lp,30-42 sierra rd,30,42 sierra rd,,2136.0,42  30 sierra rd,boston,2136,28832.0,,Multifamily Housing,Multifamily Housing (28832.0),39.7,79.0,1143242.184,,,193607.0,39716.54,,,,,,,,,,482655.1,35817.835,,,,,,,,,,,46.57,in compliance,75534.375,2025.0,No,No,No,No,No,No,,,57.784442727491246,2.619810453662597,10.269241160408065,3.681351187693145,13.94937880484703,11.232343129633671,0.963101969225606,4.056719582485276
340,100470,1809785000.0,atj neponset iii lp,40 sierra rd,40 sierra rd,40 sierra rd,,2136.0,42  30 sierra rd,boston,2136,28832.0,,Multifamily Housing,Multifamily Housing (28832.0),40.9,76.0,1178762.096,,,216883.0,44491.379,,,,,,,,,,438757.3,32560.179,,,,,,,,,,,53.72,in compliance,77051.558,2025.0,No,No,No,No,No,No,,,62.780889456934155,2.672431950610433,10.269241160408065,3.711130063048756,13.979975374595075,11.252230061179779,0.9829889007717137,4.139650719152472
341,100471,1809798000.0,atj neponset iii lp,15-31 riley rd,15,31 riley rd,,2136.0,15  31 riley rd,boston,2136,28832.0,,Multifamily Housing,Multifamily Housing (28832.0),41.0,78.0,1180876.9,,,208075.0,42684.506,,,,,,,,,,470925.0,34947.344,,,,,,,,,,,56.64,in compliance,77631.85,2030.0,No,No,No,No,No,No,,,60.12338045142555,2.6925586154273033,10.269241160408065,3.713572066704308,13.981767856046536,11.259733060108946,0.9904918997008808,4.096398791704308
342,100472,1809798000.0,atj neponset iii lp,25 riley rd #1,25 riley rd #1,25 riley rd #1,,2136.0,15  31 riley rd,boston,2136,28832.0,,Multifamily Housing,Multifamily Housing (28832.0),40.2,72.0,1160060.688,,,214399.0,43981.811,,,,,,,,,,428531.3,31801.308,,,,,,,,,,,48.18,in compliance,75783.119,2030.0,No,No,No,No,No,No,,,63.062351428462506,2.6284378121531633,10.269241160408065,3.6938669956249757,13.963982878955427,11.23563084234265,0.9663896819345841,4.144123942169923
333,100463,1809798002.0,atj neponset i lp mass lp,75-77 sierra rd,75,77 sierra rd,,2136.0,75  77 sierra rd,boston,2136,28832.0,,Multifamily Housing,Multifamily Housing (28832.0),40.4,75.0,1165193.604,,,223042.0,45754.836,,,,,,,,,,404174.3,29993.775,,,,,,,,,,,38.31,in compliance,75748.611,2030.0,No,No,No,No,No,No,,,65.31556281182607,2.6272409475582688,10.269241160408065,3.6988297849671046,13.968397814865945,11.235175386569834,0.9659342261617697,4.17923033578613
334,100464,1809798003.0,atj neponset i lp mass lp,85-87 sierra rd,85,87 sierra rd,,2136.0,85  87 sierra rd,boston,2136,28832.0,,Multifamily Housing,Multifamily Housing (28832.0),36.5,88.0,1052243.324,,,185752.0,38105.165,,,,,,,,,,418457.5,31053.731,,,,,,,,,,,43.57,in compliance,69158.896,2030.0,No,No,No,No,No,No,,,60.234517277868704,2.3986853496115423,10.269241160408065,3.597312260588446,13.866434942112809,11.144161976685433,0.8749208162773684,4.09824556470594
335,100465,1809801000.0,atj neponset i lp mass lp,276-278 neponset valley pkwy,276,278 neponset valley pkwy,,2136.0,278  276 neponset valley pw,boston,2136,28832.0,,Multifamily Housing,Multifamily Housing (28832.0),36.5,85.0,1053609.552,,,201271.0,41288.733,,,,,,,,,,366872.9,27225.638,,,,,,,,,,,38.31,in compliance,68514.371,2030.0,No,No,No,No,No,No,,,65.18229085398421,2.3763308476692564,10.269241160408065,3.597312260588446,13.867732495429337,11.13479879786673,0.8655576374586665,4.177187819370252
336,100466,1809802000.0,atj neponset i lp mass lp,270-272 neponset valley pkwy,270,272 neponset valley pkwy,,2136.0,272  270 neponset valley pw,boston,2136,28832.0,,Multifamily Housing,Multifamily Housing (28832.0),45.8,65.0,1319663.46,,,231230.0,47434.522,,,,,,,,,,530706.7,39383.744,,,,,,,,,,,60.39,in compliance,86818.266,2030.0,No,No,No,No,No,No,,,59.787322178337796,3.01117737236404,10.269241160408065,3.824284091120139,14.092887307510663,11.371572316297534,1.1023311558894702,4.090793634773898
4247,106283,1810591000.0,,745 truman pkwy,745 truman pkwy,745 truman pkwy,,2136.0,735  745 truman hw,boston,2136,49805.0,,Multifamily Housing,Multifamily Housing (49805.0),30.6,92.0,1523721.684,617300.0,32784.803,265657.0,54496.877,,,,,,,,,,,,,,,,,,,,,,26.69,in compliance,87281.68,2025.0,I'm not sure,No,No,No,I'm not sure,I'm not sure,,,59.48996736532628,1.7524682260817186,10.815870659579266,3.4210000089583352,14.236666376504047,11.376895868717671,0.5610252091384054,4.085807682625555
2192,103299,1811022000.0,geraghty margaret a,605 truman pkwy,605 truman pkwy,605 truman pkwy,,2136.0,605 truman hw,boston,2136,66410.0,,Multifamily Housing,Multifamily Housing (66410.0),63.1,60.0,4189902.132,,,240611.0,49358.941,,,,,,,,,,3368937.4,250008.844,,,,,,,,,,,52.99,in compliance,299367.785,2025.0,Yes,No,No,No,Yes,Yes,,,19.5947494186005,4.507872082517693,11.103602926534759,4.144720769547168,15.24818793410763,12.609428146648133,1.5058252201133744,2.9752616435422947
206,100264,1811776000.0,,1409 river st,1409 river st,1409 river st,,2136.0,1409 river st,boston,2136,22540.0,0.0,Multifamily Housing,"Multifamily Housing (22540.0),Parking (19200.0)",85.2,42.0,1919598.2,1348600.0,71624.146,167350.0,34330.179,,,,,,,,,,,,,,,,,,,,,,29.01,pending revisions,105954.325,2030.0,I'm not sure,No,No,No,I'm not sure,I'm not sure,,,29.74702218933108,4.700724267968057,10.023046787593767,4.44500143383527,14.467626451270435,11.570763384005334,1.5477165964115658,3.3927290325055863
2195,103302,1812141000.0,geraghty thomas j jr,1600-1608 river st,1600,1608 river st,,2136.0,1600  1608 river st,boston,2136,66954.0,,Multifamily Housing,Multifamily Housing (66954.0),45.2,89.0,3023473.468,2311000.1,122737.215,208814.0,42836.104,,,,,,,,,,,,,,,,,,,,,,28.1,in compliance,165573.319,2025.0,Yes,No,No,No,Yes,Yes,,,23.565766250011624,2.4729414075335305,11.111761095413756,3.8110970868381857,14.921916883396442,12.017169390802776,0.9054082953890195,3.159795076291418
5545,108111,1812339010.0,,110 edgemere rd,110 edgemere rd,110 edgemere rd,,2136.0,,,2136,125154.0,0.0,Multifamily Housing,"Multifamily Housing (125154.0),Parking (40100.0),Swimming Pool (0.0)",30.1,100.0,3763796.852,1900432.0,100931.944,546121.0,112031.262,,,,,,,,,,,,,,,,,,,,,,53.18,pending revisions,212963.206,2025.0,No,No,No,No,No,No,,,49.50975951743529,1.7016092653850456,11.737300257995182,3.40452517175483,15.140938806923783,12.268874687985944,0.5315744299907618,3.9021698121091677
3034,104540,1900029010.0,nate smith housing corp,153-159 lamartine st,153,159 lamartine st,,2130.0,155 lamartine st,boston,2130,50426.0,,Multifamily Housing,Multifamily Housing (50426.0),47.8,79.0,2410473.996,1859494.0,98757.726,161483.0,33126.623,,,,,,,,,,,,,,,,,,,,,,25.53,in compliance,131884.349,2025.0,No,No,No,No,No,No,,,22.85874974649592,2.6154037401340577,10.828262194058594,3.86702563949741,14.695333964966265,11.78968067359068,0.9614184795320877,3.129333965116682
3431,105072,1900520010.0,,82 green st,82 green st,82 green st,,2130.0,82 green st,boston,2130,29600.0,0.0,Multifamily Housing,"Multifamily Housing (29600.0),Parking (10000.0)",77.3,67.0,2286884.849,1663999.0,88374.987,182557.4,37449.825,,,,,,,,,,,,,,,,,,,,,,67.05,in compliance,125824.812,2025.0,No,No,No,No,No,No,,,27.23850449585973,4.250838243243243,10.295529640312152,4.3476939555933765,14.642701121496813,11.74264583750476,1.447116197192608,3.3046315787411453
3476,105151,1900914000.0,pondview jp lp,560-568 centre st,560,568 centre st,,2130.0,560  568 centre st,boston,2130,56278.0,,Multifamily Housing,Multifamily Housing (56278.0),64.8,70.0,3645473.388,2923753.5,155280.548,211524.0,43392.033,,,,,,,,,,,,,,,,,,,,,,61.36,in compliance,198672.581,2025.0,No,No,No,No,No,No,,,19.79857044014718,3.530199740573581,10.938058973994185,4.1713056033582285,15.108996788243124,12.199413427070484,1.2613544530762992,2.985609735101378
4045,106013,1901237000.0,sumner hill house condo tr,76 elm st,76 elm st,76 elm st,,2130.0,76 elm st,boston,2130,75400.0,,Multifamily Housing,Multifamily Housing (75400.0),50.5,84.0,3805702.959,2427511.2,128925.12,403924.9,82861.154,,,,,,,,,,,,,,,,,,,,,,32.22,in compliance,211786.274,2025.0,No,No,No,No,No,No,,,36.215447248073055,2.808836525198939,11.230562553996048,3.9219733362813143,15.152011278337982,12.263332903628264,1.0327703496322167,3.589485747372855
1084,101546,1901313000.0,bynner estates condo tr,2 greenough ave,2 greenough ave,2 greenough ave,,2130.0,2 greenough av,boston,2130,20360.0,,Multifamily Housing,Multifamily Housing (20360.0),97.5,,1985973.8,298800.0,15869.268,49125.0,10077.503,,,,,,,,,,1519559.3,112766.496,,,,,,,,,,,20.95,in compliance,138713.267,2030.0,I'm not sure,No,No,No,I'm not sure,I'm not sure,,,8.44028600729778,6.813028831041257,9.921327470664458,4.579852378003801,14.50161993115381,11.840164254215898,1.9188367835514393,2.1330161951543003
3782,105645,1901395000.0,,9-11 seaverns ave,9,11 seaverns ave,,2130.0,9  11 seaverns av,boston,2130,20336.0,,Multifamily Housing,Multifamily Housing (20336.0),25.3,99.0,515219.424,161900.0,8598.509,103552.0,21242.657,,,,,,,,,,,,,,,,,,,,,,1521.1,pending revisions,29841.166,2030.0,No,No,No,No,No,No,,,68.57951007685611,1.4674058811959088,9.920147993429236,3.2308043957334744,13.152348154924937,10.303644128621311,0.3834961351920755,4.22799380318972
2543,103910,1901499000.0,jamaica house condo tr,804 centre st,804 centre st,804 centre st,,2130.0,804 centre st,boston,2130,23305.0,,Multifamily Housing,Multifamily Housing (23305.0),51.7,96.0,1203707.596,934900.0,49652.539,78783.0,16161.545,,,,,,,,,,,,,,,,,,,,,,44.65,in compliance,65814.084,2030.0,No,No,No,No,No,No,,,22.332617518017226,2.8240327826646645,10.05642320880684,3.9454577815143836,14.000917014890408,11.09458913696276,1.0381659281559197,3.1060482787771337
2545,103912,1901974000.0,,539-551 centre st,539,551 centre st,,2130.0,539  551 centre st,boston,2130,125000.0,,Multifamily Housing,Multifamily Housing (125000.0),69.4,72.0,8678803.02,,,661210.0,135640.619,,,,,,,,,,6422754.5,476632.611,,,,,,,,,,,25.38,in compliance,612273.23,2025.0,I'm not sure,No,No,No,I'm not sure,I'm not sure,,,25.996069922324384,4.89818584,11.736069016284437,4.239886867512759,15.976394176205668,13.324933916111783,1.5888648998273458,3.257945369762459
2759,104174,1902115000.0,mansion house,332 jamaicaway,332 jamaicaway,332 jamaicaway,,2130.0,332 jamaicaway st,boston,2130,20000.0,,Multifamily Housing,Multifamily Housing (20000.0),103.1,33.0,2061662.966,1683253.4,89397.588,110905.5,22751.154,,,,,,,,,,,,,,,,,,,,,,30.67,in compliance,112148.742,2030.0,No,No,No,No,No,No,,,18.35538631026658,5.6074371,9.903487552536127,4.635699391022914,14.539023480151132,11.627581322765513,1.7240937702293853,2.909923063323158
1086,101549,1902190000.0,cabot estate condo tr,207 perkins st,207 perkins st,207 perkins st,,2130.0,175  309 perkins st,boston,2130,315739.0,,Multifamily Housing,"Multifamily Housing (315739.0),Swimming Pool (0.0)",30.8,59.0,9735261.104,,,2776692.0,569610.597,,,,,,,,,,,,,,,,261188.0,16781.329,,,,,25.88,in compliance,586391.926,2025.0,I'm not sure,No,No,No,I'm not sure,I'm not sure,,,97.32137131799314,1.8572046088699843,12.662671201917847,3.427514689979529,16.091265017589517,13.281743660701261,0.6190724587834151,4.578018608629787
2040,103005,1903232000.0,florence apartments lp mass lp,92-106 fawndale rd,92,106 fawndale rd,,2131.0,84  166 fawndale rd,boston,2131,28161.0,,Multifamily Housing,Multifamily Housing (28161.0),72.9,73.0,2051980.292,1684368.0,89456.784,107741.0,22101.989,,,,,,,,,,,,,,,,,,,,,,60.39,in compliance,111558.773,2030.0,No,No,No,No,No,No,,,17.915788693646967,3.961463477859451,10.2456933210051,4.289088639014612,14.534315880938177,11.622306843115146,1.3766135221100448,2.8856823739936837
2041,103006,1903232000.0,florence apartments lp mass lp,108-130 fawndale rd,108,130 fawndale rd,,2131.0,84  166 fawndale rd,boston,2131,41652.0,,Multifamily Housing,Multifamily Housing (41652.0),72.0,74.0,2998549.696,2491158.0,132305.401,148708.0,30505.959,,,,,,,,,,,,,,,,,,,,,,60.38,in compliance,162811.36,2030.0,No,No,No,No,No,No,,,16.921980745454352,3.908848554691251,10.637104665649787,4.276666119016055,14.913639295073503,12.000347508985923,1.3632428433361372,2.8286134126606473
2042,103007,1903232000.0,florence apartments lp mass lp,132-154 fawndale rd,132,154 fawndale rd,,2131.0,84  166 fawndale rd,boston,2131,41481.0,,Multifamily Housing,Multifamily Housing (41481.0),76.1,59.0,3157165.344,2481463.1,131790.505,198037.0,40625.31,,,,,,,,,,,,,,,,,,,,,,60.4,in compliance,172415.815,2030.0,No,No,No,No,No,No,,,21.403121975673127,4.156500928135773,10.632990770056727,4.33204826486764,14.965185139941239,12.05766436734314,1.424673597286412,3.0635367981010715
2043,103008,1903232000.0,florence apartments lp mass lp,156-166 fawndale rd,156,166 fawndale rd,,2131.0,84  166 fawndale rd,boston,2131,21474.0,,Multifamily Housing,Multifamily Housing (21474.0),74.3,,1595000.388,1284853.0,68238.543,90899.0,18647.021,,,,,,,,,,,,,,,,,,,,,,60.41,in compliance,86885.564,2030.0,No,No,No,No,No,No,,,19.44582742320938,4.046081959579026,9.97459817999408,4.308110951723713,14.28238453746124,11.372347175474413,1.3977489954803317,2.9676325186802552
5408,107945,1903432000.0,,105 brookway rd,105 brookway rd,105 brookway rd,,2131.0,,,,51069.0,,Multifamily Housing,Multifamily Housing (51069.0),81.5,,4161868.668,3219000.0,170961.09,276339.0,56688.182,,,,,,,,,,,,,,,,,,,,,,89.84,in compliance,227649.272,2025.0,,,,,,,,,22.655931603510172,4.457680236542717,10.84093293848268,4.400603020246817,15.241474730416222,12.335561442866315,1.4946285043836347,3.1204216985938893
1497,102116,1903515000.0,city of boston,10-20 brookway terrace,10,20 brookway terrace,,2131.0,170  40 brookway rd,boston,2131,51069.0,,Multifamily Housing,Multifamily Housing (51069.0),86.5,,4418028.28,3516100.2,186740.082,264340.0,54226.708,,,,,,,,,,,,,,,,,,,,,,84.44,in compliance,240966.79,2025.0,No,No,No,No,No,No,,,20.41561696386425,4.718455227241575,10.84093293848268,4.460144413937834,15.301204064028177,12.39241440214751,1.5514814636648298,3.0163001454201686
1498,102117,1903515000.0,city of boston,2-6 brookway terrace,2,6 brookway terrace,,2131.0,170  40 brookway rd,boston,2131,51069.0,,Multifamily Housing,Multifamily Housing (51069.0),70.4,,3596623.284,2752300.0,146174.653,247457.0,50763.329,,,,,,,,,,,,,,,,,,,,,,60.86,in compliance,196937.982,2025.0,No,No,No,No,No,No,,,23.47647601310474,3.8563116959407857,10.84093293848268,4.254193263163997,15.095505986584287,12.190644145973627,1.3497112074909465,3.15599889907532
1499,102118,1903515000.0,city of boston,120-130 brookway rd,120,130 brookway rd,,2131.0,170  40 brookway rd,boston,2131,51069.0,,Multifamily Housing,Multifamily Housing (51069.0),85.1,,4347518.776,3417499.7,181503.409,272573.0,55915.625,,,,,,,,,,,,,,,,,,,,,,69.5,in compliance,237419.034,2025.0,No,No,No,No,No,No,,,21.392891206917703,4.648985372731011,10.84093293848268,4.443827035579329,15.28511584400516,12.377581934860304,1.5366489963776238,3.063058680248987
1500,102119,1903515000.0,city of boston,80-110 brookway rd,80,110 brookway rd,,2131.0,170  40 brookway rd,boston,2131,51069.0,,Multifamily Housing,Multifamily Housing (51069.0),82.5,,4215543.212,3211900.0,170584.009,294151.0,60342.136,,,,,,,,,,,,,,,,,,,,,,72.98,in compliance,230926.145,2025.0,No,No,No,No,No,No,,,23.80920522396486,4.5218458360257685,10.84093293848268,4.412798293340635,15.25428901703364,12.349853219768319,1.5089202812856388,3.170072280015772
1501,102120,1903515000.0,city of boston,40-50 brookway rd,40,50 brookway rd,,2131.0,170  40 brookway rd,boston,2131,51069.0,,Multifamily Housing,Multifamily Housing (51069.0),78.7,,4016778.22,3122800.1,165851.913,262010.0,53748.731,,,,,,,,,,,,,,,,,,,,,,64.11,in compliance,219600.644,2025.0,No,No,No,No,No,No,,,22.25707700386804,4.300077228847246,10.84093293848268,4.365643155423357,15.205990701461284,12.299565921217948,1.4586329827352682,3.1026600256290515
3681,105440,1904205100.0,roslindale senior housing cp,120 poplar st,120 poplar st,120 poplar st,,2131.0,114  110 poplar st,boston,2131,82142.0,,Multifamily Housing,Multifamily Housing (82142.0),33.1,89.0,2717766.168,1241772.5,65950.537,432589.0,88741.307,,,,,,,,,,,,,,,,,,,,,,31.89,in compliance,154691.844,2025.0,No,No,No,No,No,No,,,54.31146261697081,1.8832247084317404,11.316204735887123,3.4995332823830174,14.815320839087278,11.949190313775086,0.6329855778879624,3.9947353025802905
293,100413,1904600000.0,arborview place condo trust,391 hyde park ave,391 hyde park ave,391 hyde park ave,,2131.0,391 hyde park av,boston,2131,37056.0,19113.0,Multifamily Housing,"Multifamily Housing (37056.0),Parking (19113.0)",42.3,100.0,1567188.796,1144500.0,60784.395,123883.0,25413.359,,,,,,,,,,,,,,,,,,,,,,20.41,in compliance,86197.754,2030.0,No,No,No,No,No,No,,,26.972332850317287,2.3261483700345424,10.520185560932667,3.744787086052232,14.264793996531273,11.364399400627875,0.8442138396952075,3.294811631383366
203,100261,1905052050.0,a.o. flats at forest hills  llc,93  95 hyde park av,93  95 hyde park av,93  95 hyde park av,,2130.0,93  95 hyde park av,boston,2130,61830.0,14700.0,Multifamily Housing,"Multifamily Housing (60168.0),Parking (14700.0),Retail Store (1662.0)",57.4,,3550090.446,1533278.4,81432.416,591093.8,121256.982,,,,,,,,,,,,,,,,,,,,,,43.97,in compliance,202689.398,2025.0,No,No,No,No,No,No,,,56.81265703927365,3.278172375869319,11.032143962552615,4.050044303325521,15.082483638873525,12.219430027174809,1.187286064622195,4.039759136101511
2504,103855,1905063000.0,hyde park ave venture llc,253-261 hyde park ave,253,261 hyde park ave,,2130.0,253  261 hyde park av,boston,2130,32240.0,,Multifamily Housing,Multifamily Housing (32240.0),59.7,71.0,1924079.291,1445418.0,76766.15,140287.6,28778.598,,,,,,,,,,,,,,,,,,,,,,49.54,in compliance,105544.748,2025.0,No,No,No,No,No,No,,,24.87851392502722,3.2737204714640202,10.380963196620565,4.089332020398556,14.46995812089708,11.56689029363014,1.1859270970095743,3.2140045363856107
2763,104182,2002294000.0,,26-30 bellevue st,26,30 bellevue st,,2132.0,26  30 bellevue st,boston,2132,36210.0,,Multifamily Housing,Multifamily Housing (36210.0),69.9,55.0,2532293.056,39000.0,2071.29,61588.0,12634.162,,,,,,,,,,2283154.8,169432.918,,,,,,,,,,,21.09,in compliance,184138.37,2030.0,No,No,No,No,No,No,,,8.298703568375618,5.085290527478597,10.497090602759688,4.247065649239764,14.744635796465012,12.123442764842194,1.6263521620825063,2.116099306021345
4014,105975,2002929000.0,,14 heron st,14 heron st,14 heron st,,2132.0,4925 washington st,boston,2132,35591.0,,Multifamily Housing,Multifamily Housing (35591.0),64.7,56.0,2303897.328,1619300.0,86001.023,200644.0,41160.11,,,,,,,,,,,,,,,,,,,,,,37.38,in compliance,127161.133,2025.0,I'm not sure,No,No,No,I'm not sure,I'm not sure,,,29.716056192240174,3.5728451855806242,10.479848075889779,4.169761201506855,14.650112737304982,11.753210325019648,1.2733622491298684,3.391687512263683
4015,105976,2002929000.0,,4925 washington st,4925 washington st,4925 washington st,,2132.0,4925 washington st,boston,2132,32886.0,,Multifamily Housing,Multifamily Housing (32886.0),124.2,7.0,4085032.928,3607799.9,191610.253,139869.0,28692.727,,,,,,,,,,,,,,,,,,,,,,40.45,in compliance,220302.98,2025.0,No,No,No,No,No,No,,,11.682990486533479,6.6989898437024875,10.400802314274172,4.821893169499378,15.222840346953667,12.30275905970757,1.9019567454333985,2.458133979434712
4446,106534,2002962010.0,,4945 washington st,4945 washington st,4945 washington st,,2132.0,4945 washington st,boston,2132,34701.0,,Multifamily Housing,Multifamily Housing (34701.0),70.1,52.0,2431629.54,1926500.0,102316.415,148045.0,30369.951,,,,,,,,,,,,,,,,,,,,,,18.73,pending revisions,132686.366,2025.0,I'm not sure,No,No,No,I'm not sure,I'm not sure,,,20.774206697209312,3.8237043889225095,10.454523783963511,4.249922794040544,14.704072183162582,11.795743472012482,1.3412196880489715,3.0337121545592067
403,100563,2003041000.0,bc rockingham glen llc,30 rockingham ave,30 rockingham ave,30 rockingham ave,,2132.0,30  40 rockingham av,boston,2132,142900.0,,Multifamily Housing,Multifamily Housing (142900.0),59.8,87.0,8545763.552,6648187.6,353085.243,556147.7,146266.845,,,,,,,,,,,,,,,,,,,,,,35.59,in compliance,499352.088,2025.0,No,No,No,No,No,No,,,22.20584928436129,3.494416291112666,11.869900363917958,4.091005660956586,15.960946227122564,13.121066713098406,1.2511663491804463,3.1003557354506737
137,100185,2003386000.0,,5165 washington st,5165 washington st,5165 washington st,,2132.0,5169 washington st,boston,2132,39225.0,12000.0,Multifamily Housing,"Multifamily Housing (39225.0),Parking (12000.0)",20.6,,807388.432,230381.7,12235.572,169111.0,34691.431,,,,,,,,,,,,,,,,,,,,,,0.28,pending revisions,46927.003,2030.0,I'm not sure,No,No,No,I'm not sure,I'm not sure,,,71.4689579116982,1.196354442319949,10.577069577601234,3.0252910757955354,13.601560159827445,10.75634854567958,0.17927896807834684,4.269263200346214
251,100344,2003590000.0,allandale condo trust,200 allandale st,200 allandale st,200 allandale st,,2467.0,200  232 allandale rd,boston,2467,283083.0,,Multifamily Housing,Multifamily Housing (283083.0),40.5,93.0,11454823.83,8834199.7,469184.346,768061.0,157560.034,,,,,,,,,,,,,,,,,,,,,,15.76,in compliance,626744.38,2025.0,No,No,No,No,No,No,,,22.878914421069716,2.2139951180395854,12.55349541984446,3.7013019741124933,16.253921494441126,13.348294049087636,0.7947986292431763,3.130215718754402
2722,104127,2004863000.0,longfellow non profit,885 south st,885 south st,885 south st,,2131.0,885 south st,boston,2131,44990.0,,Multifamily Housing,Multifamily Housing (44990.0),67.5,27.0,3038070.68,2121556.3,112675.855,268615.0,55103.681,,,,,,,,,,,,,,,,,,,,,,34.28,in compliance,167779.536,2025.0,No,No,No,No,No,No,,,30.168971323932464,3.7292628584129806,10.714195521835219,4.212127597878484,14.926733227173345,12.030406110870176,1.3162105890349591,3.4068139565980564
2230,103340,2005234000.0,gr-conway court limited,3 conway st,3 conway st,3 conway st,,2131.0,1  3 conway st,boston,2131,25940.0,,Multifamily Housing,Multifamily Housing (25940.0),53.8,84.0,1396788.324,1033830.0,54906.711,106377.0,21822.178,,,,,,,,,,,,,,,,,,,,,,46.95,in compliance,76728.889,2030.0,No,No,No,No,No,No,,,25.98634841896058,2.9579371241326133,10.163541457870435,3.9852734671677386,14.149686104926008,11.248033565723732,1.0844921078532979,3.257571339319577
429,100614,2005737000.0,belgrade place llc mass llc,446 belgrade ave,446 belgrade ave,446 belgrade ave,,2132.0,446 belgrade av,boston,2132,56129.0,21858.0,Multifamily Housing,"Multifamily Housing (56129.0),Parking (21858.0)",37.9,87.0,2125250.936,765899.9,40676.944,398403.0,81728.391,,,,,,,,,,,,,,,,,,,,,,22.91,in compliance,122405.335,2025.0,No,No,No,No,No,No,,,63.96471933844145,2.1807859573482515,10.935407891992757,3.634951112088381,14.569400440898283,11.715093234711802,0.779685342719045,4.158331671022976
3042,104548,2009219000.0,,165 gardner st,165 gardner st,165 gardner st,,2132.0,165 gardner st,boston,2132,104588.0,0.0,Multifamily Housing,"Multifamily Housing (104588.0),Parking (26147.0)",44.4,73.0,4646192.312,2421400.1,128600.559,652049.3,133761.393,,,,,,,,,,,,,,,,,,,,,,28027.16,in compliance,262361.952,2025.0,I'm not sure,No,No,No,I'm not sure,I'm not sure,,,47.88630925260332,2.5085282441580294,11.557784101278456,3.7932394694381792,15.351558584482083,12.477480325538554,0.9196962242600996,3.8688296442016314
4327,106379,2010441000.0,,218 spring st,218 spring st,218 spring st,,2132.0,218 spring st,boston,2132,20400.0,,Multifamily Housing,Multifamily Housing (20400.0),57.9,83.0,1180863.686,885325.8,47019.653,86617.2,17768.652,,,,,,,,,,,,,,,,,,,,,,50.58,in compliance,64788.305,2030.0,Yes,No,No,No,Yes,Yes,,,25.02836546537684,3.1758973039215688,9.923290179832307,4.05871738457895,13.981756665994522,11.078880387657119,1.1555902078248113,3.220009800290047
4328,106380,2010454000.0,,250 spring st,250 spring st,250 spring st,,2132.0,250 spring st,boston,2132,28860.0,,Multifamily Housing,Multifamily Housing (28860.0),54.8,84.0,1580876.314,1222583.9,64931.431,105009.5,21541.649,,,,,,,,,,,,,,,,,,,,,,37.42,in compliance,86473.08,2030.0,Yes,No,No,No,Yes,Yes,,,22.66516123063376,2.9962952182952183,10.270211832327862,4.00369019395397,14.273489880367194,11.367588430610052,1.0973765982821893,3.120828998006768
2119,103095,2010637001.0,,1459 vfw pkwy,1459 vfw pkwy,1459 vfw pkwy,,2132.0,1459  1461 vfw pw,boston,2132,90390.0,5000.0,Multifamily Housing,"Multifamily Housing (90390.0),Parking (15000.0)",62.7,98.0,5666521.028,5461059.6,290036.875,60217.3,12352.977,,,,,,,,,,,,,,,,,,,,,,58.2,pending revisions,302389.852,2025.0,No,No,No,No,No,No,,,3.6260424902635693,3.3453905520522182,11.411888920792457,4.138361447638875,15.55008591208093,12.619472364523368,1.2075834437309112,1.2881418304834085
4460,106551,2010655010.0,vfw parkway condominium llc,1522 vfw pkwy,1522 vfw pkwy,1522 vfw pkwy,,2132.0,1522 vfw pw,boston,2132,25202.0,,Multifamily Housing,Multifamily Housing (25202.0),36.8,,928072.052,239800.0,12735.778,201721.0,41381.046,,,,,,,,,,,,,,,,,,,,,,15.75,in compliance,54116.824,2030.0,I'm not sure,No,No,No,I'm not sure,I'm not sure,,,74.16474924190477,2.1473225934449647,10.134678635429639,3.6054978451748854,13.740864650995714,10.898900396157702,0.7642217607280629,4.306288959685855
2209,103316,2011354000.0,,121-125 grove st,121,125 grove st,,2132.0,95  99 grove st,boston,2132,34200.0,,Multifamily Housing,Multifamily Housing (34200.0),47.2,46.0,1614282.248,1046000.0,55553.06,166554.0,34166.888,,,,,,,,,,,,,,,,,,,,,,2.32,pending revisions,89719.948,2025.0,I'm not sure,No,No,No,I'm not sure,I'm not sure,,,35.20494831706779,2.623390292397661,10.439980923050696,3.8543938925915096,14.294400987368313,11.404448409053058,0.9644674860023618,3.56118664991343
868,101171,2011609000.0,boston housing authority,5300 washington st,5300 washington st,5300 washington st,,2132.0,5300 washington st,boston,2132,47460.0,,Multifamily Housing,Multifamily Housing (47460.0),71.2,,3378008.744,944700.0,50173.017,713162.0,146298.053,,,,,,,,,,,,,,,,,,,,,,99.93,in compliance,196471.07,2025.0,No,No,No,No,No,No,,,72.03698695636058,4.139719131900548,10.767642529989754,4.26549281841793,15.032796964860445,12.188270472989469,1.4206279429997144,4.277179694840642
1163,101734,2011777000.0,cheriton grove lp a mass lp,20 cheriton rd,20 cheriton rd,20 cheriton rd,,2132.0,20 cheriton rd,boston,2132,43174.0,,Multifamily Housing,Multifamily Housing (43174.0),76.4,40.0,3298672.905,1927917.6,102391.704,401745.4,82414.051,,,,,,,,,,,,,,,,,,,,,,28.64,in compliance,184805.755,2025.0,No,No,No,No,No,No,,,41.556577632543416,4.280487214527262,10.672993741194823,4.335982696172475,15.009030795552711,12.127060579479718,1.4540668382848951,3.7270558152113864
1164,101735,2011777010.0,cheriton heights lp,18 cheriton rd,18 cheriton rd,18 cheriton rd,,2132.0,18 cheriton rd,boston,2132,79367.0,,Multifamily Housing,Multifamily Housing (79367.0),38.8,95.0,3075529.168,1839569.7,97699.547,362239.0,74309.708,,,,,,,,,,,,,,,,,,,,,,28.39,in compliance,172009.255,2025.0,No,No,No,No,No,No,,,40.18865490564581,2.167264165207202,11.281837943714027,3.6584202466292277,14.93898753157193,12.055303562487518,0.7734656187734924,3.6935847395170005
4520,106664,2011957010.0,,5170 washington st,5170 washington st,5170 washington st,,2132.0,5170 washington st,boston,2132,33340.0,,Multifamily Housing,Multifamily Housing (33340.0),39.0,76.0,1300585.52,555200.0,29486.672,218460.0,44814.884,,,,,,,,,,,,,,,,,,,,,,43.91,in compliance,74301.556,2025.0,I'm not sure,No,No,No,I'm not sure,I'm not sure,,,57.31405413463314,2.2286009598080385,10.414513156304785,3.6635616461296463,14.078325121032131,11.215887172613082,0.8013740163082964,4.048545866501951
4521,106665,2011957010.0,,11 cheriton rd,11 cheriton rd,11 cheriton rd,,2132.0,5170 washington st,boston,2132,33340.0,,Multifamily Housing,Multifamily Housing (33340.0),40.3,95.0,1343303.104,987800.0,52462.058,104192.0,21373.947,,,,,,,,,,,,,,,,,,,,,,43.91,in compliance,73836.005,2025.0,I'm not sure,No,No,No,I'm not sure,I'm not sure,,,26.466009922954807,2.214637222555489,10.414513156304785,3.696351468952637,14.110642141775749,11.209601764246132,0.7950886079413478,3.2758612652829573
3586,105315,2012112000.0,,15  39 ridgecrest te,15  39 ridgecrest te,15  39 ridgecrest te,,2132.0,15  39 ridgecrest te,boston,2132,156555.0,,Multifamily Housing,"Multifamily Housing (156555.0),Swimming Pool (0.0)",39.7,93.0,6211121.796,3606800.2,191557.159,763283.0,156579.875,,,,,,,,,,,,,,,,,,,,,,38.1,in compliance,348137.034,2025.0,No,No,No,No,No,No,,,41.93181479917642,2.223736284372904,11.961162664922261,3.681351187693145,15.641852081073853,12.760351457109312,0.7991887921870506,3.736044841886316
5127,107564,2100003000.0,,191-195 park dr,191,191 park dr,,2215.0,,,,39405.0,,Multifamily Housing,Multifamily Housing (39405.0),30.7,100.0,1210876.516,,,136393.0,27979.66,,,,,,,,,,745503.6,55323.822,,,,,,,,,,,32.41,in compliance,83303.482,2030.0,I'm not sure,No,No,No,I'm not sure,I'm not sure,,,38.43442075228091,2.1140332952670984,10.58164799078775,3.4242626545931514,14.006855048715101,11.330245628001597,0.7485976372138466,3.6489534318479535
2691,104089,2100004000.0,levenson norman a trst,195 park dr,195 park dr,195 park dr,,2215.0,195 park dr,boston,2215,20720.0,,Multifamily Housing,Multifamily Housing (20720.0),49.8,88.0,1030989.052,,,83671.0,17164.269,,,,,,,,,,745503.6,55323.822,,,,,,,,,,,61.63,in compliance,72488.091,2025.0,I'm not sure,No,No,No,I'm not sure,I'm not sure,,,27.691661913981214,3.4984599903474902,9.938854696373419,3.9080149840306073,13.846029144126033,11.19117756528131,1.25232286890789,3.3211313539438083
2264,103380,2100010000.0,guarini rosalyn e trst,106 queensberry st,106 queensberry st,106 queensberry st,,2215.0,106 queensberry st,boston,2215,66452.0,,Multifamily Housing,Multifamily Housing (66452.0),57.9,88.0,3850142.872,2842900.0,150986.419,295206.0,60558.559,,,,,,,,,,,,,,,,,,,,,,5.7,in compliance,211544.978,2025.0,I`m not sure,No,No,No,I`m not sure,I`m not sure,C10076,,26.162331798787335,3.183425299464275,11.10423516150637,4.05871738457895,15.163620815185812,12.262192916797659,1.1579577552912899,3.2643206586558886
2273,103392,2100015000.0,,94 queensberry st,94 queensberry st,94 queensberry st,,2215.0,94 queensberry st,boston,2215,21310.0,,Multifamily Housing,Multifamily Housing (21310.0),75.0,,1598624.508,1432600.0,76085.386,48659.0,9981.907,,,,,,,,,,,,,,,,,,,,,,5015.4,in compliance,86067.293,2030.0,No,No,No,No,No,No,,,10.385916518802677,4.038821820741436,9.966931725092662,4.31748811353631,14.284654134971088,11.362884746004505,1.3959530209118425,2.340450707531425
3370,104998,2100029000.0,park 231-235 assoc llc,231 park dr,231 park dr,231 park dr,,2215.0,231  235 park dr,boston,2215,58002.0,,Multifamily Housing,Multifamily Housing (58002.0),67.3,88.0,3903866.552,3208855.8,170422.332,203696.0,41786.197,,,,,,,,,,,,,,,,,,,,,,43.2,in compliance,212208.529,2025.0,No,No,No,No,No,No,,,17.803920731970756,3.658641581324782,10.96823277169266,4.209160236650682,15.17747804355384,12.265324697568243,1.2970919258755829,2.8794186988841344
3325,104924,2100033000.0,,110 peterborough st,110 peterborough st,110 peterborough st,,2215.0,110 peterborough st,boston,2215,40752.0,,Multifamily Housing,Multifamily Housing (40752.0),50.0,93.0,2035924.76,1362634.8,72369.534,197330.0,40480.276,,,,,,,,,,,,,,,,,,,,,,49.3,in compliance,112849.81,2025.0,No,No,No,No,No,No,,,33.071927446866944,2.769184579897919,10.615260197219238,3.912023005428146,14.526460701156346,11.6338130985934,1.018552901374162,3.4986848091436746
1971,102925,2100033010.0,fenway views condo trust,104-108 peterborough st,104,108 peterborough st,,2215.0,108 peterborough st,boston,2215,56854.0,1646.0,Multifamily Housing,"Multifamily Housing (56854.0),Parking (1646.0)",65.6,83.0,3730596.172,2849000.2,151310.401,258381.0,53004.278,,,,,,,,,,,,,,,,,,,,,,44.25,in compliance,204314.679,2025.0,No,No,No,No,No,No,,,23.63254258842359,3.5936728990044675,10.948241857301557,4.183575695950044,15.132078610483672,12.227416628444875,1.279174771143318,3.1626246854282756
3432,105073,2100040000.0,,115-125 peterborough st,115,125 peterborough st,,2215.0,115  125 peterborough st,boston,2215,62536.0,,Multifamily Housing,Multifamily Housing (62536.0),64.8,88.0,4051624.156,3510948.4,186466.47,158463.0,32507.1,,,,,,,,,,,,,,,,,,,,,,10.26,in compliance,218973.57,2025.0,No,No,No,No,No,No,,,13.345253770621463,3.5015602213125243,11.043497669900166,4.1713056033582285,15.214628384866057,12.29670631658412,1.2532086466839525,2.5911607988331546
3468,105134,2100054014.0,,176-200 brookline av,176,200 brookline av,,2215.0,176  200 brookline av,boston,2215,423117.0,,Multifamily Housing,"Hotel (44762.0),Restaurant (6477.0),Office (3013.0),Multifamily Housing (355699.0),Swimming Pool (0.0),Retail Store (13166.0)",62.0,42.0,26248038.62,11908477.4,632459.235,4202685.0,862138.801,,,,,,,,,,,,,,,,,,,,,,27.31,in compliance,1494598.036,2025.0,No,No,No,No,No,No,,,54.633383584796015,3.532351656870322,12.955404015527545,4.127134385045092,17.08310182497219,14.2173678564135,1.2619638408859548,4.000645116876175
1962,102916,2100063010.0,fenway center owner 1-2 llc,761-779 beacon st,761,779 beacon st,,2115.0,771  775 beacon st,boston,2115,348113.0,86909.0,Multifamily Housing,"Multifamily Housing (310737.0),Swimming Pool (0.0),Parking (86909.0),Retail Store (37376.0)",37.7,88.0,13139688.5,2860584.7,151925.653,3012633.0,618011.534,,,,,,,,,,,,,,,,,,,,,,19.33,in compliance,769937.187,2025.0,No,No,No,No,No,No,,,78.23287204221013,2.2117449994685634,12.76028241869255,3.629660094453965,16.391147864499253,13.554064215177744,0.7937817964851949,4.35968991782138
3911,105839,2100065000.0,,61 brookline ave,61 brookline ave,61 brookline ave,,2215.0,61  65 brookline av,boston,2215,88434.0,11250.0,Multifamily Housing,"Restaurant (9000.0),Multifamily Housing (71834.0),Other - Restaurant/Bar (600.0),Bank Branch (7000.0),Parking (14830.0)",38.4,44.0,3393533.86,65622.6,3485.216,975355.0,200084.325,,,,,,,,,,,,,,,,,,,,,,22.22,in compliance,203569.541,2025.0,No,No,No,No,No,No,,,98.07055714039642,2.3019375014134833,11.390011790064813,3.648057459593681,15.037382372975095,12.223762950305884,0.833751160241072,4.585687190436286
2105,103081,2100122000.0,four 52 park drive,452 park dr,452 park dr,452 park dr,,2215.0,452 park dr,boston,2215,26460.0,,Multifamily Housing,Multifamily Housing (26460.0),60.9,81.0,1610402.988,1347000.0,71539.17,77199.0,15836.603,,,,,,,,,,,,,,,,,,,,,,28.56,in compliance,87375.773,2030.0,I'm not sure,No,No,No,I'm not sure,I'm not sure,,,16.357059059927675,3.3021834089191233,10.183389437668946,4.109233174715851,14.291995008745639,11.377973326421156,1.1945838887522082,2.7946595509520047
2525,103889,2100154000.0,,857 beacon st,857 beacon st,857 beacon st,,2215.0,857 beacon st,boston,2215,31423.0,,Multifamily Housing,Multifamily Housing (31423.0),24.3,98.0,764054.636,55372.0,2940.807,207703.0,42608.193,,,,,,,,,,,,,,,,,,,,,,16.0,in compliance,45549.0,2030.0,No,No,No,No,No,No,,,92.75695193216522,1.4495433281354422,10.355295387837245,3.190476350346503,13.546394578680724,10.726543948550297,0.37124856071305196,4.5299826521252005
348,100479,2100167000.0,audubon park condo tr,16 miner st,16 miner st,16 miner st,,2215.0,16 miner st,boston,2215,84310.0,,Multifamily Housing,Multifamily Housing (84310.0),38.3,86.0,3229725.472,1501782.9,79759.69,506431.0,103889.255,,,,,,,,,,,,,,,,,,,,,,20.06,in compliance,183648.945,2025.0,No,No,No,No,No,No,,,53.5035733417902,2.1782581544300794,11.342255760916721,3.6454498961866,14.987907698397859,12.12078130660839,0.7785255456916675,3.979748443106843
2957,104430,2100169000.0,miner realty inc,839-843 beacon st,839,843 beacon st,,2215.0,839 beacon st,boston,2215,46850.0,0.0,Multifamily Housing,"Multifamily Housing (46850.0),Parking (0.0)",42.2,89.0,1975288.612,1081000.0,57411.91,262101.0,53767.399,,,,,,,,,,,,,,,,,,,,,,15.8,in compliance,111179.309,2025.0,No,No,No,No,No,No,,,45.275810416609644,2.37309090715048,10.754706287666568,3.742420221041966,14.49622507829925,11.618899573341537,0.8641932856749689,3.8127729034791744
2665,104059,2100170000.0,,829 beacon st,829 beacon st,829 beacon st,,2215.0,829  833 beacon st,boston,2215,50634.0,,Multifamily Housing,Multifamily Housing (50634.0),58.9,96.0,2980532.824,2306400.1,122492.909,197577.0,40530.946,,,,,,,,,,,,,,,,,,,,,,28.59,in compliance,163023.855,2025.0,I'm not sure,No,No,No,I'm not sure,I'm not sure,,,22.618853753982343,3.219651913733855,10.832378566386021,4.075841090657541,14.907612642498773,12.001651818774079,1.1692732523880578,3.118783795397918
944,101278,2100195000.0,boston university trsts of,46 mountfort st # b,46 mountfort st # b,46 mountfort st # b,,2215.0,15 arundel st,boston,2215,30467.0,,Multifamily Housing,Multifamily Housing (30467.0),68.6,59.0,2090426.55,1746033.6,92731.844,100935.8,20705.97,,,,,,,,,,,,,,,,,,,,,,34.99,in compliance,113437.814,2030.0,No,Yes,No,No,No,No,,,16.475493480983584,3.723301079856894,10.324399409633317,4.22829253473184,14.552878694026369,11.639010071481554,1.3146106618482356,2.8018740332622
4778,107071,2100199000.0,boston university trsts of,24 buswell street,24 buswell street,24 buswell street,,2115.0,24 buswell street,boston,2115,25886.0,,Multifamily Housing,Multifamily Housing (25886.0),51.2,94.0,1324991.515,1161251.0,61674.041,47989.6,9844.587,,,,,,,,,,,,,,,,,,,,,,31.18,in compliance,71518.628,2030.0,No,Yes,No,No,No,No,,,12.358397150943267,2.7628304102603725,10.161457561002383,3.9357395320454622,14.09691661360837,11.1777132262182,1.0162556652158174,2.514335763275926
926,101260,2100201000.0,boston university trsts,14 buswell st,14 buswell st,14 buswell st,,2215.0,10  18 buswell st,boston,2215,67049.0,,Multifamily Housing,Multifamily Housing (67049.0),49.2,96.0,3301694.13,2599666.6,138068.293,205752.5,42208.068,,,,,,,,,,,,,,,,,,,,,,48.68,in compliance,180276.361,2025.0,No,Yes,No,No,No,No,,,21.26358061141781,2.688725573834062,11.113178974355504,3.8958936234982624,15.009946267433286,12.102246291333497,0.9890673169779935,3.056995778837047
945,101279,2100202000.0,boston university trsts of,6 buswell st,6 buswell st,6 buswell st,,2215.0,6 buswell st,boston,2215,25818.0,,Multifamily Housing,Multifamily Housing (25818.0),77.9,37.0,2012472.857,1644091.5,87317.7,107966.4,22148.227,,,,,,,,,,,,,,,,,,,,,,38.23,in compliance,109465.927,2030.0,No,Yes,No,No,No,No,,,18.305715303369183,4.239907312727555,10.158827202066655,4.355425952876702,14.514874800978934,11.603368610865818,1.4445414087991633,2.907213322747759
946,101280,2100205000.0,boston university trsts of,844-844a beacon st,844,844a beacon st,,2215.0,844 844a beacon st,boston,2215,20858.0,,Multifamily Housing,Multifamily Housing (20858.0),72.2,87.0,1505062.176,1294372.2,68744.108,61749.7,12667.333,,,,,,,,,,,,,,,,,,,,,,54.13,in compliance,81411.441,2030.0,No,Yes,No,No,No,No,,,13.999371070168998,3.903127864608304,9.945492846681159,4.279440045898781,14.224344768268567,11.307271094939562,1.3617782482584035,2.639012405046808
4780,107073,2100210000.0,trustees of boston university,856 beacon street                                       ,856 beacon street                                       ,856 beacon street                                       ,,2115.0,856-862 beacon street,boston,2115,39733.0,,Multifamily Housing,Multifamily Housing (39733.0),75.7,70.0,3006509.348,2394894.7,127192.858,179254.0,36772.166,,,,,,,,,,,,,,,,,,,,,,5.94,in compliance,163965.024,2025.0,No,Yes,No,No,No,No,,,20.34390934147197,4.126671129791357,10.589937355648342,4.3267781604434035,14.91629027872019,12.007408415768737,1.4174710601203946,3.0127815718314763
4612,106793,2100220000.0,yu sheng hsiung,900 beacon st,900 beacon st,900 beacon st,,2215.0,900 beacon st,boston,2215,34135.0,10970.0,Multifamily Housing,"Multifamily Housing (34135.0),Parking (10970.0)",112.8,1.0,3850071.02,2160499.8,114744.144,495185.0,101582.251,,,,,,,,,,,,,,,,,,,,,,46.82,in compliance,216326.395,2030.0,No,No,No,No,No,No,,,43.88608648964611,6.337377911234802,10.438078529852381,4.725616339063959,15.163602152847075,12.28454363408468,1.8464651042322993,3.7815973333916224
947,101281,2100233000.0,boston university trsts of,90 saint mary's st,90 saint mary's st,90 saint mary's st,,2215.0,90 st marys st,boston,2215,23107.0,,Multifamily Housing,Multifamily Housing (23107.0),87.2,,2015237.71,1770531.8,94032.944,71719.2,14712.477,,,,,,,,,,,,,,,,,,,,,,38.66,in compliance,108745.421,2030.0,No,Yes,No,No,No,No,,,12.143315255846417,4.706167871207859,10.047890880908506,4.468204330914934,14.516247716628305,11.596764842317333,1.548873961408826,2.4967788336754175
3326,104925,2100256000.0,one-20 mountfort street,120 mountfort st,120 mountfort st,120 mountfort st,,2215.0,120 mountfort st,boston,2215,54883.0,,Multifamily Housing,Multifamily Housing (54883.0),40.1,95.0,2198243.54,1234200.0,65548.362,282545.0,57961.281,,,,,,,,,,,,,,,,,,,,,,38.97,in compliance,123509.643,2025.0,No,No,No,No,No,No,,,43.85710246417919,2.2504171236995063,10.912958925628738,3.6913763343125234,14.603169208535691,11.724074512973669,0.8111155873449312,3.780936677519259
4784,107081,2100268000.0,boston university trsts of,509 park dr  ,509 park dr  ,509 park dr  ,,2115.0,509 park dr,boston,2115,31409.0,,Multifamily Housing,Multifamily Housing (31409.0),58.1,93.0,1824416.782,1484580.9,78846.092,99600.2,20431.985,,,,,,,,,,,,,,,,,,,,,,31.69,in compliance,99278.077,2030.0,No,Yes,No,No,No,No,,,18.627915824006053,3.1608162310165877,10.354849755031296,4.062165663857866,14.416770922418024,11.505680050230785,1.1508302951994889,2.924661306321326
921,101252,2100271000.0,boston university trst of,96 mountfort st,96 mountfort st,96 mountfort st,,2215.0,96  100 mountfort st,boston,2215,26742.0,,Multifamily Housing,Multifamily Housing (26742.0),46.9,90.0,1252907.21,949697.1,50438.413,88865.8,18229.93,,,,,,,,,,,,,,,,,,,,,,15.06,in compliance,68668.343,2030.0,No,Yes,No,No,No,No,,,24.201587878961924,2.567808802632563,10.193990642174612,3.8480176754522337,14.0409771768663,11.137043571426984,0.9430529292523736,3.186418245843219
929,101263,2100321001.0,boston university trsts,728 commonwealth av,728 commonwealth av,728 commonwealth av,,2215.0,728 commonwealth av,boston,2215,29574.0,,Multifamily Housing,Multifamily Housing (29574.0),76.9,67.0,2273332.078,1875897.2,99628.9,116481.5,23895.015,,,,,,,,,,,,,,,,,,,,,,53.4,in compliance,123523.915,2030.0,No,Yes,No,No,No,No,,,17.483250866484273,4.176774024480963,10.294650875933433,4.3425058765115985,14.63675718895197,11.72419006002834,1.4295391840949065,2.861243329279427
930,101264,2100322000.0,boston university trsts,726 commonwealth ave,726 commonwealth ave,726 commonwealth ave,,2215.0,726 commonwealth av,boston,2215,28278.0,,Multifamily Housing,Multifamily Housing (28278.0),79.3,74.0,2241673.154,1875897.2,99628.9,107202.8,21991.582,,,,,,,,,,,,,,,,,,,,,,55.84,in compliance,121620.482,2025.0,No,Yes,No,No,No,No,,,16.317813030293355,4.300886979277177,10.249839396151787,4.373238128640803,14.622733088757576,11.7086606718302,1.458821275678415,2.7922573350596913
931,101265,2100323001.0,boston university trsts,722 commonwealth av,722 commonwealth av,722 commonwealth av,,2215.0,722 commonwealth av,boston,2215,28633.0,,Multifamily Housing,Multifamily Housing (28633.0),81.0,63.0,2319107.129,1875897.2,99628.9,129897.4,26647.153,,,,,,,,,,,,,,,,,,,,,,55.15,in compliance,126276.053,2025.0,No,Yes,No,No,No,No,,,19.11207153250918,4.4101579645863165,10.262315177792935,4.394449154672439,14.656692811375917,11.746225686244268,1.4839105084513322,2.9503201528225516
1594,102382,2100470000.0,,195 gardner st,195 gardner st,,,2134.0,1035  1037 commonwealth av,boston,2134,159000.0,66000.0,Multifamily Housing,"Personal Services (Health/Beauty, Dry Cleaning, etc) (2012.0),Restaurant (2010.0),Multifamily Housing (154978.0),Parking (66000.0)",76.0,26.0,12089878.03,3529900.2,187473.0,2508786.0,514652.36,,,,,,,,,,,,,,,,,,,,,,55.16,in compliance,702125.36,2025.0,No,No,No,No,No,No,,,70.80595956930428,4.415882767295598,11.976659481202368,4.330733340286331,16.30787913403719,13.461867242563818,1.4852077613614487,4.25994317186487
3752,105606,2100471000.0,,1039-1045 commonwealth ave,1039,1045 commonwealth ave,,2134.0,1039  1045 commonwealth av,boston,2134,36796.0,,Multifamily Housing,"Multifamily Housing (18796.0),Retail Store (18000.0)",56.4,90.0,2073745.42,1570100.1,83388.016,147610.0,30280.715,,,,,,,,,,,,,,,,,,,,,,21.91,in compliance,113668.731,2025.0,Yes,No,No,No,Yes,Yes,,,24.287815497622653,3.089159990216328,10.513144422597048,4.032469158504013,14.544866911924979,11.641043628722953,1.1278992061259048,3.189974804742611
2990,104486,2100542000.0,montrose inc,72 gardner st,72 gardner st,72 gardner st,,2134.0,72 gardner st,boston,2134,61020.0,,Multifamily Housing,Multifamily Housing (61020.0),20.1,100.0,1227863.296,876400.0,46545.604,103008.0,21131.061,,,,,,,,,,,,,,,,,,,,,,31.38,in compliance,67676.665,2030.0,No,No,No,No,No,No,,,28.625234449552273,1.1090898885611273,11.01895695827066,3.0007198150650303,14.020786059016848,11.122496717061274,0.10353975879061376,3.354288652218235
3318,104917,2100552000.0,one six ashford l p mass lps,1 ashford ct,1 ashford ct,1 ashford ct,,2134.0,1  6 ashford ct,boston,2134,40224.0,,Multifamily Housing,Multifamily Housing (40224.0),50.8,95.0,2041416.28,1737100.0,92257.381,89190.0,18296.437,,,,,,,,,,,,,,,,,,,,,,25.03,in compliance,110553.818,2030.0,No,No,No,No,No,No,,,14.907770721804964,2.7484541070007955,10.602219111389974,3.927896354584436,14.529154379838909,11.613257722098089,1.011038610708115,2.7018826019578928
2757,104167,2100555000.0,,40 malvern st,40 malvern st,40 malvern st,,2134.0,ashford st,boston,2134,39180.0,0.0,Multifamily Housing,"Multifamily Housing (39180.0),Parking (13000.0)",71.0,83.0,2780396.052,1933039.5,102663.728,248346.0,50945.698,,,,,,,,,,,,,,,,,,,,,,61.87,in compliance,153609.426,2025.0,No,No,No,No,No,No,,,30.47744954501899,3.9206081163859112,10.575921691498532,4.2626798770413155,14.838103940267883,11.94216846500032,1.3662467735017882,3.4169870509728635
894,101220,2100587000.0,boston rehabilitation,98 chester st,98 chester st,98 chester st,,2134.0,98 chester st,boston,2134,43716.0,,Multifamily Housing,Multifamily Housing (43716.0),32.0,94.0,1397159.956,1015318.6,53923.571,111911.3,22957.484,,,,,,,,,,,,,,,,,,,,,,21.6,in compliance,76881.055,2030.0,No,No,No,No,No,No,,,27.331025388692147,1.7586479778570774,10.685469446796564,3.4657359027997265,14.149952131326605,11.250014766234722,0.5645453194381582,3.3080225180320717
2158,103142,2100611000.0,,31-35 gardner st,31,35 gardner st,,2134.0,31  35 gardner st,boston,2134,27916.0,,Multifamily Housing,Multifamily Housing (27916.0),65.3,79.0,1821972.736,1563077.0,83015.019,75878.0,15565.613,,,,,,,,,,,,,,,,,,,,,,32.84,in compliance,98580.632,2025.0,I'm not sure,No,No,No,I'm not sure,I'm not sure,,,14.210263006921306,3.531330849691933,10.236955280137042,4.178992036282385,14.415430392914011,11.49863009127554,1.2616748111384974,2.6539644505176927
5459,108008,2100635010.0,,89-95 brighton ave,89,95 brighton ave,,2134.0,,,,117161.0,,Multifamily Housing,Multifamily Housing (117161.0),44.2,58.0,5174021.612,1949592.9,103542.879,945026.0,193862.634,,,,,,,,,,,,,,,,,,,,,,26.04,in compliance,297405.513,2025.0,No,No,No,No,No,No,,,62.32232309237599,2.538434402232825,11.671304336241537,3.7887247890836524,15.459160818758429,12.602851850159848,0.9315475139183115,4.13231967770303
2156,103140,2100637000.0,,127-137 brighton ave,127,137 brighton ave,,2134.0,127  137 brighton av,boston,2134,29200.0,,Multifamily Housing,Multifamily Housing (29200.0),85.1,18.0,2484553.936,1808200.0,96033.502,198228.0,40664.492,,,,,,,,,,,,,,,,,,,,,,42.29,in compliance,136697.994,2030.0,I'm not sure,No,No,No,I'm not sure,I'm not sure,,,27.22354545818159,4.681438150684932,10.281923988256374,4.443827035579329,14.72560369878465,11.825529348134728,1.5436053598783552,3.3040822406950396
2370,103582,2100659000.0,harvard gardner llc mass llc,8 gardner st,8 gardner st,8 gardner st,,2134.0,8  4 gardner st,boston,2134,23000.0,,Multifamily Housing,Multifamily Housing (23000.0),29.2,99.0,671791.132,321000.0,17048.31,102811.0,21090.649,,,,,,,,,,,,,,,,,,,,,,46.44,in compliance,38138.959,2030.0,No,No,No,No,No,No,,,52.21958685367106,1.6582156086956523,10.043249494911286,3.374168709274236,13.417702755715954,10.548991584602579,0.5057420896912912,3.9554576515903377
2371,103584,2100660000.0,harvard gardner llc mass llc,74-84 harvard ave,74,84 harvard ave,,2134.0,84  74 harvard av,boston,2134,23692.0,,Multifamily Housing,Multifamily Housing (23692.0),65.6,88.0,1554567.996,1312459.3,69704.713,70958.0,14556.324,,,,,,,,,,,,,,,,,,,,,,93.8,in compliance,84261.037,2030.0,No,No,No,No,No,No,,,15.574702446145045,3.5565185294614214,10.072892717396856,4.183575695950044,14.256708248920265,11.341674842601828,1.268782125204972,2.7456479599096446
3439,105081,2100669000.0,pizzuti donato f trst,4-12 farrington ave,4,12 farrington ave,,2134.0,33 highgate st,boston,2134,37792.0,,Multifamily Housing,Multifamily Housing (37792.0),62.2,74.0,2350560.624,1911600.0,101525.076,128652.0,26391.671,,,,,,,,,,,,,,,,,,,,,,18.01,in compliance,127916.747,2030.0,No,No,No,No,No,No,,,18.675541371614504,3.3847572766723117,10.53985271899709,4.130354999745133,14.670164421072872,11.759134917228266,1.2192821982311777,2.9272147197079152
5287,107797,2100710000.0,,392 cambridge st,392 cambridge st,392 cambridge st,,2134.0,,,,54840.0,8000.0,Multifamily Housing,"Restaurant (4500.0),Multifamily Housing (50340.0),Parking (11600.0)",45.1,81.0,2473748.384,1052200.0,55882.342,416632.0,85467.888,,,,,,,,,,,,,,,,,,,,,,23.74,in compliance,141350.23,2030.0,I'm not sure,No,No,No,I'm not sure,I'm not sure,,,57.46788509271442,2.5775023705324585,10.91217513367625,3.8088822465086327,14.721245122639477,11.85899599028702,0.9468208566107698,4.051226271646133
2382,103596,2100728000.0,harvard terrace llc,8-10 harvard ter,8,10 harvard ter,,2134.0,16  8 harvard te,boston,2134,30820.0,,Multifamily Housing,Multifamily Housing (30820.0),25.9,100.0,799629.904,226100.0,12008.171,168092.0,34482.393,,,,,,,,,,,,,,,,,,,,,,2932.18,pending revisions,46490.564,2030.0,I'm not sure,No,No,No,I'm not sure,I'm not sure,,,71.72757233451338,1.5084543802725503,10.335919108874107,3.254242968705492,13.591904279608418,10.747004646252256,0.41108553737814907,4.2728752250725535
3413,105049,2100749000.0,,1125 commonwealth ave,1125 commonwealth ave,1125 commonwealth ave,,2134.0,1125 commonwealth av,boston,2134,71440.0,,Multifamily Housing,Multifamily Housing (71440.0),28.5,100.0,2037114.8,56100.0,2979.471,72975.0,14970.092,,,,,,,,,,1732024.1,128533.508,,,,,,,,,,,14.55,in compliance,146483.071,2025.0,I'm not sure,No,No,No,I'm not sure,I'm not sure,,,12.223250562511252,2.050434924412094,11.17661321555038,3.349904087274605,14.52704505100924,11.89466514444812,0.7180519288977399,2.5033399218496224
16,100025,2100753000.0,1139 commonwealth llc mass llc,1139 commonwealth ave,1139 commonwealth ave,1139 commonwealth ave,,2134.0,1139 commonwealth av,boston,2134,23830.0,,Multifamily Housing,Multifamily Housing (23830.0),73.7,95.0,1756201.576,1567092.5,83228.283,55424.7,11369.823,,,,,,,,,,,,,,,,,,,,,,31.19,in compliance,94598.106,2030.0,No,No,No,No,No,No,,,10.768546884904971,3.9697065044062105,10.078700570092789,4.300002799195291,14.378663839299726,11.457392733697894,1.378692163605107,2.3766295595867937
3057,104587,2100760000.0,,48 brighton ave,48 brighton ave,48 brighton ave,,2134.0,48 brighton av,boston,2134,38274.0,,Multifamily Housing,Multifamily Housing (38274.0),90.4,77.0,3459171.804,3173700.0,168555.207,83667.0,17163.448,,,,,,,,,,,,,,,,,,,,,,34.81,in compliance,185718.655,2025.0,I'm not sure,No,No,No,I'm not sure,I'm not sure,,,8.252968346928629,4.852345064534671,10.55252609347001,4.504244267398131,15.05653975537623,12.131988200022775,1.5794621065527648,2.110572935261938
1878,102800,2100772000.0,,1157-1161 commonwealth ave,1157,1161 commonwealth ave,,2134.0,1157  1161 commonwealth av,boston,2134,26256.0,,Multifamily Housing,Multifamily Housing (26256.0),56.6,,1484840.09,1442499.9,76611.17,12409.2,2545.623,,,,,,,,,,,,,,,,,,,,,,24.79,in compliance,79156.793,2030.0,No,No,No,No,No,No,,,2.8516236910063495,3.0148077772699575,10.175649813329873,4.036008985209137,14.21081764091897,11.279185886010538,1.1035360726806653,1.0478885481965088
1879,102801,2100778000.0,eleven 57 1177 commonwealth,1165-1177 commonwealth ave,1165,1177 commonwealth ave,,2134.0,1165  1177 commonwealth av,boston,2134,55530.0,,Multifamily Housing,Multifamily Housing (55530.0),47.8,98.0,2654254.689,2578500.1,136944.14,22202.4,4554.6,,,,,,,,,,,,,,,,,,,,,,20.57,pending revisions,141498.74,2030.0,No,No,No,No,No,No,,,2.854206850381117,2.548149468755627,10.924678694235652,3.86702563949741,14.791674453474993,11.860046091432144,0.9353673971964906,1.0487939937867732
2709,104111,2100792000.0,,56 brighton ave,56 brighton ave,56 brighton ave,,2134.0,56 brighton av,boston,2134,21235.0,,Multifamily Housing,Multifamily Housing (21235.0),16.2,100.0,343263.932,45700.0,2427.127,87211.0,17890.465,,,,,,,,,,,,,,,,,,,,,,11133.89,pending revisions,20317.592,2025.0,No,No,No,No,No,No,,,86.69044018583345,0.9567973628443608,9.963406042747371,2.785011242238338,12.746254911298879,9.919242390733263,-0.04416365201410746,4.462343614567893
3442,105084,2100817000.0,pizzuti family inc,1197 commonwealth ave,1197 commonwealth ave,1197 commonwealth ave,,2134.0,1197 commonwealth av,boston,2134,21770.0,,Multifamily Housing,Multifamily Housing (21770.0),92.4,44.0,2011477.188,1825100.1,96931.066,54624.0,11205.567,,,,,,,,,,,,,,,,,,,,,,34.31,in compliance,108136.633,2030.0,No,No,No,No,No,No,C10033,,9.266089752940314,4.967231649058337,9.988288154228593,4.526126978647638,14.514379929517219,11.591150826886265,1.6028626726576725,2.2263614732134975
3440,105082,2100881000.0,,15 glenville ave,15 glenville ave,15 glenville ave,,2134.0,15 glenville av,boston,2134,24216.0,,Multifamily Housing,Multifamily Housing (24216.0),49.0,91.0,1187454.712,912700.0,48473.497,80526.0,16519.104,,,,,,,,,,,,,,,,,,,,,,28.24,in compliance,64992.601,2030.0,No,No,No,No,No,No,,,23.13913853920519,2.6838702097786586,10.094768850701554,3.8918202981106265,13.987322676900531,11.082028711629329,0.9872598609277751,3.1415254928618777
1995,102953,2100898000.0,fifty 6 park vale & 178,178 brighton ave,178 brighton ave,178 brighton ave,,2134.0,178 brighton av,boston,2134,44510.0,,Multifamily Housing,Multifamily Housing (44510.0),55.0,88.0,2446598.924,2071016.2,109991.67,110077.0,22581.196,,,,,,,,,,,,,,,,,,,,,,37.05,in compliance,132572.866,2030.0,I'm not sure,No,No,No,I'm not sure,I'm not sure,,,15.351892452234233,2.978496203100427,10.7034691620099,4.007333185232471,14.710209423800856,11.794887705326657,1.0914185433167567,2.731238753224518
3385,105018,2100900000.0,park vale limited patrnershi,50 park vale ave,50 park vale ave,50 park vale ave,,2134.0,50 park vale av,boston,2134,23985.0,,Multifamily Housing,Multifamily Housing (23985.0),40.3,98.0,966194.428,,,47269.0,9696.763,,,,,,,,,,804912.6,59732.564,,,,,,,,,,,20.56,in compliance,69429.327,2030.0,No,No,No,No,No,No,,,16.693215534668763,2.8946978111319575,10.085183913936165,3.696351468952637,13.781120364163852,11.14806463648415,1.0628807225479862,2.8150023814695677
2943,104413,2100917000.0,mg quint corp,36 quint ave,36 quint ave,36 quint ave,,2134.0,36  44 quint av,boston,2134,51784.0,,Multifamily Housing,Multifamily Housing (51784.0),58.3,85.0,3017251.696,2622200.1,139265.047,115783.0,23751.725,,,,,,,,,,,,,,,,,,,,,,24.09,in compliance,163016.772,2025.0,No,No,No,No,No,No,,,13.09366944672686,3.148014290128225,10.854836500225346,4.065602093356446,14.919856940581237,12.001608370201021,1.1467718699756748,2.572128865063534
2218,103325,2100968000.0,,43 glenville ave,43 glenville ave,43 glenville ave,,2134.0,69 quint av,boston,2134,42135.0,0.0,Multifamily Housing,"Multifamily Housing (42135.0),Parking (4480.0)",76.6,66.0,3228826.82,2909600.1,154528.861,93560.0,19192.898,,,,,,,,,,,,,,,,,,,,,,38.65,in compliance,173721.759,2025.0,I'm not sure,No,No,No,I'm not sure,I'm not sure,,,9.887205842771092,4.122979921680313,10.648634028206454,4.338597076746545,14.987629415598503,12.06521021208679,1.4165761838803352,2.2912415822361596
2954,104427,2101025000.0,,1277 commonwealth ave,1277 commonwealth ave,1277 commonwealth ave,,2134.0,1277 commonwealth av,boston,2134,63287.0,,Multifamily Housing,Multifamily Housing (63287.0),61.8,90.0,3909404.148,2831454.4,150378.543,315929.0,64809.675,,,,,,,,,,,,,,,,,,,,,,43.87,in compliance,215188.218,2025.0,No,No,No,No,No,No,,,27.574461389505846,3.400196217232607,11.055435215792679,4.123903364463645,15.178895528532879,12.27926835670035,1.2238331409076695,3.3168900323832853
5008,107411,2101031000.0,,1293a-1293 commonwealth ave,1293a,1293 commonwealth ave,,2134.0,,,,150870.0,,Multifamily Housing,Multifamily Housing (150870.0),51.8,97.0,7811708.186,6233684.8,331071.0,462492.2,94875.65,,,,,,,,,,,,,,,,,,,,,,36.0,pending revisions,425946.65,2025.0,No,No,No,No,No,No,,,20.201634810914072,2.82326937098164,11.92417381783412,3.9473901492654373,15.871134215698314,12.962069382667199,1.0378955648330783,3.005763532365773
3000,104497,2101038000.0,,1315 commonwealth ave,1315 commonwealth ave,1315 commonwealth ave,,2134.0,1315 commonwealth av,boston,2134,37182.0,,Multifamily Housing,Multifamily Housing (37182.0),64.2,81.0,2386282.432,2074899.9,110197.934,91261.0,18721.282,,,,,,,,,,,,,,,,,,,,,,78.32,in compliance,128919.216,2025.0,No,No,No,No,No,No,,,13.04942855775087,3.46724802323705,10.523580052190162,4.162003210695915,14.685247245129316,11.76694125462016,1.2433612024299976,2.568744344131856
5129,107570,2101049000.0,,48-52 glenville ave,48,52 glenville ave,,2134.0,,,,30752.0,,Multifamily Housing,Multifamily Housing (30752.0),45.9,97.0,1410253.836,1031852.8,54801.702,110903.0,22750.641,,,,,,,,,,,,,,,,,,,,,,30.82,pending revisions,77552.343,2030.0,No,No,No,No,No,No,,,26.833302047476227,2.521863390998959,10.33371031177002,3.8264651170664994,14.159280271683615,11.258708380914246,0.9249980691442268,3.2896437298231653
2719,104121,2101072000.0,long-glen rental llc mass llc,10 long ave,10 long ave,10 long ave,,2134.0,10 long av,boston,2134,50250.0,,Multifamily Housing,Multifamily Housing (50250.0),54.7,99.0,2748706.756,2540274.5,134913.979,61088.0,12531.592,,,,,,,,,,,,,,,,,,,,,,32.64,in compliance,147445.571,2030.0,No,No,No,No,No,No,,,7.58325415197546,2.9342402189054724,10.824765825921322,4.001863709427935,14.826641088485427,11.901214376491513,1.0764485505701913,2.0259424151765955
1031,101430,2101102000.0,brighton allston apts llc mass llc,1387 commonwealth ave,1387 commonwealth ave,1387 commonwealth ave,,2134.0,1387 commonwealth av,boston,2134,24250.0,,Multifamily Housing,Multifamily Housing (24250.0),53.6,96.0,1299124.336,1058568.1,56220.552,70503.0,14462.985,,,,,,,,,,,,,,,,,,,,,,35.28,pending revisions,70683.537,2030.0,No,No,No,No,No,No,,,18.51761257823131,2.9147850309278347,10.096171896365629,3.9815490680767565,14.077201007777342,11.165967967626374,1.0697960712607437,2.9187223104456934
895,101221,2101103000.0,,1391 commonwealth ave,1391 commonwealth ave,1391 commonwealth ave,,2134.0,1391 commonwealth av,boston,2134,50136.0,,Multifamily Housing,Multifamily Housing (50136.0),64.6,87.0,3240052.688,,,201849.0,41407.304,,,,,,,,,,2551343.9,189335.231,,,,,,,,,,,43.47,in compliance,230742.535,2030.0,No,No,No,No,No,No,,,21.25703288408994,4.602332355991702,10.822494591904512,4.168214410788556,14.991100149364687,12.34905780081254,1.526563208908029,3.056687799866785
1626,102424,2101110000.0,,1409 commonwealth ave #4,1409 commonwealth ave #4,1409 commonwealth ave #4,,2134.0,1409  1427 commonwealth av,boston, ,88508.0,,Multifamily Housing,Multifamily Housing (88508.0),74.3,48.0,6575842.444,3399400.1,180542.139,930962.0,190977.545,,,,,,,,,,,,,,,,,,,,,,68.64,in compliance,371519.684,2025.0,No,No,No,No,No,No,,,48.306844565572135,4.19758308853437,11.390848222390822,4.308110951723713,15.698913256185383,12.82535712693144,1.4345089045406183,3.8775732600508293
1091,101602,2101267000.0,camelot company the,10 camelot ct,10 camelot ct,10 camelot ct,,2135.0,10 camelot ct,boston,2135,69300.0,,Multifamily Housing,Multifamily Housing (69300.0),62.6,94.0,4338758.248,3394900.1,180303.144,276629.0,56747.673,,,,,,,,,,,,,,,,,,,,,,26.96,in compliance,237050.817,2025.0,No,No,No,No,No,No,,,21.755064200341224,3.42064670995671,11.146200185177994,4.136765278106052,15.283098747164681,12.376029814854594,1.2298296296765985,3.0798465672297106
3124,104663,2101276000.0,,91 gordon st,91 gordon st,91 gordon st,,2135.0,91  99 gordon st,boston,2135,49784.0,,Multifamily Housing,Multifamily Housing (49784.0),48.5,93.0,2414805.772,1881319.1,99916.857,156356.0,32074.87,,,,,,,,,,,,,,,,,,,,,,11.03,pending revisions,131991.727,2025.0,,,,,,,,,22.093293447701768,2.6512881046119237,10.815448926249054,3.8815637979434374,14.697129416161614,11.790494525361972,0.9750455991129175,3.0952740985643215
2765,104184,2101287000.0,,116 warren st,116 warren st,116 warren st,,2135.0,116 warren st,boston,2135,20190.0,,Multifamily Housing,Multifamily Housing (20190.0),60.3,90.0,1217930.636,54500.0,2894.495,40178.0,8242.115,,,,,,,,,,1026343.3,76164.936,,,,,,,,,,,29.27,in compliance,87301.546,2030.0,No,No,No,No,No,No,,,11.256253734633868,4.32399930658742,9.912942711306883,4.09933210373314,14.012663776533438,11.377123450720145,1.4641807394132627,2.420923861725205
4763,107049,2101288000.0,camelot company the,11 camelot ct,11 camelot ct,11 camelot ct,,2135.0,11 camelot ct,boston,2135,68300.0,,Multifamily Housing,Multifamily Housing (68300.0),75.0,75.0,5125695.772,4249900.2,225712.2,256681.0,52655.54,,,,,,,,,,,,,,,,,,,,,,31.45,in compliance,278367.74,2025.0,No,No,No,No,No,No,,,17.08712559442945,4.075662371888726,11.131665045558881,4.31748811353631,15.449776834164382,12.536698324291427,1.4050332787325457,2.8383252907305403
1653,102486,2101375010.0,congregation of sister of,615-647 cambridge st,615,647 cambridge st,,2135.0,625  667 cambridge st,boston,2135,121245.0,,Multifamily Housing,"Worship Facility (5000.0),Multifamily Housing (88317.0),Office (27928.0)",44.3,98.0,5369112.08,4766416.4,253144.375,176640.0,36235.93,,,,,,,,,,,,,,,,,,,,,,8.25,in compliance,289380.305,2025.0,No,No,No,No,No,No,,,11.22573280310438,2.3867401129943504,11.705568570836055,3.7909846770510898,15.49617310458261,12.575497036267986,0.8699284654319318,2.4182087146248064
3726,105575,2101436000.0,russell wm w trsts,1368 commonwealth ave,1368 commonwealth ave,1368 commonwealth ave,,2134.0,1368 commonwealth av,boston,2134,93568.0,,Multifamily Housing,Multifamily Housing (93568.0),53.2,77.0,4981728.587,472164.6,25076.662,253018.9,51904.297,,,,,,,,,,3646263.5,270589.214,,,,,,,,,,,41.96,in compliance,347570.173,2030.0,No,No,No,No,No,No,,,17.330097867794578,3.7146265069254447,11.446443723669395,3.9740583963475986,15.42128749459684,12.758721860291162,1.3122781366217666,2.852444751016507
4478,106605,2101463000.0,walbridge brainerd assocs mass llc,99 brainerd rd,99 brainerd rd,99 brainerd rd,,2134.0,25 walbridge st,boston,2134,41594.0,,Multifamily Housing,Multifamily Housing (41594.0),85.2,12.0,3545067.268,3270268.2,173683.944,80539.0,16521.77,,,,,,,,,,,,,,,,,,,,,,30.62,in compliance,190205.714,2025.0,No,No,No,No,No,No,,,7.751930445174277,4.5729122950425545,10.635711205077866,4.44500143383527,15.081067693226725,12.155861470703162,1.5201502656252956,2.047941902047474
3390,105024,2101467000.0,,130 brainerd rd,130 brainerd rd,130 brainerd rd,,2134.0,130 brainerd rd,boston,2134,47312.0,,Multifamily Housing,Multifamily Housing (47312.0),48.4,96.0,2289701.592,1908100.1,101339.196,111841.0,22943.063,,,,,,,,,,,,,,,,,,,,,,26.88,in compliance,124282.259,2030.0,I'm not sure,No,No,No,I'm not sure,I'm not sure,,,16.6667250214324,2.6268654675346634,10.764519242092259,3.879499813722586,14.64393205786914,11.730310540039568,0.9657912979473102,2.813414218039851
1852,102769,2101478000.0,edge brainerd llc,60-66 brainerd rd,60,66 brainerd rd,,2134.0,60  66 brainerd rd,boston,2134,64079.0,0.0,Multifamily Housing,"Multifamily Housing (64079.0),Parking (32642.0)",43.3,99.0,2773515.1,1447100.1,76855.486,388750.0,79748.175,,,,,,,,,,,,,,,,,,,,,,26.1,in compliance,156603.661,2025.0,No,No,No,No,No,No,,,47.82643197075076,2.4439154949359385,11.067871976127341,3.768152635008444,14.835626062846957,11.961473440298784,0.8936014641714431,3.8675784567651714
2592,103978,2101512000.0,,1340 commonwealth ave,1340 commonwealth ave,1340 commonwealth ave,,2134.0,1340 commonwealth av,boston,2134,30156.0,,Multifamily Housing,Multifamily Housing (30156.0),55.3,94.0,1666155.1,57000.0,3027.27,90175.0,18498.5,,,,,,,,,,1301478.0,96582.682,,,,,,,,,,,196.57,in compliance,118108.452,2030.0,I'm not sure,No,No,No,I'm not sure,I'm not sure,,,18.46710586847527,3.91658217270195,10.314139187331593,4.012772908528289,14.326029194614541,11.67935856609379,1.3652193787621976,2.915991088293746
1875,102796,2101528000.0,element brainerd llc,65 brainerd rd,65 brainerd rd,65 brainerd rd,,2134.0,9  23 griggs st,boston,2134,79949.0,0.0,Multifamily Housing,"Multifamily Housing (79949.0),Parking (19636.0)",44.5,92.0,3557644.748,1613900.0,85714.229,569679.0,116863.95,,,,,,,,,,,,,,,,,,,,,,26.0,in compliance,202578.179,2025.0,No,No,No,No,No,No,,,54.638119810663,2.5338425621333602,11.28914421036649,3.7954891891721947,15.084609296242087,12.21888116015902,0.9297369497925292,4.00073180417749
1842,102755,2101529000.0,eco brainerd llc,75 brainerd rd,75 brainerd rd,75 brainerd rd,,2134.0,75 brainerd rd,boston,2134,97476.0,19386.0,Multifamily Housing,"Multifamily Housing (97476.0),Parking (32088.0)",29.1,100.0,2840995.304,1404400.0,74587.684,421042.0,86372.556,,,,,,,,,,,,,,,,,,,,,,18.78,in compliance,160960.24,2025.0,No,No,No,No,No,No,,,50.56884318947118,1.6512807255119208,11.487361472838954,3.370738174177447,14.859665007895853,11.988912656946077,0.5015511841071235,3.9233356393995784
1638,102455,2101532000.0,commonwealth-griggs llc,1298 commonwealth ave,1298 commonwealth ave,1298 commonwealth ave,,2134.0,1302  1298 commonwealth av,boston,2134,77300.0,0.0,Multifamily Housing,"Multifamily Housing (77300.0),Parking (3500.0)",115.5,,8931439.064,7593799.0,403306.665,195847.0,40176.054,,,,,,,,669410.1,49201.642,,,,,,,,,,,,,78.79,in compliance,492684.361,2025.0,I'm not sure,No,No,No,I'm not sure,I'm not sure,,,7.48210155453623,6.373665730918499,11.255449234575513,4.749270529961848,16.00508808925361,13.107624006603483,1.8521747720279693,2.0125137090143035
3709,105520,2101546000.0,,11 royce rd,11 royce rd,11 royce rd,,2134.0,11 royce rd,boston,2134,37608.0,,Multifamily Housing,Multifamily Housing (37608.0),52.6,94.0,1979928.316,1721834.4,91446.625,75643.0,15517.405,,,,,,,,,,,,,,,,,,,,,,24.61,in compliance,106964.03,2025.0,I'm not sure,No,No,No,I'm not sure,I'm not sure,,,13.03609127483179,2.844182886619868,10.534972072703967,3.9627161197436642,14.498571197974933,11.58024788870254,1.0452758159985738,2.567721762702244
896,101223,2101547000.0,boston rehabilitation,15 royce rd,15 royce rd,15 royce rd,,2134.0,15 royce rd,boston,2134,29598.0,,Multifamily Housing,Multifamily Housing (29598.0),57.1,83.0,1688754.658,1193344.2,63378.51,145196.5,29785.61,,,,,,,,,,,,,,,,,,,,,,44.26,in compliance,93164.12,2030.0,No,No,No,No,No,No,,,29.33713521546953,3.1476491654841543,10.295462070461793,4.044804116661965,14.339501926505887,11.442117948009647,1.146655877547854,3.378854127029775
3283,104868,2101552000.0,,1236-1232 commonwealth ave,1236,1232 commonwealth ave,,2134.0,1236 1232a commonwealth av,boston,2134,25970.0,,Multifamily Housing,"Personal Services (Health/Beauty, Dry Cleaning, etc) (1500.0),Restaurant (1500.0),Multifamily Housing (22970.0)",73.8,42.0,1916443.8,1748999.9,92889.385,49075.0,10067.246,,,,,,,,,,,,,,,,,,,,,,19.6,in compliance,102956.631,2030.0,No,No,No,No,No,No,,,8.737603536821691,3.9644447824412783,10.164697304656794,4.301358731606427,14.465981839083712,11.542063120289429,1.3773658156326345,2.167635957197497
1590,102376,2101571000.0,commonwealth 1200 montrose mass llc,1200 commonwealth ave,1200 commonwealth ave,1200 commonwealth ave,,2134.0,1200 commonwealth av,boston,2134,33824.0,,Multifamily Housing,Multifamily Housing (33824.0),38.8,97.0,1311084.316,595100.0,31605.761,209843.0,43047.193,,,,,,,,,,,,,,,,,,,,,,29.86,in compliance,74652.954,2025.0,No,No,No,No,No,No,,,54.612490113107256,2.207100106433302,10.428925888669964,3.6584202466292277,14.086365074941684,11.220605373517298,0.7916794848473345,4.000262613240363
1589,102372,2101579000.0,,1156 commonwealth ave,1156 commonwealth ave,1156 commonwealth ave,,2134.0,1156 commonwealth av,boston,2134,153060.0,,Multifamily Housing,Multifamily Housing (153060.0),83.5,91.0,12779547.78,11110858.0,590097.668,489065.0,100326.794,,,,,,,,,,,,,,,,,,,,,,46.47,in compliance,690424.462,2025.0,Yes,No,No,No,Yes,Yes,,,13.05807661176881,4.51080923820724,11.938585280363911,4.42484663185681,16.363356621311073,13.445061849757506,1.5064765693935933,2.569406839784205
3671,105429,2101597000.0,rosati anthony g trst,1082 commonwealth ave,1082 commonwealth ave,1082 commonwealth ave,,2134.0,1082 commonwealth av,boston,2134,25735.0,,Multifamily Housing,Multifamily Housing (25735.0),92.0,71.0,2367935.084,2034900.0,108073.539,97607.0,20023.1,,,,,,,,,,,,,,,,,,,,,,51.04,in compliance,128096.639,2025.0,I'm not sure,No,No,No,I'm not sure,I'm not sure,,,14.064985450842707,4.977526287157567,10.155607212086855,4.5217885770490405,14.677528860758915,11.760540250226024,1.6049330381391682,2.6436884075184417
2453,103771,2101651000.0,hls bellvista realty llc,35 bellvista rd,35 bellvista rd,35 bellvista rd,,2135.0,35 bellvista rd,boston,2135,26400.0,,Multifamily Housing,Multifamily Housing (26400.0),51.0,89.0,1347067.348,1128173.9,59917.316,64154.0,13160.552,,,,,,,,,,,,,,,,,,,,,,35.57,in compliance,73077.868,2030.0,No,No,No,No,No,No,,,16.25034349062108,2.7681010606060608,10.181119289134408,3.9318256327243257,14.113440452657835,11.199280836557904,1.0181615474234966,2.7881140464367187
4472,106593,2101684000.0,vinal apartments llc,10-16 vinal st,10,16 vinal st,,2134.0,16  10 vinal st,boston,2134,24960.0,,Multifamily Housing,Multifamily Housing (24960.0),62.8,84.0,1566269.404,,,78067.0,16014.664,,,,,,,,,,1299904.8,96465.935,,,,,,,,,,,35.22,in compliance,112480.599,2030.0,No,No,No,No,No,No,,,17.00705596174692,4.506434254807693,10.125029822483365,4.139955073474153,14.26420717394249,11.630536032421492,1.5055062099381287,2.8336283145174117
4473,106594,2101687000.0,vinal associates llc mass llc,4-8 vinal st,4,8 vinal st,,2134.0,8  4 vinal st,boston,2134,24000.0,,Multifamily Housing,Multifamily Housing (24000.0),75.9,78.0,1822484.544,,,81312.0,16680.344,,,,,,,,,,1545048.0,114658.012,,,,,,,,,,,45.95,in compliance,131338.356,2030.0,No,No,No,No,No,No,,,15.223653979037532,5.4724315,10.085809109330082,4.3294166844015844,14.415711262170554,11.785532142535514,1.699723033205431,2.7228504010858856
2226,103335,2101692000.0,governor apartmnts assoc lps,180 allston st,180 allston st,180 allston st,,2134.0,180 allston st,boston,2134,63203.0,,Multifamily Housing,Multifamily Housing (63203.0),80.4,51.0,5081944.528,4231097.5,224713.588,249369.0,51155.557,,,,,,,,,,,,,,,,,,,,,,45.31,in compliance,275869.145,2025.0,No,No,No,No,No,No,,,16.74328455696201,4.364810926696518,11.054107047362793,4.387014176184921,15.44120452741503,12.527681919953665,1.473574872590872,2.8179972559079567
2597,103983,2101703000.0,,60 woodstock ave,60 woodstock ave,60 woodstock ave,,2134.0,60 woodstock av,boston,2134,21175.0,,Multifamily Housing,Multifamily Housing (21175.0),85.8,52.0,1816614.308,1672000.1,88799.925,42384.0,8694.654,,,,,,,,,,,,,,,,,,,,,,25.41,in compliance,97494.579,2030.0,I'm not sure,No,No,No,I'm not sure,I'm not sure,,,7.9609945249864245,4.60423041322314,9.960576519520256,4.4520190064939165,14.412485056271573,11.4875520554402,1.5269755359199462,2.074553932376827
4525,106672,2101724000.0,,309-319 allston st,309,319 allston st,,2135.0,309  319 allston st,boston,2135,84131.0,,Multifamily Housing,Multifamily Housing (84131.0),70.7,75.0,5949310.312,67633.8,3592.031,203576.0,41761.581,,,,,,,,,,5187075.2,384932.851,,,,,,,,,,,34.55,in compliance,430286.463,2025.0,No,No,No,No,No,No,,,11.67583823958383,5.114481736815205,11.340130386840555,4.258445572902527,15.598785856853691,12.972206458884935,1.6320760720443799,2.4575215988006467
4928,107273,2101724000.0,washington square condo tr,1560-1576 commonwealth ave,1560,1576 commonwealth ave,,2135.0,309  319 allston st,boston,2135,70109.0,,Multifamily Housing,Multifamily Housing (70109.0),80.3,53.0,5631840.476,30948.6,1643.68,208548.0,42781.537,,,,,,,,,,4889326.1,362836.89,,,,,,,,,,,44.09,in compliance,407262.107,2025.0,No,No,No,No,No,No,,,12.635248836192355,5.808984680996734,11.157806452798765,4.385769620952716,15.543946851845003,12.917212254690298,1.7594058018915342,2.536490434844279
1882,102804,2101741000.0,eleven-15-19 melvin av llc mass llc,305 allston st,305 allston st,305 allston st,,2135.0,19 melvin av,boston,2135,25800.0,,Multifamily Housing,Multifamily Housing (25800.0),69.7,77.0,1797266.056,1354600.0,71942.806,129738.0,26614.453,,,,,,,,,,,,,,,,,,,,,,24.13,in compliance,98557.259,2030.0,No,No,No,No,No,No,,,24.631050879870394,3.8200487984496125,10.158129770909708,4.244200317766478,14.401777210454844,11.498392967909849,1.3402631970001404,3.204007877883655
1107,101661,2101747000.0,carol ave apartments llc,10-12 carol ave,10,12 carol ave,,2134.0,10  12 carol av,boston,2134,40488.0,,Multifamily Housing,Multifamily Housing (40488.0),63.3,76.0,2562839.576,2079366.0,110435.128,141698.0,29067.928,,,,,,,,,,,,,,,,,,,,,,29.73,in compliance,139503.056,2030.0,No,No,No,No,No,No,,,18.865590933889965,3.4455408022130016,10.608760912893914,4.147885329150131,14.756626411112553,11.845841786813642,1.2370808739197288,2.937339677277119
2928,104384,2101749000.0,melvin hill condo tr,301 allston st,301 allston st,301 allston st,,2135.0,301 allston st,boston,2135,45654.0,,Multifamily Housing,Multifamily Housing (45654.0),93.1,56.0,4251522.836,3809999.8,202349.089,129403.0,26545.731,,,,,,,,,,,,,,,,,,,,,,3334.34,in compliance,228894.82,2025.0,No,No,No,No,No,No,,,10.385512755834577,5.013685985893898,10.728846505404578,4.533674184283021,15.262787791074283,12.341017875715178,1.6121713703105998,2.34041183076827
2721,104125,2101770000.0,longfellow manor condo tr,1476-1480 commonwealth ave,1476,1480 commonwealth ave,,2135.0,1488  1476 commonwealth av,boston,2135,55000.0,,Multifamily Housing,Multifamily Housing (55000.0),15.5,100.0,855085.82,233300.0,12390.563,182235.0,37383.688,,,,,,,,,,,,,,,,,,,,,,35.3,in compliance,49774.251,2025.0,No,No,No,No,No,No,,,72.71938566938229,0.9049863818181818,10.915088464214607,2.740840023925201,13.658957117150743,10.815253081104462,-0.09983538311014516,4.286608001942757
4924,107268,2101776000.0,,7-15 commonwealth ct,7,15 commonwealth ct,,2135.0,14 8 commonwealth ct,boston,2135,40722.0,,Multifamily Housing,Multifamily Housing (40722.0),70.7,100.0,2880559.292,0.0,0.0,195041.0,40010.7105,0.0,0.0,0.0,0.0,0.0,0.0,0.0,0.0,0.0,2215079.4,164381.0425,0.0,0.0,0.0,0.0,0.0,0.0,0.0,0.0,0.0,0.0,21.195,0,204391.753,0.0,0,0,0,0,0,0,0,,23.103469871225276,5.019197313491479,10.614523765931814,4.258445572902527,14.87349503186913,12.22779378913959,1.6132700232077752,3.139982817122777
4925,107269,2101776000.0,,8-14 commonwealth ct,8,14 commonwealth ct,,2135.0,14 8 commonwealth ct,boston,2135,40740.0,,Multifamily Housing,Multifamily Housing (40740.0),70.7,100.0,2880559.292,0.0,0.0,195041.0,40010.7105,0.0,0.0,0.0,0.0,0.0,0.0,0.0,0.0,0.0,2215079.4,164381.0425,0.0,0.0,0.0,0.0,0.0,0.0,0.0,0.0,0.0,0.0,21.195,0,204391.753,0.0,0,0,0,0,0,0,0,,23.103469871225276,5.01697970054001,10.614965689780798,4.258445572902527,14.87349503186913,12.22779378913959,1.6128280993587918,3.139982817122777
2121,103097,2101818000.0,,1450 commonwealth ave,1450 commonwealth ave,1450 commonwealth ave,,2135.0,1450 commonwealth av,boston,2135,24834.0,,Multifamily Housing,Multifamily Housing (24834.0),69.0,91.0,1713205.26,390700.0,20750.077,81630.0,16745.578,,,,,,,,,,1043983.7,77474.03,,,,,,,,,,,29.55,in compliance,114969.685,2025.0,I'm not sure,No,No,No,I'm not sure,I'm not sure,,,16.25805214373437,4.629527462350004,10.119968960976788,4.23410650459726,14.353876594996482,11.652423763898856,1.5324548029220681,2.7885883025854676
4495,106639,2101819000.0,wareing betty,1442-1444 commonwealth ave,1442,1444 commonwealth ave,,2135.0,1442  1444 commonwealth av,boston,2135,25913.0,,Multifamily Housing,Multifamily Housing (25913.0),66.7,86.0,1729179.936,21900.0,1163.109,58128.0,11924.378,,,,,,,,,,1508947.2,111978.972,,,,,,,,,,,23.61,in compliance,125066.459,2025.0,I'm not sure,No,No,No,I'm not sure,I'm not sure,,,11.47026119553587,4.82639829429244,10.16250005226458,4.200204952921578,14.363157828654863,11.736600546996957,1.5741004947323767,2.4397577029426687
2600,103986,2101821000.0,,145-149 kelton st,145,149 kelton st,,2134.0,147 kelton st,boston,2134,71762.0,,Multifamily Housing,Multifamily Housing (71762.0),41.9,61.0,3003859.431,344100.0,18275.151,779530.9,159912.969,,,,,,,,,,,,,,,,,,,,,,31.98,in compliance,178188.12,2025.0,No,No,No,No,No,No,,,88.54862957250678,2.483042836041359,11.181110367024342,3.735285826928092,14.91540849682988,12.090595125129859,0.9094847581055162,4.4835518877963425
2725,104133,2101822000.0,,153 kelton st,153 kelton st,153 kelton st,,2134.0,3  15 lorraine te,boston,2134,37488.0,,Multifamily Housing,Multifamily Housing (37488.0),54.7,95.0,2050903.144,1575400.0,83669.494,139362.0,28588.721,,,,,,,,,,,,,,,,,,,,,,62.77,in compliance,112258.215,2025.0,No,No,No,No,No,No,,,23.186080224761703,2.99451064340589,10.531776160747578,4.001863709427935,14.533790812146167,11.628556987781854,1.096780827034277,3.1435521082940525
2601,103987,2101825000.0,,159 kelton st,159 kelton st,159 kelton st,,2134.0,159  161 kelton st,boston,2134,26580.0,,Multifamily Housing,Multifamily Housing (26580.0),81.0,57.0,2151786.548,1994223.8,105913.226,46179.0,9473.16,,,,,,,,,,,,,,,,,,,,,,42.68,in compliance,115386.386,2025.0,I'm not sure,No,No,No,I'm not sure,I'm not sure,,,7.3227372388053436,4.341098043641836,10.187914332267237,4.394449154672439,14.581809007612042,11.656041653826497,1.4681273215592603,1.9909841978026908
3553,105268,2101829000.0,,1455 commonwealth ave,1455 commonwealth ave,1455 commonwealth ave,,2135.0,1455 commonwealth av,boston,2135,102948.0,0.0,Multifamily Housing,"Multifamily Housing (102948.0),Parking (20500.0)",58.1,95.0,5976761.324,5081701.6,269889.172,262327.0,53813.761,,,,,,,,,,,,,,,,,,,,,,26.12,in compliance,323702.933,2025.0,No,No,No,No,No,No,,,14.976322869974453,3.1443343532657266,11.541979285360966,4.062165663857866,15.603389394601509,12.687581500732106,1.1456022153711407,2.70647047866246
1035,101434,2101829050.0,brighton marine health center inc,1465 commonwealth av,1465 commonwealth av,1465 commonwealth av,,2135.0,1465 commonwealth av,boston,2135,125448.0,0.0,Multifamily Housing,"Multifamily Housing (125448.0),Parking (4700.0)",31.0,99.0,3888415.492,1830669.0,97226.831,603091.0,123718.088,,,,,,,,,,,,,,,,,,,,,,22.46,in compliance,220944.919,2025.0,I'm not sure,No,No,No,I'm not sure,I'm not sure,,,52.92224968972013,1.761247042599324,11.739646609060868,3.4339872044851463,15.173512304079123,12.305668714141495,0.5660221050806272,3.9688238494867973
869,101173,2101831500.0,,29-31 jette ct,29,31 jette ct,,2135.0,29  31 jette ct,boston,2135,53310.0,,Multifamily Housing,Multifamily Housing (53310.0),45.8,,2443007.484,1316000.0,69892.76,330307.0,67759.178,,,,,,,,,,,,,,,,,,,,,,55.08,in compliance,137651.938,2025.0,No,No,No,No,No,No,,,46.13399825548794,2.5821035077846557,10.883879209816806,3.824284091120139,14.708740413681767,11.832483589657985,0.948604379841178,3.831550167464077
5356,107877,2101831600.0,,801-843 jette ct,801,843 jette ct,,2135.0,,,,42222.0,,Multifamily Housing,Multifamily Housing (42222.0),60.2,,2540472.624,1501000.0,79718.11,304652.0,62496.311,,,,,,,,,,,,,,,,,,,,,,55.08,in compliance,142214.421,2025.0,,,,,,,,,40.918304412321035,3.368254014494813,10.650696691194604,4.097672352314776,14.747860694126334,11.865091204711385,1.2143945135167817,3.711577503575858
870,101174,2101840000.0,,91-95 washington st,91,95 washington st,,2135.0,91  95 washington st,boston,2135,88210.0,,Multifamily Housing,Multifamily Housing (88210.0),101.9,14.0,8991231.68,7866500.0,417789.815,329640.0,67622.35,,,,,,,,,,,,,,,,,,,,,,33.12,in compliance,485412.165,2025.0,No,No,No,No,No,No,,,12.509755793546628,5.502915372406757,11.387475614252812,4.623991940228679,16.011760402625132,13.092753633765293,1.7052780195124808,2.5265088033887344
4529,106679,2101844000.0,,127 washington st,127 washington st,127 washington st,,2135.0,127  135 washington st,boston,2135,85146.0,0.0,Multifamily Housing,"Multifamily Housing (85146.0),Parking (9149.0)",88.8,15.0,7556948.48,6744500.1,358200.4,238115.0,48846.911,,,,,,,,,,,,,,,,,,,,,,41.3,in compliance,407047.311,2025.0,I'm not sure,No,No,No,I'm not sure,I'm not sure,,,10.751483874745166,4.780580544006765,11.352122709062593,4.486386649998124,15.837978026459437,12.916684700912253,1.5645619918496605,2.3750437799077524
871,101175,2101845000.0,,32-34 fidelis way,32,34 fidelis way,,2135.0,34  32 fidelis wy,boston,2135,58974.0,,Multifamily Housing,Multifamily Housing (58974.0),53.0,,3123382.984,2053100.0,109040.141,313682.0,64348.725,,,,,,,,,,,,,,,,,,,,,,55.08,in compliance,173388.866,2025.0,No,No,No,No,No,No,,,34.268293122647044,2.940089971852003,10.984851947794684,3.970291913552122,14.954427262111713,12.063292131347772,1.0784401835530872,3.5342205278952314
4647,106832,2101846000.0,,14-16 fidelis way,14,16 fidelis way,,2135.0,12 fidelis wy,boston,2135,52770.0,,Multifamily Housing,Multifamily Housing (52770.0),62.4,,3295162.424,2106500.1,111876.22,348377.0,71466.058,,,,,,,,,,,,,,,,,,,,,,55.08,in compliance,183342.278,2025.0,No,No,No,No,No,No,,,36.07453677828174,3.474365700208452,10.873698126399713,4.133565275375382,15.007966018785774,12.119110056441304,1.2454119300415905,3.5855872640586237
4648,106833,2101848000.0,,"6 fidelis way
",6 fidelis way,6 fidelis way,,2135.0,6 8 fidelis wa,boston,2135,53010.0,,Multifamily Housing,Multifamily Housing (53010.0),34.8,100.0,1845117.7,1204600.0,63976.306,187725.0,38509.907,,,,,,,,,,,,,,,,,,,,,,84.06,in compliance,102486.213,2025.0,No,No,No,No,No,No,,,34.7157180677417,1.933337351443124,10.878235853981852,3.5496173867804286,14.428053627459953,11.537483561196606,0.6592477072147546,3.547192554644681
4646,106831,2101849000.0,,"2-4 fidelis way
",2,4 fidelis way,,2135.0,2 4 fidelis wa,boston,2135,53016.0,,Multifamily Housing,Multifamily Housing (53016.0),36.3,99.0,1925635.896,1203800.0,63933.818,211558.0,43399.008,,,,,,,,,,,,,,,,,,,,,,84.06,in compliance,107332.826,2025.0,No,No,No,No,No,No,,,37.4872337600005,2.0245364795533423,10.878349033768062,3.591817741270805,14.47076680673965,11.58368980913919,0.7053407753711274,3.6240004419492204
5361,107882,2101851100.0,,1301-1317 jette ct,1301,1317 jette ct,,2135.0,,,,26553.0,,Multifamily Housing,Multifamily Housing (26553.0),70.9,,1883575.932,1326700.0,70461.037,163211.0,33481.105,,,,,,,,,,,,,,,,,,,,,,55.08,in compliance,103942.142,2025.0,,,,,,,,,29.566124953543948,3.9145159492336083,10.186898014636986,4.2612704335380815,14.448682619610102,11.551589696393192,1.3646916817562051,3.386629278727965
3587,105323,2101882000.0,,2 larose pl,2 larose pl,2 larose pl,,2135.0,2 larose pl,boston,2135,23000.0,,Multifamily Housing,Multifamily Housing (23000.0),42.1,92.0,968662.568,583400.0,30984.374,112914.0,23163.178,,,,,,,,,,,,,,,,,,,,,,37.97,in compliance,54147.552,2030.0,I'm not sure,No,No,No,I'm not sure,I'm not sure,,,39.77437735572745,2.354241391304348,10.043249494911286,3.7400477406883357,13.783671603189605,10.899468043651003,0.8562185487397159,3.6832229199398507
4498,106642,2101900000.0,washington associates llc,116 washington st,116 washington st,116 washington st,,2135.0,116 washington st,boston,2135,22400.0,,Multifamily Housing,Multifamily Housing (22400.0),76.9,93.0,1721658.788,30600.0,1625.166,86824.0,17811.075,,,,,,,,,,1394815.3,103509.243,,,,,,,,,,,73.59,in compliance,122945.484,2025.0,No,No,No,No,No,No,,,17.20762056133971,5.488637678571428,10.01681623784313,4.3425058765115985,14.35879879567143,11.71949631659156,1.702680078748428,2.84535234159097
3315,104909,2101912000.0,,108 washington st,108 washington st,108 washington st,,2135.0,108  100 washington st,boston,2135,20000.0,,Multifamily Housing,Multifamily Housing (20000.0),59.6,88.0,1192841.404,34000.0,1805.74,55467.0,11378.5,,,,,,,,,,969588.0,71953.125,,,,,,,,,,,23.61,in compliance,85137.365,2030.0,No,No,No,No,No,No,,,15.866461661654391,4.25686825,9.903487552536127,4.087655574071304,13.991848753433183,11.352021289878078,1.4485337373419493,2.7642075520018277
2272,103391,2101914000.0,,96 washington st,96 washington st,96 washington st,,2135.0,96 washington st,boston,2135,30348.0,,Multifamily Housing,Multifamily Housing (30348.0),67.2,89.0,2038360.812,1676600.1,89044.231,106026.0,21750.174,,,,,,,,,,,,,,,,,,,,,,8054.46,in compliance,110794.405,2025.0,No,No,No,No,No,No,,,17.748409102558828,3.6507975813892184,10.320485896457965,4.207673247529104,14.52765651929292,11.615431555630444,1.2949456591724777,2.8762958838797386
3882,105809,2101916000.0,sixteen 07 commonwealth,1607 commonwealth ave,1607 commonwealth ave,1607 commonwealth ave,,2135.0,1607 commonwealth av,boston,2135,50000.0,0.0,Multifamily Housing,"Multifamily Housing (50000.0),Parking (3500.0)",33.1,100.0,1655876.338,1629399.9,86537.429,7759.8,1591.845,,,,,,,,,,,,,,,,,,,,,,15.8,pending revisions,88129.274,2025.0,No,No,No,No,No,No,,,1.5990083898402805,1.76258548,10.819778284410283,3.4995332823830174,14.319840936018243,11.386560038229298,0.5667817538190143,0.4693836807675583
3881,105808,2101917000.0,,1615 commonwealth ave,1615 commonwealth ave,1615 commonwealth ave,,2135.0,1615 commonwealth av,boston,2135,25045.0,,Multifamily Housing,Multifamily Housing (25045.0),76.2,88.0,1907424.052,71700.0,3807.987,78996.0,16205.239,,,,,,,,,,1566189.7,116226.938,,,,,,,,,,,28.62,in compliance,136240.164,2025.0,I'm not sure,No,No,No,I'm not sure,I'm not sure,,,14.131425107981183,5.439814893192254,10.128429485791717,4.333361462692601,14.461264225882823,11.822174519093918,1.6937450333022022,2.6484010485096015
4078,106050,2101918000.0,tahoe group llc mass llc,1619 commonwealth ave,1619 commonwealth ave,1619 commonwealth ave,,2135.0,1619 commonwealth av,boston,2135,30456.0,,Multifamily Housing,Multifamily Housing (30456.0),52.1,100.0,1587445.579,1521725.0,80818.815,19261.6,3951.325,,,,,,,,,,,,,,,,,,,,,,24.86,in compliance,84770.14,2025.0,No,No,No,No,No,No,,,4.140202934163074,2.7833641975308643,10.324038298062334,3.9531649487593215,14.277636728216496,11.347698637128751,1.0236603390664174,1.4207448045496704
1039,101438,2101925000.0,brighton place condo tr,1625 commonwealth ave,1625 commonwealth ave,1625 commonwealth ave,,2135.0,1625  1645 commonwealth av,boston,2135,303624.0,,Multifamily Housing,Multifamily Housing (303624.0),53.2,86.0,16162265.41,12960799.8,688348.077,938295.9,192482.021,,,,,,,,,,,,,,,,,,,,,,12.22,in compliance,880830.098,2025.0,I'm not sure,No,No,No,I'm not sure,I'm not sure,,,19.809143544964222,2.9010555753168394,12.623545372762615,3.9740583963475986,16.598189787494423,13.688620035014777,1.0650746622521625,2.9861436263061147
1549,102282,2101929000.0,claridge house condo tr,1653-1661 commonwealth ave,1653,1661 commonwealth ave,,2135.0,1653  1661 commonwealth av,boston,2135,45544.0,,Multifamily Housing,Multifamily Housing (45544.0),18.5,100.0,843012.252,168900.0,8970.279,197571.0,40529.715,,,,,,,,,,,,,,,,,,,,,,31.89,in compliance,49499.994,2030.0,I'm not sure,No,No,No,I'm not sure,I'm not sure,,,79.96821944765757,1.0868609256982258,10.726434170630919,2.917770732084279,13.644736770686206,10.809727827344654,0.0832936567137352,4.3816292988421734
361,100492,2101991000.0,b'nai b'rith sr citizens housing inc,30 washington st,30 washington st,30 washington st,,2135.0,30  34 washington st,boston,2135,140316.0,,Multifamily Housing,Multifamily Housing (140316.0),90.0,74.0,12634546.51,10544336.2,560009.696,612605.6,125669.913,,,,,,,,,,,,,,,,,,,,,,70.14,in compliance,685679.609,2025.0,I'm not sure,No,No,No,I'm not sure,I'm not sure,,,16.544338939158333,4.886681554491291,11.851652300928318,4.499809670330265,16.35194540658928,13.438165755335756,1.586513454407438,2.806043985250972
3006,104503,2101992000.0,mount hood condo assn,25 mount hood rd,25 mount hood rd,25 mount hood rd,,2135.0,25  39 mt hood rd,boston,2135,37293.0,,Multifamily Housing,Multifamily Housing (37293.0),56.0,95.0,2088141.8,1523199.9,80897.147,165575.0,33966.056,,,,,,,,,,,,,,,,,,,,,,,pending revisions,114863.203,2025.0,No,No,No,No,No,No,,,27.05595646090701,3.080020459603679,10.526560920459826,4.02535169073515,14.551785137556154,11.651497160151713,1.1249362396918874,3.2979071829335744
872,101178,2102001000.0,boston housing authority,20 washington st,20 washington st,20 washington st,,2135.0,65 egremont rd,boston,2135,191105.0,,Multifamily Housing,Multifamily Housing (191105.0),57.3,61.0,10955919.86,7115099.7,377882.945,1125680.0,230921.995,,,,,,,,,,,,,,,,,,,,,,42.87,in compliance,608804.94,2025.0,No,No,No,No,No,No,,,35.05857163142849,3.1857091127913972,12.160578294197963,4.048300623720694,16.209390494624955,13.31925319981995,1.1586749056219876,3.557020137973731
3017,104520,2102008000.0,,7-19 mount hood rd,7,19 mount hood rd,,2135.0,7  19 mt hood rd,boston,2135,30000.0,,Multifamily Housing,Multifamily Housing (30000.0),71.2,88.0,2135105.968,1829257.7,97151.876,89639.0,18388.544,,,,,,,,,,,,,,,,,,,,,,39.87,in compliance,115540.42,2030.0,No,No,No,No,No,No,,,14.325364568977683,3.8513473333333335,10.308952660644293,4.26549281841793,14.574026837136802,11.657375704433376,1.3484230437890827,2.6620317121183357
3724,105567,2102026010.0,,84-90 corey rd,84,90 corey rd,,2134.0,84  90 corey rd,boston,2134,27200.0,,Multifamily Housing,Multifamily Housing (27200.0),60.3,88.0,1639348.158,433225.8,23008.622,59423.2,12190.075,,,,,,,,,,1003370.4,74460.117,,,,,,,,,,,15.28,in compliance,109658.814,2030.0,No,No,No,No,No,No,,,12.368383792700122,4.031574044117647,10.210972252284089,4.09933210373314,14.30980925615623,11.605129133652428,1.394156881368338,2.5151435224680845
1862,102781,2102039000.0,egremont associates llc mass llc,9-15 egremont rd,9,15 egremont rd,,2135.0,9  15 egremont rd,boston,2135,20800.0,,Multifamily Housing,Multifamily Housing (20800.0),79.7,72.0,1657038.168,,,70639.0,14490.884,,,,,,,,,,1416017.9,105082.688,,,,,,,,,,,35.34,in compliance,119573.572,2030.0,No,No,No,No,No,No,,,14.54588485073447,5.748729423076923,9.94270826568941,4.378269585796169,14.32054233054293,11.691687126181558,1.7489788604921481,2.6773081254858684
1673,102508,2102056000.0,corey gardens condo assn,63 corey rd,63 corey rd,63 corey rd,,2134.0,63 corey rd,boston,2134,34000.0,,Multifamily Housing,Multifamily Housing (34000.0),53.5,86.0,1819345.476,1700700.0,90324.177,34773.0,7133.333,,,,,,,,,,,,,,,,,,,,,,22.26,in compliance,97457.51,2030.0,I'm not sure,No,No,No,I'm not sure,I'm not sure,,,6.521614147240719,2.8663973529411764,10.4341158035983,3.979681653901961,14.413987365799686,11.487171767127961,1.0530559635296628,1.875121913893716
2615,104004,2102071000.0,,71-75 kilsyth rd,71,75 kilsyth rd,,2135.0,71  75 kilsyth rd,boston,2135,28868.0,0.0,Multifamily Housing,"Multifamily Housing (28868.0),Parking (0.0)",84.5,35.0,2439279.976,2213838.9,117576.984,66073.0,13554.215,,,,,,,,,,,,,,,,,,,,,,18.53,in compliance,131131.199,2030.0,No,No,No,No,No,No,,,9.242521939597147,4.54244142302896,10.270488994192164,4.436751534363128,14.707213461917952,11.783953620081624,1.51346462588946,2.2238147855988535
2231,103342,2102110000.0,grand lanark condo tr,55-65 lanark rd,55,65 lanark rd,,2135.0,55  65 lanark rd,boston,2135,24460.0,,Multifamily Housing,Multifamily Housing (24460.0),100.6,44.0,2460033.48,2159299.8,114680.412,88140.0,18081.04,,,,,,,,,,,,,,,,,,,,,,,pending revisions,132761.452,2030.0,No,No,No,No,No,No,,,12.225317396899818,5.427696320523303,10.104794409241164,4.611152257665639,14.715685517572032,11.796309202803327,1.6915147935621644,2.5035089979604948
3238,104810,2102115000.0,,85 sutherland rd,85 sutherland rd,85 sutherland rd,,2135.0,85  93 sutherland rd,boston,2135,29700.0,,Multifamily Housing,Multifamily Housing (29700.0),44.4,94.0,1317717.972,970100.0,51522.011,101881.0,20899.868,,,,,,,,,,,,,,,,,,,,,,28.58,in compliance,72421.879,2030.0,I'm not sure,No,No,No,I'm not sure,I'm not sure,,,26.38146109689699,2.4384471043771043,10.298902324790792,3.7932394694381792,14.091411989356628,11.190263728854351,0.8913614040635591,3.2726615322943213
2614,104001,2102128000.0,kilsyth terrace condo tr,12 kilsyth ter,12 kilsyth ter,12 kilsyth ter,,2135.0,12  4 kilsyth te,boston,2135,34174.0,,Multifamily Housing,Multifamily Housing (34174.0),18.1,100.0,619297.412,194500.0,10329.895,124501.0,25540.135,,,,,,,,,,,,,,,,,,,,,,30.87,in compliance,35870.03,2025.0,No,No,No,No,No,No,,,68.5964576822743,1.049629250307251,10.43922040000822,2.89591193827178,13.336340908005747,10.487657406879478,0.04843700687125853,4.228240896113958
3725,105571,2102137010.0,russell wm w,51 strathmore rd,51 strathmore rd,51 strathmore rd,,2135.0,51  55 strathmore rd,boston,2135,20248.0,,Multifamily Housing,Multifamily Housing (20248.0),24.4,,493299.012,295229.0,15679.612,58051.0,11908.582,,,,,,,,,,,,,,,,,,,,,,16.98,in compliance,27588.194,2030.0,No,No,No,No,No,No,,,40.15388533760129,1.3625145199525879,9.91581130222496,3.1945831322991562,13.108870784381795,10.225143206569374,0.3093319043444144,3.692719206261271
3885,105812,2102144000.0,sixty 5 strathmore rd,65 strathmore rd,65 strathmore rd,65 strathmore rd,,2135.0,65 strathmore rd,boston,2135,22559.0,,Multifamily Housing,Multifamily Housing (22559.0),107.7,24.0,2429513.864,2125600.2,112890.627,89072.0,18272.23,,,,,,,,,,,,,,,,,,,,,,,pending revisions,131162.857,2030.0,No,No,No,No,No,No,,,12.509787628855449,5.814214149563367,10.023889378388423,4.679349584162343,14.703201739335789,11.784195013277005,1.7603056348885817,2.5265113482240484
383,100533,2102155000.0,bancroft realty lp mass lp,119-127 sutherland rd,119,127 sutherland rd,,2135.0,119  127 sutherland rd,boston,2135,47124.0,,Multifamily Housing,Multifamily Housing (47124.0),51.5,92.0,2428047.12,2024373.4,107514.471,118310.0,24270.113,,,,,,,,,,,,,,,,,,,,,,28.12,in compliance,131784.584,2025.0,No,No,No,No,No,No,,,16.626179252237904,2.796549189372719,10.76053770436601,3.9415818076696905,14.702597837892489,11.78892392911096,1.0283862247449491,2.810978516491767
4020,105981,2102164000.0,strathmore arms condo tr,68-70 strathmore rd,68,70 strathmore rd,,2135.0,63 sutherland rd,boston,2135,24956.0,,Multifamily Housing,Multifamily Housing (24956.0),111.0,44.0,2770782.896,2432199.9,129174.137,99233.0,20356.658,,,,,,,,,,,,,,,,,,,,,,60.78,in compliance,149530.795,2025.0,No,No,No,No,No,No,,,12.220296344358552,5.991777328097452,10.124869553230678,4.709530201312334,14.834640472165093,11.91525763722262,1.7903880839919435,2.503098204215243
3727,105576,2102176000.0,,81 strathmore rd,81 strathmore rd,81 strathmore rd,,2135.0,81  89 strathmore rd,boston,2135,51400.0,,Multifamily Housing,Multifamily Housing (51400.0),48.0,98.0,2468966.622,,,138993.5,28513.127,,,,,,,,,,1994720.8,148028.231,,,,,,,,,,,42.92,in compliance,176541.358,2025.0,No,No,No,No,No,No,,,19.209116348475284,3.4346567704280155,10.847393451443256,3.871201010907891,14.719310249402401,12.08131045085233,1.233916999409074,2.9553849761636446
2150,103131,2102229000.0,gable ii realty trust,61-69 chiswick rd,61,69 chiswick rd,,2135.0,69  61 chiswick rd,boston,2135,40236.0,,Multifamily Housing,Multifamily Housing (40236.0),80.7,32.0,3245143.4,,,298400.0,61213.776,,,,,,,,,,2227002.6,165265.863,,,,,,,,,,,23.52,in compliance,226479.639,2025.0,No,No,No,No,No,No,,,31.375672335465982,5.628781166119892,10.602517396254228,4.390738575275903,14.992670098207105,12.33041032582478,1.7278929295705503,3.446032826241186
1629,102435,2102300000.0,commonwealth proper lp mass lp,1820 commonwealth ave,1820 commonwealth ave,1820 commonwealth ave,,2135.0,1820 commonwealth av,boston,2135,27000.0,,Multifamily Housing,Multifamily Housing (27000.0),81.8,80.0,2208474.024,1900790.1,100950.962,90177.0,18498.91,,,,,,,,,,,,,,,,,,,,,,46.82,in compliance,119449.872,2025.0,No,No,No,No,No,No,,,13.932581828275106,4.424069333333334,10.203592144986466,4.404277243608702,14.607812348120252,11.690652081175315,1.4870599361888492,2.634230113638286
1630,102436,2102301000.0,commonwealth properties,1810 commonwealth ave,1810 commonwealth ave,1810 commonwealth ave,,2135.0,1810 commonwealth av,boston,2135,27000.0,,Multifamily Housing,Multifamily Housing (27000.0),80.7,83.0,2179240.008,1900790.1,100950.962,81609.0,16741.27,,,,,,,,,,,,,,,,,,,,,,46.82,in compliance,117692.232,2025.0,No,No,No,No,No,No,,,12.777947739935216,4.358971555555556,10.203592144986466,4.390738575275903,14.594486753799643,11.67582829276962,1.4722361477831536,2.5477208523248023
1631,102437,2102302000.0,commonwealth properties,1800 commonwealth ave,1800 commonwealth ave,1800 commonwealth ave,,2135.0,1800 commonwealth av,boston,2135,27000.0,,Multifamily Housing,Multifamily Housing (27000.0),82.5,80.0,2227837.124,1900790.1,100950.962,95852.0,19663.079,,,,,,,,,,,,,,,,,,,,,,46.82,in compliance,120614.041,2025.0,No,No,No,No,No,No,,,14.680669348608987,4.467186703703703,10.203592144986466,4.412798293340635,14.61654177322781,11.70035098270054,1.4967588377140733,2.6865316181011965
1632,102438,2102304000.0,commonwealth properties,66 chiswick rd,66 chiswick rd,66 chiswick rd,,2135.0,66  70 chiswick rd,boston,2135,40484.0,,Multifamily Housing,Multifamily Housing (40484.0),73.2,73.0,2962089.552,2590707.0,137592.449,108846.0,22328.668,,,,,,,,,,,,,,,,,,,,,,31.2,in compliance,159921.117,2025.0,No,No,No,No,No,No,,,12.538408187194468,3.9502301403023417,10.608662113308792,4.293195420967266,14.901405506978783,11.98243595389226,1.3737738405834679,2.528796588327143
3352,104969,2102312000.0,palica ann c ts,1848-1850 commonwealth ave,1848,1850 commonwealth ave,,2135.0,1850  1848 commonwealth av,boston,2135,62916.0,,Multifamily Housing,Multifamily Housing (62916.0),52.4,,3295134.464,2730799.9,145032.783,165397.0,33929.541,,,,,,,,,,,,,,,,,,,,,,27.66,in compliance,178962.324,2025.0,No,No,No,No,No,No,,,17.12705140611828,2.844464428762159,11.049555782360533,3.9589065913269965,15.007957533583824,12.094930582221847,1.0453747998613137,2.840659167112317
1914,102841,2102331000.0,englewood condominium tr,137 englewood ave,137 englewood ave,137 englewood ave,,2135.0,137  145 englewood av,boston,2135,56239.0,,Multifamily Housing,Multifamily Housing (56239.0),93.5,53.0,5260261.332,42439.9,2253.983,206636.0,42389.309,,,,,,,,,,4512779.4,334893.359,,,,,,,,,,,41.13,in compliance,379536.651,2030.0,No,No,No,No,No,No,,,13.40376424096642,6.74863797364818,10.93736574538763,4.537961436294641,15.475691266369473,12.846706448229655,1.9093407028420248,2.5955355810130114
3561,105281,2102352000.0,reservoir place condo tr,2 sutherland rd,2 sutherland rd,2 sutherland rd,,2135.0,6  2 sutherland rd,boston,2135,77117.0,,Multifamily Housing,Multifamily Housing (77117.0),125.7,7.0,9692479.328,7862900.1,417598.624,536219.0,109999.966,,,,,,,,,,,,,,,,,,,,,,633.83,in compliance,527598.59,2025.0,No,No,No,No,No,No,,,18.877106661083197,6.841534162376648,11.253079028112849,4.8338981155962015,16.08686081574187,13.176091027342574,1.9230119992297259,2.9379499000902394
4021,105982,2102366000.0,,48-52 strathmore rd,48,52 strathmore rd,,2135.0,52  48 strathmore rd,boston,2135,33793.0,,Multifamily Housing,Multifamily Housing (33793.0),111.9,35.0,3782703.192,3336700.2,177212.148,130716.0,26815.08,,,,,,,,,,,,,,,,,,,,,,41.61,in compliance,204027.228,2025.0,Yes,No,No,No,Yes,Yes,,,11.791107490095671,6.037558902731335,10.428008959431105,4.71760561531788,15.145949442170771,12.226008734508182,1.7979997750770769,2.467345644836222
4305,106349,2102379000.0,,4 ayr rd,4 ayr rd,4 ayr rd,,2135.0,4 ayr rd,boston,2135,21120.0,,Multifamily Housing,Multifamily Housing (21120.0),102.2,17.0,2158236.44,50800.0,2697.988,44295.0,9086.676,,,,,,,,,,1956301.9,145177.164,,,,,,,,,,,24.04,in compliance,156961.828,2030.0,I'm not sure,No,No,No,I'm not sure,I'm not sure,,,7.002994734441607,7.4319047348484855,9.957975737820197,4.626931677769604,14.584801983209967,11.96375792101068,2.005782183190482,1.9463378767727135
1553,102288,2102396000.0,cleveland circle llc mass llc,1930-1936 beacon st,1930,1936 beacon st,,2135.0,1928  1960 beacon st,boston,2135,34040.0,,Multifamily Housing,"Strip Mall (14750.0),Multifamily Housing (19290.0)",74.3,,2530539.304,797100.0,42333.981,508042.0,104219.736,,,,,,,,,,,,,,,,,,,,,,64.25,in compliance,146553.717,2030.0,I'm not sure,No,No,No,I'm not sure,I'm not sure,,,68.50379709810665,4.305338337250294,10.435291582687311,4.308110951723713,14.743943001623927,11.89514730917461,1.4598557264872996,4.226889175821026
4141,106129,2102405000.0,thirty 6-46 orkney road condo tr,36 orkney rd,36 orkney rd,36 orkney rd,,2135.0,46  36 orkney rd,boston,2135,40000.0,,Multifamily Housing,Multifamily Housing (40000.0),90.6,50.0,3625550.188,476700.0,25317.537,103749.0,21283.07,,,,,,,,,,2794858.6,207406.457,,,,,,,,,,,12.81,in compliance,254007.064,2025.0,I'm not sure,No,No,No,I'm not sure,I'm not sure,,,9.764232516259405,6.3501766,10.596634733096073,4.506454213048934,15.1035166107541,12.445117356637576,1.848482623541503,2.2787259658747243
4536,106688,2102439010.0,waterworks museum condo,2442-2450 beacon st,2442,2450 beacon st,,2135.0,2450 beacon st,boston,2135,47342.0,,Multifamily Housing,Multifamily Housing (47342.0),41.5,,1963890.476,1448600.0,76935.146,151023.0,30980.858,,,,,,,,,,,,,,,,,,,,,,33.98,in compliance,107916.004,2030.0,No,No,No,No,No,No,,,26.23940264222759,2.2794982045540957,10.765153129746336,3.7256934272366524,14.490438000557464,11.589108462768381,0.8239553330220449,3.2672621986577486
4574,106740,2102439060.0,whitehall condo trust,2420 beacon st,2420 beacon st,2420 beacon st,,2135.0,2420 beacon st,boston,2135,49939.0,,Multifamily Housing,Multifamily Housing (49939.0),36.7,93.0,1834223.372,1067100.0,56673.681,224831.0,46121.831,,,,,,,,,,,,,,,,,,,,,,16.15,in compliance,102795.512,2030.0,No,No,No,No,No,No,,,41.82462770679383,2.058421514247382,10.818557539604447,3.6027767550605247,14.422131719365783,11.540496973462632,0.721939433858187,3.7334853456209305
4533,106685,2102439200.0,watermark condo trust,2400 beacon st,2400 beacon st,2400 beacon st,,2135.0,2400 beacon st,boston,2135,141940.0,,Multifamily Housing,Multifamily Housing (141940.0),47.8,74.0,6791289.707,3660339.9,194400.652,917628.9,188242.393,,,,,,,,,,,,,,,,,,,,,,24.97,in compliance,382643.045,2025.0,No,No,No,No,No,No,,,46.10446006901587,2.695808404959842,11.863159712078973,3.86702563949741,15.731151423618924,12.854857836194144,0.9916981241151696,3.830909693023841
3386,105020,2102469000.0,parklake realty corp,1960-1980 commonwealth ave,1960,1980 commonwealth ave,,2135.0,1980  1960 commonwealth av,boston,2135,141204.0,,Multifamily Housing,Multifamily Housing (141204.0),80.3,56.0,11331857.1,10164100.1,539815.356,342250.0,70209.165,,,,,,,,,,,,,,,,,,,,,,25.93,in compliance,610024.521,2025.0,Yes,No,No,No,Yes,Yes,,,10.30553356960352,4.320164591654627,11.85796093225193,4.385769620952716,16.243128529545938,13.321254433702217,1.463293501450288,2.332680990741305
3728,105579,2102471000.0,,1950 commonwealth ave,1950 commonwealth ave,1950 commonwealth ave,,2135.0,1950 commonwealth av,boston,2135,60500.0,,Multifamily Housing,Multifamily Housing (60500.0),49.0,99.0,2965407.037,,,159008.1,32618.922,,,,,,,,,,2422871.4,179801.287,,,,,,,,,,,32.62,in compliance,212420.209,2025.0,No,No,No,No,No,No,,,18.296290581541506,3.511077834710744,11.010398644018933,3.8918202981106265,14.902524861598925,12.266321709774868,1.2559230657559348,2.9066983388386474
3562,105285,2102474000.0,,1925 commonwealth ave,1925 commonwealth ave,1925 commonwealth ave,,2135.0,271 chestnut hill av,boston,2135,232810.0,18177.0,Multifamily Housing,"Multifamily Housing (232810.0),Parking (18177.0)",49.2,92.0,11457335.82,7522300.1,399509.358,1153293.0,236586.526,,,,,,,,,,,,,,,,,,0.0,,,,33.83,in compliance,636095.884,2025.0,No,No,No,No,No,No,,,34.346629720677946,2.732253270907607,12.357977949243327,3.8958936234982624,16.25414076578424,13.36310459196525,1.0051266427219234,3.536503898008336
3559,105279,2102478000.0,reservoir manor realty tr,1945-1949 commonwealth ave,1945,1949 commonwealth ave,,2135.0,1945  1949 commonwealth av,boston,2135,48655.0,,Multifamily Housing,Multifamily Housing (48655.0),102.2,64.0,4970813.044,4347399.7,230890.398,182712.0,37481.54,,,,,,,,,,,,,,,,,,,,,,43.54,in compliance,268371.938,2025.0,No,No,No,No,No,No,,,12.54202773835,5.51581416092899,10.79250985725609,4.626931677769604,15.419093975035423,12.500129125707517,1.707619268451428,2.5290852237552834
51,100071,2102480000.0,1955 comm ave llc,1955 commonwealth ave,1955 commonwealth ave,1955 commonwealth ave,,2135.0,1955 commonwealth av,boston,2135,48132.0,,Multifamily Housing,Multifamily Housing (48132.0),64.2,76.0,3090381.912,2085967.2,110785.718,124701.0,25581.163,,,,,,,,578934.9,42551.715,,,,,,,,,,,,,43.14,in compliance,178918.596,2025.0,No,No,No,No,No,No,,,13.768476818278764,3.7172483171278983,10.781702515558052,4.162003210695915,14.943805237353063,12.094686210433501,1.3129836948754476,2.6223816906656507
4965,107338,2102495000.0,,288 chestnut hill av,288 chestnut hill av,288 chestnut hill av,,2135.0,,,,31897.0,,Multifamily Housing,Multifamily Housing (31897.0),85.9,51.0,2740445.372,2238690.3,118896.842,147056.0,30167.068,,,,,,,,,,,,,,,,,,,,,,42.58,in compliance,149063.91,2025.0,No,No,No,No,No,No,,,18.310057756553597,4.673289337555256,10.370267240463384,4.45318382899021,14.82363100968087,11.912130419139556,1.541863178676172,2.907450513053569
3331,104933,2102503000.0,,160 strathmore rd,160 strathmore rd,160 strathmore rd,,2135.0,160 strathmore rd,boston,2135,29938.0,,Multifamily Housing,Multifamily Housing (29938.0),65.4,88.0,1959154.756,1767100.1,93850.686,56288.0,11546.92,,,,,,,,,,,,,,,,,,,,,,32.42,in compliance,105397.606,2030.0,I'm not sure,No,No,No,I'm not sure,I'm not sure,,,9.803365385597951,3.5205292938740063,10.306883855475181,4.180522258463153,14.488023691254222,11.565495201358958,1.2586113458837773,2.282725733419612
966,101304,2102524000.0,bostonian realty llc mass llc,3-5 lothian rd,3,5 lothian rd,,2135.0,5  3 lothian rd,boston,2135,30136.0,,Multifamily Housing,Multifamily Housing (30136.0),90.3,31.0,2722732.036,2409500.2,127968.556,91803.0,18832.467,,,,,,,,,,,,,,,,,,,,,,27.48,in compliance,146801.023,2025.0,No,No,No,No,No,No,,,11.504826854360338,4.8712842779400045,10.313475749371877,4.5031374604229395,14.817146359174913,11.896833363803122,1.5833576144312442,2.4427666737748077
1190,101770,2102538000.0,chiswick building co lps,125 chiswick rd,125 chiswick rd,125 chiswick rd,,2135.0,125 chiswick rd,boston,2135,94068.0,,Multifamily Housing,Multifamily Housing (94068.0),57.7,86.0,5425026.276,4687699.9,248963.742,216098.0,44330.344,,,,,,,,,,,,,,,,,,,,,,22.91,in compliance,293294.086,2025.0,No,No,No,No,No,No,,,13.591801277756616,3.1178943530212186,11.451773203976723,4.055257173514054,15.506533300881372,12.588931091107293,1.1371578871305699,2.6094667637327777
2555,103926,2102551000.0,jche 132 cha llc,132 chestnut hill ave,132 chestnut hill ave,132 chestnut hill ave,,2135.0,132 chestnut hill av,boston,2135,58480.0,,Multifamily Housing,Multifamily Housing (58480.0),53.2,42.0,3110865.624,1077733.3,57238.416,595877.0,122238.208,,,,,,,,,,,,,,,,,,,,,,36.17,in compliance,179476.624,2025.0,No,No,Yes,Yes,No,No,,,65.35871205313111,3.0690257181942546,10.97644009442366,3.9740583963475986,14.950411581118543,12.097800250017759,1.1213601555940984,4.179890744928143
77,100109,2102565010.0,2life leventhal limited partnership,40 wallingford rd,40 wallingford rd,40 wallingford rd,,2135.0,40 wallingford rd,boston,2135,158387.0,,Multifamily Housing,Multifamily Housing (158387.0),80.2,25.0,12696463.59,7613382.0,404346.718,1489766.0,305610.597,,,,,,,,,,,,,,,,,,,,,,41.14,in compliance,709957.315,2025.0,No,No,No,No,No,No,,,40.03717272031337,4.482421631825844,11.972796684287408,4.384523514872469,16.356834055172023,13.472960127491925,1.5001634432045183,3.689808340573134
78,100110,2102565015.0,2life unin limited partnership,30 wallingford rd,30 wallingford rd,30 wallingford rd,,2135.0,30 wallingford rd,boston,2135,140990.0,,Multifamily Housing,Multifamily Housing (140990.0),76.7,84.0,10817766.4,8539203.8,453517.114,667808.5,136994.236,,,,,,,,,,,,,,,,,,,,,,38.47,in compliance,590511.35,2025.0,No,No,No,No,No,No,,,21.064078193396742,4.188320802893822,11.856444244859407,4.33990170837321,16.196700377540132,13.288744135433987,1.4322998905745794,3.047569134368885
76,100108,2102565020.0,2life kurlat llc,28 wallingford rd,28 wallingford rd,28 wallingford rd,,2135.0,28 wallingford rd,boston,2135,187656.0,,Multifamily Housing,Multifamily Housing (187656.0),84.6,22.0,15880048.23,10544325.1,560009.106,1563811.0,320800.189,,,,,,,,,,,,,,,,,,,,,,54.04,in compliance,880809.295,2025.0,No,No,No,No,No,No,,,33.60164671017501,4.6937443780108286,12.14236577847246,4.437934266612178,16.580574050932302,13.688596417241374,1.5462306387689149,3.5145750749996445
1600,102388,2102628000.0,,1705-1711 commonwealth ave,1705,1711 commonwealth ave,,2135.0,1705  1711 commonwealth av,boston,2135,28968.0,,Multifamily Housing,Multifamily Housing (28968.0),52.0,,1505317.472,1292900.0,68665.919,62256.0,12771.196,,,,,,,,,,,,,,,,,,,,,,24.24,in compliance,81437.115,2030.0,I'm not sure,No,No,No,I'm not sure,I'm not sure,,,14.111761429153196,2.81127847970174,10.273947051445477,3.9512437185814275,14.224514378769875,11.307586406304223,1.0336393548587455,2.647008593591008
967,101305,2102629000.0,bostonian realty llc mass llc,1713-1715 commonwealth ave,1713,1715 commonwealth ave,,2135.0,1713  1715 commonwealth av,boston,2135,29280.0,,Multifamily Housing,Multifamily Housing (29280.0),74.5,64.0,2181706.424,1887499.9,100245.12,86227.0,17688.607,,,,,,,,,,,,,,,,,,,,,,35.06,in compliance,117933.727,2030.0,I'm not sure,No,No,No,I'm not sure,I'm not sure,,,13.485749265502461,4.027791222677595,10.284659968075248,4.310799125385514,14.595617891868608,11.677878110078234,1.3932181420029857,2.601633517933003
384,100534,2102648000.0,bancroft realty lp mass lp,1687 commonwealth ave,1687 commonwealth ave,1687 commonwealth ave,,2135.0,1687 commonwealth av,boston,2135,27200.0,,Multifamily Housing,Multifamily Housing (27200.0),67.7,93.0,1842738.444,498900.0,26496.579,79962.0,16403.405,,,,,,,,,,1071008.1,79479.511,,,,,,,,,,,41.29,in compliance,122379.495,2030.0,No,No,No,No,No,No,,,14.806351882893697,4.499246139705882,10.210972252284089,4.215086179918229,14.426763307969601,11.714882110516761,1.503909858232672,2.6950562699747294
473,100672,2102859000.0,,41 chestnut hill ave,41 chestnut hill ave,41 chestnut hill ave,,2135.0,41  45 chestnut hill av,boston,2135,29120.0,,Multifamily Housing,Multifamily Housing (29120.0),74.9,69.0,2181697.688,1990543.8,105717.781,56024.0,11492.763,,,,,,,,,,,,,,,,,,,,,,48.01,in compliance,117210.544,2030.0,I'm not sure,No,No,No,I'm not sure,I'm not sure,,,8.762088929710595,4.025087362637363,10.279180502310622,4.316153890523174,14.595613887655485,11.67172711794867,1.3925466156380482,2.170434338816416
2307,103507,2200534010.0,harvard 219 western llc,219 western av,219 western av,219 western av,,2134.0,219 western av,boston,2134,349303.0,70419.0,Multifamily Housing,"Restaurant (3118.0),Multifamily Housing (313550.0),Supermarket/Grocery Store (17856.0),Fast Food Restaurant (2694.0),Parking (70419.0),Retail Store (12085.0)",50.8,,17759534.48,6911114.6,367049.296,3179490.0,652240.579,,,,,,,,,,,,,,,,,,,,,,28.96,in compliance,1019289.875,2025.0,No,No,No,No,No,No,,,61.08773186435459,2.918067909522678,12.763695019363825,3.927896354584436,16.692433083473052,13.834616741819618,1.0709217224557939,4.11231105819954
4095,106073,2200562010.0,,180 telford st,180 telford st,180 telford st,,2135.0,180 telford st,boston,2135,79627.0,29327.0,Multifamily Housing,"Multifamily Housing (79627.0),Parking (29327.0)",21.8,100.0,1735995.712,1037300.0,55091.003,204776.0,42007.749,,,,,,,,,,,,,,,,,,,,,,25.31,pending revisions,97098.752,2025.0,Yes,No,No,No,Yes,Yes,,,40.249317643475834,1.2194199454958745,11.285108510298423,3.0819099697950434,14.3670917041533,11.483483801467674,0.19837529116925123,3.6950930507637474
3024,104529,2200584000.0,,516  530 western av,516  530 western av,516  530 western av,,2135.0,516  530 western av,boston,2135,132000.0,,Multifamily Housing,Multifamily Housing (132000.0),35.8,82.0,4722332.576,1297715.0,68921.644,1003698.0,205898.608,,,,,,,,,,,,,,,,,,,,,,20.52,in compliance,274820.252,2025.0,I'm not sure,No,No,No,I'm not sure,I'm not sure,,,72.5228068032623,2.081971606060606,11.790557201568507,3.5779478934066544,15.367813425320668,12.523872533849175,0.7333153322806678,4.283901088988507
4537,106689,2200650000.0,,26 waverly st,26 waverly st,26 waverly st,,2135.0,26 waverly st,boston,2135,34800.0,0.0,Multifamily Housing,"Multifamily Housing (34800.0),Parking (7020.0)",40.0,98.0,1392841.032,,,118386.0,24285.704,,,,,,,,,,988908.0,73386.863,,,,,,,,,,,45.37,in compliance,97672.567,2025.0,No,No,No,No,No,No,,,29.00193063094655,2.806682959770115,10.457372665762566,3.6888794541139363,14.14685612708259,11.489376010475588,1.0320033447130224,3.367362401251474
242,100333,2200716000.0,,16 lawrence st,16 lawrence st,16 lawrence st,,2135.0,27  33 school st,boston,2135,113582.0,,Multifamily Housing,Multifamily Housing (113582.0),83.1,49.0,9437244.26,7210300.1,382939.038,652680.0,133890.775,,,,,,,,,,,,,,,,,,,,,,26.48,in compliance,516829.813,2025.0,No,No,No,No,No,No,,,23.598436160430587,4.5502792079730945,11.640280322010323,4.420044701861403,16.060174573894106,13.155468917480157,1.515188595469833,3.1611804454474486
1156,101727,2200862010.0,charlesview housing lp mass lps,123 antwerp st,123 antwerp st,123 antwerp st,,2135.0,400 western av,boston,2135,369336.0,,Multifamily Housing,Multifamily Housing (369336.0),40.7,91.0,15042069.07,6915490.3,367281.69,2381764.0,488595.067,,,,,,,,,,,,,,,,,,,,,,33.61,in compliance,855876.757,2025.0,No,No,No,No,No,No,,,54.02804624005094,2.317339108562393,12.819462077811798,3.7062280924485496,16.526361438167545,13.659881669291126,0.8404195914793295,3.9895032865516153
1043,101456,2200864000.0,brighton-allston elderly homes inc,69 holton st,69 holton st,69 holton st,,2134.0,69 holton st,boston,2134,63538.0,,Multifamily Housing,Multifamily Housing (63538.0),56.2,97.0,3572853.892,3058525.6,162438.295,150741.0,30923.009,,,,,,,,,,,,,,,,,,,,,,38.83,in compliance,193361.304,2025.0,No,No,No,No,No,No,,,14.396079960103783,3.0432387547609303,11.059393431092678,4.028916756899646,15.088875243922026,12.172315759252019,1.1129223281593403,2.666955944529213
4148,106137,2201752000.0,,1 everett st,1 everett st,1 everett st,,2134.0,31 n beacon st,boston,2134,32110.0,,Multifamily Housing,"Personal Services (Health/Beauty, Dry Cleaning, etc) (1805.0),Multifamily Housing (30305.0)",31.4,93.0,1006664.552,299200.0,15890.512,207346.0,42534.958,,,,,,,,,,,,,,,,,,,,,,14.66,in compliance,58425.47,2030.0,I'm not sure,No,No,No,I'm not sure,I'm not sure,,,70.28117285886113,1.8195412644036126,10.37692278708356,3.4468078929142076,13.822153000018485,10.9755072038762,0.59858441679264,4.252503951552742
1937,102866,2201764010.0,everett st crossing lp mass lps,43-55 everett st,43,55 everett st,,2134.0,33 everett st,boston,2134,61999.0,,Multifamily Housing,Multifamily Housing (61999.0),57.1,77.0,3539138.46,2705655.1,143697.342,244280.0,50111.599,,,,,,,,,,,,,,,,,,,,,,42.84,in compliance,193808.941,2025.0,No,No,No,No,No,No,,,23.55149456345373,3.1260010806625913,11.034873534864897,4.044804116661965,15.079393882608615,12.174628112565527,1.13975457770063,3.159189281865004
4210,106243,2201865000.0,,61 braintree st,61 braintree st,61 braintree st,,2134.0,61 braintree st,boston,2134,74693.0,28518.0,Multifamily Housing,"Multifamily Housing (74693.0),Parking (28518.0)",38.3,98.0,2862633.148,1172400.0,62266.164,495379.0,101622.048,,,,,,,,,,,,,,,,,,,,,,24.93,in compliance,163888.212,2025.0,No,No,No,No,No,No,,,59.0472955303737,2.1941575783540626,11.221141658564028,3.6454498961866,14.867252440348015,12.006939840241817,0.7857981816777903,4.07833874193956
4843,107171,2201879010.0,37-43 n beacon street llc,37 n beacon st,37 n beacon st,37 n beacon st,,2134.0,37 n beacon st,boston,2134,104976.0,2500.0,Multifamily Housing,"Multifamily Housing (104976.0),Parking (2500.0)",21.6,100.0,2264636.476,1082300.0,57480.953,346523.0,71085.728,,,,,,,,,,,,,,,,,,,,,,8.35,in compliance,128566.681,2025.0,I'm not sure,No,No,No,I'm not sure,I'm not sure,,,52.21096043363386,1.2247245179850632,11.561487031584658,3.0726933146901194,14.63292480777113,11.764202967013814,0.20271593542915503,3.955292442840965
62,100091,2201898000.0,24-26 hichborn street llc,26 hichborn st,26 hichborn st,26 hichborn st,,2135.0,26  24 hichborn st,boston,2135,31532.0,8500.0,Multifamily Housing,"Multifamily Housing (31532.0),Parking (8500.0)",32.3,100.0,1018372.284,316500.0,16809.315,205707.0,42198.734,,,,,,,,,,,,,,,,,,,,,,38.7,in compliance,59008.049,2030.0,No,No,No,No,No,No,,,68.9240222930105,1.8713703222123557,10.358758182179798,3.475067230228611,13.8337161106154,10.9854291373118,0.6266709551320006,4.233004771724166
3534,105245,2201904004.0,,125 guest st,125 guest st,125 guest st,,2135.0,125 guest st,boston,2135,333783.0,,Multifamily Housing,"Office (100000.0),Multifamily Housing (233783.0)",33.8,97.0,11275907.98,5135877.5,272766.454,1799540.0,369157.636,,,,,,,,,,,,,,,,,,,,,,19.41,pending revisions,641924.09,2025.0,No,No,No,No,No,No,,,54.4550418635112,1.923177903008841,12.718246360213142,3.520460802488973,16.23817897048756,13.372225335805824,0.6539789755926824,3.997375441299941
2998,104495,2202115000.0,,180-182 n beacon st,180,182 n beacon st,,2135.0,glencoe st,boston,2135,42240.0,,Multifamily Housing,Multifamily Housing (42240.0),71.5,41.0,3019910.828,2499942.5,132771.946,152394.0,31262.105,,,,,,,,,,,,,,,,,,,,,,67.4,in compliance,164034.051,2025.0,No,No,No,No,No,No,,,17.218759649415713,3.8833818892045455,10.651122918380143,4.269697449699962,14.920737861762799,12.007829313303397,1.3567063949232527,2.8459994667546695
2212,103319,2202145000.0,glencoe park east condo assn,18 glencoe st,18 glencoe st,18 glencoe st,,2135.0,18 glencoe st,boston,2135,32222.0,,Multifamily Housing,Multifamily Housing (32222.0),46.5,93.0,1499744.528,1117279.8,59338.73,112094.0,22994.963,,,,,,,,,,,,,,,,,,,,,,37.76,in compliance,82333.693,2025.0,I'm not sure,No,No,No,I'm not sure,I'm not sure,,,25.50311302752758,2.555201197939296,10.380404728050932,3.8394523125933104,14.220805336900582,11.318535695353516,0.9381309673025836,3.238800524224169
142,100190,2202338000.0,"5521 - 4, 8, 12 elko street",4-12 elko st,4,12 elko st,,2135.0,4  12 elko st,boston,2135,36294.0,,Multifamily Housing,Multifamily Housing (36294.0),61.5,92.0,2230517.43,2127466.5,112989.746,30202.5,6195.741,,,,,,,,,,,,,,,,,,,,,,30.32,in compliance,119185.487,2025.0,No,No,No,No,No,No,,,4.6202490502394316,3.2838895409709594,10.49940771733497,4.119037174812473,14.617744147911317,11.68843627284514,1.189028555510171,1.5304486106189505
2073,103040,2202408000.0,,15 leicester st,15 leicester st,15 leicester st,,2135.0,15 leicester st,boston,2135,24752.0,,Multifamily Housing,Multifamily Housing (24752.0),59.7,88.0,1478320.644,1218200.0,64698.602,76237.0,15639.258,,,,,,,,,,,,,,,,,,,,,,39.83,in compliance,80337.86,2030.0,No,No,No,No,No,No,,,17.59645856301794,3.245711861667744,10.116661572812847,4.089332020398556,14.206417301480846,11.29399627076488,1.177334697952033,2.8676976637867018
4832,107160,2202616000.0,city of boston,41-45 faneuil st,41,45 faneuil st,,2135.0,41 89 faneuil st,boston,2135,20544.0,,Multifamily Housing,Multifamily Housing (20544.0),107.8,5.0,2214361.332,110000.0,5842.1,148586.0,30480.932,,,,,,,,,,,,1597385.9,120267.184,,,,,,,,,349.8,in compliance,156590.216,2030.0,No,No,No,No,No,No,,,22.89588932814692,7.62218730529595,9.930324206489688,4.680277658474897,14.61047458218655,11.961387582936966,2.0310633764472783,3.1309573891260905
467,100666,2203171000.0,bigelow court condo tr,142 bigelow st,142 bigelow st,142 bigelow st,,2135.0,142 bigelow st,boston,2135,34541.0,8525.0,Multifamily Housing,"Multifamily Housing (34541.0),Parking (8525.0)",45.8,88.0,1583386.86,1083000.0,57518.13,146655.0,30084.807,,,,,,,,,,,,,,,,,,,,,,27.76,in compliance,87602.937,2030.0,Yes,No,No,No,Yes,Yes,,,31.603701590020773,2.536201528618164,10.44990230322135,3.824284091120139,14.275076693087083,11.380569803759712,0.9306675005383622,3.453274252657346
3235,104807,2203712010.0,oak square mainsail inc mass llc,109-111 tremont st,109,111 tremont st,,2135.0,109  111 tremont st,boston,2135,53707.0,,Multifamily Housing,Multifamily Housing (53707.0),60.3,97.0,3239597.192,2921800.1,155176.803,93141.0,19106.945,,,,,,,,,,,,,,,,,,,,,,45.22,in compliance,174283.748,2025.0,No,No,No,No,No,No,,,9.810203068912896,3.245084402405645,10.89129862581914,4.09933210373314,14.99095955658292,12.068439985623272,1.1771413598041307,2.2834229735580203
3323,104922,2203750000.0,one-06 tremont lp mass lps,106 tremont st,106 tremont st,106 tremont st,,2135.0,106 tremont st,boston,2135,25463.0,,Multifamily Housing,Multifamily Housing (25463.0),61.5,40.0,1567024.44,889333.0,47232.476,198620.0,40744.907,,,,,,,,,,,,,,,,,,,,,,40.28,in compliance,87977.383,2025.0,No,No,No,No,No,No,,,43.248925524097125,3.4551067431174647,10.144981697062931,4.119037174812473,14.264689117898088,11.384835049063627,1.2398533520006956,3.76697238969581
3324,104923,2203750000.0,one-06 tremont lp mass lps,116 tremont st,116 tremont st,116 tremont st,,2135.0,106 tremont st,boston,2135,27600.0,,Multifamily Housing,Multifamily Housing (27600.0),42.4,95.0,1169086.08,847453.9,45008.277,94265.0,19337.522,,,,,,,,,,,,,,,,,,,,,,32.94,in compliance,64345.799,2025.0,No,No,No,No,No,No,,,27.512629330938577,2.3313695289855074,10.225571051705241,3.7471483622379123,13.97173287332921,11.072026927287922,0.8464558755826805,3.314645147648022
1765,102641,2203751000.0,dee development llc,100 tremont st,100 tremont st,100 tremont st,,2135.0,100 tremont st,boston,2135,21420.0,,Multifamily Housing,Multifamily Housing (21420.0),50.1,91.0,1073779.556,840183.8,44622.162,68463.0,14044.5,,,,,,,,,,,,,,,,,,,,,,34.3,in compliance,58666.662,2030.0,No,No,No,No,No,No,,,21.75549200435699,2.7388731092436975,9.97208034400174,3.914021008090819,13.88669527786219,10.979626905806722,1.0075465618049817,3.0798662316078795
1030,101429,2204054000.0,brighton allston apt's mass llc,493-501 washington st,493,501 washington st,,2135.0,493  501 washington st,boston,2135,27024.0,,Multifamily Housing,Multifamily Housing (27024.0),70.6,83.0,1907512.908,1511263.7,80263.215,116134.0,23823.729,,,,,,,,,,,,,,,,,,,,,,61.96,in compliance,104086.944,2025.0,No,No,No,No,No,No,,,20.773994578913747,3.8516483126110126,10.204480639047581,4.257030144499196,14.46131080909033,11.552981828870147,1.3485011898225654,3.033701943850245
4964,107337,2205077000.0,,35 south st,35 south st,35 south st,,2135.0,,,,33548.0,,Multifamily Housing,Multifamily Housing (33548.0),63.6,85.0,2134378.436,1666065.4,88484.733,137254.7,28156.429,,,,,,,,,,,,,,,,,,,,,,32.7,in compliance,116641.162,2030.0,No,No,No,No,No,No,,,21.94238925514519,3.4768439847382853,10.420732528104303,4.152613470346076,14.573686031578942,11.666857509469954,1.2461249813656516,3.0884203484232136
3557,105277,2205081000.0,reservoir heights condo tr,1997-2003 commonwealth ave,1997,2003 commonwealth ave,,2135.0,1997  2003 commonwealth av,boston,2135,67979.0,,Multifamily Housing,Multifamily Housing (67979.0),86.1,84.0,5852036.824,5072899.8,269421.708,228352.0,46844.129,,,,,,,,,,,,,,,,,,,,,,,pending revisions,316265.837,2025.0,No,No,No,No,No,No,,,13.314531337268972,4.652404963297489,11.126954112933026,4.455509411433685,15.58230033365191,12.664338395240389,1.5373842823073622,2.58885602054421
1169,101743,2205124000.0,,185-189 chestnut hill ave,185,189 chestnut hill ave,,2135.0,185  189 chestnut hill av,boston,2135,20000.0,,Multifamily Housing,Multifamily Housing (20000.0),84.9,48.0,1697684.576,1098800.1,58357.273,175523.0,36006.788,,,,,,,,,,,,,,,,,,,,,,3.73,pending revisions,94364.061,2030.0,I'm not sure,No,No,No,I'm not sure,I'm not sure,,,35.278096586182336,4.7182030500000005,9.903487552536127,4.441474093317302,14.344775866524492,11.454915569899475,1.5514280173633475,3.5632622780443257
1168,101741,2205126010.0,chestnut hill gardens condo,165 chestnut hill ave,165 chestnut hill ave,165 chestnut hill ave,,2135.0,163  165 chestnut hill av,boston,2135,51500.0,,Multifamily Housing,Multifamily Housing (51500.0),37.6,79.0,1938772.124,1119800.0,59472.578,240027.0,49239.139,,,,,,,,,,,,,,,,,,,,,,19.78,in compliance,108711.717,2025.0,I'm not sure,No,No,No,I'm not sure,I'm not sure,,,42.24365091242667,2.110907126213592,10.849337086651827,3.6270040503958487,14.477565404884242,11.596454859388468,0.74711777273664,3.7434540682487842
1639,102458,2205284000.0,commonwealth/brighton condo tr,2031 commonwealth ave,2031 commonwealth ave,2031 commonwealth ave,,2135.0,2031  2309 commonwealth av,boston,2135,38000.0,,Multifamily Housing,Multifamily Housing (38000.0),87.6,43.0,3328682.232,2852500.1,151496.28,139561.0,28629.544,,,,,,,,,,,,,,,,,,,,,,25.22,in compliance,180125.824,2025.0,I'm not sure,No,No,No,I'm not sure,I'm not sure,,,14.306053656070347,4.740153263157895,10.545341438708522,4.472780997942346,15.018087057510254,12.101410907892332,1.5560694691838086,2.6606827802782322
1633,102439,2205301000.0,commonwealth properties,2045 commonwealth ave,2045 commonwealth ave,2045 commonwealth ave,,2135.0,2045 commonwealth av,boston,2135,22100.0,,Multifamily Housing,Multifamily Housing (22100.0),98.1,40.0,2166992.58,1868817.9,99252.919,87390.0,17927.185,,,,,,,,,,,,,,,,,,,,,,39.35,in compliance,117180.104,2025.0,No,No,No,No,No,No,,,13.760443448311207,5.302267149321267,10.003332887505843,4.585987366571318,14.588850856424033,11.671467380621854,1.6681344931160098,2.621798059334106
5357,107878,,,901-934 jette ct,901,934 jette ct,,2135.0,,,,51435.0,,Multifamily Housing,Multifamily Housing (51435.0),75.8,,3899244.308,2978400.1,158182.829,269884.0,55364.004,,,,,,,,,,,,,,,,,,,,,,55.08,in compliance,213546.833,2025.0,,,,,,,,,23.61700416438743,4.151780557985807,10.84807415356513,4.328098292648326,15.176293325145103,12.271611445909116,1.4235372923439862,3.161966968025076
5358,107879,,,1001-1014 fidelis way,1001,1014 fidelis way,,2135.0,,,,26241.0,,Multifamily Housing,Multifamily Housing (26241.0),65.1,,1707405.192,1229500.0,65298.745,140066.0,28733.139,,,,,,,,,,,,,,,,,,,,,,55.08,in compliance,94031.884,2025.0,,,,,,,,,27.991375693321658,3.5833956023017417,10.175078352087965,4.175924549214524,14.350485344434592,11.451389195229075,1.2763108431411097,3.3318964517772898
5359,107880,,,1101-1114 fidelis way,1101,1114 fidelis way,,2135.0,,,,26241.0,,Multifamily Housing,Multifamily Housing (26241.0),70.8,,1859105.192,1381200.0,73355.532,140066.0,28733.139,,,,,,,,,,,,,,,,,,,,,,55.08,in compliance,102088.671,2025.0,,,,,,,,,25.707324359944018,3.890426088944781,10.175078352087965,4.259859000699674,14.435605850363588,11.533597038152967,1.3585186860650027,3.2467759458482925
5360,107881,,,1201-1224 jette ct,1201,1224 jette ct,,2135.0,,,,36654.0,,Multifamily Housing,Multifamily Housing (36654.0),72.2,,2647396.204,1922800.0,102119.908,212367.0,43564.966,,,,,,,,,,,,,,,,,,,,,,55.08,in compliance,145684.874,2025.0,,,,,,,,,27.371349175281967,3.9745968789218096,10.509277841877822,4.279440045898781,14.789087150401144,11.889201170733639,1.3799233288558161,3.3094968157829485
2292,103469,302970000.0,harbor towers ii condo tr,65 e india row,65 e india row,65 e india row,,2110.0,,boston,2110,406928.0,,Multifamily Housing,Multifamily Housing (813856.0),46.9,,19100361.15,12170290.6,646364.134,2031087.5,416657.29,0.0,0.0,0.0,0.0,0.0,0.0,0.0,0.0,0.0,0.0,0.0,0.0,0.0,0.0,0.0,0.0,0.0,0.0,0.0,0.0,0.0,18.94,0,1063021.424,,,,,,,,,,36.28400090814514,2.6123083788778363,12.916391544598438,3.8480176754522337,16.765217801215062,13.876625811401329,0.9602342668028907,3.591376897781502
2291,103468,302975000.0,harbor towers 1 condo tr,85 e india row,85 e india row,85 e india row,,2110.0,,boston,2110,406928.0,,Multifamily Housing,Multifamily Housing (813856.0),46.9,,19100361.15,12170290.6,646364.134,2031087.5,416657.29,0.0,0.0,0.0,0.0,0.0,0.0,0.0,0.0,0.0,0.0,0.0,0.0,0.0,0.0,0.0,0.0,0.0,0.0,0.0,0.0,0.0,18.94,0,1063021.424,,,,,,,,,,36.28400090814514,2.6123083788778363,12.916391544598438,3.8480176754522337,16.765217801215062,13.876625811401329,0.9602342668028907,3.591376897781502
5612,C10066,,,11 tetlow street,11 tetlow street,11 tetlow street,,2115.0,,,,48984.0,,Multifamily Housing,Multifamily Housing (48984.0),79.1,76.0,3873635.656,3360000.0,178449.6,150538.0,30881.365,,,,,,,,,,,,,,,,,,,,,,45.24,,209330.965,,,,,,,,,,13.260365256716339,4.273455924383472,10.799248993157791,4.370712874773608,15.169704069997586,12.251671843023958,1.4524228498661678,2.5847795301337193
5613,C10067,,,1185-1189 commonwealth ave,1185,1189 commonwealth ave,,2134.0,,,,39540.0,,Multifamily Housing,Multifamily Housing (39540.0),50.1,100.0,1979416.032,1651400.0,87705.854,96136.0,19721.339,,,,,,,,,,,,,,,,,,,,,,28.56,,107427.193,,,,,,,,,,16.572082225107494,2.7169244562468386,10.585068096724608,3.914021008090819,14.498312425835996,11.584568622677322,0.9995005259527149,2.8077194858916883
5619,C10073,,,1197-1209 boylston street,1197,1209 boylston street,,2215.0,,,,89046.0,,Multifamily Housing,Multifamily Housing (89046.0),59.3,97.0,5283121.116,1544100.0,82007.151,267893.0,54955.57,,,,,,,,,,2824970.2,209641.039,,,,,,,,,,,46.07,,346603.76,,,,,,,,,,17.30210381097763,3.892412460975226,11.396908369123873,4.08260930600368,15.480027601494113,12.755937504444848,1.3590291353209738,2.8508281016810932
5621,C10075,,,11-19 peterborough street,11,19 peterborough street,,2215.0,,,,32875.0,,Multifamily Housing,Multifamily Housing (32875.0),68.0,86.0,2236574.372,1838800.0,97658.668,116581.0,23915.426,,,,,,,,,,,,,,,,,,,,,,41.8,,121574.094,,,,,,,,,,17.785764879094305,3.698071300380228,10.400467769480066,4.219507705176107,14.620455955046836,11.708279183054213,1.307811413574147,2.878398411453115
5622,C10076,,,98-106 queensberry street,98,106 queensberry street,,2215.0,,,,66452.0,,Multifamily Housing,Multifamily Housing (66452.0),54.2,95.0,3601686.336,2837899.9,150720.864,223853.0,45921.204,,,,,,,,,,,,,,,,,,,,,,36.49,,196642.068,,,,,,,,,,21.207288550237596,2.9591595136339013,11.10423516150637,3.9926809084456005,15.096912720415483,12.18914044142479,1.0849052799184205,3.0543449221319565
5625,C10079,,,2 clarendon st,2 clarendon st,2 clarendon st,,2129.0,,,,96212.0,,Multifamily Housing,Multifamily Housing (96212.0),41.3,53.0,3973176.752,1297500.0,68910.225,784196.0,160869.967,,,,,,,,,,,,,,,,,,,,,,15.21,,229780.192,,,,,,,,,,67.34647231722249,2.3882695713632396,11.474309368999135,3.720862499966987,15.19507652210316,12.344878443988868,0.8705690749897321,4.209850523121141
5626,C10080,,,321-325 summit avenue,321,325 summit avenue,,2135.0,,,,31592.0,,Multifamily Housing,Multifamily Housing (31592.0),70.3,76.0,2219644.064,1945500.1,103325.51,80347.0,16482.384,,,,,,,,,,,,,,,,,,,,,,41.43,,119807.894,,,,,,,,,,12.351350403268981,3.7923491390225372,10.360659202966485,4.252771798816619,14.612857409462457,11.693644855647886,1.3329856526814008,2.513765401490573
5627,C10081,,,67-71 symphony road,67,71 symphony road,,2115.0,,,,35460.0,,Multifamily Housing,Multifamily Housing (35460.0),29.2,100.0,1034724.808,651100.0,34579.921,112434.0,23064.711,,,,,,,,,,,,,,,,,,,,,,35.72,,57644.632,,,,,,,,,,37.076686490346525,1.6256241398759164,10.476160579628198,3.374168709274236,13.849646063337321,10.962052407745212,0.485891828117012,3.6129883756029475
5630,C10085,,,120-124 peterborough street,120,124 peterborough street,,2215.0,,,,31840.0,,Multifamily Housing,Multifamily Housing (31840.0),65.8,80.0,2096354.944,1681500.1,89304.47,121587.0,24942.357,,,,,,,,,,,,,,,,,,,,,,35.03,,114246.827,,,,,,,,,,19.790211730957715,3.588154114321608,10.368478639958319,4.186619838331271,14.555710653597526,11.646116535941907,1.2776378959835868,2.9851874584434324
5631,C10086,,,16-20 queensberry street,16,20 queensberry street,,2215.0,,,,39775.0,,Multifamily Housing,Multifamily Housing (39775.0),32.8,99.0,1303263.08,10600.0,562.966,135190.0,27732.877,,,,,,,,,,831394.8,61697.808,,,,,,,,,,,20.29,,89993.651,,,,,,,,,,35.39489191238349,2.2625682212445004,10.590993853205987,3.490428515390098,14.080381739027331,11.407494402379582,0.8165005491735937,3.5665675134676684
5632,C10087,,,32-36-40 queensberry street,32,40 queensberry street,,2215.0,,,,56650.0,,Multifamily Housing,Multifamily Housing (56650.0),40.4,96.0,2289674.724,17300.0,918.803,187452.0,38453.903,,,,,,,,,,1632788.5,121169.235,,,,,,,,,,,27.93,,160541.941,,,,,,,,,,27.93472518588191,2.8339265842894967,10.944647266456153,3.6988297849671046,14.643920323520115,11.986310502057227,1.0416632356010755,3.3298705452354413
5633,C10089,,,77-81 park drive,77,81 park drive,,2215.0,,,,36915.0,,Multifamily Housing,Multifamily Housing (36915.0),45.4,98.0,1677665.916,887300.0,47124.503,231643.0,47519.245,,,,,,,,,,,,,,,,,,,,,,37.45,,94643.748,,,,,,,,,,47.11311441162998,2.5638290125965058,10.516373251493265,3.8155121050473024,14.332914049643437,11.457875100573089,0.9415018490798235,3.852551399880038
5634,C10090,,,105-111 queensberry street,105,111 queensberry street,,2215.0,,,,66320.0,,Multifamily Housing,Multifamily Housing (66320.0),66.3,69.0,4397032.352,3644700.0,193570.017,220496.0,45232.549,,,,,,,,,,,,,,,,,,,,,,54.86,,238802.566,,,,,,,,,,17.11075484941076,3.6007624547647765,11.102246789809177,4.194189897191817,15.296440405879796,12.383392405836487,1.281145616027311,2.839707204371679
5635,C10091,,,51-55 queensberry street,51,55 queensberry street,,2215.0,,,,31090.0,,Multifamily Housing,Multifamily Housing (31090.0),46.2,95.0,1436566.2,988400.0,52493.924,131350.0,26945.139,,,,,,,,,,,,,,,,,,,,,,43.68,,79439.063,,,,,,,,,,31.198416230313647,2.5551322933419103,10.344641503052799,3.832979798087693,14.177766240572145,11.282745503584033,0.9381040005312341,3.4403673316780887
5636,C10092,,,24-28 queensberry street,24,28 queensberry street,,2215.0,,,,37065.0,,Multifamily Housing,Multifamily Housing (37065.0),38.1,98.0,1410892.604,16100.0,855.071,117417.0,24086.923,,,,,,,,,,994165.8,73777.044,,,,,,,,,,,16.78,,98719.038,,,,,,,,,,28.39652113946442,2.6634031566167544,10.52042840709082,3.6402142821326553,14.159733114543425,11.500033094359157,0.9796046872683374,3.346266642574743
5638,C10094,,,108-112 jersey street,108,112 jersey street,,2215.0,,,,36490.0,,Multifamily Housing,Multifamily Housing (36490.0),63.8,38.0,2328721.012,1476400.0,78411.604,249801.0,51244.177,,,,,,,,,,,,,,,,,,,,,,198.56,,129655.781,,,,,,,,,,36.602000744518556,3.5531866538777748,10.504793529430493,4.155753190350744,14.660829752940696,11.772638379251566,1.2678448498210724,3.600102904064016
