_id,BERDO ID,Tax Parcel ID,Property Owner Name,Building Address,Geospatial Address,Geospatial Address.1,Building Address City,Building Address Zip  Code,Parcel Address,Parcel Address City,Parcel Address Zip Code,Reported Gross Floor Area (Sq Ft),Reported Enclosed Parking Area (Sq Ft),Largest Property Type,All Property Types and GFAs,Site EUI (Energy Use Intensity kBtu/ft2),Energy Star Score,Total Site Energy Usage (kBtu),Natural Gas Usage (kBtu),Natural Gas Emissions (kgCO2e),Electricity Usage (kWh),Electricity Emissions (kgCO2e),Renewable System Electricity Usage Onsite (kBtu),District Hot Water Usage (kBtu),District Hot Water Emissions (kgCO2e),District Chilled Water Usage (kBtu),District Chilled Water Emissions (kgCO2e),District Steam Usage (kBtu),District Steam Emissions (kgCO2e),Fuel Oil 1 Usage (kBtu),Fuel Oil 1 Emissions (kgCO2e),Fuel Oil 2 Usage (kBtu),Fuel Oil 2 Emissions (kgCO2e),Fuel Oil 4 Usage (kBtu),Fuel Oil 4 Emissions (kgCO2e),Fuel Oil 5 and 6 Usage (kBtu),Fuel Oil 5 and 6 Emissions (kgCO2e),Propane Usage (kBtu),Propane Emissions (kgCO2e),Diesel Usage (kBtu),Diesel Emissions (kgCO2e),Kerosene Usage (kBtu),Kerosene Emissions (kgCO2e),Water Usage Intensity (Gallons/ft2),Compliance Status,Estimated Total GHG Emissions (kgCO2e),First Emissions Compliance Year (Projected),Community Choice Electricity Participation,Renewable Energy Purchased through a Power Purchase Agreement (,Renewable Energy Certificate (REC) Purchase,Backup Generator,Battery Storage,Electric Vehicle (EV) Charging,Corresponding Campus ID,Notes,Cluster_2,Cluster_3
1013,101366,100534000.0,brandywyne village co,870-908a saratoga st,870-908a saratoga st,,boston,2128.0,870 908a saratoga st,boston,2128,385660.0,,Multifamily Housing,Multifamily Housing (385660.0),70.5,74.0,27200633.84,22441934.5,1191891.141,1394695.0,286107.732,,,,,,,,,,,,,,,,,,,,,,47.75,in compliance,1477998.873,2025.0,No,No,No,No,No,No,,,0.0,2.0
1178,101752,100728000.0,cheverus school apts inc,10 moore st,10 moore st,,boston,2128.0,10 moore st,boston,2128,45216.0,,Multifamily Housing,Multifamily Housing (45216.0),50.9,70.0,2302929.834,1626178.4,86366.335,198344.5,40688.391,,,,,,,,,,,,,,,,,,,,,,34.52,in compliance,127054.726,2025.0,No,Yes,No,No,No,No,,,0.0,0.0
3029,104535,101082000.0,,720 bennington st,720 bennington st,,boston,2128.0,720 bennington st,boston,2128,23940.0,,Multifamily Housing,Multifamily Housing (23940.0),23.3,100.0,557979.572,,,89681.0,18397.16,,,,,,,,,,251988.0,18700.029,,,,,,,,,,,31.15,in compliance,37097.189,2030.0,No,No,No,No,No,No,,,0.0,2.0
1140,101708,102829000.0,chapman house associates lps mass lps,61 eutaw st,61 eutaw st,,boston,2128.0,61 eutaw st,boston,2128,33551.0,,Multifamily Housing,Multifamily Housing (33551.0),71.1,53.0,2386041.264,1838340.2,97634.248,160522.0,32929.483,,,,,,,,,,,,,,,,,,,,,,34.9,in compliance,130563.731,2030.0,No,No,No,No,No,No,,,0.0,2.0
2662,104054,103613000.0,,401 border st,401 border st,,boston,2128.0,401 border st,boston,2128,51488.0,,Multifamily Housing,Multifamily Housing (51488.0),55.1,65.0,2835791.202,1900106.5,100914.656,274233.5,56256.26,,,,,,,,,,,,,,,,,,,,,,23.74,in compliance,157170.916,2025.0,No,No,No,No,No,No,,,0.0,2.0
2660,104052,103647000.0,,344-352 meridian st,344-352 meridian st,,boston,2128.0,344  352 meridian st,boston,2128,50000.0,,Multifamily Housing,Multifamily Housing (50000.0),66.9,70.0,3344770.108,2485683.1,132014.629,251784.0,51650.97,,,,,,,,,,,,,,,,,,,,,,45.26,in compliance,183665.599,2025.0,No,Yes,No,No,No,No,,,0.0,2.0
1839,102744,103894010.0,ebcdc inc,120-150 orleans st,120-150 orleans st,,boston,2128.0,120  150 orleans st,boston,2128,41716.0,,Multifamily Housing,Multifamily Housing (41716.0),70.9,25.0,2956081.048,2064000.0,109619.04,261454.0,53634.674,,,,,,,,,,,,,,,,,,,,,,33.54,in compliance,163253.714,2025.0,No,No,No,No,No,No,,,0.0,0.0
2250,103363,103916000.0,greenway apartments llc mass llc,172 maverick st,172 maverick st,,boston,2128.0,170  172 maverick st,boston,2128,38370.0,,Multifamily Housing,Multifamily Housing (38370.0),43.2,91.0,1658593.148,1065062.1,56565.448,173954.0,35684.924,,,,,,,,,,,,,,,,,,,,,,36.79,in compliance,92250.372,2030.0,No,Yes,No,No,No,No,,,1.0,1.0
4126,106111,104164010.0,the porter 156 condominium trust,156-204 porter st,156-204 porter st,,boston,2128.0,156  204 porter st,boston,2128,198660.0,,Multifamily Housing,Multifamily Housing (198660.0),44.7,70.0,8874934.44,4797099.7,254773.965,1195145.0,245172.045,,,,,,,,,,,,,,,,,,,,,,26.7,in compliance,499946.01,2025.0,No,No,No,No,No,No,,,0.0,0.0
1661,102495,104372000.0,constitution apartments llc,917 bennington st,917 bennington st,,boston,2128.0,917 bennington st,boston,2128,47230.0,10000.0,Multifamily Housing,"Multifamily Housing (47230.0),Parking (10000.0)",31.7,99.0,1496606.96,576800.0,30633.848,269580.0,55301.641,,,,,,,,,,,,,,,,,,,,,,25.6,pending revisions,85935.489,2025.0,No,No,No,No,No,No,,,1.0,1.0
2826,104266,104447000.0,,marginal st,marginal st,,boston,2128.0,marginal st,boston,2128,196763.0,40052.0,Multifamily Housing,"Multifamily Housing (196763.0),Parking (74456.0)",31.3,96.0,6158554.7,1180617.3,62702.585,1458950.0,299289.003,,,,,,,,,,,,,,,,,,,,,,22.3,in compliance,361991.588,2025.0,No,No,No,No,No,No,,,1.0,1.0
2827,104267,104447010.0,,marginal st,marginal st,,boston,2128.0,marginal st,boston,2128,291137.0,98817.0,Multifamily Housing,"Multifamily Housing (291137.0),Swimming Pool (0.0),Parking (98817.0)",30.4,99.0,8851695.96,2297738.7,122032.902,1920855.0,394044.195,,,,,,,,,,,,,,,,,,,,,,25.78,in compliance,516077.097,2025.0,No,No,No,No,No,No,,,0.0,0.0
5415,107952,105314000.0,,197-207 maverick st,197-207 maverick st,,east boston,2128.0,,,,42458.0,0.0,Multifamily Housing,"Multifamily Housing (42458.0),Parking (9800.0)",39.2,94.0,1663780.076,681728.0,36206.574,287823.0,59044.01,,,,,,,,,,,,,,,,,,,,,,21.63,in compliance,95250.584,2025.0,No,No,No,No,No,No,,,0.0,2.0
4464,106569,105343100.0,victory gardens association,54 orleans st,54 orleans st,,boston,2128.0,60  70 orleans st,boston,2128,81565.0,,Multifamily Housing,Multifamily Housing (81565.0),42.8,84.0,3489650.94,2221768.8,117998.141,371595.0,76228.998,,,,,,,,,,,,,,,,,,,,,,20.28,in compliance,194227.139,2025.0,No,No,No,No,No,No,,,0.0,0.0
2293,103470,105392000.0,harborview condo trust,10 orleans st,10 orleans st,,boston,2128.0,10 orleans st,boston,2128,23633.0,0.0,Multifamily Housing,"Multifamily Housing (23633.0),Parking (6488.0)",26.9,87.0,636679.2,,,186600.0,38279.124,,,,,,,,,,,,,,,,,,,,,,22.12,in compliance,38279.124,2030.0,I'm not sure,No,No,No,I'm not sure,I'm not sure,,,0.0,2.0
2421,103648,105398000.0,heritage housing corp,30 s bremen st,30 s bremen st,30 s bremen st,,2128.0,2  30 marginal st,boston,2128,52800.0,,Multifamily Housing,Multifamily Housing (52800.0),83.0,7.0,4380912.344,2451300.1,130188.548,565537.0,116014.26,,,,,,,,,,,,,,,,,,,,,,60.07,in compliance,246202.808,2025.0,No,No,No,No,No,No,,,0.0,2.0
2692,104090,105398005.0,lewis mall apartments inc,225 sumner st,225 sumner st,225 sumner st,,2128.0,s bremen st,boston,2128,30096.0,0.0,Multifamily Housing,"Multifamily Housing (30096.0),Parking (1296.0)",67.9,39.0,2042101.114,1107180.7,58802.367,274009.5,56210.309,,,,,,,,,,,,,,,,,,,,,,47.71,in compliance,115012.676,2025.0,No,Yes,No,No,No,No,,,1.0,2.0
2432,103660,105399000.0,,2 Monsignor Albert A Jacobbe Rd,2 Monsignor Albert A Jacobbe Rd,2 Monsignor Albert A Jacobbe Rd,,2128.0,2 msgr albert a jacobbe rd,boston,2128,63250.0,,Multifamily Housing,Multifamily Housing (63250.0),83.0,,5248172.096,2936600.1,155962.831,677483.0,138978.863,,,,,,,,,,,,,,,,,,,,,,120.84,in compliance,294941.694,2025.0,,,,,,,,,0.0,0.0
3894,105821,105400040.0,,65 lewis st,65 lewis st,65 lewis st,,2128.0,65 lewis st,boston,2128,101703.0,,Multifamily Housing,Multifamily Housing (101703.0),141.9,14.0,14427077.13,9985100.1,530308.666,1301869.0,267065.407,,,,,,,,,,,,,,,,,,,,,,132.03,in compliance,797374.073,2030.0,I'm not sure,No,No,No,I'm not sure,I'm not sure,,,1.0,1.0
1556,102304,105401000.0,clippership apartments lp,125-131 sumner st,125,131 sumner st,,2128.0,125 sumner st,boston,2128,27864.0,,Multifamily Housing,Multifamily Housing (27864.0),43.9,97.0,1222506.904,616563.0,32745.661,177592.0,36431.223,,,,,,,,,,,,,,,,,,,,,,53.41,in compliance,69176.884,2030.0,,,,,,,,,1.0,1.0
1103,101657,105402300.0,carlton wharf condo trust,113 sumner st,113 sumner st,113 sumner st,,2128.0,113 sumner st,boston,2128,21275.0,,Multifamily Housing,Multifamily Housing (21275.0),135.1,17.0,2874493.504,2275800.1,120867.743,175467.0,35995.3,,,,,,,,,,,,,,,,,,,,,,56.18,in compliance,156863.043,2025.0,Yes,No,No,No,Yes,Yes,,,1.0,1.0
1790,102673,105403000.0,,99-111 sumner st,99,111 sumner st,,2128.0,99  111 sumner st,boston,2128,128944.0,30543.0,Multifamily Housing,"Multifamily Housing (128944.0),Parking (30543.0)",44.2,91.0,5697889.552,2966000.1,157524.265,800671.0,164249.649,,,,,,,,,,,,,,,,,,,,,,15.95,in compliance,321773.914,2025.0,Yes,No,No,No,Yes,Yes,,,0.0,2.0
2180,103175,105410000.0,gegc 2 new street llc,6-26 new st,6,26 new st,,2128.0,2  26 new st,boston,2128,293648.0,,Multifamily Housing,"Multifamily Housing (293648.0),Swimming Pool (0.0)",42.7,85.0,12529209.46,6288275.9,333970.333,1829113.0,375224.241,,,,,,,,,,,,,,,,,,,,,,24.38,in compliance,709194.574,2025.0,I'm not sure,No,No,No,I'm not sure,I'm not sure,,,0.0,2.0
4224,106257,105413010.0,,126 border st,126 border st,126 border st,,2128.0,126 border st,boston,2128,203508.0,,Multifamily Housing,Multifamily Housing (203508.0),37.8,97.0,7698447.996,4199500.0,223035.445,1025483.0,210367.583,,,,,,,,,,,,,,,,,,,,,,23.89,in compliance,433403.028,2025.0,No,No,No,No,No,No,,,0.0,0.0
1670,102504,105590100.0,coppersmith village rental,75  109 border st,75  109 border st,75-109 Border St,,2128.0,75  109 border st,boston,2128,74868.0,,Multifamily Housing,Multifamily Housing (74868.0),46.0,83.0,3443677.172,1725800.0,91657.238,503481.0,103284.092,,,,,,,,,,,,,,,,,,,,,,26.61,in compliance,194941.33,2025.0,No,No,No,No,No,No,,,1.0,1.0
2735,104143,105744000.0,lyman school limited,30 gove st,30 gove st,30 gove st,,2128.0,30 gove st,boston,2128,41373.0,,Multifamily Housing,Multifamily Housing (41373.0),59.6,81.0,2465433.264,1829361.4,97157.384,186422.0,38242.609,,,,,,,,,,,,,,,,,,,,,,34.34,in compliance,135399.993,2025.0,No,Yes,No,No,No,No,,,0.0,0.0
4131,106117,105937000.0,,250 meridian st,250 meridian st,250 meridian st,,2128.0,248  270 meridian st,boston,2128,71263.0,14647.0,Multifamily Housing,"Multifamily Housing (60000.0),Parking (14647.0),Retail Store (5435.0),Other (5828.0)",38.7,95.0,2761105.136,915800.0,48638.138,540828.0,110945.456,,,,,,,,,,,,,,,,,,,,,,19.74,in compliance,159583.594,2025.0,I'm not sure,No,No,No,I'm not sure,I'm not sure,,,0.0,2.0
389,100540,105980000.0,barnes school lim partner,127 marion st,127 marion st,127 marion st,,2128.0,marion st,boston,2128,105762.0,,Multifamily Housing,Multifamily Housing (105762.0),46.5,45.0,4919185.026,3093558.6,164298.897,535060.5,109762.311,,,,,,,,,,,,,,,,,,,,,,14.48,in compliance,274061.208,2025.0,No,Yes,No,No,No,No,,,0.0,2.0
3470,105137,200136010.0,polk street development llc,30 polk st,30 polk st,30 polk st,,2129.0,30 polk st,boston,2129,33112.0,8278.0,Multifamily Housing,"Multifamily Housing (33112.0),Parking (8278.0)",31.0,100.0,1027024.737,515800.0,27394.138,149831.4,30736.413,,,,,,,,,,,,,,,,,,,,,,14.26,in compliance,58130.551,2030.0,No,No,No,No,No,No,,,0.0,2.0
1248,101837,200149000.0,city of boston,10-18 carney ct,10,18 carney ct,,2129.0,polk st,boston,2129,21114.0,,Multifamily Housing,Multifamily Housing (21114.0),105.2,,2220145.948,1667900.1,88582.174,161854.0,33202.73,,,,,,,,,,,,,,,,,,,,,,113.69,in compliance,121784.904,2025.0,No,No,No,No,No,No,,,0.0,2.0
1250,101839,200149000.0,city of boston,25-41 carney ct,25,41 carney ct,,2129.0,polk st,boston,2129,21114.0,,Multifamily Housing,Multifamily Housing (21114.0),103.4,,2183552.248,1667900.1,88582.174,151129.0,31002.603,,,,,,,,,,,,,,,,,,,,,,73.13,in compliance,119584.777,2025.0,No,No,No,No,No,No,,,0.0,2.0
1252,101841,200149000.0,city of boston,76-92 monument st,76,92 monument st,,2129.0,polk st,boston,2129,21114.0,,Multifamily Housing,Multifamily Housing (21114.0),103.4,7.0,2183664.844,1667900.1,88582.174,151162.0,31009.373,,,,,,,,,,,,,,,,,,,,,,44.07,in compliance,119591.547,2025.0,No,No,No,No,No,No,,,0.0,2.0
1253,101842,200149000.0,city of boston,17-33 polk st,17,33 polk st,,2129.0,polk st,boston,2129,21114.0,,Multifamily Housing,Multifamily Housing (21114.0),105.2,,2220145.948,1667900.1,88582.174,161854.0,33202.73,,,,,,,,,,,,,,,,,,,,,,28.75,in compliance,121784.904,2025.0,No,No,No,No,No,No,,,0.0,2.0
1254,101843,200149000.0,city of boston,41-57 polk st,41,57 polk st,,2129.0,polk st,boston,2129,20043.0,,Multifamily Housing,Multifamily Housing (20043.0),103.4,6.0,2072502.48,1582999.9,84073.125,143465.0,29430.41,,,,,,,,,,,,,,,,,,,,,,41.68,in compliance,113503.535,2025.0,No,No,No,No,No,No,,,0.0,2.0
1256,101845,200149000.0,city of boston,81-97 polk st,81,97 polk st,,2129.0,polk st,boston,2129,20781.0,,Multifamily Housing,Multifamily Housing (20781.0),103.4,,2148727.976,1641199.8,87164.121,148748.0,30514.165,,,,,,,,,,,,,,,,,,,,,,44.33,in compliance,117678.286,2025.0,No,No,No,No,No,No,,,0.0,2.0
1257,101846,200149000.0,city of boston,137-153 bunker hill st,137,153 bunker hill st,,2129.0,polk st,boston,2129,21114.0,,Multifamily Housing,Multifamily Housing (21114.0),106.5,,2248076.58,1667900.1,88582.174,170040.0,34882.006,,,,,,,,,,,,,,,,,,,,,,113.69,in compliance,123464.18,2025.0,No,No,No,No,No,No,,,0.0,2.0
1258,101847,200149000.0,city of boston,161-177 bunker hill st,161,177 bunker hill st,,2129.0,polk st,boston,2129,21114.0,,Multifamily Housing,Multifamily Housing (21114.0),106.5,,2248076.58,1667900.1,88582.174,170040.0,34882.006,,,,,,,,,,,,,,,,,,,,,,113.69,in compliance,123464.18,2025.0,No,No,No,No,No,No,,,0.0,2.0
1259,101848,200151000.0,city of boston,10-18 mcnulty ct,10,18 mcnulty ct,,2129.0,monument st,boston,2129,20532.0,,Multifamily Housing,Multifamily Housing (20532.0),104.7,,2148865.444,1621499.9,86117.86,154562.0,31706.849,,,,,,,,,,,,,,,,,,,,,,86.59,in compliance,117824.709,2025.0,No,No,No,No,No,No,,,0.0,2.0
1260,101849,200151000.0,city of boston,33-41 mcnulty ct,33,41 mcnulty ct,,2129.0,monument st,boston,2129,20532.0,,Multifamily Housing,Multifamily Housing (20532.0),112.2,,2304524.296,1621499.9,86117.86,200183.0,41065.541,,,,,,,,,,,,,,,,,,,,,,18.77,in compliance,127183.401,2025.0,No,No,No,No,No,No,,,0.0,2.0
1261,101850,200151000.0,city of boston,1-17 mcnulty ct,1,17 mcnulty ct,,2129.0,monument st,boston,2129,25701.0,,Multifamily Housing,Multifamily Housing (25701.0),104.8,,2693064.848,2032999.8,107972.619,193454.0,39685.154,,,,,,,,,,,,,,,,,,,,,,86.58,in compliance,147657.773,2025.0,No,No,No,No,No,No,,,0.0,2.0
1262,101851,200151000.0,city of boston,34-42 mcnulty ct,34,42 mcnulty ct,,2129.0,monument st,boston,2129,20532.0,,Multifamily Housing,Multifamily Housing (20532.0),112.2,,2304524.296,1621499.9,86117.86,200183.0,41065.541,,,,,,,,,,,,,,,,,,,,,,143.23,in compliance,127183.401,2025.0,No,No,No,No,No,No,,,0.0,2.0
1263,101852,200151000.0,city of boston,53-61 monument st,53,61 monument st,,2129.0,monument st,boston,2129,20532.0,,Multifamily Housing,Multifamily Housing (20532.0),100.7,,2068424.132,1621499.9,86117.86,130986.0,26870.468,,,,,,,,,,,,,,,,,,,,,,29.42,in compliance,112988.328,2025.0,No,No,No,No,No,No,,,0.0,2.0
1264,101853,200151000.0,city of boston,42-50 tufts st,42,50 tufts st,,2129.0,monument st,boston,2129,20532.0,,Multifamily Housing,Multifamily Housing (20532.0),115.5,,2371562.072,1683000.0,89384.13,201806.0,41398.483,,,,,,,,,,,,,,,,,,,,,,89.85,in compliance,130782.613,2025.0,No,No,No,No,No,No,,,0.0,2.0
1265,101854,200151000.0,city of boston,34-42 o'meara ct,34,42 o'meara ct,,2129.0,monument st,boston,2129,20532.0,,Multifamily Housing,Multifamily Housing (20532.0),103.0,,2115820.224,1621499.9,86117.86,144877.0,29720.068,,,,,,,,,,,,,,,,,,,,,,90.97,in compliance,115837.928,2025.0,No,No,No,No,No,No,,,0.0,2.0
1266,101855,200151000.0,city of boston,77-85 monument st,77,85 monument st,,2129.0,monument st,boston,2129,20532.0,,Multifamily Housing,Multifamily Housing (20532.0),103.0,,2115820.224,1621499.9,86117.86,144877.0,29720.068,,,,,,,,,,,,,,,,,,,,,,21.77,in compliance,115837.928,2025.0,No,No,No,No,No,No,,,0.0,2.0
1267,101856,200151000.0,city of boston,10-26 tufts st,10,26 tufts st,,2129.0,monument st,boston,2129,20532.0,,Multifamily Housing,Multifamily Housing (20532.0),104.7,,2148804.028,1621499.9,86117.86,154544.0,31703.156,,,,,,,,,,,,,,,,,,,,,,113.39,in compliance,117821.016,2025.0,No,No,No,No,No,No,,,0.0,2.0
1268,101857,200151000.0,city of boston,9-17 o'meara ct,9,17 o'meara ct,,2129.0,monument st,boston,2129,20532.0,,Multifamily Housing,Multifamily Housing (20532.0),100.7,,2068502.608,1621499.9,86117.86,131009.0,26875.186,,,,,,,,,,,,,,,,,,,,,,54.91,in compliance,112993.046,2025.0,No,No,No,No,No,No,,,0.0,2.0
1269,101858,200151000.0,city of boston,10-18 o'meara ct,10,18 o'meara ct,,2129.0,monument st,boston,2129,20532.0,,Multifamily Housing,Multifamily Housing (20532.0),100.7,,2068424.132,1621499.9,86117.86,130986.0,26870.468,,,,,,,,,,,,,,,,,,,,,,54.91,in compliance,112988.328,2025.0,No,No,No,No,No,No,,,0.0,2.0
1270,101859,200151000.0,city of boston,33-41 o'meara ct,33,41 o'meara ct,,2129.0,monument st,boston,2129,20532.0,,Multifamily Housing,Multifamily Housing (20532.0),103.1,,2115850.932,1621499.9,86117.86,144886.0,29721.914,,,,,,,,,,,,,,,,,,,,,,39.96,in compliance,115839.774,2025.0,No,No,No,No,No,No,,,0.0,2.0
1271,101860,200151000.0,city of boston,89-105 bunker hill st,89,105 bunker hill st,,2129.0,monument st,boston,2129,21114.0,,Multifamily Housing,Multifamily Housing (21114.0),103.3,,2180416.62,1667900.1,88582.174,150210.0,30814.079,,,,,,,,,,,,,,,,,,,,,,86.58,in compliance,119396.253,2025.0,No,No,No,No,No,No,,,0.0,2.0
1272,101861,200151000.0,city of boston,113-129 bunker hill st,113,129 bunker hill st,,2129.0,monument st,boston,2129,21114.0,,Multifamily Housing,Multifamily Housing (21114.0),100.8,,2127493.088,1667900.1,88582.174,134699.0,27632.153,,,,,,,,,,,,,,,,,,,,,,54.91,in compliance,116214.327,2025.0,No,No,No,No,No,No,,,0.0,0.0
1273,101862,200151000.0,city of boston,65-81 bunker hill st,65,81 bunker hill st,,2129.0,monument st,boston,2129,21114.0,,Multifamily Housing,Multifamily Housing (21114.0),103.3,,2180416.62,1667900.1,88582.174,150210.0,30814.079,,,,,,,,,,,,,,,,,,,,,,86.58,in compliance,119396.253,2025.0,No,No,No,No,No,No,,,0.0,2.0
1274,101864,200152000.0,city of boston,40-48 corey st,40,48 corey st,,2129.0,tufts st,boston,2129,20532.0,,Multifamily Housing,Multifamily Housing (20532.0),80.5,,1652600.28,1621499.9,86117.86,9115.0,1869.851,,,,,,,,,,,,,,,,,,,,,,35.9,in compliance,87987.711,2025.0,No,No,No,No,No,No,,,0.0,2.0
1276,101866,200152000.0,city of boston,45-53 tufts st,45,53 tufts st,,2129.0,tufts st,boston,2129,20532.0,,Multifamily Housing,Multifamily Housing (20532.0),55.5,,1139038.276,1124800.0,59738.128,4173.0,856.049,,,,,,,,,,,,,,,,,,,,,,0.0,in compliance,60594.177,2025.0,No,No,No,No,No,No,,,0.0,2.0
1278,101868,200156000.0,city of boston,82-98 decatur st,82,98 decatur st,,2129.0,corey st,boston,2129,26925.0,,Multifamily Housing,Multifamily Housing (26925.0),108.5,4.0,2921031.968,2211800.0,117468.698,207864.0,42641.221,,,,,,,,,,,,,,,,,,,,,,80.96,in compliance,160109.919,2025.0,No,No,No,No,No,No,,,0.0,2.0
1279,101870,200156000.0,city of boston,50-58 o'brien ct,50,58 o'brien ct,,2129.0,corey st,boston,2129,20532.0,,Multifamily Housing,Multifamily Housing (20532.0),105.0,,2156760.812,1621499.9,86117.86,156876.0,32181.543,,,,,,,,,,,,,,,,,,,,,,94.75,in compliance,118299.403,2025.0,No,No,No,No,No,No,,,0.0,2.0
1280,101871,200156000.0,city of boston,26-34 o'brien ct,26,34 o'brien ct,,2129.0,corey st,boston,2129,20532.0,,Multifamily Housing,Multifamily Housing (20532.0),105.0,,2156760.812,1621499.9,86117.86,156876.0,32181.543,,,,,,,,,,,,,,,,,,,,,,35.81,in compliance,118299.403,2025.0,No,No,No,No,No,No,,,0.0,0.0
1281,101872,200156000.0,city of boston,41-49 starr king ct,41,49 starr king ct,,2129.0,corey st,boston,2129,20532.0,,Multifamily Housing,Multifamily Housing (20532.0),107.6,,2208674.392,1621499.9,86117.86,172091.0,35302.748,,,,,,,,,,,,,,,,,,,,,,137.55,in compliance,121420.608,2025.0,No,No,No,No,No,No,,,0.0,0.0
1283,101874,200156000.0,city of boston,50-66 medford st,50,66 medford st,,2129.0,corey st,boston,2129,21222.0,,Multifamily Housing,Multifamily Housing (21222.0),107.6,,2283898.112,1676899.9,89060.154,177901.0,36494.611,,,,,,,,,,,,,,,,,,,,,,29.06,in compliance,125554.765,2025.0,No,No,No,No,No,No,,,0.0,0.0
4610,106791,200596000.0,young jacob f iii ts,105 high st,105 high st,105 high st,,2129.0,105  107 high st,boston,2129,23170.0,,Multifamily Housing,Multifamily Housing (23170.0),45.8,,1060679.228,851800.0,45239.098,61219.0,12558.466,,,,,,,,,,,,,,,,,,,,,,22.21,in compliance,57797.564,2030.0,I'm not sure,No,No,No,I'm not sure,I'm not sure,,,1.0,1.0
1764,102640,200824000.0,,342 bunker hill st,342 bunker hill st,342 bunker hill st,,2129.0,340 bunker hill st,boston,2129,39500.0,,Multifamily Housing,Multifamily Housing (39500.0),45.8,95.0,1809880.36,1190500.0,63227.455,181530.0,37239.064,,,,,,,,,,,,,,,,,,,,,,39.55,in compliance,100466.519,2030.0,No,No,No,No,No,No,,,1.0,1.0
1149,101719,201186050.0,charlestown battalion armory,374-398 bunker hill st,374,398 bunker hill st,,2129.0,374  398 bunker hill st,boston,2129,56635.0,30240.0,Multifamily Housing,"Multifamily Housing (56635.0),Parking (30240.0)",37.4,98.0,2117365.204,989300.0,52541.723,330617.0,67822.771,,,,,,,,,,,,,,,,,,,,,,22.31,in compliance,120364.494,2025.0,No,No,No,No,No,No,,,1.0,1.0
2569,103942,201912010.0,john hancock life insurance,30 caldwell st,30 caldwell st,30 caldwell st,,2129.0,48  52 brighton st,boston,2129,152798.0,0.0,Multifamily Housing,"Multifamily Housing (152798.0),Parking (73042.0)",45.0,80.0,6883178.54,3532441.0,187607.942,982045.0,201456.711,,,,,,,,,,,,,,,,,,,,,,25.73,in compliance,389064.653,2025.0,No,No,No,No,No,No,,,0.0,0.0
88,100120,202160000.0,32 cambridge street llc,34 cambridge st,34 cambridge st,34 cambridge st,,2129.0,572 rutherford av,boston,2129,141620.0,0.0,Multifamily Housing,"Multifamily Housing (141620.0),Parking (34800.0)",39.2,73.0,5552299.976,1359300.0,72192.423,1228898.0,252096.136,,,,,,,,,,,,,,,,,,,,,,28.15,in compliance,324288.559,2025.0,I'm not sure,No,No,No,I'm not sure,I'm not sure,,,0.0,2.0
2469,103790,202161000.0,hood park llc mass llc,50 hood park dr,50 hood park dr,50 hood park dr,,2129.0,480  570 rutherford av,boston,2129,160647.0,,Multifamily Housing,Multifamily Housing (160647.0),41.8,97.0,6709743.486,4254841.9,225974.653,719490.5,147596.281,,,,,,,,,,,,,,,,,,,,,,2.13,pending revisions,373570.934,2025.0,No,No,No,No,No,No,,,1.0,1.0
2962,104437,202315000.0,mishawum park tenants assoc,216-232 main st,216,232 main st,,2129.0,main st,boston,2129,20689.0,,Multifamily Housing,Multifamily Housing (20689.0),44.8,,927102.3128,749957.3,39830.232,72054.4,14781.24,68704.6,,,,,,,,,,,,,,,,,,,,,56.56,in compliance,54611.472,2030.0,No,No,No,No,No,No,,,0.0,2.0
2960,104435,202350000.0,,9 w school st,9 w school st,9 w school st,,2129.0,9 w school st,boston,2129,43081.0,,Multifamily Housing,Multifamily Housing (43081.0),50.0,73.0,2154222.382,1433436.7,76129.823,211250.2,43335.866,,,,,,,,,,,,,,,,,,,,,,6.5,in compliance,119465.689,2025.0,No,No,No,No,No,No,,,0.0,0.0
488,100702,202360000.0,bmirf gatehouse llc,75 w school st,75 w school st,,,2129.0,75 w school st,boston,2129,117921.0,22248.0,Multifamily Housing,"Multifamily Housing (117921.0),Parking (28242.0)",41.8,92.0,4929769.524,2186600.0,116130.326,803977.0,164927.842,,,,,,,,,,,,,,,,,,,,,,24.01,in compliance,281058.168,2025.0,I'm not sure,No,No,No,I'm not sure,I'm not sure,,,0.0,2.0
2965,104440,202370000.0,mishawum park tenants assoc,2-60 dunstable st,2,60 dunstable st,,2129.0,rutherford av,boston,2129,53548.0,,Multifamily Housing,Multifamily Housing (53548.0),52.2,89.0,2793096.382,1941066.0,103090.015,286721.8,58818.11,126264.4,,,,,,,,,,,,,,,,,,,,,44.67,in compliance,161908.125,2025.0,No,No,No,No,No,No,,,0.0,2.0
2969,104444,202390000.0,mishawum park tenants assoc,65-91 dunstable st,65,91 dunstable st,,2129.0,main st,boston,2129,25557.0,,Multifamily Housing,Multifamily Housing (25557.0),54.5,83.0,1392932.339,926417.8,49202.049,148291.6,30420.539,39456.4,,,,,,,,,,,,,,,,,,,,,51.0,in compliance,79622.588,2025.0,No,No,No,No,No,No,,,0.0,0.0
2970,104445,202390000.0,mishawum park tenants assoc,3-59 dunstable st,3,59 dunstable st,,2129.0,main st,boston,2129,45029.0,,Multifamily Housing,Multifamily Housing (45029.0),50.9,91.0,2291562.584,1632260.1,86689.334,225608.7,46281.369,110474.4,,,,,,,,,,,,,,,,,,,,,60.6,in compliance,132970.703,2025.0,No,No,No,No,No,No,,,0.0,0.0
2973,104448,202400000.0,mishawum park tenants assoc,70-110 dunstable st,70,110 dunstable st,,2129.0,310  320 main st,boston,2129,37727.0,,Multifamily Housing,Multifamily Housing (37727.0),53.8,86.0,2029029.089,1367569.2,72631.6,207752.4,42618.327,47391.3,,,,,,,,,,,,,,,,,,,,,45.76,in compliance,115249.927,2025.0,No,No,No,No,No,No,,,0.0,2.0
2974,104449,202400000.0,mishawum park tenants assoc,2-38 tibbett's town way,2,38 tibbett's town way,,2129.0,310  320 main st,boston,2129,34076.0,,Multifamily Housing,Multifamily Housing (34076.0),51.6,90.0,1758680.526,1235223.7,65602.731,175710.5,36045.252,76067.4,,,,,,,,,,,,,,,,,,,,,40.49,in compliance,101647.983,2025.0,No,No,No,No,No,No,,,0.0,2.0
2976,104451,202450000.0,mishawum park tenants assoc,1-43 tibbett's town way,1,43 tibbett's town way,,2129.0,330  340 main st,boston,2129,35293.0,,Multifamily Housing,Multifamily Housing (35293.0),48.8,95.0,1721618.716,1279338.9,67945.689,151743.0,31128.559,75467.3,,,,,,,,,,,,,,,,,,,,,26.59,in compliance,99074.248,2025.0,No,No,No,No,No,No,,,1.0,1.0
2977,104452,202450000.0,mishawum park tenants assoc,53-89 tibbett's town way,53,89 tibbett's town way,,2129.0,330  340 main st,boston,2129,29208.0,,Multifamily Housing,Multifamily Housing (29208.0),55.3,80.0,1616083.575,1058763.2,56230.914,185419.6,38036.977,75331.3,,,,,,,,,,,,,,,,,,,,,62.65,in compliance,94267.891,2025.0,No,No,No,No,No,No,,,0.0,2.0
1562,102330,202745000.0,,2-16 old landing way,2,16 old landing way,,2129.0,medford st,boston,2129,227518.0,,Multifamily Housing,Multifamily Housing (227518.0),134.9,4.0,30694586.2,22861487.2,1214173.585,2295750.0,470950.155,,,,,,,,,,,,,,,,,,,,,,131.44,in compliance,1685123.74,2030.0,I'm not sure,No,No,No,I'm not sure,I'm not sure,,,1.0,1.0
3774,105636,203150000.0,school house on monument,30 monument sq,30 monument sq,30 monument sq,,2129.0,30 monument sq,boston,2129,48393.0,11000.0,Multifamily Housing,"Multifamily Housing (48393.0),Parking (15400.0)",56.5,37.0,2732659.072,,,475456.0,97535.044,,,,,,,,,,1110403.2,82403.021,,,,,,,,,,,21.64,in compliance,179938.065,2025.0,No,No,No,No,No,No,,,0.0,0.0
1540,102170,203350010.0,city square elderly housing,39-49 warren st,39,49 warren st,,2129.0,42 park st,boston,2129,95760.0,,Multifamily Housing,Multifamily Housing (95760.0),54.7,88.0,5240891.065,3582481.3,190265.582,486052.1,99708.728,,,,,,,,,,,,,,,,,,,,,,31.47,in compliance,289974.31,2025.0,No,No,No,No,No,No,,,0.0,2.0
1177,101751,203405000.0,chestnut street condo trust,35 chestnut st,35 chestnut st,35 chestnut st,,2129.0,27 chestnut st,boston,2129,20000.0,,Multifamily Housing,Multifamily Housing (20000.0),63.8,,1275729.54,770600.0,40926.566,148045.0,30369.951,,,,,,,,,,,,,,,,,,,,,,32.5,pending revisions,71296.517,2030.0,I'm not sure,No,No,No,I'm not sure,I'm not sure,,,1.0,1.0
2035,103000,203505100.0,flagship wharf condominium association,197 eighth st,197 eighth st,197 eighth st,,2129.0,197 eighth st,boston,2129,545000.0,100000.0,Multifamily Housing,"Multifamily Housing (510555.0),Parking (100000.0),Retail Store (34445.0)",54.5,73.0,29707770.28,15441266.8,820085.68,4181273.0,857746.343,,,,,,,,,,,,,,,,,,,,,,14.99,in compliance,1677832.023,2025.0,No,No,No,No,No,No,,,0.0,0.0
4125,106105,203506010.0,,42 eighth st,42 eighth st,42 eighth st,,2129.0,42 eighth st,boston,2129,520580.0,0.0,Multifamily Housing,"Multifamily Housing (520580.0),Parking (80000.0)",39.2,99.0,20410516.58,15138301.0,803995.166,1545198.0,316981.918,,,,,,,,,,,,,,,,,,,,,,21.43,in compliance,1120977.084,2025.0,No,No,No,No,No,No,,,0.0,2.0
3997,105950,203511400.0,,45 first st,45 first st,45 first st,,2129.0,45 first st,boston,2129,45461.0,,Multifamily Housing,Multifamily Housing (45461.0),37.3,94.0,1697810.032,945000.0,50188.95,220636.0,45261.269,,,,,,,,,,,,,,,,,,,,,,21.35,in compliance,95450.219,2025.0,No,No,No,No,No,No,,,0.0,0.0
2612,103999,203512200.0,,33 third ave,33 third ave,33 third ave,,2129.0,sixth st,boston,2129,59994.0,,Multifamily Housing,Multifamily Housing (59994.0),53.5,30.0,3207266.0,1994300.0,105917.273,355500.0,72927.27,,,,,,,,,,,,,,,,,,,,,,14.34,in compliance,178844.543,2025.0,Yes,No,No,No,Yes,Yes,,,0.0,0.0
1071,101525,203515525.0,,103 ninth st,103 ninth st,103 ninth st,,2129.0,103 ninth st,boston,2129,81000.0,,Multifamily Housing,Multifamily Housing (81000.0),96.8,22.0,7840946.889,6441245.2,342094.533,410229.1,84154.398,,,,,,,,,,,,,,,,,,,,,,34.1,in compliance,426248.931,2025.0,I`m not sure,No,No,No,I`m not sure,I`m not sure,,,0.0,0.0
3835,105717,203515600.0,shipways condominium assn,35 shipway pl,35 shipway pl,35 shipway pl,,2129.0,first av,boston,2129,22192.0,,Multifamily Housing,Multifamily Housing (22192.0),21.9,,485133.8552,,,142184.6,29167.749,,,,,,,,,,,,,,,,,,,,,,20.97,in compliance,29167.749,2025.0,No,No,No,No,No,No,C10060,,0.0,2.0
1022,101419,203515760.0,bricklayers building 104 llc mass llc,104 first ave,104 first ave,104 first ave,,2129.0,104 first av,boston,2129,47007.0,10590.0,Multifamily Housing,"Multifamily Housing (47007.0),Parking (10590.0)",59.8,50.0,2809444.521,1902574.5,101045.732,265788.4,54523.832,,,,,,,,,,,,,,,,,,,,,,23.71,in compliance,155569.564,2025.0,No,No,No,No,No,No,,,1.0,1.0
1657,102491,203516001.0,constellation wharf,31 constellation whf,31 constellation whf,31 constellation whf,,2129.0,ninth st,boston,2129,55834.0,,Multifamily Housing,Multifamily Housing (55834.0),25.3,79.0,1411142.125,,,413582.1,84842.232,,,,,,,,,,,,,,,,,,,,,,14.34,in compliance,84842.232,2025.0,No,No,No,No,No,No,C10022,,1.0,1.0
1658,102492,203516001.0,constellation wharf,3 constellation whf,3 constellation whf,3 constellation whf,,2129.0,ninth st,boston,2129,25737.0,,Multifamily Housing,Multifamily Housing (25737.0),25.3,,650474.2572,,,190643.1,39108.526,,,,,,,,,,,,,,,,,,,,,,14.34,in compliance,39108.526,2025.0,No,No,No,No,No,No,C10022,,0.0,0.0
1659,102493,203516001.0,constellation wharf,13 constellation whf,13 constellation whf,13 constellation whf,,2129.0,ninth st,boston,2129,65835.0,,Multifamily Housing,Multifamily Housing (65835.0),25.3,79.0,1663906.497,,,487663.1,100039.208,,,,,,,,,,,,,,,,,,,,,,14.34,in compliance,100039.208,2025.0,I'm not sure,No,No,No,I'm not sure,I'm not sure,C10022,,0.0,0.0
1153,101723,203517500.0,charlestown navy yard,110 first ave,110 first ave,110 first ave,,2129.0,77 a-103 thirteenth st,boston,2129,45188.0,,Multifamily Housing,Multifamily Housing (45188.0),74.6,4.0,3369803.796,,,987633.0,202603.034,,,,,,,,,,,,,,,,,,,,,,34.32,in compliance,202603.034,2025.0,No,No,No,No,No,No,,,0.0,2.0
2570,103943,203517600.0,john hancock life insurance,246-260 first ave,246,260 first ave,,2129.0,220 first av,boston,2129,310639.0,126656.0,Multifamily Housing,"Multifamily Housing (269823.0),Parking (126656.0),Other - Lodging/Residential (40816.0)",44.3,86.0,13767460.65,5106511.5,271206.826,2538379.0,520723.068,,,,,,,,,,,,,,,,,,,,,,23.33,in compliance,791929.894,2025.0,No,No,No,No,No,No,,,0.0,2.0
3037,104543,203520010.0,nautica leasehold condo tr,1 warren st,1 warren st,1 warren st,,2129.0,1 warren st,boston,2129,151044.0,88458.0,Multifamily Housing,"Multifamily Housing (151044.0),Parking (88458.0)",67.6,62.0,10207851.36,4903000.0,260398.33,1554763.0,318944.082,,,,,,,,,,,,,,,,,,,,,,32.66,in compliance,579342.412,2025.0,No,No,No,No,No,No,,,1.0,1.0
4496,106640,203596100.0,,21  35 warren st,21  35 warren st,21  35 warren st,,2129.0,21  35 warren st,boston,2129,38456.0,,Multifamily Housing,Multifamily Housing (38456.0),28.4,,1093300.14,673300.0,35758.963,123095.0,25251.708,,,,,,,,,,,,,,,,,,,,,,30.49,pending revisions,61010.671,2030.0,No,No,No,No,No,No,,,0.0,0.0
3145,104695,203645000.0,north crescent condo tr,31a main st,31a main st,31a main st,,2129.0,21  33 main st,boston,2129,23512.0,,Multifamily Housing,Multifamily Housing (23512.0),19.3,97.0,452707.572,,,132681.0,27218.18,,,,,,,,,,,,,,,,,,,,,,20.76,in compliance,27218.18,2030.0,No,No,No,No,No,No,,,0.0,2.0
1687,102529,203690000.0,courtyard condo tr,47 harvard st,47 harvard st,47 harvard st,,2129.0,88  58 main st,boston,2129,79613.0,20226.0,Multifamily Housing,"Multifamily Housing (79613.0),Parking (20226.0)",41.3,75.0,3290556.712,939600.0,49902.156,689026.0,141346.794,,,,,,,,,,,,,,,,,,,,,,21.82,in compliance,191248.95,2025.0,No,No,No,No,No,No,,,1.0,1.0
1150,101720,203771000.0,charlestown economic,20 devens st,20 devens st,20 devens st,,2129.0,20 devens st,boston,2129,34128.0,,Multifamily Housing,Multifamily Housing (34128.0),65.0,43.0,2218630.216,1792580.6,95203.956,124868.0,25615.422,,,,,,,,,,,,,,,,,,,,,,22.77,in compliance,120819.378,2030.0,I'm not sure,No,No,No,I'm not sure,I'm not sure,,,1.0,1.0
2556,103927,300050010.0,jdmd owner llc,33-61 temple st,33,61 temple st,,2114.0,33  61 temple st,boston,2114,134725.0,28940.0,Multifamily Housing,"Multifamily Housing (134725.0),Parking (28940.0)",34.3,82.0,4617249.052,1744699.9,92661.012,841896.0,172706.545,,,,,,,,,,,,,,,,,,,,,,8.35,in compliance,265367.557,2025.0,No,No,No,No,No,No,,,1.0,1.0
414,100578,300168000.0,beacon house rogerson lp mass lp,15-27 myrtle st,15,27 myrtle st,,2114.0,32  34 joy st,boston,2114,82279.0,,Multifamily Housing,Multifamily Housing (82279.0),19.4,100.0,1598668.716,,,468543.0,96116.911,,,,,,,,,,,,,,,,,,,,,,43.13,in compliance,96116.911,2025.0,No,No,No,No,No,No,,,1.0,1.0
2200,103307,300213000.0,gerald schuster trust,45 myrtle st,45 myrtle st,45 myrtle st,,2114.0,45 myrtle st,boston,2114,34748.0,,Multifamily Housing,Multifamily Housing (34748.0),78.9,15.0,2740780.588,912272.4,48450.787,277300.7,56885.466,,,,,,,,,,882358.2,65479.802,,,,,,,,,,,17.47,in compliance,170816.055,2025.0,No,No,No,No,No,No,,,1.0,1.0
1927,102855,300449000.0,erp operating lp,175 blossom st,175 blossom st,175 blossom st,,2114.0,1  25 emerson pl,boston,2114,132722.0,46585.0,Multifamily Housing,"Multifamily Housing (132722.0),Parking (46585.0)",57.0,56.0,7563527.42,3446915.3,183065.672,1206510.0,247503.461,,,,,,,,,,,,,,,,,,,,,,29.65,in compliance,430569.133,2025.0,No,No,No,No,No,No,,,1.0,1.0
4578,106747,300450000.0,whittier place condominium  trust,6 whittier pl,6 whittier pl,6 whittier pl,,2114.0,6  8 whittier pl,boston,2114,245901.0,,Multifamily Housing,Multifamily Housing (245901.0),74.9,29.0,18429497.09,12014002.2,638063.657,1880274.0,385719.408,,,,,,,,,,,,,,,,,,,,,,31.92,in compliance,1023783.065,2025.0,No,No,No,No,No,No,,,1.0,1.0
4579,106748,300450000.0,whittier place condominium  trust,8 whittier pl,8 whittier pl,8 whittier pl,,2114.0,6  8 whittier pl,boston,2114,255996.0,,Multifamily Housing,Multifamily Housing (255996.0),59.6,81.0,15245808.28,12548629.1,666457.692,790498.0,162162.76,,,,,,,,,,,,,,,,,,,,,,31.96,in compliance,828620.452,2025.0,No,No,No,No,No,No,,,1.0,1.0
202,100260,300465000.0,a l house lp mass lp,65 martha rd,65 martha rd,65 martha rd,,2114.0,65 martha rd,boston,2114,131933.0,,Multifamily Housing,Multifamily Housing (131933.0),64.1,52.0,8459735.356,4869414.0,258614.578,1052263.0,215861.232,,,,,,,,,,,,,,,,,,,,,,42.07,in compliance,474475.81,2025.0,No,No,No,No,No,No,,,1.0,1.0
1143,101712,300470000.0,charles river park d company,3-5 longfellow pl,3,5 longfellow pl,,2114.0,1  4 longfellow pl,boston,2114,444230.0,269637.0,Multifamily Housing,"Multifamily Housing (435431.0),Office (8799.0),Parking (269637.0)",40.8,92.0,18143461.74,5763036.8,306074.884,3628495.0,744349.464,,,,,,,,,,,,,,,,,,,,,,23.36,in compliance,1050424.348,2025.0,No,No,No,No,No,No,C10061,,1.0,1.0
1144,101713,300470000.0,charles river park d company,35 lomasney way,35 lomasney way,35 lomasney way,,2114.0,1  4 longfellow pl,boston,2114,512589.0,303293.0,Multifamily Housing,"Multifamily Housing (512589.0),Parking (303293.0)",57.2,64.0,29297165.7,10922095.6,580072.497,5385425.0,1104766.085,,,,,,,,,,,,,,,,,,,,,,23.91,in compliance,1684838.582,2025.0,No,No,No,No,No,No,,,1.0,1.0
1145,101714,300470000.0,charles river park d company,1-2 longfellow pl,,1 longfellow pl,,2114.0,1  4 longfellow pl,boston,2114,443938.0,,Multifamily Housing,"Multifamily Housing (431058.0),Office (12880.0)",42.3,67.0,18786965.06,5769628.9,306424.991,3815163.0,782642.538,,,,,,,,,,,,,,,,,,,,,,23.4,in compliance,1089067.529,2025.0,No,No,No,No,No,No,C10061,,1.0,1.0
4558,106722,300471004.0,west end place two corp,150 staniford st,150 staniford st,150 staniford st,,2114.0,150 staniford st,boston,2114,253957.0,,Multifamily Housing,Multifamily Housing (253957.0),51.2,88.0,13009891.21,8917251.8,473595.243,1199484.0,246062.148,,,,,,,,,,,,,,,,,,,,,,31.24,in compliance,719657.391,2025.0,No,No,No,No,No,No,,,1.0,1.0
2387,103604,300475000.0,hawthorne place condominium trust,9 hawthorne pl,9 hawthorne pl,9 hawthorne pl,,2114.0,75  95 wm card oconnell wy,boston,2114,290773.0,,Multifamily Housing,Multifamily Housing (290773.0),24.7,94.0,7183065.232,,,2105236.0,431868.113,,,,,,,,,,,,,,,,,,,,,,39.24,in compliance,431868.113,2025.0,No,No,No,No,No,No,C10082,,1.0,1.0
476,100679,300670000.0,,33 blossom st,33 blossom st,33 blossom st,,2114.0,33 blossom st,boston,2114,129648.0,,Multifamily Housing,Multifamily Housing (129648.0),52.4,92.0,6788952.152,4891637.9,259794.889,556071.0,114072.405,,,,,,,,,,,,,,,,,,,,,,27.87,in compliance,373867.294,2025.0,I'm not sure,No,No,No,I'm not sure,I'm not sure,,,1.0,1.0
1109,101664,301498000.0,casa maria apartments lp,130 endicott st,130 endicott st,130 endicott st,,2113.0,34 thatcher st,boston,2113,79136.0,,Multifamily Housing,Multifamily Housing (79136.0),73.9,64.0,5847649.772,4668783.3,247959.081,345506.0,70877.101,,,,,,,,,,,,,,,,,,,,,,36.78,in compliance,318836.182,2025.0,No,No,No,No,No,No,,,0.0,2.0
464,100663,301523035.0,beverly  street  acquisition,101 beverly st,101 beverly st,101 beverly st,,2114.0,101 beverly st,boston,2114,473959.0,83974.0,Multifamily Housing,"Hotel (173154.0),Restaurant (4740.0),Multifamily Housing (291094.0),Parking (83974.0),Other (4971.0)",48.1,84.0,22776353.16,7908573.4,420024.333,4357497.0,893896.935,,,,,,,,,,,,,,,,,,,,,,36.76,in compliance,1313921.268,2025.0,I'm not sure,No,No,No,I'm not sure,I'm not sure,,,0.0,2.0
2515,103874,301536000.0,"imp victor llc, lessee",96-120 beverly st,96,120 beverly st,,2114.0,95 haverhill st,boston,2114,311716.0,0.0,Multifamily Housing,"Multifamily Housing (311716.0),Parking (50256.0)",42.1,80.0,13128197.94,4567735.6,242592.438,2508928.0,514681.49,,,,,,,,,,,,,,,,,,,,,,23.54,in compliance,757273.928,2025.0,No,No,No,No,No,No,,,0.0,2.0
241,100323,301560010.0,aimco one canal street llc,1 canal st,1 canal st,1 canal st,,2114.0,1 canal st,boston,2114,393142.0,0.0,Multifamily Housing,"Multifamily Housing (358914.0),Supermarket/Grocery Store (34228.0),Electric Vehicle Charging Station (0.0),Parking (59465.0),Swimming Pool (0.0)",64.9,66.0,25524310.01,10518900.4,558658.8,4397834.0,902171.667,,,,,,,,,,,,,,,,,,,,,,23.9,in compliance,1460830.467,2025.0,No,No,No,No,No,No,,,0.0,2.0
326,100452,301570001.0,asn avenir llc (lessee),89  183 canal st,89  183 canal st,89  183 canal st,,2114.0,89  183 canal st,boston,2114,388000.0,44530.0,Multifamily Housing,"Personal Services (Health/Beauty, Dry Cleaning, etc) (6600.0),Restaurant (2692.0),Multifamily Housing (367288.0),Parking (44530.0),Retail Store (11420.0)",34.7,94.0,13468372.66,5522063.5,293276.792,2328930.0,477756.7,,,,,,,,,,,,,,,,,,,,,,20.89,in compliance,771033.492,2025.0,No,No,No,No,No,No,,,0.0,2.0
3573,105299,301918055.0,,80 causeway st,80 causeway st,80 causeway st,,2114.0,80 causeway st,boston,2114,320000.0,,Multifamily Housing,Multifamily Housing (320000.0),57.8,54.0,18484513.65,6913923.5,367198.477,3391146.0,695659.69,,,,,,,,,,,,,,,,,,,,,,33.08,in compliance,1062858.167,2025.0,No,No,No,No,No,No,,,1.0,1.0
354,100485,301922050.0,avalon nashua llc,120 nashua st,120 nashua st,120 nashua st,,2114.0,120 nashua st,boston,2114,574647.0,87705.0,Multifamily Housing,"Personal Services (Health/Beauty, Dry Cleaning, etc) (28102.0),Multifamily Housing (546545.0),Parking (87705.0)",52.2,76.0,29968316.49,15094900.1,801690.144,4359149.0,894235.826,,,,,,,,,,,,,,,,,,,,,,12.58,in compliance,1695925.97,2025.0,No,No,Yes,Yes,No,No,,,1.0,1.0
4467,106572,302161000.0,villa michaelangelo inc,64-84 charter st,64,84 charter st,,2113.0,64  84 charter st,boston,2113,44504.0,,Multifamily Housing,Multifamily Housing (44504.0),91.2,9.0,4059205.856,2273497.1,120745.431,523361.3,107362.337,,,,,,,,,,,,,,,,,,,,,,508.41,in compliance,228107.768,2025.0,No,No,No,No,No,No,,,1.0,1.0
3853,105778,302303010.0,,21 n bennet st,21 n bennet st,21 n bennet st,,2113.0,21 n bennet st,boston,2113,54425.0,,Multifamily Housing,Multifamily Housing (54425.0),53.0,68.0,2886331.264,1815400.0,96415.894,313872.0,64387.702,,,,,,,,,,,,,,,,,,,,,,7.69,in compliance,160803.596,2030.0,I'm not sure,No,No,No,I'm not sure,I'm not sure,,,1.0,1.0
119,100166,302347000.0,,44 prince st,44 prince st,44 prince st,,2113.0,44 prince st,boston,2113,56038.0,20000.0,Multifamily Housing,"Multifamily Housing (56038.0),Parking (20000.0)",62.7,75.0,3514728.716,2047848.5,108761.234,429918.0,88193.379,,,,,,,,,,,,,,,,,,,,,,23.65,in compliance,196954.613,2025.0,No,No,No,No,No,No,,,1.0,1.0
3584,105310,302356000.0,riccio gennaro,290-296 hanover st,290,296 hanover st,,2113.0,290  296 hanover st,boston,2113,33522.0,,Multifamily Housing,"Multifamily Housing (25022.0),Other - Restaurant/Bar (8500.0)",58.7,,1966335.596,1429686.0,75930.623,157283.0,32265.035,,,,,,,,,,,,,,,,,,,,,,53.7,in compliance,108195.658,2030.0,No,No,No,No,No,No,,,1.0,1.0
3437,105079,302391000.0,pizzuti donato f,212-228 hanover st,212,228 hanover st,,2113.0,216  228 hanover st,boston,2113,56148.0,,Multifamily Housing,"Restaurant (1600.0),Multifamily Housing (36548.0),Performing Arts (6000.0),Retail Store (12000.0)",134.6,23.0,7557044.432,5237699.9,278174.242,679761.0,139446.172,,,,,,,,,,,,,,,,,,,,,,69.69,in compliance,417620.414,2025.0,No,No,No,No,No,No,,,1.0,1.0
4325,106377,302469010.0,,63-69 endicott st,63,69 endicott st,,2113.0,26 stillman st,boston,2113,31359.0,0.0,Multifamily Housing,"Multifamily Housing (31359.0),Parking (940.0)",80.2,1.0,2513745.352,890500.0,47294.455,475746.0,97594.534,,,,,,,,,,,,,,,,,,,,,,21.55,in compliance,144888.989,2030.0,No,No,No,No,No,No,,,1.0,1.0
4643,106828,302700102.0,,100 sudbury st,100 sudbury st,100 sudbury st,,2114.0,100 sudbury st,boston,2114,461487.0,,Multifamily Housing,Multifamily Housing (461487.0),27.8,97.0,12852369.6,3586172.6,190461.627,2715767.0,557112.442,,,,,,,,,,,,,,,,,,,,,,19.88,in compliance,747574.069,2025.0,No,No,No,No,No,No,,,1.0,1.0
56,100083,302807000.0,21 beacon condominium trust,21-23 beacon st,21,23 beacon st,,2108.0,19  23 beacon st,boston,2108,131932.0,,Multifamily Housing,"Multifamily Housing (114886.0),Office (9422.0),Other - Restaurant/Bar (5742.0),Convenience Store without Gas Station (1882.0)",94.6,51.0,12486674.39,9570100.2,508268.022,854799.0,175353.467,,,,,,,,,,,,,,,,,,,,,,41.41,in compliance,683621.489,2025.0,No,No,No,No,No,No,,,0.0,0.0
958,101294,302811000.0,boston view corp del corp,130-140 bowdoin st,130,140 bowdoin st,,2108.0,140  130 bowdoin st,boston,2108,126480.0,5500.0,Multifamily Housing,"Multifamily Housing (126480.0),Parking (5500.0)",66.8,47.0,8445006.019,5916100.2,314204.082,741179.9,152045.645,,,,,,,,,,,,,,,,,,,,,,13.9,in compliance,466249.727,2025.0,No,No,No,No,No,No,,,0.0,0.0
4465,106570,302886000.0,vietnam veterans workshop,17 court st,17 court st,17 court st,,2108.0,17  19 court st,boston,2108,105856.0,,Multifamily Housing,"Multifamily Housing (59392.0),Other (46464.0)",88.4,,9358377.78,3238222.2,171981.981,1793715.0,367962.695,,,,,,,,,,,,,,,,,,,,,,62.9,in compliance,539944.676,2025.0,No,No,No,No,No,No,,,0.0,0.0
4657,106848,302952014.0,,518 540 atlantic av,518 540 atlantic av,518 540 atlantic av,,2210.0,518 540 atlantic av,boston,2210,137224.0,,Multifamily Housing,"Restaurant (13101.0),Multifamily Housing (124123.0)",63.8,11.0,8760416.504,4813527.5,255646.446,1156767.0,237299.182,,,,,,,,,,,,,,,,,,,,,,25.74,in compliance,492945.628,2025.0,No,No,No,No,No,No,,,0.0,0.0
4384,106449,303038200.0,union wharf condominium tr,343 commercial st,343 commercial st,343 commercial st,,2109.0,295  343 commercial st,boston,2109,124212.0,0.0,Multifamily Housing,"Multifamily Housing (124212.0),Parking (9173.0)",38.3,68.0,4758563.904,959841.0,50977.156,1113342.0,228390.978,,,,,,,,,,,,,,,,,,,,,,16.23,in compliance,279368.134,2025.0,No,No,No,No,No,No,,,0.0,0.0
3749,105602,303039000.0,san marco-lincoln wh,357-371 commercial st,357,371 commercial st,,2109.0,357  371 commercial st,boston,2109,256779.0,,Multifamily Housing,Multifamily Housing (256779.0),33.8,98.0,8686016.232,,,1379561.0,283003.144,,,,,,,,,,3978954.1,295278.184,,,,,,,,,,,27.49,in compliance,578281.328,2025.0,No,No,No,No,No,No,,,0.0,0.0
1081,101542,303040000.0,,40 battery st,40 battery st,40 battery st,,2109.0,40  50 battery st,boston,2109,106921.0,,Multifamily Housing,Multifamily Housing (106921.0),72.7,4.0,7777226.308,1731643.4,91967.581,1771859.0,363479.155,,,,,,,,,,,,,,,,,,,,,,18.23,in compliance,455446.736,2025.0,No,No,No,No,No,No,,,0.0,0.0
397,100549,303041010.0,battery wharf residences,2 - 5 battery wharf,2, 5 battery wharf,,2109.0,2  5 battery wharf,boston,2109,416920.0,67753.0,Multifamily Housing,"Personal Services (Health/Beauty, Dry Cleaning, etc) (29035.0),Hotel (139631.0),Multifamily Housing (243629.0),Parking (67753.0),Retail Store (4625.0)",67.7,,28235480.4,14210427.1,754715.783,4110508.0,843229.611,,,,,,,,,,,,,,,,,,,,,,21.58,in compliance,1597945.394,2025.0,No,No,No,No,No,No,,,0.0,0.0
2728,104136,303063000.0,,100 lovejoy whf,100 lovejoy whf,100 lovejoy whf,,2114.0,100 lovejoy wh,boston,2114,253788.0,,Multifamily Housing,"Restaurant (7169.0),Multifamily Housing (245012.0),Fitness Center/Health Club/Gym (1607.0)",46.5,67.0,11797578.16,5284367.0,280652.731,1908913.0,391594.413,,,,,,,,,,,,,,,,,,,,,,23.99,in compliance,672247.144,2025.0,I'm not sure,No,No,No,I'm not sure,I'm not sure,,,1.0,1.0
4174,106166,303081000.0,,380-390 commercial st,380,390 commercial st,,2109.0,390  380 commercial st,boston,2109,24878.0,,Multifamily Housing,"Multifamily Housing (19524.0),Office (3243.0),Other (2111.0)",28.6,88.0,710432.992,,,208216.0,42713.43,,,,,,,,,,,,,,,,,,,,,,25.01,in compliance,42713.43,2030.0,No,No,No,No,No,No,,,0.0,2.0
396,100548,303095000.0,battery street condo tr,376 commercial st,376 commercial st,376 commercial st,,2109.0,21  23 battery st,boston,2109,31459.0,,Multifamily Housing,Multifamily Housing (31459.0),27.3,88.0,857732.444,,,251387.0,51569.529,,,,,,,,,,,,,,,,,,,,,,24.09,in compliance,51569.529,2030.0,No,No,No,No,No,No,,,0.0,2.0
1141,101709,303135000.0,,350 north st,350 north st,350 north st,,2113.0,350 north st,boston,2113,44800.0,,Multifamily Housing,Multifamily Housing (44800.0),46.7,58.0,2094194.976,912029.1,48437.866,346473.0,71075.471,,,,,,,,,,,,,,,,,,,,,,18.71,in compliance,119513.337,2025.0,No,No,No,No,No,No,,,1.0,1.0
4246,106282,303168000.0,trulli alphonses j trst,35-49 clark st,35,49 clark st,,2109.0,35  49 clark st,boston,2109,24350.0,,Multifamily Housing,Multifamily Housing (24350.0),50.8,96.0,1236830.52,947800.0,50337.658,84710.0,17377.409,,,,,,,,,,,,,,,,,,,,,,23.86,in compliance,67715.067,2030.0,No,No,No,No,No,No,,,1.0,1.0
3438,105080,303176000.0,,26-30 fleet st,26,30 fleet st,,2113.0,30  26 fleet st,boston,2113,21500.0,,Multifamily Housing,"Restaurant (2000.0),Multifamily Housing (18300.0),Social/Meeting Hall (1200.0)",47.5,99.0,1021090.112,744800.0,39556.328,80976.0,16611.417,,,,,,,,,,,,,,,,,,,,,,37.5,in compliance,56167.745,2030.0,No,No,No,No,No,No,,,0.0,0.0
1829,102732,303471000.0,east coast condominium tr,130-132 fulton st,130,132 fulton st,,2109.0,132  122 fulton st,boston,2109,28548.0,,Multifamily Housing,Multifamily Housing (28548.0),49.2,78.0,1405847.928,840500.0,44638.955,165694.0,33990.467,,,,,,,,,,,,,,,,,,,,,,21.08,in compliance,78629.422,2030.0,No,No,No,No,No,No,,,0.0,0.0
3281,104865,303474000.0,one 20 fulton st condo tr,120 fulton st #a,120 fulton st #a,120 Fulton St,,2109.0,120 fulton st,boston,2109,51132.0,3507.0,Multifamily Housing,"Multifamily Housing (51132.0),Parking (3507.0)",41.2,82.0,2106374.668,1035300.1,54984.788,313914.0,64396.318,,,,,,,,,,,,,,,,,,,,,,12.17,in compliance,119381.106,2030.0,No,No,No,No,No,No,,,1.0,1.0
2147,103128,303478000.0,,100 fulton st,100 fulton st,100 fulton st,,2109.0,102  104 fulton st,boston,2109,107890.0,7315.0,Multifamily Housing,"Multifamily Housing (107890.0),Parking (14630.0)",22.4,97.0,2419326.368,,,709064.0,145457.389,,,,,,,,,,,,,,,,,,,,,,13.63,pending revisions,145457.389,2025.0,No,No,No,No,No,No,,,1.0,1.0
2768,104187,303543000.0,,300-322 commercial st,300,322 commercial st,,2109.0,300 commercial st,boston,2109,186285.0,,Multifamily Housing,Multifamily Housing (186285.0),30.9,82.0,5760951.608,1425548.4,75710.876,1270634.0,260657.859,,,,,,,,,,,,,,,,,,,,,,11.4,in compliance,336368.735,2025.0,Yes,No,No,No,Yes,Yes,,,0.0,2.0
3510,105208,303547000.0,,45-63 atlantic ave,45,63 atlantic ave,,2110.0,45  63 atlantic av,boston,2110,58000.0,,Multifamily Housing,Multifamily Housing (58000.0),60.7,29.0,3521469.076,1992899.9,105842.914,447998.0,91902.31,,,,,,,,,,,,,,,,,,,,,,19.06,in compliance,197745.224,2025.0,No,No,No,No,No,No,,,1.0,1.0
4572,106738,303549000.0,,81-85 atlantic ave,81,85 atlantic ave,,2110.0,79  85 atlantic av,boston,2110,65738.0,,Multifamily Housing,"Office (12987.0),Multifamily Housing (37352.0),Supermarket/Grocery Store (8999.0),Retail Store (6400.0)",51.7,100.0,3400669.611,2897322.5,153876.798,147522.6,30262.786,,,,,,,,,,,,,,,,,,,,,,22.75,pending revisions,184139.584,2030.0,No,No,No,No,No,No,,,0.0,0.0
349,100480,303551000.0,ausonia homes associates,145 commercial st,145 commercial st,145 commercial st,,2109.0,145 commercial st,boston,2109,174895.0,,Multifamily Housing,Multifamily Housing (174895.0),48.3,86.0,8448837.83,5283255.2,280593.684,927779.2,190324.625,,,,,,,,,,,,,,,,,,,,,,20.62,in compliance,470918.309,2025.0,No,No,No,No,No,No,,,0.0,2.0
559,100808,303560000.0,boston housing authority,151-185 fulton st,151,185 fulton st,,2109.0,204  174 commercial st,boston,2109,97300.0,,Multifamily Housing,Multifamily Housing (97300.0),61.3,56.0,5965831.2,4233900.0,224862.429,507600.0,104129.064,,,,,,,,,,,,,,,,,,,,,,68.78,in compliance,328991.493,2025.0,No,No,No,No,No,No,,,0.0,0.0
1587,102369,303575000.0,,142 commercial st,142 commercial st,142 commercial st,,2109.0,144  126 commercial st,boston,2109,49900.0,,Multifamily Housing,Multifamily Housing (49900.0),34.7,95.0,1729787.412,1156056.2,61398.145,168151.0,34494.496,,,,,,,,,,,,,,,,,,,,,,14.58,in compliance,95892.641,2030.0,I'm not sure,No,No,No,I'm not sure,I'm not sure,,,1.0,1.0
3126,104667,303604000.0,ninty 9 fulton st condo tr,81-101 fulton st,81,101 fulton st,,2109.0,99 fulton st,boston,2109,32436.0,,Multifamily Housing,Multifamily Housing (32436.0),49.6,97.0,1608292.788,,,164799.0,33806.867,,,,,,,,,,1045998.6,77623.556,,,,,,,,,,,31.69,pending revisions,111430.423,2025.0,No,No,No,No,No,No,,,1.0,1.0
2937,104407,303636000.0,mercantile wharf associates,101-117 atlantic ave,101,117 atlantic ave,,2109.0,71  87 commercial st,boston,2109,159005.0,,Multifamily Housing,Multifamily Housing (159005.0),58.8,58.0,9356948.998,6499172.1,345171.03,837566.5,171818.392,,,,,,,,,,,,,,,,,,,,,,24.29,in compliance,516989.422,2025.0,No,No,No,No,No,No,,,0.0,2.0
4193,106189,303823000.0,tishman speyer archstone-,8-20 broad st,8,20 broad st,,2109.0,131 state st,boston,2109,125124.0,,Multifamily Housing,"Restaurant (11053.0),Multifamily Housing (104848.0),Office (9223.0)",80.5,13.0,10077167.97,4296680.4,228196.696,1694164.0,347540.803,,,,,,,,,,,,,,,,,,,,,,35.61,in compliance,575737.499,2025.0,No,No,No,No,No,No,,,0.0,0.0
1773,102649,303895000.0,,250 washington st,250 washington st,250 washington st,,2109.0,228  256 washington st,boston,2109,728652.0,56413.0,Multifamily Housing,"Multifamily Housing (616378.0),Office (112274.0),Parking (56413.0),Swimming Pool (0.0)",43.9,92.0,31988214.52,16545099.9,878710.256,4526118.0,928487.847,,,,,,,,,,,,,,,,,,,,,,8.03,in compliance,1807198.103,2025.0,I'm not sure,No,No,No,I'm not sure,I'm not sure,,,0.0,2.0
975,101313,303975000.0,boulevard broad street llc,110 broad st,110 broad st,110 broad st,,2110.0,102  112 broad st,boston,2110,69829.0,,Multifamily Housing,Multifamily Housing (69829.0),42.0,71.0,2931582.132,1089747.0,57876.463,539811.0,110736.829,,,,,,,,,,,,,,,,,,,,,,14.27,in compliance,168613.292,2025.0,No,No,No,No,No,No,,,1.0,1.0
2048,103013,303990010.0,folio boston condo trust,72-80 broad st,72,80 broad st,,2110.0,72  80 broad st,boston,2110,136377.0,37002.0,Multifamily Housing,"Multifamily Housing (136377.0),Parking (37002.0)",69.7,46.0,9503019.168,5760348.6,305932.114,1096914.0,225020.938,,,,,,,,,,,,,,,,,,,,,,24.26,in compliance,530953.052,2025.0,Yes,Yes,No,No,Yes,Yes,,,0.0,2.0
2054,103021,304015000.0,forest milk llc,30-36 batterymarch st,30,36 batterymarch st,,2110.0,32  34 batterymarch st,boston,2110,33250.0,,Multifamily Housing,"Restaurant (2698.0),Multifamily Housing (28665.0),Office (1887.0)",48.4,79.0,1609870.784,887100.0,47113.881,211832.0,43455.216,,,,,,,,,,,,,,,,,,,,,,37.45,in compliance,90569.097,2030.0,No,No,No,No,No,No,,,0.0,2.0
1052,101467,304033010.0,,99-107 broad st,99,107 broad st,,2110.0,99  105 broad st,boston,2110,45111.0,,Multifamily Housing,Multifamily Housing (45111.0),70.9,18.0,3197616.82,1363462.1,72413.472,537560.0,110275.058,,,,,,,,,,,,,,,,,,,,,,20.27,in compliance,182688.53,2025.0,No,No,No,No,No,No,,,1.0,1.0
2652,104043,304242000.0,,120-128a essex st,120,128a essex st,,2111.0,88  100 kingston st,boston,2111,75600.0,,Multifamily Housing,Multifamily Housing (75600.0),35.1,94.0,2651757.52,1493775.9,79334.438,339385.0,69621.439,,,,,,,,,,,,,,,,,,,,,,14.05,in compliance,148955.877,2025.0,No,No,No,No,No,No,,,1.0,1.0
2701,104101,304304100.0,,66-86 lincoln st,66,86 lincoln st,,2111.0,66  86 lincoln st,boston,2111,121133.0,367.0,Multifamily Housing,"Multifamily Housing (107440.0),Parking (367.0),Retail Store (13693.0)",76.7,7.0,9290327.212,3195382.9,169706.786,1786326.0,366446.916,,,,,,,,,,,,,,,,,,,,,,24.71,in compliance,536153.702,2025.0,I'm not sure,No,No,No,I'm not sure,I'm not sure,,,0.0,0.0
2492,103818,304308000.0,hudson fc group llc,118-120 kingston st,118,120 kingston st,,2111.0,120 kingston st,boston,2111,295446.0,,Multifamily Housing,Multifamily Housing (295446.0),42.8,66.0,12646780.14,4337099.8,230343.37,2435428.0,499603.7,,,,,,,,,,,,,,,,,,,,,,2.64,in compliance,729947.07,2025.0,No,No,No,No,No,No,,,1.0,1.0
3798,105669,304310000.0,seven 17 atlantic avenue,717-719 atlantic ave,717,719 atlantic ave,,2111.0,717  719 atlantic av,boston,2111,32640.0,,Multifamily Housing,"Office (2472.0),Multifamily Housing (30168.0)",88.1,26.0,2874598.924,2134699.9,113373.912,216852.0,44485.019,,,,,,,,,,,,,,,,,,,,,,23.73,in compliance,157858.931,2030.0,I'm not sure,No,No,No,I'm not sure,I'm not sure,,,0.0,0.0
3282,104866,304332000.0,,118-128 lincoln st,118,128 lincoln st,,2111.0,118  128 lincoln st,boston,2111,25800.0,,Multifamily Housing,Multifamily Housing (25800.0),41.7,,1076748.88,,,116290.0,23855.731,,,,,,,,,,679967.4,50460.381,,,,,,,,,,,35.37,in compliance,74316.112,2030.0,No,No,No,No,No,No,,,0.0,0.0
2279,103398,304450050.0,,81-83 essex st,81,83 essex st,,2111.0,81 83a essex st,boston,2111,30053.0,,Multifamily Housing,"Restaurant (4300.0),Multifamily Housing (25753.0)",195.5,1.0,5876696.427,2777700.0,147523.647,908263.9,186321.256,,,,,,,,,,,,,,,,,,,,,,170.13,pending revisions,333844.903,2025.0,I'm not sure,No,No,No,I'm not sure,I'm not sure,,,1.0,1.0
2713,104115,304466000.0,,40-44 harrison ave,40,44 harrison ave,,2111.0,40  44 harrison av,boston,2111,33457.0,,Multifamily Housing,"Personal Services (Health/Beauty, Dry Cleaning, etc) (2850.0),Restaurant (5311.0),Multifamily Housing (25296.0)",67.4,10.0,2253810.752,401449.6,21320.988,542896.0,111369.685,,,,,,,,,,,,,,,,,,,,,,59.2,in compliance,132690.673,2030.0,No,No,No,No,No,No,,,1.0,1.0
2949,104422,304488000.0,,558-580 washington st,558,580 washington st,,2111.0,580 washington st,boston,2111,456000.0,,Multifamily Housing,Multifamily Housing (456000.0),45.1,72.0,20572039.81,8116701.0,431077.99,3650451.0,748853.518,,,,,,,,,,,,,,,,,,,,,,31.21,in compliance,1179931.508,2025.0,No,No,No,No,No,No,,,1.0,1.0
1158,101729,304506000.0,chauncy house limited,115-119 chauncy st,115,119 chauncy st,,2111.0,115  119 chauncy st,boston,2111,61424.0,,Multifamily Housing,"Multifamily Housing (58874.0),Retail Store (2550.0)",52.8,,3245670.744,1932777.5,102649.813,384787.0,78935.205,,,,,,,,,,,,,,,,,,,,,,55.81,in compliance,181585.018,2025.0,I'm not sure,No,No,No,I'm not sure,I'm not sure,,,1.0,1.0
2083,103054,304556000.0,forty two chauncy st condo,42-48 chauncy st,42,48 chauncy st,,2111.0,42  48 chauncy st,boston,2111,31572.0,,Multifamily Housing,"Office (2144.0),Multifamily Housing (29428.0)",110.6,16.0,3492461.972,2806800.1,149069.153,200956.0,41224.114,,,,,,,,,,,,,,,,,,,,,,15.79,in compliance,190293.267,2030.0,I'm not sure,No,No,No,I'm not sure,I'm not sure,,,1.0,1.0
2952,104425,304590010.0,,1 franklin st,1 franklin st,1 franklin st,,2110.0,1 franklin st,boston,2110,758542.0,,Multifamily Housing,"Multifamily Housing (681542.0),Retail Store (77000.0)",63.4,21.0,48102372.65,14555830.9,773060.179,9831929.0,2016921.915,,,,,,,,,,,,,,,,,,,,,,17.53,in compliance,2789982.094,2025.0,No,No,No,No,No,No,,,1.0,2.0
3342,104954,304608000.0,,90-114 arch st,90,114 arch st,,2108.0,114  90 arch st,boston,2108,164211.0,,Multifamily Housing,"Worship Facility (55664.0),Office (40054.0),Multifamily Housing (68493.0)",48.0,,7882224.06,204700.0,10871.617,600180.0,123120.925,,,,,,5629709.9,310759.986,,,,,,,,,,,,,,,9.44,in compliance,444752.528,2025.0,No,No,No,No,No,No,,,1.0,1.0
121,100168,304705000.0,45 province condominum,45 province st,45 province st,45 province st,,2108.0,27  47 province st,boston,2108,206590.0,69029.0,Multifamily Housing,"Restaurant (3997.0),Pre-school/Daycare (6886.0),Multifamily Housing (195707.0),Swimming Pool (0.0),Parking (69029.0)",80.7,26.0,16676070.02,9352406.5,496706.309,2146443.0,440321.317,,,,,,,,,,,,,,,,,,,,,,30.06,in compliance,937027.626,2025.0,No,No,No,No,No,No,,,0.0,2.0
4589,106766,304781000.0,,8 winter st,8 winter st,8 winter st,,2108.0,8  10 winter st,boston,2108,50007.0,,Multifamily Housing,Multifamily Housing (50007.0),29.7,84.0,1485656.452,,,435421.0,89322.264,,,,,,,,,,,,,,,,,,,,,,31.2,in compliance,89322.264,2025.0,No,No,No,No,No,No,,,0.0,2.0
2,100002,304794000.0,10 temple place lp,2-24 temple pl,2,24 temple pl,,2111.0,24  2 temple pl,boston,2111,135344.0,,Multifamily Housing,"Personal Services (Health/Beauty, Dry Cleaning, etc) (1129.0),Restaurant (1552.0),Multifamily Housing (127684.0),Medical Office (2145.0),Supermarket/Grocery Store (2834.0)",55.6,,7523053.457,4848580.8,257508.126,783843.1,160797.574,,,,,,,,,,,,,,,,,,,,,,39.02,in compliance,418305.7,2025.0,No,No,No,No,No,No,,,1.0,1.0
4217,106250,304797000.0,tremont commons corp,131-134 tremont st,131,134 tremont st,,2111.0,134  131 tremont st,boston,2111,43101.0,,Multifamily Housing,"Restaurant (3026.0),Multifamily Housing (18784.0),Office (12347.0),Medical Office (2206.0),Other (6738.0)",36.4,,1569752.838,520700.0,27654.377,307459.8,63072.303,,,,,,,,,,,,,,,,,,,,,,28.49,in compliance,90726.68,2025.0,I'm not sure,No,No,No,I'm not sure,I'm not sure,,,1.0,1.0
4151,106140,304806000.0,,37-43 temple pl,37,43 temple pl,,2111.0,37  43 temple pl,boston,2111,25150.0,,Multifamily Housing,"Multifamily Housing (20957.0),Retail Store (4193.0)",21.8,,548523.728,248800.0,13213.768,87844.0,18020.318,,,,,,,,,,,,,,,,,,,,,,28.12,pending revisions,31234.086,2030.0,I'm not sure,No,No,No,I'm not sure,I'm not sure,,,0.0,0.0
2950,104423,304832020.0,,1 avery st #ph,1 avery st #ph,1 Avery St,,2111.0,1 avery st,boston,2111,362409.0,,Multifamily Housing,"Restaurant (6196.0),Multifamily Housing (356213.0)",58.6,52.0,21248215.1,11525273.0,612107.249,2848875.0,584418.218,,,,,,,,,,,,,,,,,,2580.6,191.506,,,20.98,in compliance,1196716.973,2025.0,No,No,No,No,No,No,,,0.0,2.0
2776,104207,304838000.0,,70-80 mason st,70,80 mason st,,2111.0,19 avery st,boston,2111,134915.0,,Multifamily Housing,"Multifamily Housing (121629.0),College/University (13286.0)",66.9,70.0,9030730.34,6889888.0,365921.952,627445.0,128714.067,,,,,,,,,,,,,,,,,,,,,,40.46,in compliance,494636.019,2025.0,No,No,No,No,No,No,,,1.0,1.0
3296,104883,304842000.0,one 70 parkside condo trust,170-170a tremont st,170,170a tremont st,,2111.0,168 170a tremont st,boston,2111,96696.0,22752.0,Multifamily Housing,"Multifamily Housing (96696.0),Parking (22752.0)",61.5,59.0,5946378.168,2946500.0,156488.615,879214.0,180361.96,,,,,,,,,,,,,,,,,,,,,,29.01,in compliance,336850.575,2025.0,I'm not sure,No,No,No,I'm not sure,I'm not sure,,,0.0,0.0
2232,103344,304847010.0,,165-166 tremont st,165,166 tremont st,,2111.0,165 tremont st,boston,2111,156534.0,,Multifamily Housing,Multifamily Housing (156534.0),52.5,66.0,8214143.996,4433364.8,235456.005,1108083.0,227312.147,,,,,,,,,,,,,,,,,,,,,,13.83,in compliance,462768.152,2025.0,No,No,No,No,No,No,,,1.0,1.0
4218,106251,304850000.0,,151 tremont st,151 tremont st,151 tremont st,,2111.0,151  162 tremont st,boston,2111,405000.0,118000.0,Multifamily Housing,"Strip Mall (6000.0),Multifamily Housing (399000.0),Swimming Pool (0.0),Parking (118000.0)",43.8,87.0,17738405.79,837100.0,44458.381,2989449.0,613255.568,,,,,,6701305.8,369912.08,,,,,,,,,,,,,,,24.15,in compliance,1027626.029,2025.0,I'm not sure,No,No,No,I'm not sure,I'm not sure,,,0.0,0.0
2951,104424,304870020.0,,2 avery st,2 avery st,2 avery st,,2111.0,2  16 avery st,boston,2111,895973.0,226138.0,Multifamily Housing,"Hotel (189251.0),Multifamily Housing (475215.0),Movie Theater (136011.0),Parking (226138.0),Fitness Center/Health Club/Gym (95496.0)",135.0,,120970318.3,65014528.7,3452921.619,16396630.0,3363604.678,,,,,,,,,,,,,,,,,,10488.0,778.314,,,31.15,in compliance,6817304.611,2025.0,No,No,No,No,No,No,,,0.0,0.0
3743,105596,304878000.0,saint francis house inc,39 boylston st,39 boylston st,39 boylston st,,2116.0,39 boylston st,boston,2116,75319.0,,Multifamily Housing,"Restaurant (3500.0),Multifamily Housing (44819.0),Office (20000.0),Other (7000.0)",65.0,59.0,4895801.434,2828068.7,150198.729,606017.8,124318.491,,,,,,,,,,,,,,,,,,,,,,30.42,in compliance,274517.22,2025.0,No,No,No,No,No,No,,,1.0,1.0
980,101318,304892000.0,,60-62 boylston st,60,62 boylston st,,2116.0,62  60 boylston st,boston,2116,168300.0,,Multifamily Housing,Multifamily Housing (168300.0),54.1,94.0,9101787.996,,,777583.0,159513.377,,,,,,6448674.8,355966.849,,,,,,,,,,,,,,,41.27,in compliance,515480.226,2025.0,I'm not sure,No,No,No,I'm not sure,I'm not sure,,,0.0,0.0
4636,106821,304893010.0,48 boylston street condominium trust,48 boylston st,48 boylston st,48 boylston st,,2116.0,48 boylston st,boston,2116,66866.0,,Multifamily Housing,Multifamily Housing (66866.0),43.2,70.0,2886136.78,1450827.8,77053.464,420665.0,86295.218,,,,,,,,,,,,,,,,,,,,,,18.56,in compliance,163348.682,2025.0,No,No,No,No,No,No,,,1.0,1.0
2079,103049,304894000.0,,38-42 boylston st,38,42 boylston st,,2116.0,38  42 boylston st,boston,2116,52800.0,,Multifamily Housing,Multifamily Housing (52800.0),51.9,66.0,2742605.068,,,397689.0,81581.921,,,,,,1385690.2,92009.829,,,,,,,,,,,,,,,57.79,in compliance,173591.75,2025.0,No,No,No,No,No,No,,,1.0,1.0
2638,104028,304896020.0,kp washington street llc,659-665 washington st,659,665 washington st,,2111.0,659  677 washington st,boston,2111,315480.0,53185.0,Multifamily Housing,"Multifamily Housing (312580.0),Parking (53185.0),Swimming Pool (0.0),Other (2900.0)",39.0,97.0,12315464.52,5441332.0,288989.143,2014693.0,413294.122,,,,,,,,,,,,,,,,,,,,,,11.99,pending revisions,702283.265,2025.0,I'm not sure,No,No,No,I'm not sure,I'm not sure,,,1.0,1.0
355,100486,304910020.0,,24-58 lagrange st,24,58 lagrange st,,2116.0,24  58 lagrange st,boston,2116,422650.0,76235.0,Multifamily Housing,"Multifamily Housing (422650.0),Parking (76235.0)",48.3,53.0,20428792.74,7785899.7,413509.133,3705420.0,760129.859,,,,,,,,,,,,,,,,,,,,,,3.66,pending revisions,1173638.992,2025.0,No,No,Yes,Yes,No,No,,,0.0,2.0
1122,101686,304950000.0,,31-37 beach st,31,37 beach st,,2111.0,37  31 beach st,boston,2111,69678.0,,Multifamily Housing,"Multifamily Housing (63343.0),Bank Branch (6335.0)",36.7,55.0,2560349.512,57900.0,3075.069,733426.0,150455.01,,,,,,,,,,,,,,,,,,,,,,22.44,in compliance,153530.079,2025.0,I'm not sure,No,No,No,I'm not sure,I'm not sure,,,0.0,2.0
1160,101731,304956000.0,,9-11 knapp st,9,11 knapp st,,2111.0,23  9 knapp st,boston,2111,33082.0,,Multifamily Housing,"Office (4726.0),Multifamily Housing (28356.0)",60.7,61.0,2008199.932,1103300.0,58596.263,265211.0,54405.385,,,,,,,,,,,,,,,,,,,,,,29.1,in compliance,113001.648,2030.0,No,No,No,No,No,No,,,1.0,1.0
3310,104901,304980012.0,one greenway pr llc,99 kneeland st,99 kneeland st,99 kneeland st,,2111.0,99 kneeland st,boston,2111,301507.0,58722.0,Multifamily Housing,"Multifamily Housing (293054.0),Parking (58722.0),Other (8453.0)",40.1,90.0,12104687.46,3303730.3,175461.116,2579413.0,529140.783,,,,,,,,,,,,,,,,,,,,,,21.46,in compliance,704601.899,2025.0,No,No,No,No,No,No,,,0.0,2.0
187,100243,304981010.0,88  hudson street  leasehold,88 hudson st,88 hudson st,88 hudson st,,2111.0,88 hudson st,boston,2111,59992.0,,Multifamily Housing,Multifamily Housing (59992.0),39.7,98.0,2382331.164,1494965.5,79397.618,260072.0,53351.17,,,,,,,,,,,,,,,,,,,,,,26.62,in compliance,132748.788,2025.0,No,No,No,No,No,No,,,0.0,2.0
1117,101676,305021000.0,ccba tai tung mngmnt inc,210-220 harrison ave,210,220 harrison ave,,2111.0,210  262 harrison av,boston,2111,394174.0,,Multifamily Housing,Multifamily Housing (394174.0),59.0,91.0,23246847.35,19761503.0,1049533.424,1021496.0,209549.689,,,,,,,,,,,,,,,,,,,,,,40.29,in compliance,1259083.113,2025.0,No,No,No,No,No,No,,,1.0,1.0
412,100575,305346000.0,,121-123 beach st,121,123 beach st,,2111.0,121  123 beach st,boston,2111,48000.0,,Multifamily Housing,Multifamily Housing (48000.0),29.6,94.0,1422154.524,517200.0,27468.492,265227.0,54408.667,,,,,,,,,,,,,,,,,,,,,,13.15,in compliance,81877.159,2030.0,No,No,No,No,No,No,,,0.0,2.0
3565,105288,305358202.0,residences at 210 south st,208-212 south st,208,212 south st,,2111.0,208  212 south st,boston,2111,77799.0,,Multifamily Housing,Multifamily Housing (77799.0),36.9,91.0,2870007.348,1509799.9,80185.473,398654.0,81779.882,,,,,,,,,,,,,,,,,,,,,,27.49,in compliance,161965.355,2025.0,No,No,No,No,No,No,,,0.0,2.0
2941,104411,305424030.0,metropolitan residential i,1-3 nassau st,1,3 nassau st,,2111.0,1 nassau st,boston,2111,350000.0,,Multifamily Housing,Multifamily Housing (350000.0),54.0,47.0,18916800.47,9914303.3,526548.648,2638481.0,541257.992,,,,,,,,,,,,,,,,,,,,,,36.72,in compliance,1067806.64,2025.0,No,No,No,No,No,No,,,0.0,0.0
4361,106421,305473000.0,,231-235 harrison ave,231,235 harrison ave,,2111.0,231  235 harrison av,boston,2111,24800.0,,Multifamily Housing,Multifamily Housing (24800.0),26.6,89.0,660583.672,,,193606.0,39716.335,,,,,,,,,,,,,,,,,,,,,,25.91,in compliance,39716.335,2030.0,I'm not sure,No,No,No,I'm not sure,I'm not sure,,,1.0,2.0
215,100294,305484010.0,acdc oak terrace apartments  llc,882-892 washington st,882,892 washington st,,2111.0,888 washington st,boston,2111,110244.0,,Multifamily Housing,Multifamily Housing (110244.0),34.0,97.0,3749663.032,2133019.9,113284.687,473811.0,97197.589,,,,,,,,,,,,,,,,,,,,,,23.31,pending revisions,210482.276,2025.0,No,No,No,No,No,No,,,1.0,1.0
402,100562,305550000.0,bc quincy tower llc,5 oak st w,5 oak st w,5 oak st w,,2116.0,5 oak street west,boston,2116,132000.0,,Multifamily Housing,Multifamily Housing (132000.0),68.8,64.0,9086665.476,6314934.1,335386.15,812348.0,166645.069,,,,,,,,,,,,,,,,,,,,,,56.4,in compliance,502031.219,2025.0,No,No,No,No,No,No,,,1.0,1.0
3404,105038,305960000.0,penny savings bank condo tr,1361-1375 washington st,1361,1375 washington st,,2118.0,1361  1375 washington st,boston,2118,38997.0,,Multifamily Housing,Multifamily Housing (38997.0),134.5,1.0,5245734.504,3071464.8,163125.496,637242.0,130723.824,,,,,,,,,,,,,,,,,,,,,,26.37,in compliance,293849.32,2030.0,No,No,No,No,No,No,,,1.0,1.0
4582,106754,306010010.0,,1293-1317 washington st,1293,1317 washington st,,2118.0,1293  1317 washington st,boston,2118,268250.0,126700.0,Multifamily Housing,"Multifamily Housing (268250.0),Parking (126700.0)",45.2,95.0,12122173.98,6394541.7,339614.11,1678673.0,344362.979,,,,,,,,,,,,,,,,,,,,,,18.28,in compliance,683977.089,2025.0,No,No,No,No,No,No,,,1.0,1.0
2762,104178,306030100.0,,69-81 e berkeley st,69,81 e berkeley st,,2118.0,69  77 e berkeley st,boston,2118,38124.0,,Multifamily Housing,Multifamily Housing (38124.0),141.9,1.0,5409322.188,4993999.9,265231.335,121724.0,24970.461,,,,,,,,,,,,,,,,,,,,,,2.23,pending revisions,290201.796,2030.0,I'm not sure,No,No,No,I'm not sure,I'm not sure,,,1.0,1.0
1118,101681,306150000.0,ccba waterford place llc mass llc,180-188 shawmut ave,180,188 shawmut ave,,2118.0,180 shawmut av,boston,2118,46457.0,4140.0,Multifamily Housing,"Multifamily Housing (46457.0),Parking (4860.0)",79.8,65.0,3707809.148,2600686.8,138122.476,324479.0,66563.622,,,,,,,,,,,,,,,,,,,,,,46.48,in compliance,204686.098,2025.0,No,No,No,No,No,No,,,1.0,1.0
2732,104140,306171000.0,,140 shawmut ave,140 shawmut ave,140 shawmut ave,,2118.0,136 -140r shawmut av,boston,2118,58814.0,10000.0,Multifamily Housing,"Multifamily Housing (58814.0),Parking (10000.0)",56.6,65.0,3326596.236,1468752.0,78005.419,544503.0,111699.345,,,,,,,,,,,,,,,,,,,,,,16.38,in compliance,189704.764,2030.0,No,No,No,No,No,No,,,1.0,1.0
5380,107916,306180010.0,,100 shawmut st,100 shawmut st,100 shawmut st,,2118.0,,,,162639.0,44730.0,Multifamily Housing,"Multifamily Housing (162639.0),Parking (44730.0)",42.9,91.0,6981215.14,2975800.1,158044.743,1173920.0,240817.949,,,,,,,,,,,,,,,,,,,,,,15.13,in compliance,398862.692,2025.0,Yes,No,No,No,Yes,Yes,,,0.0,0.0
1822,102725,306266000.0,,160 e berkeley st,160 e berkeley st,160 e berkeley st,,2118.0,160 e berkeley st,boston,2118,47706.0,,Multifamily Housing,Multifamily Housing (47706.0),59.7,36.0,2848476.172,1441432.2,76554.464,412381.0,84595.838,,,,,,,,,,,,,,,,,,,,,,32.8,in compliance,161150.302,2025.0,I'm not sure,No,No,No,I'm not sure,I'm not sure,,,0.0,2.0
95,100127,306337000.0,345 harrison llc,335-347 harrison ave,335,347 harrison ave,,2118.0,345 harrison av,boston,2118,612131.0,0.0,Multifamily Housing,"Multifamily Housing (577290.0),Parking (96108.0),Retail Store (34841.0)",63.0,39.0,38578717.74,15331499.5,814255.938,6776770.0,1390186.598,,,,,,,,,,124879.0,9267.271,,,,,,,,,,,22.0,in compliance,2213709.807,2025.0,No,No,No,No,No,No,,,1.0,1.0
2165,103158,306390010.0,gateway terrace condo tr,40 fay st,40 fay st,40 fay st,,2118.0,40 fay st,boston,2118,38758.0,,Multifamily Housing,Multifamily Housing (38758.0),85.4,8.0,3310389.996,1521707.0,80817.859,524233.0,107541.158,,,,,,,,,,,,,,,,,,,,,,34.47,in compliance,188359.017,2025.0,No,No,No,No,No,No,,,0.0,2.0
2648,104039,306395010.0,,1180-1200 washington st,1180,1200 washington st,,2118.0,1180  1200 washington st,boston,2118,125022.0,,Multifamily Housing,Multifamily Housing (125022.0),48.6,,6080163.458,3026100.0,160716.171,895094.8,183619.747,,,,,,,,,,,,,,,,,,,,,,21.92,in compliance,344335.918,2025.0,Yes,No,No,No,Yes,Yes,,,0.0,0.0
2166,103159,306396010.0,gateway terrace condominium,35 fay st,35 fay st,35 fay st,,2118.0,1166 washington st,boston,2118,38718.0,,Multifamily Housing,Multifamily Housing (38718.0),88.4,20.0,3421690.064,815700.0,43321.827,763772.0,156680.188,,,,,,,,,,,,,,,,,,,,,,25.74,in compliance,200002.015,2025.0,No,No,No,No,No,No,,,0.0,2.0
2167,103160,306396010.0,gateway terrace condominium,1166 washington st,1166 washington st,1166 washington st,,2118.0,1166 washington st,boston,2118,54599.0,,Multifamily Housing,Multifamily Housing (54599.0),79.5,4.0,4342810.3,2014290.9,106978.99,682450.0,139997.793,,,,,,,,,,,,,,,,,,,,,,36.52,in compliance,246976.783,2025.0,No,No,No,No,No,No,,,0.0,0.0
2572,103945,306444000.0,,477-481 harrison ave,477,481 harrison ave,,2118.0,477 harrison av,boston,2118,33265.0,,Multifamily Housing,Multifamily Housing (33265.0),48.2,,1604276.412,770892.0,40942.074,244251.0,50105.65,,,,,,,,,,,,,,,,,,,,,,13.03,in compliance,91047.724,2030.0,No,No,No,No,No,No,,,0.0,0.0
2303,103484,306445010.0,harrison lofts condo trust,485-495 harrison ave,485,495 harrison ave,,2118.0,485  495 harrison av,boston,2118,65121.0,,Multifamily Housing,Multifamily Housing (65121.0),72.3,30.0,4709402.196,2516909.0,133673.037,642583.0,131819.477,,,,,,,,,,,,,,,,,,,,,,26.58,in compliance,265492.514,2025.0,No,No,No,No,No,No,,,1.0,1.0
3609,105358,306455010.0,rollins square condo trust,3 rollins st,3 rollins st,3 rollins st,,2118.0,2 rollins st,boston,2118,399507.0,,Multifamily Housing,Multifamily Housing (399507.0),43.5,94.0,17394093.28,11645617.1,618498.724,1684782.0,345616.179,,,,,,,,,,,,,,,,,,,,,,19.34,in compliance,964114.903,2025.0,No,No,No,No,No,No,,,1.0,1.0
5094,107520,306570204.0,,370 harrison av,370 harrison av,370 harrison av,,2118.0,,,,373320.0,116658.0,Multifamily Housing,"Multifamily Housing (365211.0),Medical Office (4928.0),Swimming Pool (0.0),Parking (116658.0),Other (3181.0)",51.5,,19241362.13,7017977.9,372724.806,3582469.0,734907.691,,,,,,,,,,,,,,,,,,,,,,18.14,in compliance,1107632.497,2025.0,I'm not sure,No,No,No,I'm not sure,I'm not sure,,,0.0,0.0
1918,102846,306577000.0,eqr-troy llc,55-57 traveler st,55,57 traveler st,,2118.0,55  57 traveler st,boston,2118,362165.0,45300.0,Multifamily Housing,"Restaurant (4259.0),Multifamily Housing (356708.0),Food Service (1198.0),Swimming Pool (0.0),Parking (60400.0)",44.6,88.0,16167101.65,7962108.3,422867.572,2404746.0,493309.594,,,,,,,,,,,,,,,,,,,,,,29.1,in compliance,916177.166,2025.0,No,No,No,No,No,No,,,1.0,1.0
3790,105659,306624010.0,sepia condominium trust,30-36 traveler st,30,36 traveler st,,2118.0,30  36 traveler st,boston,2118,221200.0,,Multifamily Housing,"Multifamily Housing (211400.0),Retail Store (9800.0)",38.7,,8556108.876,6696319.8,355641.545,545073.0,111816.275,,,,,,,,,,,,,,,,,,,,,,8.32,in compliance,467457.82,2025.0,No,No,No,No,No,No,,,1.0,1.0
2519,103878,306625000.0,ink block ii phase 1 llc,300 harrison ave,300 harrison ave,300 harrison ave,,2118.0,300 harrison av,boston,2118,393839.0,107654.0,Multifamily Housing,"Food Sales (50000.0),Multifamily Housing (317210.0),Parking (107654.0),Other (26629.0)",35.0,64.0,13797302.3,,,4043758.0,829536.516,,,,,,,,,,,,,,,,,,,,,,35.62,in compliance,829536.516,2025.0,No,No,No,No,No,No,,,1.0,1.0
5510,108067,306626000.0,,217 albany st,217 albany st,217 albany st,,2118.0,,,,149032.0,,Multifamily Housing,Multifamily Housing (149032.0),40.1,87.0,5976056.744,2161996.9,114823.655,1117837.0,229313.082,,,,,,,,,,,,,,,,,,,,,,26.58,in compliance,344136.737,2025.0,No,No,No,No,No,No,,,0.0,0.0
3851,105772,306731010.0,,40 traveler st,40 traveler st,40 traveler st,,2118.0,40 traveler st,boston,2118,130000.0,14487.0,Multifamily Housing,"Multifamily Housing (130000.0),Parking (14487.0)",40.0,71.0,5206447.111,2219590.5,117882.451,875397.6,179579.064,,,,,,,,,,,,,,,,,,,,,,14.1,in compliance,297461.515,2025.0,I`m not sure,No,No,No,I`m not sure,I`m not sure,,,0.0,0.0
2477,103802,306896000.0,hotel union condo tr,301-303 shawmut ave,301,303 shawmut ave,,2118.0,301 shawmut av,boston,2118,24713.0,,Multifamily Housing,Multifamily Housing (24713.0),39.8,78.0,983017.752,442400.0,23495.864,158446.0,32503.612,,,,,,,,,,,,,,,,,,,,,,20.73,in compliance,55999.476,2030.0,No,No,No,No,No,No,,,1.0,1.0
4527,106674,306973010.0,,1387-1393 washington st,1387,1393 washington st,,2118.0,1387 washington st,boston,2118,33102.0,3000.0,Multifamily Housing,"Multifamily Housing (33102.0),Parking (3000.0)",57.2,39.0,1895039.54,615386.0,32683.15,375045.0,76936.731,,,,,,,,,,,,,,,,,,,,,,29.64,in compliance,109619.881,2030.0,No,No,No,No,No,No,,,1.0,1.0
3416,105052,306989000.0,,336 shawmut ave,336 shawmut ave,336 shawmut ave,,2118.0,336  346 shawmut av,boston,2118,104678.0,,Multifamily Housing,Multifamily Housing (104678.0),55.8,73.0,5845565.128,4658209.6,247397.512,347994.0,71387.489,,,,,,,,,,,,,,,,,,,,,,37.22,in compliance,318785.001,2025.0,No,No,No,No,No,No,,,1.0,1.0
2522,103886,400001000.0,,278-284a columbus ave,278,284a columbus ave,,2116.0,72  76 clarendon st,boston,2116,31230.0,,Multifamily Housing,Multifamily Housing (31230.0),84.3,31.0,2632634.664,1917148.5,101819.757,209697.0,43017.243,,,,,,,,,,,,,,,,,,,,,,46.6,pending revisions,144837.0,2030.0,No,No,No,No,No,No,,,1.0,1.0
4158,106148,400019000.0,,306-310 columbus ave,306,310 columbus ave,,2116.0,715 boylston st second floor,boston,2116,21300.0,,Multifamily Housing,Multifamily Housing (21300.0),30.5,,649996.188,229300.0,12178.123,123299.0,25293.557,,,,,,,,,,,,,,,,,,,,,,20.14,in compliance,37471.68,2030.0,Yes,No,No,No,Yes,Yes,,,1.0,1.0
4349,106408,400206000.0,,2 clarendon st,2 clarendon st,2 clarendon st,,2116.0,2 clarendon st,boston,2116,65000.0,,Multifamily Housing,Multifamily Housing (65000.0),44.8,64.0,2911684.344,1088100.0,57788.991,534462.0,109639.535,,,,,,,,,,,,,,,,,,,,,,,in compliance,167428.526,2025.0,Yes,No,No,No,Yes,Yes,C10079,,1.0,1.0
1548,102280,400213000.0,,4-16 clarendon st,4,16 clarendon st,,2116.0,4  16 clarendon st,boston,2116,31212.0,,Multifamily Housing,Multifamily Housing (31212.0),34.0,86.0,1061492.408,209400.0,11121.234,249734.0,51230.433,,,,,,,,,,,,,,,,,,,,,,,in compliance,62351.667,2030.0,Yes,No,No,No,Yes,Yes,C10079,,1.0,1.0
3956,105902,400218000.0,,565-569a tremont st,565,569a tremont st,,2118.0,557 569a tremont st,boston,2118,34287.0,,Multifamily Housing,Multifamily Housing (34287.0),44.4,16.0,1522475.344,,,446212.0,91535.93,,,,,,,,,,,,,,,,,,,,,,29.74,in compliance,91535.93,2030.0,No,No,No,No,No,No,,,1.0,1.0
4363,106423,400548010.0,,285 columbus ave #406,285 columbus ave,285 columbus ave,,2116.0,269  285 columbus av,boston,2116,107833.0,,Multifamily Housing,Multifamily Housing (107833.0),36.1,81.0,3896014.732,939564.5,49900.271,866486.0,177750.938,,,,,,,,,,,,,,,,,,,,,,17.53,in compliance,227651.209,2025.0,No,No,No,No,No,No,,,0.0,2.0
1068,101519,400554010.0,bryant back bay condo trust,301-303 columbus ave,301,303 columbus ave,,2116.0,301  319 columbus av,boston,2116,102055.0,57945.0,Multifamily Housing,"Multifamily Housing (102055.0),Parking (57945.0)",42.8,86.0,4363144.48,579100.0,30756.001,1109040.0,227508.466,,,,,,,,,,,,,,,,,,,,,,16.4,in compliance,258264.467,2025.0,I'm not sure,No,No,No,I'm not sure,I'm not sure,,,1.0,1.0
4192,106187,400561000.0,three31-335 columbus av llc mass llc,331-335 columbus ave,331,335 columbus ave,,2116.0,331 335a columbus av,boston,2116,24743.0,,Multifamily Housing,Multifamily Housing (24743.0),38.4,62.0,949344.644,,,278237.0,57077.538,,,,,,,,,,,,,,,,,,,,,,51.74,in compliance,57077.538,2030.0,I'm not sure,No,No,No,I'm not sure,I'm not sure,,,0.0,2.0
4109,106088,400600040.0,tent city apartments llc,100-128 dartmouth st,100,128 dartmouth st,,2118.0,100  128 dartmouth st,boston,2118,327174.0,,Multifamily Housing,"Multifamily Housing (318400.0),Retail Store (8774.0)",50.2,84.0,16435997.42,8445799.7,448556.422,2341793.0,480395.416,,,,,,,,,,,,,,,,,,,,,,43.32,in compliance,928951.838,2025.0,No,No,No,No,No,No,,,0.0,2.0
2940,104410,400790000.0,methunion manor coop corp,4-6 braddock park,4,6 braddock park,,2116.0,6  4 braddock pk,boston,2116,168265.0,,Multifamily Housing,"Multifamily Housing (151767.0),Retail Store (16498.0)",102.5,47.0,17251400.36,14200570.8,754192.315,894147.0,183425.316,,,,,,,,,,,,,,,,,,,,,,48.08,in compliance,937617.631,2025.0,No,No,No,No,No,No,,,0.0,2.0
3914,105844,400864000.0,,150 huntington ave,150 huntington ave,150 huntington ave,,2115.0,150 huntington av,boston,2115,495900.0,65536.0,Multifamily Housing,"Multifamily Housing (495900.0),Parking (65536.0)",43.1,76.0,21358046.02,10138871.4,538475.46,3288152.0,674531.501,,,,,,,,,,,,,,,,,,,,,,,in compliance,1213006.961,2025.0,No,No,No,No,No,No,,,0.0,2.0
1573,102351,400905010.0,colonade residences llc mass llc,118 huntington ave,118 huntington ave,118 huntington ave,,2116.0,118 huntington av,boston,2116,172000.0,5200.0,Multifamily Housing,"Multifamily Housing (172000.0),Parking (5200.0)",146.0,1.0,25119984.93,16795066.6,891985.987,2439894.0,500519.855,,,,,,,,,,,,,,,,,,,,,,25.85,in compliance,1392505.842,2025.0,No,No,No,No,No,No,,,0.0,2.0
2049,103014,400945000.0,,7 follen st,7 follen st,7 follen st,,2116.0,25  7 follen st,boston,2116,33613.0,,Multifamily Housing,Multifamily Housing (33613.0),31.9,92.0,1072603.748,64600.0,3430.906,295429.0,60604.305,,,,,,,,,,,,,,,,,,,,,,29.22,in compliance,64035.211,2025.0,No,No,No,No,No,No,,,1.0,1.0
4372,106433,400970000.0,,52-58 saint botolph st,52,58 saint botolph st,,2116.0,56 st botolph st,boston,2116,40010.0,,Multifamily Housing,Multifamily Housing (40010.0),31.5,97.0,1261229.464,381626.1,20268.162,257797.0,52884.477,,,,,,,,,,,,,,,,,,,,,,29.15,in compliance,73152.639,2030.0,No,No,No,No,No,No,,,0.0,2.0
4373,106436,400972000.0,,32 garrison st,32 garrison st,32 garrison st,,2116.0,32 garrison st,boston,2116,143001.0,,Multifamily Housing,Multifamily Housing (143001.0),36.6,88.0,5234833.324,1049158.5,55720.808,1190152.0,244147.781,,,,,,,,,,124876.2,9267.063,,,,,,,,,,,29.82,in compliance,309135.652,2025.0,No,No,No,No,No,No,,,0.0,2.0
562,100811,400975000.0,boston housing authority,60-84 saint botolph st,60,84 saint botolph st,,2116.0,garrison st,boston,2116,90944.0,,Multifamily Housing,Multifamily Housing (90944.0),57.0,,5188326.94,1264799.9,67173.523,1149920.0,235894.589,,,,,,,,,,,,,,,,,,,,,,41.3,in compliance,303068.112,2025.0,No,No,No,No,No,No,,,0.0,0.0
1668,102502,400985010.0,copley place cooperative,2-16 harcourt st,2,16 harcourt st,,2116.0,2  16 harcourt st,boston,2116,157450.0,,Multifamily Housing,Multifamily Housing (157450.0),30.0,79.0,4728677.152,,,1385896.0,284302.705,,,,,,,,,,,,,,,,,,,,,,17.15,in compliance,284302.705,2025.0,No,No,No,No,No,No,,,0.0,2.0
351,100482,401037010.0,,790 boylston st,790 boylston st,790 boylston st,,2116.0,790 boylston st,boston,2116,291222.0,,Multifamily Housing,Multifamily Housing (291222.0),53.4,85.0,15549214.73,541024.9,28733.832,761244.0,156161.594,,,,,,12410825.3,824078.8,,,,,,,,,,,,,,,56.82,in compliance,1008974.226,2025.0,I'm not sure,No,No,No,I'm not sure,I'm not sure,,,0.0,2.0
352,100483,401037050.0,,780 boylston st,780 boylston st,780 boylston st,,2116.0,780 boylston st,boston,2116,340200.0,,Multifamily Housing,Multifamily Housing (340200.0),82.4,2.0,28035333.12,276157.5,14666.725,2893977.0,593670.442,,,,,,17884926.1,1187559.093,,,,,,,,,,,,,,,18.73,pending revisions,1795896.26,2025.0,No,No,No,No,No,No,,,0.0,0.0
353,100484,401037075.0,,770 boylston st,770 boylston st,770 boylston st,,2116.0,770 boylston st,boston,2116,340200.0,,Multifamily Housing,Multifamily Housing (340200.0),77.7,5.0,26428329.24,275543.9,14634.137,2712312.0,556403.684,,,,,,16898376.8,1122052.22,,,,,,,,,,,,,,,27.36,in compliance,1693090.041,2025.0,I'm not sure,No,No,No,I'm not sure,I'm not sure,,,0.0,0.0
1002,101345,401037085.0,,77 exeter st,77 exeter st,77 exeter st,,2116.0,77 exeter st,boston,2116,293107.0,,Multifamily Housing,Multifamily Housing (293107.0),31.6,92.0,9260279.348,1867400.0,99177.614,2166729.0,444482.787,,,,,,,,,,,,,,,,,,,,,,16.62,in compliance,543660.401,2025.0,I`m not sure,No,No,No,I`m not sure,I`m not sure,,,1.0,1.0
433,100618,401037600.0,belvidere condominium trust,100 belvidere st,100 belvidere st,100 belvidere st,,2116.0,100 belvidere st,boston,2116,165000.0,,Multifamily Housing,Multifamily Housing (165000.0),30.6,82.0,5049962.724,273667.7,14534.492,1399852.0,287165.639,,,,,,,,,,,,,,,,,,,,,,,in compliance,301700.131,2025.0,No,No,No,No,No,No,,,1.0,1.0
4240,106274,401053010.0,,1 huntington ave,1 huntington ave,1 huntington ave,,2116.0,1 huntington av,boston,2116,177636.0,26364.0,Multifamily Housing,"Multifamily Housing (168636.0),Other - Restaurant/Bar (7300.0),Parking (28164.0),Other - Services (1700.0)",125.4,1.0,22284349.64,2810380.6,149259.314,2776003.0,569469.255,,,,,,10002246.8,552124.023,,,,,,,,,,,0.0,,,,27.77,in compliance,1270852.592,2025.0,No,No,No,No,No,No,,,1.0,1.0
1547,102279,401085000.0,clarendon residences llc mass llc,140 clarendon st,140 clarendon st,140 clarendon st,,2116.0,410 stuart st,boston,2116,186955.0,,Multifamily Housing,Multifamily Housing (186955.0),71.9,19.0,13450095.75,526996.8,27988.8,1964021.0,402899.268,,,,,,6221859.3,343446.633,,,,,,,,,,,,,,,21.39,in compliance,774334.701,2025.0,No,No,No,No,No,No,,,0.0,2.0
1545,102175,401129010.0,clarendon condominium tr,390-406 stuart st,390,406 stuart st,,2116.0,390  406 stuart st,boston,2116,444893.0,95907.0,Multifamily Housing,"Food Sales (13751.0),Multifamily Housing (405504.0),Parking (95907.0),Retail Store (25638.0)",53.6,50.0,23843222.45,7400269.0,393028.287,4819154.0,988601.252,,,,,,,,,,,,,,,,,,,,,,24.28,in compliance,1381629.539,2025.0,I'm not sure,No,No,No,I'm not sure,I'm not sure,,,0.0,2.0
2489,103815,401147000.0,hub contracting inc trustee,219-223 columbus ave,219,223 columbus ave,,2116.0,219  223 columbus av,boston,2116,60506.0,2000.0,Multifamily Housing,"Restaurant (7506.0),Multifamily Housing (53000.0),Parking (2000.0)",44.2,28.0,2674779.396,,,783933.0,160816.016,,,,,,,,,,,,,,,,,,,,,,45.82,in compliance,160816.016,2030.0,I'm not sure,No,No,No,I'm not sure,I'm not sure,,,0.0,2.0
2145,103126,401149012.0,fsbos (us) llc,1 dalton st,1 dalton st,1 dalton st,,2115.0,1 dalton st,boston,2115,855408.0,,Multifamily Housing,"Hotel (282200.0),Multifamily Housing (573208.0)",78.1,31.0,66791363.4,26507756.0,1407826.921,11806450.0,2421975.153,,,,,,,,,,,,,,,,,,,,,,15.13,in compliance,3829802.074,2025.0,No,No,No,No,No,No,,,0.0,0.0
3503,105198,401323010.0,,30 dalton st,30 dalton st,30 dalton st,,2115.0,30 dalton st,boston,2115,260000.0,10000.0,Multifamily Housing,"Food Sales (1400.0),Multifamily Housing (258600.0),Parking (10000.0)",41.0,74.0,10671715.09,3438220.5,182603.891,2120016.0,434900.082,,,,,,,,,,,,,,,,,,,,,,19.56,in compliance,617503.973,2025.0,I'm not sure,No,No,No,I'm not sure,I'm not sure,,,0.0,2.0
1967,102921,401395000.0,fenway inc,38 hemenway st,38 hemenway st,38 hemenway st,,2115.0,38 hemenway st,boston,2115,28060.0,,Multifamily Housing,Multifamily Housing (28060.0),94.1,79.0,2639524.144,2229190.2,118392.292,120262.0,24670.547,,,,,,,,,,,,,,,,,,,,,,43.44,in compliance,143062.839,2025.0,No,No,No,No,No,No,,,0.0,0.0
3217,104778,401396000.0,norway housing assoc lps,30 hemenway st,30 hemenway st,30 hemenway st,,2115.0,30 hemenway st,boston,2115,31104.0,,Multifamily Housing,Multifamily Housing (31104.0),69.7,84.0,2168714.0,92529.6,4914.247,125600.0,25765.584,,,,,,,,,,1647637.2,122271.157,,,,,,,,,,,36.65,in compliance,152950.988,2025.0,No,No,No,No,No,No,,,0.0,0.0
2410,103630,401397000.0,hemenway park drive llc del llc,26 hemenway st,26 hemenway st,26 hemenway st,,2115.0,26 hemenway st,boston,2115,30720.0,,Multifamily Housing,Multifamily Housing (30720.0),67.8,93.0,2083123.912,1780476.1,94561.086,88701.0,18196.123,,,,,,,,,,,,,,,,,,,,,,35.97,in compliance,112757.209,2025.0,No,No,No,No,No,No,,,0.0,0.0
61,100090,401400000.0,24 haviland llc mass llc,24 haviland st,24 haviland st,24 haviland st,,2115.0,24 haviland st,boston,2115,25030.0,,Multifamily Housing,Multifamily Housing (25030.0),65.4,84.0,1637378.028,1275300.0,67731.183,106119.0,21769.252,,,,,,,,,,,,,,,,,,,,,,36.28,in compliance,89500.435,2025.0,I'm not sure,No,No,No,I'm not sure,I'm not sure,,,0.0,0.0
1078,101539,401402000.0,burbank apartments co,16-22 haviland st,16,22 haviland st,,2115.0,16  18 haviland st,boston,2115,39644.0,,Multifamily Housing,Multifamily Housing (39644.0),74.2,58.0,2940435.544,2069566.9,109914.698,255237.0,52359.318,,,,,,,,,,,,,,,,,,,,,,29.59,in compliance,162274.016,2025.0,Yes,No,No,No,Yes,Yes,,,0.0,0.0
4603,106783,401404000.0,,8-16 stoneholm st,8,16 stoneholm st,,2115.0,8  16 stoneholm st,boston,2115,118301.0,,Multifamily Housing,Multifamily Housing (118301.0),28.7,97.0,3396185.721,,,995365.1,204189.197,,,,,,,,,,,,,,,,,,,,,,28.89,in compliance,204189.197,2025.0,Yes,No,No,No,Yes,Yes,,,0.0,0.0
4931,107276,401408000.0,burbank apartments co,25-33 edgerly rd,25,33 edgerly rd,,2115.0,33 edgerly rd,boston,2115,29161.0,,Multifamily Housing,Multifamily Housing (29161.0),72.9,45.0,2126368.583,1715892.7,91131.061,120303.6,24679.081,,,,,,,,,,,,,,,,,,,,,,35.43,in compliance,115810.142,2030.0,Yes,No,No,No,Yes,Yes,,,0.0,0.0
4483,106610,401409000.0,,41-43 edgerly rd,41,43 edgerly rd,,2115.0,41  43 edgerly rd,boston,2115,27402.0,,Multifamily Housing,Multifamily Housing (27402.0),75.5,90.0,2068500.008,1870999.8,99368.799,57884.0,11874.324,,,,,,,,,,,,,,,,,,,,,,27.13,in compliance,111243.123,2025.0,No,No,No,No,No,No,,,0.0,0.0
3218,104779,401410000.0,norway housing assoc lps,99-103 norway st,99,103 norway st,,2115.0,99  103 norway st,boston,2115,47570.0,,Multifamily Housing,Multifamily Housing (47570.0),40.1,72.0,1909901.166,1267573.4,67320.823,188255.5,38618.733,,,,,,,,,,,,,,,,,,,,,,40.49,in compliance,105939.556,2025.0,No,No,No,No,No,No,,,0.0,0.0
1100,101653,401420010.0,,183-185a massachusetts ave,183,185a massachusetts ave,,2115.0,183  185 massachusetts av,boston,2115,53105.0,6430.0,Multifamily Housing,"Multifamily Housing (53105.0),Parking (6430.0)",53.8,91.0,2858582.6,1930348.0,102520.782,272050.0,55808.337,,,,,,,,,,,,,,,,,,,,,,16.22,in compliance,158329.119,2030.0,No,No,No,No,No,No,,,0.0,2.0
1079,101540,401440000.0,burbank gardens apartments   llc,31 burbank st,31 burbank st,31 burbank st,,2115.0,31  41 burbank st,boston,2115,40461.0,,Multifamily Housing,Multifamily Housing (40461.0),79.1,40.0,3200400.18,2548742.3,135363.704,190990.0,39179.689,,,,,,,,,,,,,,,,,,,,,,35.27,in compliance,174543.393,2025.0,No,No,No,No,No,No,,,0.0,2.0
2398,103618,401448000.0,,75 burbank st,75 burbank st,75 burbank st,,2115.0,75 burbank st,boston,2115,31895.0,,Multifamily Housing,Multifamily Housing (31895.0),41.3,52.0,1318391.424,6300.0,334.593,384552.0,78886.997,,,,,,,,,,,,,,,,,,,,,,25.57,pending revisions,79221.59,2030.0,I'm not sure,No,No,No,I'm not sure,I'm not sure,,,0.0,2.0
2942,104412,401451100.0,,120 norway st,120 norway st,120 norway st,,2116.0,120 norway st,boston,2116,21241.0,,Multifamily Housing,Multifamily Housing (21241.0),28.5,67.0,605896.136,,,177578.0,36428.351,,,,,,,,,,,,,,,,,,,,,,18.11,in compliance,36428.351,2030.0,I'm not sure,No,No,No,I'm not sure,I'm not sure,,,0.0,2.0
2997,104494,401452000.0,morville house apartments,100-112 norway st,100,112 norway st,,2115.0,112  100 norway st,boston,2115,152987.0,,Multifamily Housing,Multifamily Housing (152987.0),63.3,79.0,9677315.98,7265669.0,385879.681,706813.3,144995.68,,,,,,,,,,,,,,,,,,,,,,30.27,in compliance,530875.361,2025.0,No,No,No,No,No,No,,,0.0,2.0
4061,106030,401461010.0,,41-43 westland ave,41,43 westland ave,,2115.0,41  43 westland av,boston,2115,101128.0,,Multifamily Housing,Multifamily Housing (101128.0),43.9,46.0,4437516.808,958696.2,50916.355,1019584.0,209157.462,,,,,,,,,,,,,,,,,,,,,,10.16,in compliance,260073.817,2025.0,I'm not sure,No,No,No,I'm not sure,I'm not sure,,,0.0,2.0
3388,105022,401474000.0,parkside tower llc,91 westland ave,91 westland ave,91 westland ave,,2115.0,91 westland av,boston,2115,119638.0,,Multifamily Housing,Multifamily Housing (119638.0),65.4,76.0,7828132.66,2773886.2,147321.096,708155.0,145270.917,,,,,,,,,,2638021.6,195767.583,,,,,,,,,,,37.59,in compliance,488359.596,2025.0,No,No,No,No,No,No,,,0.0,2.0
329,100457,401476000.0,astor assets inc,70 burbank st,70 burbank st,70 burbank st,,2115.0,70  64 burbank st,boston,2115,35000.0,,Multifamily Housing,Multifamily Housing (35000.0),66.3,59.0,2320107.976,1697424.8,90150.231,182498.0,37437.64,,,,,,,,,,,,,,,,,,,,,,43.86,in compliance,127587.871,2025.0,No,No,No,No,No,No,,,0.0,2.0
2003,102961,401515000.0,fifty two westland,52 westland ave,52 westland ave,52 westland ave,,2115.0,52 westland av,boston,2115,32376.0,,Multifamily Housing,Multifamily Housing (32376.0),60.4,94.0,1955109.424,1532099.9,81369.826,123977.0,25432.642,,,,,,,,,,,,,,,,,,,,,,33.78,in compliance,106802.468,2025.0,I'm not sure,No,No,No,I'm not sure,I'm not sure,,,0.0,2.0
2080,103051,401516000.0,forty six westland av llc mass llc,46 westland ave,46 westland ave,46 westland ave,,2115.0,46 westland av,boston,2115,34200.0,,Multifamily Housing,Multifamily Housing (34200.0),59.3,97.0,2028773.512,1737300.0,92268.003,85426.0,17524.29,,,,,,,,,,0.0,,,,,,,,,,,,38.02,in compliance,109792.293,2025.0,I'm not sure,No,No,No,I'm not sure,I'm not sure,,,1.0,2.0
4149,106138,401518000.0,thirty-2 westland ave llc mass llc,32-34 westland ave,32,34 westland ave,,2115.0,32  34 westland av,boston,2115,22440.0,,Multifamily Housing,Multifamily Housing (22440.0),34.7,92.0,778747.444,,,134287.0,27547.635,,,,,,,,,,320560.2,23788.772,,,,,,,,,,,25.27,in compliance,51336.407,2030.0,I'm not sure,No,No,No,I'm not sure,I'm not sure,,,0.0,2.0
5578,C10031,401519000.0,,24-28 westland avenue,24,28 westland avenue,,2115.0,,,,43550.0,,Multifamily Housing,Multifamily Housing (43550.0),84.4,81.0,3673723.748,3225799.8,171322.227,131279.0,26930.574,,,,,,,,,,,,,,,,,,,,,,42.32,,198252.801,,,,,,,,,,1.0,2.0
134,100181,401567000.0,50 symphony  llc,50 symphony rd,50 symphony rd,50 symphony rd,,2115.0,50  44 symphony rd,boston,2115,24500.0,4500.0,Multifamily Housing,"Multifamily Housing (24500.0),Parking (4500.0)",38.6,94.0,945453.464,458827.2,24368.313,142622.0,29257.477,,,,,,,,,,,,,,,,,,,,,,19.08,in compliance,53625.79,2030.0,No,No,No,No,No,No,,,0.0,2.0
3817,105695,401599000.0,,75 gainsborough st,75 gainsborough st,75 gainsborough st,,2115.0,75  81 gainsborough st,boston,2115,28557.0,,Multifamily Housing,Multifamily Housing (28557.0),32.6,77.0,930165.792,,,272616.0,55924.446,,,,,,,,,,,,,,,,,,,,,,3248.6,in compliance,55924.446,2025.0,No,No,No,No,No,No,,,1.0,2.0
1873,102793,401603000.0,eighty 7 gainsborough condo tr,83 gainsborough st,83 gainsborough st,83 gainsborough st,,2115.0,83  89 gainsborough st,boston,2115,28092.0,,Multifamily Housing,Multifamily Housing (28092.0),31.2,82.0,876119.712,,,256776.0,52675.029,,,,,,,,,,,,,,,,,,,,,,38.58,in compliance,52675.029,2025.0,,,,,,,,,0.0,2.0
3125,104666,401607000.0,,91 gainsborough st,91 gainsborough st,91 gainsborough st,,2115.0,91  97 gainsborough st,boston,2115,28570.0,,Multifamily Housing,Multifamily Housing (28570.0),29.5,86.0,842649.0156,,,246966.3,50662.667,,,,,,,,,,,,,,,,,,,,,,30.75,in compliance,50662.667,2025.0,No,No,No,No,No,No,,,1.0,2.0
3274,104858,401611000.0,,103 gainsborough st,103 gainsborough st,103 gainsborough st,,2115.0,97  105 gainsborough st,boston,2115,28540.0,,Multifamily Housing,Multifamily Housing (28540.0),30.5,84.0,869370.776,,,254798.0,52269.262,,,,,,,,,,,,,,,,,,,,,,3316.02,in compliance,52269.262,2025.0,No,No,No,No,No,No,,,1.0,1.0
3277,104861,401615000.0,,107-113 gainsborough st,107,113 gainsborough st,,2115.0,107  113 gainsborough st,boston,2115,30856.0,,Multifamily Housing,Multifamily Housing (30856.0),29.5,83.0,911365.672,,,267106.0,54794.125,,,,,,,,,,,,,,,,,,,,,,2877.05,in compliance,54794.125,2025.0,I'm not sure,No,No,No,I'm not sure,I'm not sure,,,1.0,2.0
3273,104857,401645000.0,,100-110 gainsborough st,100,110 gainsborough st,,2115.0,110  100 gainsborough st,boston,2115,42799.0,,Multifamily Housing,Multifamily Housing (42799.0),34.4,73.0,1473506.32,,,431860.0,88591.76,,,,,,,,,,,,,,,,,,,,,,31.8,in compliance,88591.76,2025.0,No,No,No,No,No,No,,,1.0,1.0
3123,104662,401646000.0,,88-98 gainsborough st,88,98 gainsborough st,,2115.0,98  88 gainsborough st,boston,2115,42942.0,,Multifamily Housing,Multifamily Housing (42942.0),33.5,75.0,1440631.7,,,422225.0,86615.237,,,,,,,,,,,,,,,,,,,,,,34.16,in compliance,86615.237,2025.0,No,No,No,No,No,No,,,0.0,0.0
3816,105694,401647000.0,,76-110r gainsborough st,76,110r gainsborough st,,2115.0,86  76 gainsborough st,boston,2115,42723.0,,Multifamily Housing,Multifamily Housing (42723.0),33.0,77.0,1410077.24,,,413270.0,84778.208,,,,,,,,,,,,,,,,,,,,,,3112.73,in compliance,84778.208,2025.0,No,No,No,No,No,No,,,0.0,2.0
3219,104780,401665000.0,,87 saint stephen st,87 saint stephen st,87 saint stephen st,,2115.0,87 st stephen st,boston,2115,39048.0,,Multifamily Housing,Multifamily Housing (39048.0),65.7,87.0,2565502.763,2072325.8,110061.223,144541.9,29651.325,,,,,,,,,,,,,,,,,,,,,,39.81,in compliance,139712.548,2025.0,No,No,No,No,No,No,,,0.0,0.0
3434,105075,401673000.0,pizzi salvatore trsts,121 saint stephen st,121 saint stephen st,121 saint stephen st,,2115.0,121 st stephen st,boston,2115,30654.0,,Multifamily Housing,Multifamily Housing (30654.0),56.8,98.0,1740914.184,1412400.0,75012.564,96282.0,19751.289,,,,,,,,,,,,,,,,,,,,,,27.97,in compliance,94763.853,2025.0,I'm not sure,No,No,No,I'm not sure,I'm not sure,,,0.0,0.0
3278,104862,401707000.0,,114 fenway,114 fenway,114 fenway,,2115.0,114 fenway st,boston,2115,29400.0,,Multifamily Housing,Multifamily Housing (29400.0),61.7,,1814266.064,1537989.6,81682.628,80972.0,16610.596,,,,,,,,,,,,,,,,,,,,,,15.34,in compliance,98293.224,2030.0,No,No,No,No,No,No,,,0.0,2.0
3271,104853,401719000.0,on the fens condo tr,70 fenway,70 fenway,70 fenway,,2115.0,74  70 fenway st,boston,2115,63713.0,,Multifamily Housing,Multifamily Housing (63713.0),59.2,92.0,3771044.012,547400.0,29072.414,180801.0,37089.517,,,,,,,,,,2606751.0,193446.992,,,,,,,,,,,14.18,in compliance,259608.923,2030.0,No,No,No,No,No,No,,,0.0,0.0
893,101219,401720000.0,boston rehabilitation,66 fenway,66 fenway,66 fenway,,2115.0,66 fenway st,boston,2115,31296.0,,Multifamily Housing,Multifamily Housing (31296.0),62.3,82.0,1948373.45,1468774.2,78006.598,140562.5,28834.991,,,,,,,,,,,,,,,,,,,,,,31.27,in compliance,106841.589,2030.0,No,No,No,No,No,No,,,0.0,2.0
3435,105076,401721000.0,,60 fenway,60 fenway,60 fenway,,2115.0,60 fenway st,boston,2115,33882.0,,Multifamily Housing,Multifamily Housing (33882.0),98.9,,3350138.68,3065100.2,162787.472,83540.0,17137.396,,,,,,,,,,,,,,,,,,,,,,25.54,in compliance,179924.868,2030.0,I'm not sure,No,No,No,I'm not sure,I'm not sure,,,1.0,1.0
113,100155,401737000.0,409 huntington llc,409 huntington ave,409 huntington ave,409 huntington ave,,2115.0,409 huntington av,boston,2115,39275.0,,Multifamily Housing,Multifamily Housing (39275.0),102.6,13.0,4028818.744,560933.9,29791.199,204337.0,41917.692,,,,,,,,2770687.0,203645.495,,,,,,,,,,,,,57.65,in compliance,275354.386,2025.0,No,No,No,No,No,No,,,1.0,1.0
1959,102913,401777000.0,,56 fenway,56 fenway,56 fenway,,2115.0,73 hemenway st,boston,2115,66523.0,,Multifamily Housing,"Office (3300.0),Multifamily Housing (63223.0)",62.0,68.0,4123465.744,3210800.1,170525.593,267487.0,54872.283,,,,,,,,,,,,,,,,,,,,,,32.28,in compliance,225397.876,2025.0,No,No,No,No,No,No,,,1.0,1.0
4111,106090,401834000.0,tetlow realty asso inc,11 tetlow st,11 tetlow st,11 tetlow st,,2115.0,11 tetlow st,boston,2115,32864.0,,Multifamily Housing,Multifamily Housing (32864.0),113.8,26.0,3740506.24,3360000.0,178449.6,111520.0,22877.213,,,,,,,,,,,,,,,,,,,,,,48.32,in compliance,201326.813,2025.0,I'm not sure,No,No,No,I'm not sure,I'm not sure,C10066,,0.0,2.0
3105,104643,401914000.0,,340-350 longwood ave,340,350 longwood ave,,2115.0,410  396 brookline av,boston,2115,214678.0,42000.0,Multifamily Housing,"Hotel (40393.0),Restaurant (3100.0),Office (35769.0),Multifamily Housing (116482.0),Parking (42000.0),Fast Food Restaurant (13429.0),Retail Store (5505.0)",149.7,,32133321.85,917199.9,48712.487,7111696.0,1458893.317,,,,,,6951015.2,461547.409,,,,,,,,,,,,,,,64.09,in compliance,1969153.213,2025.0,I'm not sure,No,No,No,I'm not sure,I'm not sure,,,0.0,0.0
3599,105344,402005000.0,riverway sq condo tr,114-122 riverway,114,122 riverway,,2215.0,122  114 riverway st,boston,2215,69855.0,,Multifamily Housing,Multifamily Housing (69855.0),91.0,85.0,6354500.712,5533399.5,293878.847,240651.0,49367.146,,,,,,,,,,,,,,,,,,,,,,34.24,in compliance,343245.993,2025.0,No,No,No,No,No,No,,,0.0,2.0
563,100812,402043200.0,,60-68 annunciation rd,60,68 annunciation rd,,2120.0,60  68 annunciation rd,boston,2120,32868.0,,Multifamily Housing,Multifamily Housing (32868.0),78.6,,2582911.652,1917500.0,101838.425,195021.0,40006.608,,,,,,,,,,,,,,,,,,,,,,79.57,in compliance,141845.033,2025.0,No,No,No,No,No,No,,,0.0,2.0
564,100813,402043300.0,boston housing authority,50-58 annunciation rd,50,58 annunciation rd,,2120.0,50  58 annunciation rd,boston,2120,72618.0,,Multifamily Housing,Multifamily Housing (72618.0),59.8,64.0,4345883.156,3224399.7,171247.868,328688.0,67427.056,,,,,,,,,,,,,,,,,,,,,,79.58,in compliance,238674.924,2025.0,No,No,No,No,No,No,,,0.0,0.0
565,100814,402043400.0,boston housing authority,40-48 annunciation rd,40,48 annunciation rd,,2120.0,40  48 annunciation rd,boston,2120,46860.0,,Multifamily Housing,Multifamily Housing (46860.0),79.3,32.0,3717715.76,2758500.2,146503.946,281130.0,57671.008,,,,,,,,,,,,,,,,,,,,,,79.58,in compliance,204174.954,2025.0,No,No,No,No,No,No,,,0.0,0.0
566,100815,402043500.0,boston housing authority,30-38 annunciation rd,30,38 annunciation rd,,2120.0,30  36 annunciation rd,boston,2120,72618.0,,Multifamily Housing,Multifamily Housing (72618.0),62.3,57.0,4524364.776,3356699.9,178274.332,342223.0,70203.626,,,,,,,,,,,,,,,,,,,,,,79.58,in compliance,248477.958,2025.0,No,No,No,No,No,No,,,1.0,1.0
569,100818,402043700.0,,250-270 ruggles st,250,270 ruggles st,,2120.0,250  270 ruggles st,boston,2120,46860.0,,Multifamily Housing,Multifamily Housing (46860.0),50.0,91.0,2342466.536,1739300.0,92374.223,176778.0,36264.239,,,,,,,,,,,,,,,,,,,,,,79.58,in compliance,128638.462,2025.0,No,No,No,No,No,No,,,1.0,1.0
2742,104150,402270000.0,madison botolph ii,351 massachusetts ave,351 massachusetts ave,351 massachusetts ave,,2115.0,351  367 massachusetts av,boston,2115,57750.0,,Multifamily Housing,Multifamily Housing (57750.0),81.8,60.0,4723660.72,3679384.0,195412.084,306060.0,62785.148,,,,,,,,,,,,,,,,,,,,,,53.94,in compliance,258197.232,2025.0,I'm not sure,No,No,No,I'm not sure,I'm not sure,,,1.0,1.0
4062,106031,402277000.0,,333 massachusetts ave,333 massachusetts ave,333 massachusetts ave,,2115.0,333 massachusetts av,boston,2115,174779.0,,Multifamily Housing,"Personal Services (Health/Beauty, Dry Cleaning, etc) (650.0),Restaurant (2017.0),Multifamily Housing (166033.0),Retail Store (6079.0)",56.9,77.0,9940306.412,5666261.2,300935.132,1252651.0,256968.826,,,,,,,,,,,,,,,,,,,,,,40.4,in compliance,557903.958,2025.0,No,No,No,No,No,No,,,0.0,2.0
3600,105345,402289000.0,riviera condominium assn,270-280 huntington ave,270,280 huntington ave,,2115.0,280  270 huntington av,boston,2115,53457.0,,Multifamily Housing,Multifamily Housing (53457.0),90.0,53.0,4812887.612,3872963.5,205693.091,275476.0,56511.147,,,,,,,,,,,,,,,,,,,,,,66.51,in compliance,262204.238,2025.0,No,No,No,No,No,No,,,0.0,0.0
4063,106032,402295000.0,,334 massachusetts ave,334 massachusetts ave,334 massachusetts ave,,2115.0,334 massachusetts av,boston,2115,154105.0,,Multifamily Housing,"Personal Services (Health/Beauty, Dry Cleaning, etc) (1100.0),Restaurant (6052.0),Multifamily Housing (146083.0),Office (670.0),Retail Store (200.0)",61.4,,9459829.352,6301354.6,334664.943,925696.0,189897.277,,,,,,,,,,,,,,,,,,,,,,42.47,in compliance,524562.22,2025.0,No,No,No,No,No,No,,,0.0,0.0
3775,105637,402322000.0,,145 saint botolph st,145 saint botolph st,145 saint botolph st,,2115.0,145 st botolph st,boston,2115,22000.0,,Multifamily Housing,Multifamily Housing (22000.0),47.4,86.0,1042678.602,836400.0,44421.204,60456.8,12402.108,,,,,,,,,,,,,,,,,,,,,,20.76,in compliance,56823.312,2030.0,No,No,No,No,No,No,,,0.0,2.0
3952,105897,402366000.0,,4-24 albemarle st,4,24 albemarle st,,2115.0,4  24 albemarle st,boston,2115,23200.0,,Multifamily Housing,Multifamily Housing (23200.0),102.5,25.0,2377498.428,1794152.2,95287.423,170969.0,35072.581,,,,,,,,,,,,,,,,,,,,,,55.17,in compliance,130360.004,2025.0,No,No,No,No,No,No,,,0.0,0.0
3954,105899,402385000.0,,144-150 saint botolph st,144,150 saint botolph st,,2115.0,2 blackwood st,boston,2115,60430.0,,Multifamily Housing,Multifamily Housing (60430.0),38.7,91.0,2339131.664,1650691.4,87668.22,201770.3,41391.159,,,,,,,,,,,,,,,,,,,,,,19.47,in compliance,129059.379,2025.0,No,No,No,No,No,No,,,0.0,2.0
3537,105248,402425000.0,,76-82 w rutland sq,76,82 w rutland sq,,2118.0,76  82 w rutland sq,boston,2118,24416.0,4000.0,Multifamily Housing,"Multifamily Housing (24416.0),Parking (4000.0)",36.2,,882799.372,293100.0,15566.541,172831.0,35454.551,,,,,,,,,,,,,,,,,,,,,,18.11,in compliance,51021.092,2030.0,No,No,No,No,No,No,,,1.0,1.0
4105,106083,402545000.0,tenants development ii lp,23 wellington st,23 wellington st,23 wellington st,,2118.0,23 wellington st,boston,2118,22975.0,,Multifamily Housing,Multifamily Housing (22975.0),88.4,,2031541.552,1664338.7,88393.028,107621.0,22077.372,,,,,,,,,,,,,,,,,,,,,,36.93,in compliance,110470.4,2030.0,No,No,No,No,No,No,,,1.0,1.0
1082,101544,402546000.0,burton ronald e jr ts,29-33 wellington st,29,33 wellington st,,2118.0,29  33 wellington st,boston,2118,24800.0,,Multifamily Housing,Multifamily Housing (24800.0),28.0,94.0,694123.632,,,203436.0,41732.861,,,,,,,,,,,,,,,,,,,,,,28.9,in compliance,41732.861,2030.0,No,No,No,No,No,No,,,0.0,2.0
570,100819,402595000.0,boston housing authority,755 tremont st,755 tremont st,755 tremont st,,2118.0,755 tremont st,boston,2118,55472.0,,Multifamily Housing,Multifamily Housing (55472.0),78.0,,4326985.461,1199000.0,63678.89,916760.1,188064.167,,,,,,,,,,,,,,,,,,,,,,57.78,in compliance,251743.057,2025.0,No,No,No,No,No,No,,,0.0,2.0
169,100220,402600000.0,715-725 tremont street condominium trust,725-743 tremont st,725,743 tremont st,,2118.0,725 tremont st,boston,2118,133677.0,,Multifamily Housing,Multifamily Housing (133677.0),46.8,90.0,6253311.924,4825212.5,256267.036,418552.0,85861.757,,,,,,,,,,,,,,,,,,,,,,28.56,in compliance,342128.793,2025.0,Yes,No,No,No,Yes,Yes,,,0.0,2.0
171,100223,402660000.0,715-725 tremont street condominium trust,705-723 tremont st,705,723 tremont st,,2118.0,715 tremont st,boston,2118,133677.0,,Multifamily Housing,Multifamily Housing (133677.0),44.1,90.0,5888658.416,4349529.1,231003.491,451093.0,92537.218,,,,,,,,,,,,,,,,,,,,,,28.04,in compliance,323540.709,2025.0,Yes,No,No,No,Yes,Yes,,,0.0,2.0
1690,102533,500066000.0,cove plaza associates lp mass lp,285 tremont st,285 tremont st,285 tremont st,,2109.0,283 tremont st,boston,2109,85986.0,,Multifamily Housing,Multifamily Housing (85986.0),68.6,43.0,5896791.059,3956551.8,210132.466,568651.6,116653.189,,,,,,,,,,,,,,,,,,,,,,47.94,in compliance,326785.655,2025.0,No,No,No,No,No,No,,,0.0,2.0
3305,104894,500105010.0,,1 charles st s,1 charles st s,1 charles st s,,2116.0,1 charles street south,boston,2116,481000.0,69000.0,Multifamily Housing,"Multifamily Housing (481000.0),Parking (69000.0)",65.5,30.0,31527081.9,17542999.9,931708.725,4098500.0,840766.29,,,,,,,,,,,,,,,,,,,,,,20.5,in compliance,1772475.015,2025.0,Yes,No,No,No,Yes,Yes,,,1.0,2.0
2480,103805,500120010.0,,78-96 broadway st,78,96 broadway st,,2116.0,80  96 broadway st,boston,2116,26333.0,7743.0,Multifamily Housing,"Multifamily Housing (26333.0),Parking (7743.0)",71.7,64.0,1887565.94,1281953.0,68084.524,177495.0,36411.324,,,,,,,,,,,,,,,,,,,,,,23.67,in compliance,104495.848,2030.0,No,No,No,No,No,No,,,0.0,0.0
1584,102365,500232000.0,comm of massachusetts,339-351 tremont st,339,351 tremont st,,2116.0,339  351 tremont st,boston,2116,24432.0,,Multifamily Housing,Multifamily Housing (24432.0),16.6,100.0,406590.98,,,119165.0,24445.508,,,,,,,,,,,,,,,,,,,,,,61.88,in compliance,24445.508,2030.0,No,No,No,No,No,No,,,0.0,2.0
1710,102558,500478002.0,csto winn owner llc mass llc,460-498 tremont st,460,498 tremont st,,2116.0,398  498 tremont st,boston,2116,567718.0,,Multifamily Housing,Multifamily Housing (567718.0),62.4,92.0,35450758.72,28234371.9,1499527.492,2115002.0,433871.51,,,,,,,,,,,,,,,,,,,,,,49.56,in compliance,1933399.002,2025.0,I'm not sure,No,No,No,I'm not sure,I'm not sure,,,0.0,2.0
4645,106830,500478003.0,boston housing authority,440 tremont street,440 tremont street,440 tremont street,,2116.0,tremont st,boston,2116,37296.0,,Multifamily Housing,Multifamily Housing (37296.0),86.0,,3207897.82,2367999.9,125764.475,246160.0,50497.262,,,,,,,,,,,,,,,,,,,,,,40.28,in compliance,176261.737,2025.0,No,No,No,No,No,No,,,0.0,2.0
5343,107862,500478003.0,,450 tremont st,450 tremont st,450 tremont st,,2116.0,,,,37296.0,,Multifamily Housing,Multifamily Housing (37296.0),109.6,7.0,4085989.356,3265700.2,173441.338,240413.0,49318.323,,,,,,,,,,,,,,,,,,,,,,64.34,in compliance,222759.661,2025.0,,,,,,,,,1.0,1.0
2031,102991,500695000.0,five appleton condo tr,5 appleton st,5 appleton st,5 appleton st,,2116.0,5 appleton st,boston,2116,34961.0,,Multifamily Housing,Multifamily Housing (34961.0),26.1,94.0,910771.984,,,266932.0,54758.43,,,,,,,,,,,,,,,,,,,,,,22.19,in compliance,54758.43,2030.0,I`m not sure,No,No,No,I`m not sure,I`m not sure,,,0.0,0.0
189,100246,500697000.0,9 appleton place condominium,49-55 berkeley st,49,55 berkeley st,,2116.0,9 appleton st,boston,2116,32080.0,,Multifamily Housing,"Multifamily Housing (24480.0),Supermarket/Grocery Store (7600.0)",28.6,100.0,917830.08,72200.0,3834.542,247840.0,50841.898,,,,,,,,,,,,,,,,,,,,,,24.48,in compliance,54676.44,2025.0,No,No,No,No,No,No,,,0.0,2.0
1689,102532,500800000.0,cove plaza associates lp mass llp,230 stuart st,230 stuart st,230 stuart st,,2116.0,246  224 stuart st,boston,2116,135160.0,,Multifamily Housing,Multifamily Housing (135160.0),69.9,35.0,9444403.917,6189282.9,328712.815,954021.4,195707.95,,,,,,,,,,,,,,,,,,,,,,52.78,in compliance,524420.765,2025.0,No,No,No,No,No,No,,,0.0,0.0
3311,104904,500805000.0,,100 arlington st,100 arlington st,100 arlington st,,2116.0,100 arlington st,boston,2116,203204.0,,Multifamily Housing,"Restaurant (9232.0),Multifamily Housing (193972.0)",58.7,24.0,11920389.82,1131117.1,60073.629,1751235.0,359248.348,,,,,,4814058.9,265736.051,,,,,,,,,,,,,,,14.29,in compliance,685058.028,2025.0,I'm not sure,No,No,No,I'm not sure,I'm not sure,,,1.0,1.0
332,100461,500815020.0,,503-521 tremont st,503,521 tremont st,,2116.0,505 tremont st,boston,2116,390720.0,49280.0,Multifamily Housing,"Multifamily Housing (362230.0),Performing Arts (28490.0),Parking (49280.0)",59.8,23.0,23357526.82,10964965.4,582349.312,3632052.0,745079.147,,,,,,,,,,,,,,,,,,,,,,18.11,in compliance,1327428.459,2025.0,I'm not sure,No,No,No,I'm not sure,I'm not sure,,,0.0,2.0
3805,105681,500826000.0,,7 warren ave,7 warren ave,7 warren ave,,2116.0,7 warren av,boston,2116,45000.0,,Multifamily Housing,Multifamily Housing (45000.0),52.8,44.0,2373936.208,1352864.5,71850.634,299259.0,61389.991,,,,,,,,,,,,,,,,,,,,,,24.2,in compliance,133240.625,2030.0,No,No,No,No,No,No,,,0.0,2.0
3815,105693,501048000.0,,75 clarendon st,75 clarendon st,75 clarendon st,,2116.0,75 clarendon st,boston,2116,46100.0,,Multifamily Housing,Multifamily Housing (46100.0),42.7,78.0,1969043.4,607740.7,32277.109,398975.0,81845.732,,,,,,,,,,,,,,,,,,,,,,32.25,in compliance,114122.841,2025.0,No,No,No,No,No,No,,,0.0,2.0
2434,103662,501170000.0,heritage on garden condo tr,300 boylston st,300 boylston st,300 boylston st,,2116.0,300 boylston st,boston,2116,476132.0,0.0,Multifamily Housing,"Personal Services (Health/Beauty, Dry Cleaning, etc) (12931.0),Restaurant (15188.0),Office (139175.0),Multifamily Housing (308838.0),Parking (96000.0)",57.2,44.0,27240974.92,4201383.5,223135.478,6752518.0,1385211.543,,,,,,,,,,,,,,,,,,,,,,13.36,in compliance,1608347.021,2025.0,Yes,No,No,No,Yes,Yes,,,0.0,2.0
144,100193,501221000.0,5538-12-14 commonwealth avenue boston ma llc,12-14 commonwealth ave,12,14 commonwealth ave,,2116.0,12  14 commonwealth av,boston,2116,38080.0,,Multifamily Housing,Multifamily Housing (38080.0),38.7,91.0,1474394.072,244006.4,12959.18,360606.0,73974.715,,,,,,,,,,,,,,,,,,,,,,9.02,in compliance,86933.895,2025.0,No,No,No,No,No,No,,,0.0,2.0
2594,103980,501260000.0,keezer robert a trsts,90 commonwealth ave,90 commonwealth ave,90 commonwealth ave,,2116.0,90 commonwealth av,boston,2116,40240.0,,Multifamily Housing,Multifamily Housing (40240.0),71.7,81.0,2887158.48,2356200.1,125137.787,155615.0,31922.861,,,,,,,,,,,,,,,,,,,,,,21.01,in compliance,157060.648,2030.0,I`m not sure,No,No,No,I`m not sure,I`m not sure,,,0.0,2.0
1666,102500,501312000.0,copley condominium trust,265-275 dartmouth st,265,275 dartmouth st,,2116.0,265  275 dartmouth st,boston,2116,42873.0,,Multifamily Housing,Multifamily Housing (42873.0),47.5,64.0,2037202.84,,,597070.0,122482.94,,,,,,,,,,,,,,,,,,,,,,82.02,in compliance,122482.94,2025.0,No,No,No,No,No,No,,,0.0,2.0
3300,104888,501380000.0,one 84-190 commonwealth condo assn,190 commonwealth ave,190 commonwealth ave,190 commonwealth ave,,2116.0,190  184 commonwealth av,boston,2116,51936.0,,Multifamily Housing,Multifamily Housing (51936.0),63.6,72.0,3303675.128,2814500.1,149478.1,143369.0,29410.717,,,,,,,,,,,,,,,,,,,,,,29.58,in compliance,178888.817,2025.0,No,No,No,No,No,No,,,0.0,2.0
4455,106543,501383000.0,,154-170 commonwealth ave,154,170 commonwealth ave,,2116.0,160 commonwealth av,boston,2116,220742.0,,Multifamily Housing,Multifamily Housing (220742.0),32.1,75.0,7078657.672,1506585.3,80014.745,1633081.0,335010.236,,,,,,,,,,,,,,,,,,,,,,17.63,in compliance,415024.981,2025.0,I`m not sure,No,No,No,I`m not sure,I`m not sure,,,0.0,2.0
1939,102876,501398002.0,exeter towers llc,180 newbury st,180 newbury st,180 newbury st,,2116.0,180 newbury st,boston,2116,114305.0,20000.0,Multifamily Housing,"Restaurant (5868.0),Multifamily Housing (104474.0),Parking (20000.0),Retail Store (3963.0)",38.1,,4352050.728,2445530.9,129882.146,558769.0,114625.873,,,,,,,,,,,,,,,,,,,,,,36.02,in compliance,244508.019,2025.0,No,No,No,No,No,No,,,1.0,1.0
161,100211,501413000.0,66 beacon street holdings  llc,65-66h beacon st,65,66h beacon st,,2108.0,65 66h beacon st,boston,2108,28800.0,,Multifamily Housing,"Multifamily Housing (21637.0),Retail Store (7163.0)",95.4,,2748584.565,2011500.1,106830.77,216027.1,44315.799,,,,,,,,,,,,,,,,,,,,,,27.49,in compliance,151146.569,2030.0,No,No,No,No,No,No,,,0.0,2.0
2091,103062,501490000.0,forty-eight beacon condo tr,48 beacon st,48 beacon st,48 beacon st,,2108.0,48 beacon st,boston,2108,22000.0,,Multifamily Housing,Multifamily Housing (22000.0),85.4,,1878392.34,1685204.9,89501.232,56620.0,11615.027,,,,,,,,,,,,,,,,,,,,,,11.89,in compliance,101116.259,2030.0,I'm not sure,No,No,No,I'm not sure,I'm not sure,,,0.0,0.0
2444,103753,501560000.0,hill condominium apts assoc,70-72 mount vernon st,70,72 mount vernon st,,2108.0,70  72 mt vernon st,boston,2108,65564.0,,Multifamily Housing,Multifamily Housing (65564.0),41.6,94.0,2730447.436,1769362.1,93970.821,281678.0,57783.425,,,,,,,,,,,,,,,,,,,,,,10.87,in compliance,151754.246,2030.0,No,No,No,No,No,No,,,0.0,2.0
4295,106335,501604000.0,,34 beacon st,34 beacon st,34 beacon st,,2108.0,34 hf beacon st,boston,2108,45000.0,,Multifamily Housing,Multifamily Housing (45000.0),54.5,,2451723.484,1245472.3,66147.034,353532.0,72523.554,,,,,,,,,,,,,,,,,,,,,,8.1,in compliance,138670.588,2030.0,No,No,No,No,No,No,,,0.0,0.0
4142,106130,501607000.0,thirty 7 beacon st condo tr,37 beacon st,37 beacon st,37 beacon st,,2108.0,37 beacon st,boston,2108,40062.0,,Multifamily Housing,Multifamily Housing (40062.0),60.3,88.0,2416631.108,3900.0,207.129,110459.0,22659.559,,,,,,,,,,2035845.0,151080.057,,,,,,,,,,,28.99,in compliance,173946.745,2025.0,I'm not sure,No,No,No,I'm not sure,I'm not sure,,,0.0,2.0
282,100400,502186000.0,anderson park apartments llc,248-270 cambridge st,248,270 cambridge st,,2114.0,8 anderson st,boston,2114,72450.0,,Multifamily Housing,Multifamily Housing (72450.0),77.3,42.0,5601146.2,3927560.2,208592.722,490500.0,100621.17,,,,,,,,,,,,,,,,,,,,,,25.57,in compliance,309213.892,2025.0,No,No,No,No,No,No,,,0.0,2.0
3568,105292,502221000.0,,41 phillips st,41 phillips st,41 phillips st,,2114.0,41  43 phillips st,boston,2114,42588.0,,Multifamily Housing,Multifamily Housing (42588.0),45.4,,1932020.988,213400.0,11333.674,503699.0,103328.813,,,,,,,,,,,,,,,,,,,,,,13.78,pending revisions,114662.487,2030.0,No,No,No,No,No,No,,,0.0,2.0
3889,105816,502280000.0,,67-69 beacon st,67,69 beacon st,,2108.0,10 charles st,boston,2108,55000.0,,Multifamily Housing,"Multifamily Housing (48310.0),Office (2429.0),Bank Branch (4261.0)",58.3,,3206874.204,2707896.5,143816.383,146242.0,30000.084,,,,,,,,,,,,,,,,,,,,,,9.7,in compliance,173816.467,2030.0,No,No,No,No,No,No,,,0.0,0.0
2704,104104,502282002.0,lincolnshire condominium tr,20-26 charles st,20,26 charles st,,2114.0,20  26 charles st,boston,2114,62800.0,,Multifamily Housing,Multifamily Housing (62800.0),66.4,86.0,4172943.0,3843599.7,204133.58,96525.0,19801.139,,,,,,,,,,,,,,,,,,,,,,19.77,in compliance,223934.719,2025.0,No,No,No,No,No,No,,,1.0,2.0
2593,103979,502434000.0,keating doris j,112 revere st,112 revere st,112 revere st,,2114.0,112 revere st,boston,2114,20862.0,,Multifamily Housing,"Multifamily Housing (17622.0),Fitness Center/Health Club/Gym (1080.0),Retail Store (2160.0)",96.4,,2011829.216,1755100.1,93213.366,75243.0,15435.349,,,,,,,,,,,,,,,,,,,,,,18.38,in compliance,108648.715,2030.0,I'm not sure,No,No,No,I'm not sure,I'm not sure,,,1.0,2.0
3594,105339,502442001.0,river house condo tr,145 pinckney st,145 pinckney st,145 pinckney st,,2114.0,145 pinckney st,boston,2114,150000.0,13000.0,Multifamily Housing,"Multifamily Housing (150000.0),Parking (13000.0)",60.7,93.0,9103969.3,6886339.9,365733.512,649950.0,133330.743,,,,,,,,,,,,,,,,,,,,,,27.79,in compliance,499064.255,2025.0,Yes,No,No,No,Yes,Yes,,,0.0,2.0
1044,101457,502499000.0,brimmer chambers condominium trust,112 pinckney st,112 pinckney st,112 pinckney st,,2114.0,112 pinckney st,boston,2114,35100.0,,Multifamily Housing,Multifamily Housing (35100.0),39.0,100.0,1370495.852,139100.0,7387.601,102471.0,21020.901,,,,,,,,,,881764.8,65435.766,,,,,,,,,,,52.66,in compliance,93844.268,2030.0,No,No,No,No,No,No,,,0.0,2.0
240,100322,502539000.0,aida caspi glasser trust,128 chestnut st,128 chestnut st,128 chestnut st,,2108.0,128 chestnut st,boston,2108,21960.0,,Multifamily Housing,Multifamily Housing (21960.0),78.1,79.0,1715986.024,,,50277.0,10313.824,,,,,,,,,,1544440.9,114612.959,,,,,,,,,,,16.89,in compliance,124926.783,2030.0,I'm not sure,No,No,No,I'm not sure,I'm not sure,,,0.0,2.0
191,100248,502557000.0,92 beacon street condominiun,92 beacon st,92 beacon st,92 beacon st,,2108.0,92 beacon st,boston,2108,23400.0,,Multifamily Housing,Multifamily Housing (23400.0),49.3,97.0,1152744.54,941900.0,50024.309,61795.0,12676.626,,,,,,,,,,,,,,,,,,,,,,15.24,in compliance,62700.935,2030.0,I'm not sure,No,No,No,I'm not sure,I'm not sure,,,0.0,2.0
4530,106680,502598000.0,,180 beacon st,180 beacon st,180 beacon st,,2116.0,180 beacon st,boston,2116,210000.0,30000.0,Multifamily Housing,"Multifamily Housing (210000.0),Parking (30000.0)",45.6,90.0,9578848.44,6697431.5,355700.587,844495.0,173239.704,,,,,,,,,,,,,,,,,,,,,,9.57,in compliance,528940.291,2025.0,No,No,No,No,No,No,,,0.0,2.0
1688,102531,502627000.0,cousins jesse x trst,236 beacon st,236 beacon st,236 beacon st,,2116.0,236 beacon st,boston,2116,36204.0,,Multifamily Housing,Multifamily Housing (36204.0),60.8,84.0,2200893.404,1807090.6,95974.582,115417.0,23676.643,,,,,,,,,,,,,,,,,,,,,,15.13,in compliance,119651.225,2030.0,No,No,No,No,No,No,,,1.0,1.0
4350,106409,502633000.0,,250 beacon st,250 beacon st,250 beacon st,,2116.0,250 beacon st,boston,2116,52266.0,,Multifamily Housing,Multifamily Housing (52266.0),73.0,47.0,3815119.584,2643500.2,140396.296,343382.0,70441.383,,,,,,,,,,,,,,,,,,,,,,10.05,pending revisions,210837.679,2030.0,I'm not sure,No,No,No,I'm not sure,I'm not sure,,,1.0,1.0
4343,106400,502640000.0,,274 beacon st,274 beacon st,274 beacon st,,2116.0,274 beacon st,boston,2116,55220.0,0.0,Multifamily Housing,"Multifamily Housing (55220.0),Parking (1920.0)",73.1,,4037645.048,3326400.0,176665.104,208454.0,42762.254,,,,,,,,,,,,,,,,,,,,,,3.57,in compliance,219427.358,2030.0,I'm not sure,No,No,No,I'm not sure,I'm not sure,,,0.0,2.0
4356,106416,502659000.0,two ninty five beacon,295-297 beacon st,295,297 beacon st,,2116.0,295 beacon st,boston,2116,40000.0,,Multifamily Housing,Multifamily Housing (40000.0),73.8,73.0,2950961.972,2559499.8,135935.034,114731.0,23535.917,,,,,,,,,,,,,,,,,,,,,,25.78,in compliance,159470.951,2030.0,No,No,No,No,No,No,,,0.0,2.0
419,100585,502677000.0,beacon towers condominium tr,259 beacon st,259 beacon st,259 beacon st,,2116.0,259 beacon st,boston,2116,21746.0,,Multifamily Housing,Multifamily Housing (21746.0),91.8,74.0,1997216.34,1724699.9,91598.812,79870.0,16384.532,,,,,,,,,,,,,,,,,,,,,,26.43,in compliance,107983.344,2030.0,I'm not sure,No,No,No,I'm not sure,I'm not sure,,,0.0,2.0
27,100039,502721000.0,133-135 marlborough street,133 marlborough st,133 marlborough st,133 marlborough st,,2116.0,133  135 marlborough st,boston,2116,22214.0,,Multifamily Housing,Multifamily Housing (22214.0),66.8,86.0,1484599.008,1219200.0,64751.712,77784.0,15956.61,,,,,,,,,,,,,,,,,,,,,,10.43,in compliance,80708.322,2030.0,I`m not sure,No,No,No,I`m not sure,I`m not sure,,,0.0,0.0
3890,105817,502892000.0,,65 commonwealth ave,65 commonwealth ave,65 commonwealth ave,,2116.0,65 commonwealth av,boston,2116,45460.0,,Multifamily Housing,Multifamily Housing (45460.0),54.1,,2461145.348,1873500.0,99501.585,172229.0,35331.057,,,,,,,,,,,,,,,,,,,,,,12.48,in compliance,134832.642,2030.0,Yes,No,No,No,Yes,Yes,,,1.0,1.0
2991,104487,502952000.0,,191 commonwealth ave,191 commonwealth ave,191 commonwealth ave,,2116.0,191 commonwealth av,boston,2116,40203.0,,Multifamily Housing,Multifamily Housing (40203.0),55.0,,2212792.964,1737085.1,92256.59,139422.0,28601.029,,,,,,,,,,,,,,,,,,,,,,9.94,in compliance,120857.619,2030.0,No,No,No,No,No,No,,,0.0,2.0
1595,102383,503015000.0,commonwealth condo tr,362-366 commonwealth ave,362,366 commonwealth ave,,2115.0,90  82 massachusetts av,boston,2115,49412.0,,Multifamily Housing,Multifamily Housing (49412.0),85.7,69.0,4235919.66,3601100.0,191254.421,186055.0,38167.323,,,,,,,,,,,,,,,,,,,,,,41.01,in compliance,229421.744,2025.0,No,No,No,No,No,No,,,1.0,1.0
4188,106182,503045010.0,,360 newbury st,360 newbury st,360 newbury st,,2115.0,360 newbury st,boston,2115,143151.0,,Multifamily Housing,Multifamily Housing (143151.0),33.2,76.0,4755502.524,1417536.1,75285.342,978302.0,200688.872,,,,,,,,,,,,,,,,,,,,,,14.86,in compliance,275974.214,2025.0,No,No,No,No,No,No,,,0.0,0.0
4347,106406,503076000.0,,290 commonwealth ave,290 commonwealth ave,290 commonwealth ave,,2115.0,290 commonwealth av,boston,2115,24000.0,,Multifamily Housing,Multifamily Housing (24000.0),71.3,84.0,1712166.612,1436900.1,76313.764,80676.0,16549.875,,,,,,,,,,,,,,,,,,,,,,32.4,in compliance,92863.639,2030.0,No,No,No,No,No,No,,,1.0,1.0
4476,106603,503204000.0,,719 boylston st,719 boylston st,719 boylston st,,2116.0,717  725 boylston st,boston,2116,24420.0,,Multifamily Housing,"Restaurant (3712.0),Multifamily Housing (17509.0),Convenience Store without Gas Station (3199.0)",47.4,,1158529.36,640400.1,34011.649,151855.0,31151.535,,,,,,,,,,,,,,,,,,,,,,25.69,in compliance,65163.184,2030.0,I'm not sure,No,No,No,I'm not sure,I'm not sure,,,0.0,2.0
3802,105677,503207200.0,seven 55 boylston llc,755 boylston st,755 boylston st,755 boylston st,,2116.0,755 boylston st,boston,2116,54384.0,,Multifamily Housing,"Restaurant (19875.0),Multifamily Housing (34509.0)",67.3,,3662327.056,1820399.8,96681.433,539838.0,110742.367,,,,,,,,,,,,,,,,,,,,,,31.89,in compliance,207423.8,2025.0,I'm not sure,No,No,No,I'm not sure,I'm not sure,,,1.0,2.0
3513,105212,503228000.0,prince on newbury condo tr,201 newbury st,201 newbury st,201 newbury st,,2116.0,201 newbury st,boston,2116,63248.0,,Multifamily Housing,Multifamily Housing (63248.0),38.8,7.0,2452770.792,0.0,,718866.0,147468.171,,,,,,,,,,,,,,,,,,,,,,14.66,in compliance,147468.171,2030.0,No,No,No,No,No,No,,,1.0,2.0
4335,106389,503368000.0,,220-224 marlborough st,220,224 marlborough st,,2116.0,220  224 marlborough st,boston,2116,44939.0,,Multifamily Housing,Multifamily Housing (44939.0),81.9,,3679199.612,2884200.2,153179.873,233001.0,47797.825,,,,,,,,,,,,,,,,,,,,,,14.31,pending revisions,200977.698,2030.0,I'm not sure,No,No,No,I'm not sure,I'm not sure,,,0.0,2.0
2883,104325,503529000.0,,8 gloucester st,8 gloucester st,8 gloucester st,,2115.0,8 gloucester st,boston,2115,20206.0,,Multifamily Housing,Multifamily Housing (20206.0),71.4,,1442878.912,,,61576.0,12631.701,,,,,,,,,,1232781.6,91484.723,,,,,,,,,,,21.21,in compliance,104116.424,2030.0,No,No,No,No,No,No,,,0.0,2.0
4348,106407,503569000.0,,293-295 commonwealth ave,293,295 commonwealth ave,,2115.0,293  295 commonwealth av,boston,2115,30000.0,,Multifamily Housing,Multifamily Housing (30000.0),88.4,61.0,2652891.652,2318699.9,123146.152,97946.0,20092.642,,,,,,,,,,,,,,,,,,,,,,28.81,in compliance,143238.794,2030.0,Yes,No,No,No,Yes,Yes,,,0.0,2.0
2651,104042,503585000.0,lafayette condominium tr,333 commonwealth ave,333 commonwealth ave,333 commonwealth ave,,2115.0,333 commonwealth av,boston,2115,42864.0,8050.0,Multifamily Housing,"Multifamily Housing (42864.0),Parking (8050.0)",23.2,99.0,995065.444,,,291637.0,59826.414,,,,,,,,,,,,,,,,,,,,,,13.11,in compliance,59826.414,2030.0,No,No,No,No,No,No,,,0.0,2.0
2108,103084,503596000.0,four hundred 16 marlborough,416 marlborough st,416 marlborough st,416 marlborough st,,2115.0,416 marlborough st,boston,2115,78100.0,,Multifamily Housing,Multifamily Housing (78100.0),49.2,71.0,3839771.632,1735383.1,92166.196,616761.0,126522.352,,,,,,,,,,,,,,,,,,,,,,34.52,in compliance,218688.548,2025.0,No,No,No,No,No,No,,,1.0,2.0
418,100584,503644000.0,beacon towers condo tr,483 beacon st,483 beacon st,483 beacon st,,2115.0,483  479 beacon st,boston,2115,70000.0,,Multifamily Housing,Multifamily Housing (70000.0),69.5,90.0,4867724.648,3896399.9,206937.799,284679.0,58399.05,,,,,,,,,,,,,,,,,,,,,,40.18,in compliance,265336.849,2025.0,I'm not sure,No,No,No,I'm not sure,I'm not sure,,,0.0,2.0
2025,102985,503693000.0,five 04 beacon llc,504 beacon st,504 beacon st,504 beacon st,,2115.0,7 massachusetts av,boston,2115,41041.0,,Multifamily Housing,Multifamily Housing (41041.0),75.9,,3114141.768,2611591.7,138701.635,147289.0,30214.865,,,,,,,,,,,,,,,,,,,,,,31.03,in compliance,168916.5,2025.0,No,No,No,No,No,No,,,1.0,1.0
2032,102993,503698000.0,,520 beacon st,520 beacon st,520 beacon st,,2215.0,520 beacon st,boston,2215,34562.0,,Multifamily Housing,Multifamily Housing (34562.0),56.4,49.0,1947726.352,770600.0,40926.566,344996.0,70772.479,,,,,,,,,,,,,,,,,,,,,,31.19,pending revisions,111699.045,2025.0,I'm not sure,No,No,No,I'm not sure,I'm not sure,,,0.0,0.0
1155,101726,503703000.0,charlesview condominium tr,534-538 beacon st,534,538 beacon st,,2215.0,534  538 beacon st,boston,2215,37503.0,,Multifamily Housing,Multifamily Housing (37503.0),91.3,100.0,3423911.708,1774179.0,94226.647,483509.0,99187.036,,,,,,,,,,,,,,,,,,,,,,46.4,in compliance,193413.683,2025.0,No,No,No,No,No,No,,,1.0,2.0
434,100619,503748000.0,belvoir condo trust,636-638 beacon st,636,638 beacon st,,2215.0,636  638 beacon st,boston,2215,39550.0,,Multifamily Housing,Multifamily Housing (39550.0),112.5,2.0,4451323.416,2908099.7,154449.175,452293.0,92783.386,,,,,,,,,,,,,,,,,,,,,,40.23,in compliance,247232.561,2030.0,No,No,No,No,No,No,,,0.0,2.0
920,101251,503758000.0,boston university trst of,96 bay state rd,96 bay state rd,96 bay state rd,,2215.0,96 bay state rd,boston,2215,28553.0,,Multifamily Housing,Multifamily Housing (28553.0),66.6,,1901075.605,1716416.8,91158.896,54120.4,11102.259,,,,,,,,,,,,,,,,,,,,,,20.1,in compliance,102261.155,2030.0,No,Yes,No,No,No,No,,,1.0,2.0
3913,105841,503809000.0,somerset condo tr,400-416 commonwealth ave,400,416 commonwealth ave,,2215.0,416  400 commonwealth av,boston,2215,215278.0,,Multifamily Housing,"Office (28326.0),Multifamily Housing (186952.0)",42.7,93.0,9201805.732,2541800.1,134995.003,1951936.0,400420.151,,,,,,,,,,,,,,,,,,,,,,25.02,in compliance,535415.154,2025.0,No,No,No,No,No,No,,,0.0,2.0
4585,106759,503810000.0,windsor place condo tr,390 commonwealth ave,390 commonwealth ave,390 commonwealth ave,,2215.0,390 commonwealth av,boston,2215,149401.0,,Multifamily Housing,Multifamily Housing (149401.0),56.9,52.0,8498829.676,4944300.2,262591.784,1041773.0,213709.313,,,,,,,,,,,,,,,,,,,,,,25.57,in compliance,476301.097,2025.0,No,No,No,No,No,No,,,0.0,2.0
388,100539,503870010.0,barnes mansion,10 charlesgate e,10 charlesgate e,10 charlesgate e,,2215.0,10 charlesgate east,boston,2215,26328.0,,Multifamily Housing,Multifamily Housing (26328.0),119.3,16.0,3140055.576,2658799.8,141208.857,141048.0,28934.587,,,,,,,,,,,,,,,,,,,,,,139.52,in compliance,170143.444,2030.0,No,No,No,No,No,No,,,0.0,0.0
1148,101718,503870210.0,charlesgate condominium trust,4-10 charlesgate e,4,10 charlesgate e,,2215.0,4 charlesgate east,boston,2215,54396.0,,Multifamily Housing,Multifamily Housing (54396.0),83.5,1.0,4541814.36,2658799.8,141208.857,551880.0,113212.663,,,,,,,,,,,,,,,,,,,,,,67.29,in compliance,254421.52,2025.0,No,No,No,No,No,No,,,0.0,2.0
4018,105979,503892000.0,stratford 31 condo tr,31 massachusetts ave,31 massachusetts ave,31 massachusetts ave,,2115.0,31 massachusetts av,boston,2115,25088.0,,Multifamily Housing,Multifamily Housing (25088.0),62.6,84.0,1569948.588,1157100.0,61453.581,120999.0,24821.735,,,,,,,,,,,,,,,,,,,,,,26.57,in compliance,86275.316,2030.0,No,No,No,No,No,No,,,0.0,2.0
127,100174,503899000.0,,475 commonwealth ave,475 commonwealth ave,475 commonwealth ave,,2215.0,475 commonwealth av,boston,2215,45976.0,,Multifamily Housing,"Multifamily Housing (38650.0),Office (7326.0)",36.9,95.0,1695530.4,840909.7,44660.714,250475.0,51382.442,,,,,,,,,,,,,,,,,,,,,,22.67,in compliance,96043.156,2025.0,No,No,No,No,No,No,,,0.0,0.0
1012,101365,503916000.0,braemore conco assn inc,464-466 commonwealth ave,464,466 commonwealth ave,,2215.0,466  464 commonwealth av,boston,2215,100000.0,,Multifamily Housing,Multifamily Housing (100000.0),44.0,87.0,4404810.62,2358600.1,125265.251,599710.0,123024.509,,,,,,,,,,,,,,,,,,,,,,34.85,in compliance,248289.76,2025.0,No,No,No,No,No,No,,,0.0,2.0
2602,103988,503924000.0,,545 newbury st,545 newbury st,545 newbury st,,2215.0,545 newbury st,boston,2215,46858.0,,Multifamily Housing,Multifamily Housing (46858.0),48.3,87.0,2261501.545,1260596.9,66950.301,370965.4,76099.842,264829.3,,,,,,,,,,,,,,,,,,,,,28.45,in compliance,143050.143,2025.0,No,No,No,No,No,No,,,0.0,2.0
2603,103989,503924000.0,,490-496 commonwealth ave,490,496 commonwealth ave,,2215.0,545 newbury st,boston,2215,165800.0,,Multifamily Housing,"Multifamily Housing (157653.0),Retail Store (3254.0),Other (4893.0)",53.2,,8823508.888,6076425.8,322718.974,805124.0,165163.137,,,,,,,,,,,,,,,,,,,,,,34.96,in compliance,487882.111,2025.0,No,No,No,No,No,No,,,0.0,0.0
3563,105286,503939000.0,residences @ 534-538 comm av,534-538 commonwealth ave,534,538 commonwealth ave,,2215.0,534  538 commonwealth av,boston,2215,43078.0,,Multifamily Housing,"Multifamily Housing (30770.0),Other (12308.0)",44.9,,1933994.244,862500.0,45807.375,314037.0,64421.55,,,,,,,,,,,,,,,,,,,,,,19.52,in compliance,110228.925,2030.0,I'm not sure,No,No,No,I'm not sure,I'm not sure,,,0.0,2.0
955,101290,504140000.0,boston university trustee of,580 commonwealth ave,580 commonwealth ave,580 commonwealth ave,,2215.0,580 commonwealth av,boston,2215,124795.0,,Multifamily Housing,Multifamily Housing (124795.0),77.1,49.0,9618018.492,4745699.3,252044.09,1427716.0,292881.66,,,,,,,,,,,,,,,,,,952.2,70.663,,,44.9,in compliance,544996.413,2025.0,No,Yes,No,No,No,No,,,1.0,1.0
978,101316,504162000.0,boylston condominium tr,1089-1091 boylston st,1089,1091 boylston st,,2215.0,1089  1091 boylston st,boston,2215,24650.0,,Multifamily Housing,Multifamily Housing (24650.0),72.3,93.0,1781241.956,1474800.0,78326.628,89813.0,18424.239,,,,,,,,,,,,,,,,,,,,,,41.12,in compliance,96750.867,2025.0,No,No,No,No,No,No,,,0.0,2.0
1955,102906,504165000.0,fenmore condominium tr,50 charlesgate e,50 charlesgate e,50 charlesgate e,,2215.0,1109  1111 boylston st,boston,2215,52651.0,,Multifamily Housing,Multifamily Housing (52651.0),104.6,74.0,5506358.856,4662271.0,247613.213,247388.0,50749.174,,,,,,,,,,,,,,,,,,,,,,109.61,in compliance,298362.387,2025.0,No,No,No,No,No,No,,,0.0,2.0
1956,102909,504165000.0,fenmore condominium tr,60 charlesgate e,60 charlesgate e,60 charlesgate e,,2215.0,1109  1111 boylston st,boston,2215,54812.0,,Multifamily Housing,Multifamily Housing (54812.0),100.7,73.0,5520862.86,4853629.2,257776.247,195555.0,40116.153,,,,,,,,,,,,,,,,,,,,,,21.86,in compliance,297892.4,2025.0,No,No,No,No,No,No,,,0.0,2.0
1970,102924,504174000.0,fenway studios inc,30 ipswich st,30 ipswich st,30 ipswich st,,2215.0,30 ipswich st,boston,2215,66000.0,,Multifamily Housing,Multifamily Housing (66000.0),58.3,64.0,3847883.364,3536292.7,187812.505,91322.0,18733.795,,,,,,,,,,,,,,,,,,,,,,11.02,in compliance,206546.3,2025.0,No,No,No,No,No,No,,,1.0,1.0
981,101319,504178000.0,boylston i holding llc,1163 boylston st,1163 boylston st,1163 boylston st,,2215.0,1163 boylston st,boston,2215,20100.0,,Multifamily Housing,Multifamily Housing (20100.0),80.7,93.0,1622179.18,1409731.0,74870.813,62265.0,12773.042,,,,,,,,,,,,,,,,,,,,,,35.3,in compliance,87643.855,2025.0,No,No,No,No,No,No,,,1.0,1.0
986,101325,504186000.0,boylston street llc mass llc,1203 boylston st,1203 boylston st,1203 boylston st,,2215.0,1203 boylston st,boston,2215,29682.0,,Multifamily Housing,Multifamily Housing (29682.0),158.4,8.0,4701685.608,1544100.0,82007.151,97484.0,19997.868,,,,,,,,,,2824970.2,209641.039,,,,,,,,,,,89.21,in compliance,311646.058,2025.0,No,No,No,No,No,No,C10073,,1.0,1.0
2700,104098,504213000.0,lincoln halls at park dr,11 park dr,11 park dr,11 park dr,,2215.0,11  15 park dr,boston,2215,52865.0,,Multifamily Housing,Multifamily Housing (52865.0),72.8,87.0,3851060.256,3277799.9,174083.953,168013.0,34466.187,,,,,,,,,,,,,,,,,,,,,,29.13,in compliance,208550.14,2025.0,No,No,No,No,No,No,,,1.0,1.0
493,100717,504215000.0,bobson residential llc,11 peterborough st,11 peterborough st,11 peterborough st,,2215.0,11 peterborough st,boston,2215,32875.0,,Multifamily Housing,Multifamily Housing (32875.0),68.0,86.0,2236574.372,1838800.0,97658.668,116581.0,23915.426,,,,,,,,,,,,,,,,,,,,,,,in compliance,121574.094,2025.0,I'm not sure,No,No,No,I'm not sure,I'm not sure,C10075,,0.0,2.0
3412,105048,504221000.0,,39 peterborough st,39 peterborough st,39 peterborough st,,2215.0,39 peterborough st,boston,2215,63147.0,,Multifamily Housing,Multifamily Housing (63147.0),68.5,54.0,4324069.292,,,212591.0,43610.918,,,,,,,,,,3598708.8,267060.18,,,,,,,,,,,42.29,in compliance,310671.098,2025.0,No,No,No,No,No,No,,,1.0,2.0
3406,105041,504224000.0,peterborough condo tr,82 jersey st,82 jersey st,82 jersey st,,2215.0,86  82 jersey st,boston,2215,27584.0,,Multifamily Housing,Multifamily Housing (27584.0),81.1,68.0,2236361.8,1893199.9,100547.847,100575.0,20631.956,,,,,,,,,,,,,,,,,,,,,,28.1,in compliance,121179.803,2025.0,No,No,No,No,No,No,,,0.0,2.0
3239,104812,504225000.0,,1282 boylston st,1282 boylston st,1282 boylston st,,2215.0,1284  1282 boylston st,boston,2215,272845.0,86715.0,Multifamily Housing,"Multifamily Housing (262165.0),Parking (86715.0),Retail Store (10680.0)",61.5,89.0,16778486.23,10815524.9,574412.527,1747644.0,358511.69,,,,,,,,,,,,,,,,,,,,,,39.99,in compliance,932924.217,2025.0,No,No,No,No,No,No,,,0.0,0.0
2645,104035,504231000.0,,100 jersey st,100 jersey st,100 jersey st,,2215.0,100 jersey st,boston,2215,43124.0,,Multifamily Housing,Multifamily Housing (43124.0),34.1,82.0,1470121.616,,,430868.0,88388.262,,,,,,,,,,,,,,,,,,,,,,22.72,in compliance,88388.262,2025.0,I'm not sure,No,No,No,I'm not sure,I'm not sure,,,0.0,2.0
3408,105044,504233000.0,peterborough housing,42 peterborough st,42 peterborough st,42 peterborough st,,2215.0,42 peterborough st,boston,2215,63142.0,,Multifamily Housing,Multifamily Housing (63142.0),80.4,40.0,5074888.528,1362150.0,72343.787,256469.0,52612.051,,,,,,,,,,2837666.3,210583.216,,,,,,,,,,,63.37,in compliance,335539.054,2025.0,No,No,No,No,No,No,,,0.0,0.0
3407,105043,504236000.0,peterborough gardens cd tr,24-30 peterborough st,24,30 peterborough st,,2215.0,30  24 peterborough st,boston,2215,25672.0,,Multifamily Housing,Multifamily Housing (25672.0),93.1,50.0,2391055.504,1958100.0,103994.691,126892.0,26030.625,,,,,,,,,,,,,,,,,,,,,,36.39,in compliance,130025.316,2025.0,No,No,No,No,No,No,,,0.0,2.0
3002,104499,504238000.0,,25 park dr,25 park dr,25 park dr,,2215.0,31  25 park dr,boston,2215,78582.0,,Multifamily Housing,Multifamily Housing (78582.0),64.1,16.0,5036153.592,4266095.9,226572.353,225691.0,46298.252,,,,,,,,,,,,,,,,,,,,,,40.45,in compliance,272870.605,2025.0,No,No,No,No,No,No,,,0.0,2.0
494,100718,504241000.0,bobson residential llc,11 queensberry st,11 queensberry st,11 queensberry st,,2215.0,11 queensberry st,boston,2215,32628.0,,Multifamily Housing,Multifamily Housing (32628.0),93.1,65.0,3037151.492,21100.0,1120.621,94891.0,19465.94,,,,,,,,,,2692283.4,199794.351,,,,,,,,,,,26.07,in compliance,220380.912,2025.0,I'm not sure,No,No,No,I'm not sure,I'm not sure,,,0.0,2.0
2644,104034,504244000.0,,25-29 queensberry st,25,29 queensberry st,,2215.0,29 a25 queensberry st,boston,2215,38220.0,,Multifamily Housing,Multifamily Housing (38220.0),68.6,,2622733.848,2291500.3,121701.581,97079.0,19914.786,,,,,,,,,,,,,,,,,,,,,,2064.76,in compliance,141616.367,2025.0,I'm not sure,No,No,No,I'm not sure,I'm not sure,,,0.0,2.0
1991,102949,504250000.0,fifty 1 park drive condo assn,51 park dr,51 park dr,51 park dr,,2215.0,51 park dr,boston,2215,29310.0,,Multifamily Housing,Multifamily Housing (29310.0),50.1,96.0,1467986.9,1018200.0,54076.602,131825.0,27042.581,,,,,,,,,,,,,,,,,,,,,,37.18,in compliance,81119.183,2025.0,No,No,No,No,No,No,,,0.0,2.0
2689,104087,504270000.0,levenson norman a trst,16 queensberry st,16 queensberry st,16 queensberry st,,2215.0,16 queensberry st,boston,2215,20890.0,,Multifamily Housing,Multifamily Housing (20890.0),86.2,51.0,1800717.984,,,76332.0,15658.746,,,,,,,,,,1540273.2,114303.674,,,,,,,,,,,38.64,in compliance,129962.42,2030.0,I`m not sure,No,No,No,I`m not sure,I`m not sure,C10086,This building has been reported as part of a campus within Energy Star Portfolio Manager. This reported row of data may not encompass the energy and water usage of the entire building. See this building's corresponding Campus ID at the bottom of this data disclosure spreadsheet to view the reported energy usage for the entire campus of buildings.,0.0,2.0
2263,103379,504272000.0,guarini rosalyn e trst,111 park dr,111 park dr,111 park dr,,2215.0,111 park dr,boston,2215,32832.0,,Multifamily Housing,Multifamily Housing (32832.0),74.3,94.0,2440195.892,,,67616.0,13870.746,,,,,,,,,,2209490.1,163966.26,,,,,,,,,,,62.95,in compliance,177837.006,2025.0,I'm not sure,No,No,No,I'm not sure,I'm not sure,,,0.0,2.0
2688,104086,504273000.0,levenson norman a mtgee,117 park dr,117 park dr,117 park dr,,2215.0,117 park dr,boston,2215,33360.0,,Multifamily Housing,Multifamily Housing (33360.0),49.7,95.0,1656537.58,,,125215.0,25686.605,,,,,,,,,,1229304.0,91226.65,,,,,,,,,,,35.6,in compliance,116913.255,2025.0,I'm not sure,No,No,No,I'm not sure,I'm not sure,,,0.0,2.0
2412,103632,504274000.0,hemenway park drive llc del llc,121 park dr,121 park dr,121 park dr,,2215.0,121 park dr,boston,2215,27800.0,,Multifamily Housing,Multifamily Housing (27800.0),72.8,96.0,2022531.384,601410.0,31940.885,69432.0,14243.28,,,,,,,,,,1184219.4,87880.922,,,,,,,,,,,45.42,pending revisions,134065.087,2025.0,No,No,No,No,No,No,,,0.0,2.0
1961,102915,504275000.0,fenway by the park condo tr,125 park dr,125 park dr,125 park dr,,2215.0,125  131 park dr,boston,2215,49150.0,,Multifamily Housing,Multifamily Housing (49150.0),81.3,91.0,3998210.596,3430000.0,182167.3,166533.0,34162.58,,,,,,,,,,,,,,,,,,,,,,39.79,in compliance,216329.88,2025.0,No,No,No,No,No,No,,,0.0,2.0
2204,103311,504277000.0,gilbert joy s trst,137 park dr,137 park dr,137 park dr,,2215.0,137 park dr,boston,2215,33372.0,,Multifamily Housing,Multifamily Housing (33372.0),44.7,100.0,1492538.516,1184800.0,62924.728,90193.0,18502.192,,,,,,,,,,,,,,,,,,,,,,27.4,in compliance,81426.92,2025.0,I'm not sure,No,No,No,I'm not sure,I'm not sure,C10029,,0.0,0.0
2205,103312,504278000.0,gilbert joy s trst,143 park dr,143 park dr,143 park dr,,2215.0,143 park dr,boston,2215,25715.0,,Multifamily Housing,Multifamily Housing (25715.0),110.8,61.0,2847939.928,2572100.2,136604.242,80844.0,16584.338,,,,,,,,,,,,,,,,,,,,,,79.8,in compliance,153188.58,2025.0,I'm not sure,No,No,No,I'm not sure,I'm not sure,C10029,,0.0,2.0
3955,105901,504281010.0,st cecilias house inc,108 kilmarnock st,108 kilmarnock st,108 kilmarnock st,,2215.0,108 kilmarnock st,boston,2215,80731.0,,Multifamily Housing,Multifamily Housing (80731.0),62.1,83.0,5011421.608,3258981.9,173084.529,513610.7,105362.099,,,,,,,,,,,,,,,,,,,,,,35.44,in compliance,278446.628,2030.0,No,No,No,No,No,No,,,0.0,2.0
3409,105045,504305000.0,,80 peterborough st,80 peterborough st,80 peterborough st,,2215.0,80 peterborough st,boston,2215,28801.0,,Multifamily Housing,Multifamily Housing (28801.0),83.6,44.0,2406853.972,,,115681.0,23730.8,,,,,,,,,,2012150.4,149321.681,,,,,,,,,,,36.78,in compliance,173052.481,2025.0,No,No,No,No,No,No,,,0.0,2.0
3410,105046,504307000.0,,76 peterborough st,76 peterborough st,76 peterborough st,,2215.0,76 peterborough st,boston,2215,28801.0,,Multifamily Housing,Multifamily Housing (28801.0),77.3,26.0,2226219.488,1778568.5,94459.773,131199.0,26914.163,,,,,,,,,,,,,,,,,,,,,,44.0,in compliance,121373.936,2030.0,No,No,No,No,No,No,,,0.0,2.0
3411,105047,504308000.0,,72 peterborough st,72 peterborough st,72 peterborough st,,2215.0,72 peterborough st,boston,2215,41712.0,,Multifamily Housing,Multifamily Housing (41712.0),56.6,74.0,2359608.16,,,170955.0,35069.709,,,,,,,,,,1776309.7,131819.943,,,,,,,,,,,19.52,in compliance,166889.652,2030.0,No,No,No,No,No,No,,,0.0,2.0
2300,103480,504313000.0,,1346-1352 boylston st,1346,1352 boylston st,,2215.0,1350 boylston st,boston,2215,189800.0,49000.0,Multifamily Housing,"Multifamily Housing (182752.0),Parking (49000.0),Other (7048.0)",63.8,67.0,12106107.22,6993644.9,371432.481,1498377.0,307377.058,,,,,,,,,,,,,,,,,,,,,,28.59,in compliance,678809.539,2025.0,I'm not sure,Yes,Yes,Yes,I'm not sure,I'm not sure,,,0.0,2.0
4136,106123,504314014.0,,1304-1330 boylston st,1304,1330 boylston st,,2215.0,1304  1330 boylston st,boston,2215,362394.0,118983.0,Multifamily Housing,"Restaurant (11121.0),Multifamily Housing (248000.0),Medical Office (99112.0),Parking (118983.0),Fast Food Restaurant (2360.0),Fitness Center/Health Club/Gym (1801.0)",104.6,6.0,37889384.07,18719099.6,994171.38,5618489.0,1152576.833,,,,,,,,,,,,,,,,,,,,,,26.61,in compliance,2146748.213,2025.0,No,No,No,No,No,No,,,0.0,2.0
1681,102516,600007010.0,court square press building,9 w broadway,9 w broadway,9 w broadway,,2127.0,9 w broadway,boston,2127,200000.0,,Multifamily Housing,"Veterinary Office (3470.0),Multifamily Housing (196530.0)",61.7,26.0,12334812.12,76600.0,4068.226,1314352.0,269626.169,,,,,,7773643.1,429105.099,,,,,,,,,,,,,,,19.32,in compliance,702799.494,2025.0,Yes,No,No,No,Yes,Yes,C10023,,0.0,0.0
1682,102517,600007010.0,court square press building,141 dorchester ave,141 dorchester ave,141 dorchester ave,,2127.0,9 w broadway,boston,2127,199711.0,289.0,Multifamily Housing,"Office (2051.0),Multifamily Housing (195963.0),Parking (289.0),Fitness Center/Health Club/Gym (1697.0)",57.9,12.0,11570593.22,233200.0,12385.252,2257118.0,463025.187,,,,,,3636106.6,200713.084,,,,,,,,,,,,,,,23.06,in compliance,676123.523,2025.0,I'm not sure,No,No,No,I'm not sure,I'm not sure,C10023,,0.0,0.0
3571,105296,600022010.0,,48-52 w broadway,48,52 w broadway,,2127.0,48  78 w broadway,boston,2127,200755.0,50000.0,Multifamily Housing,"Multifamily Housing (197055.0),Parking (50000.0),Other (3700.0)",33.1,98.0,6637685.264,2956147.5,157000.994,1078997.0,221345.445,,,,,,,,,,,,,,,,,,,,,,21.2,in compliance,378346.439,2025.0,No,No,No,No,No,No,,,0.0,0.0
4129,106114,600026000.0,,26 w broadway,26 w broadway,26 w broadway,,2127.0,26 hf26 w broadway,boston,2127,40924.0,6440.0,Multifamily Housing,"Multifamily Housing (40924.0),Parking (6440.0)",69.8,68.0,2854674.708,2299852.8,122145.182,162609.0,33357.61,,,,,,,,,,,,,,,,,,,,,,26.14,in compliance,155502.792,2030.0,No,No,No,No,No,No,,,1.0,1.0
32,100044,600030000.0,,14-16 w broadway,14,16 w broadway,,2127.0,14  16 w broadway,boston,2127,68784.0,14110.0,Multifamily Housing,"Multifamily Housing (68784.0),Parking (14110.0)",90.7,9.0,6237054.707,3328737.9,176789.27,852378.9,174857.008,,,,,,,,,,,,,,,,,,,,,,26.25,in compliance,351646.278,2025.0,No,No,No,No,No,No,,,0.0,0.0
5574,C10027,600053010.0,,45-55 west broadway st,45,55 west broadway st,,2127.0,,,,67200.0,0.0,Multifamily Housing,"Multifamily Housing (67200.0),Parking (15931.0)",46.1,77.0,3101089.904,1998700.0,106150.957,323092.0,66279.093,,,,,,,,,,,,,,,,,,,,,,9.74,,172430.05,,,,,,,,,,0.0,0.0
4152,106141,600072010.0,,36 a st,36 a st,36 a st,,2127.0,36 a st,boston,2127,29550.0,,Multifamily Housing,"Multifamily Housing (27550.0),Urgent Care/Clinic/Other Outpatient (2000.0)",45.9,93.0,1356087.42,753750.0,40031.663,176535.0,36214.39,,,,,,,,,,,,,,,,,,,,,,27.8,in compliance,76246.053,2030.0,I'm not sure,No,No,No,I'm not sure,I'm not sure,,,0.0,2.0
4554,106717,600185000.0,,20 w fifth st,20 w fifth st,20 w fifth st,,2127.0,20 w fifth st,boston,2127,62738.0,20000.0,Multifamily Housing,"Multifamily Housing (62738.0),Parking (20000.0)",52.2,90.0,3274858.76,1946464.8,103376.746,389330.0,79867.156,,,,,,,,,,,,,,,,,,,,,,18.18,in compliance,183243.902,2025.0,No,No,No,No,No,No,,,1.0,1.0
41,100056,600268000.0,160 west broadway,135 athens st,135 athens st,135 athens st,,2127.0,160 w broadway st,boston,2127,24358.0,5560.0,Multifamily Housing,"Multifamily Housing (24358.0),Parking (5560.0)",20.8,,507474.284,288400.0,15316.924,64207.0,13171.424,,,,,,,,,,,,,,,,,,,,,,24.24,in compliance,28488.348,2030.0,No,No,No,No,No,No,,,0.0,0.0
43,100060,600291000.0,170 west broadway,170 w broadway,170 w broadway,170 w broadway,,2127.0,170 w broadway,boston,2127,67100.0,13075.0,Multifamily Housing,"Multifamily Housing (67100.0),Parking (13075.0)",55.3,59.0,3711004.812,2243500.2,119152.296,430101.0,88230.919,,,,,,,,,,,,,,,,,,,,,,22.21,in compliance,207383.215,2030.0,No,No,No,No,No,No,,,0.0,0.0
571,100820,600307000.0,boston housing authority,88 w seventh st,88 w seventh st,88 w seventh st,,2127.0,11  95 b st,boston,2127,28356.0,,Multifamily Housing,Multifamily Housing (28356.0),110.0,,3119903.228,2436500.1,129402.52,200294.0,41088.311,,,,,,,,,,,,,,,,,,,,,,81.05,in compliance,170490.831,2025.0,No,No,No,No,No,No,,,0.0,2.0
572,100822,600307000.0,boston housing authority,11 b st,11 b st,11 b st,,2127.0,11  95 b st,boston,2127,28356.0,,Multifamily Housing,Multifamily Housing (28356.0),96.7,,2743103.328,2059700.2,109390.678,200294.0,41088.311,,,,,,,,,,,,,,,,,,,,,,68.03,in compliance,150478.989,2025.0,No,No,No,No,No,No,,,0.0,0.0
574,100824,600307000.0,boston housing authority,59-71 b st,59,71 b st,,2127.0,11  95 b st,boston,2127,28356.0,,Multifamily Housing,Multifamily Housing (28356.0),104.4,,2959703.128,2276300.0,120894.293,200294.0,41088.311,,,,,,,,,,,,,,,,,,,,,,90.33,in compliance,161982.604,2025.0,No,No,No,No,No,No,,,0.0,0.0
575,100825,600307000.0,boston housing authority,55-79 orton-marotta way,55,79 orton-marotta way,,2127.0,11  95 b st,boston,2127,28356.0,,Multifamily Housing,Multifamily Housing (28356.0),89.6,,2541903.128,1858500.0,98704.935,200294.0,41088.311,,,,,,,,,,,,,,,,,,,,,,77.66,in compliance,139793.246,2025.0,No,No,No,No,No,No,,,0.0,0.0
576,100826,600307000.0,boston housing authority,7 orton-marotta way,7 orton-marotta way,7 orton-marotta way,,2127.0,11  95 b st,boston,2127,28356.0,,Multifamily Housing,Multifamily Housing (28356.0),116.0,,3290002.928,2606599.8,138436.515,200294.0,41088.311,,,,,,,,,,,,,,,,,,,,,,95.62,in compliance,179524.826,2025.0,No,No,No,No,No,No,,,0.0,0.0
577,100827,600307000.0,boston housing authority,6 orton-marotta way,6 orton-marotta way,6 orton-marotta way,,2127.0,11  95 b st,boston,2127,28356.0,,Multifamily Housing,Multifamily Housing (28356.0),111.1,,3151503.328,2468100.2,131080.802,200294.0,41088.311,,,,,,,,,,,,,,,,,,,,,,94.2,in compliance,172169.113,2025.0,No,No,No,No,No,No,,,0.0,2.0
578,100828,600307000.0,boston housing authority,1-25 crowley-rogers way,1,25 crowley-rogers way,,2127.0,11  95 b st,boston,2127,28356.0,,Multifamily Housing,Multifamily Housing (28356.0),115.4,,3272403.228,2589000.1,137501.795,200294.0,41088.311,,,,,,,,,,,,,,,,,,,,,,129.32,in compliance,178590.106,2025.0,No,No,No,No,No,No,,,0.0,0.0
579,100829,600307000.0,boston housing authority,141-165 w broadway,141,165 w broadway,,2127.0,11  95 b st,boston,2127,28356.0,,Multifamily Housing,Multifamily Housing (28356.0),118.5,,3361303.428,2677900.3,142223.285,200294.0,41088.311,,,,,,,,,,,,,,,,,,,,,,80.61,in compliance,183311.596,2025.0,No,No,No,No,No,No,,,0.0,0.0
580,100830,600307000.0,boston housing authority,149-175 flaherty way,149,175 flaherty way,,2127.0,11  95 b st,boston,2127,28356.0,,Multifamily Housing,Multifamily Housing (28356.0),120.9,,3429503.028,2746099.9,145845.366,200294.0,41088.311,,,,,,,,,,,,,,,,,,,,,,100.22,in compliance,186933.677,2025.0,No,No,No,No,No,No,,,1.0,1.0
583,100833,600307000.0,boston housing authority,23-37 saint casimir st,23,37 saint casimir st,,2127.0,11  95 b st,boston,2127,20565.0,,Multifamily Housing,Multifamily Housing (20565.0),31.6,,649077.544,630100.0,33464.611,5562.0,1140.989,,,,,,,,,,,,,,,,,,,,,,54.85,in compliance,34605.6,2025.0,No,No,No,No,No,No,,,1.0,1.0
591,100841,600307000.0,boston housing authority,49 crowley-rogers way,49 crowley-rogers way,49 crowley-rogers way,,2127.0,11  95 b st,boston,2127,28356.0,,Multifamily Housing,Multifamily Housing (28356.0),87.9,,2491103.128,1807700.0,96006.947,200294.0,41088.311,,,,,,,,,,,,,,,,,,,,,,55.94,in compliance,137095.258,2025.0,No,No,No,No,No,No,,,1.0,1.0
593,100843,600307000.0,boston housing authority,111 flaherty way,111 flaherty way,111 flaherty way,,2127.0,11  95 b st,boston,2127,28356.0,,Multifamily Housing,Multifamily Housing (28356.0),106.4,,3017203.028,2333799.9,123948.113,200294.0,41088.311,,,,,,,,,,,,,,,,,,,,,,69.04,in compliance,165036.424,2025.0,No,No,No,No,No,No,,,1.0,1.0
594,100844,600307000.0,boston housing authority,1 joyce hayes way,1 joyce hayes way,1 joyce hayes way,,2127.0,11  95 b st,boston,2127,28356.0,,Multifamily Housing,Multifamily Housing (28356.0),105.2,,2984003.128,2300600.0,122184.866,200294.0,41088.311,,,,,,,,,,,,,,,,,,,,,,82.88,in compliance,163273.177,2025.0,No,No,No,No,No,No,,,1.0,1.0
596,100846,600307000.0,boston housing authority,37 joyce hayes way,37 joyce hayes way,37 joyce hayes way,,2127.0,11  95 b st,boston,2127,28356.0,,Multifamily Housing,Multifamily Housing (28356.0),114.3,,3241803.328,2558400.2,135876.635,200294.0,41088.311,,,,,,,,,,,,,,,,,,,,,,93.15,in compliance,176964.946,2025.0,No,No,No,No,No,No,,,1.0,1.0
598,100848,600307000.0,boston housing authority,66 orton-marotta way,66 orton-marotta way,66 orton-marotta way,,2127.0,11  95 b st,boston,2127,28356.0,,Multifamily Housing,Multifamily Housing (28356.0),125.9,,3569003.028,2885599.9,153254.211,200294.0,41088.311,,,,,,,,,,,,,,,,,,,,,,118.11,in compliance,194342.522,2025.0,No,No,No,No,No,No,,,1.0,1.0
599,100849,600307000.0,boston housing authority,83-95 b st,83,95 b st,,2127.0,11  95 b st,boston,2127,28356.0,,Multifamily Housing,Multifamily Housing (28356.0),117.4,,3328003.228,2644600.1,140454.711,200294.0,41088.311,,,,,,,,,,,,,,,,,,,,,,86.13,in compliance,181543.022,2025.0,No,No,No,No,No,No,,,1.0,1.0
601,100851,600307000.0,boston housing authority,115 orton-marotta way,115 orton-marotta way,115 orton-marotta way,,2127.0,11  95 b st,boston,2127,28356.0,,Multifamily Housing,Multifamily Housing (28356.0),64.8,,1838803.128,1155400.0,61363.294,200294.0,41088.311,,,,,,,,,,,,,,,,,,,,,,40.49,in compliance,102451.605,2025.0,No,No,No,No,No,No,,,1.0,1.0
606,100856,600307000.0,boston housing authority,44 w seventh st,44 w seventh st,44 w seventh st,,2127.0,11  95 b st,boston,2127,28356.0,,Multifamily Housing,Multifamily Housing (28356.0),84.2,,2387903.128,1704500.0,90525.995,200294.0,41088.311,,,,,,,,,,,,,,,,,,,,,,58.52,in compliance,131614.306,2025.0,No,No,No,No,No,No,,,1.0,1.0
468,100667,600516000.0,bigelow sq condo tr,350 w fourth st,350 w fourth st,350 w fourth st,,2127.0,350 w fourth st,boston,2127,35923.0,,Multifamily Housing,Multifamily Housing (35923.0),45.2,67.0,1622490.014,532500.0,28281.075,319457.8,65533.573,,,,,,,,,,,,,,,,,,,,,,32.27,in compliance,93814.648,2025.0,No,No,No,No,No,No,,,1.0,1.0
4298,106338,600685010.0,tudor place condo trust,116-138 tudor st,116,138 tudor st,,2127.0,118  130 tudor st,boston,2127,55000.0,,Multifamily Housing,Multifamily Housing (55000.0),19.8,100.0,1088284.976,183600.0,9750.996,265148.0,54392.461,,,,,,,,,,,,,,,,,,,,,,37.73,in compliance,64143.457,2030.0,No,No,No,No,No,No,,,1.0,1.0
4560,106724,600711010.0,west side condo trust,120 w seventh st,120 w seventh st,120 w seventh st,,2127.0,120 w seventh st,boston,2127,35895.0,,Multifamily Housing,Multifamily Housing (35895.0),25.7,100.0,923258.832,486400.0,25832.704,128036.0,26265.305,,,,,,,,,,,,,,,,,,,,,,23.03,pending revisions,52098.009,2030.0,No,No,No,No,No,No,,,0.0,2.0
1818,102715,601233000.0,,45 w third st,45 w third st,45 w third st,,2127.0,45 w third st,boston,2127,109194.0,0.0,Multifamily Housing,"Multifamily Housing (109194.0),Parking (30000.0)",33.1,99.0,3615619.856,1526152.0,81053.933,612388.0,125625.274,,,,,,,,,,,,,,,,,,,,,,26.12,in compliance,206679.207,2025.0,No,No,No,No,No,No,,,0.0,0.0
3934,105877,601254000.0,spice lofts condominium tr,141 w second st,141 w second st,141 w second st,,2127.0,141 w second st,boston,2127,36000.0,8569.0,Multifamily Housing,"Multifamily Housing (36000.0),Parking (8569.0)",24.6,,884533.432,474800.0,25216.628,120086.0,24634.442,,,,,,,,,,,,,,,,,,,,,,12.93,in compliance,49851.07,2030.0,No,No,No,No,No,No,,,1.0,1.0
3333,104935,601267000.0,one-84 west second st llc mass llc,154 w second st,154 w second st,154 w second st,,2127.0,154  158 w second st,boston,2127,90848.0,,Multifamily Housing,Multifamily Housing (90848.0),28.5,87.0,2586405.322,696100.0,36969.871,554016.8,113651.006,,,,,,,,,,,,,,,,,,,,,,23.4,in compliance,150620.877,2025.0,I'm not sure,No,No,No,I'm not sure,I'm not sure,,,1.0,1.0
3919,105853,601507001.0,south boston non profit,225 w second st,225 w second st,225 w second st,,2127.0,225 w second st,boston,2127,58304.0,,Multifamily Housing,Multifamily Housing (58304.0),56.3,78.0,3284928.598,2161983.1,114822.922,329116.5,67514.959,,,,,,,,,,,,,,,,,,,,,,34.28,in compliance,182337.881,2025.0,No,No,No,No,No,No,,,0.0,2.0
140,100188,601509010.0,5514 d street 320 boston llc,320 d st,320 d st,320 d st,,2127.0,320 d st,boston,2127,259607.0,0.0,Multifamily Housing,"Multifamily Housing (259607.0),Parking (89250.0)",37.2,96.0,9658489.288,5415500.1,287617.21,1243549.0,255101.642,,,,,,,,,,,,,,,,,,,,,,21.84,in compliance,542718.852,2025.0,No,No,No,No,No,No,,,1.0,1.0
141,100189,601520004.0,5515 d street 339 boston llc,339 d st,339 d st,339 d st,,2127.0,339 d st,boston,2127,41760.0,8400.0,Multifamily Housing,"Multifamily Housing (41760.0),Parking (8400.0)",24.7,100.0,1033125.42,519500.0,27590.645,150535.0,30880.75,,,,,,,,,,,,,,,,,,,,,,35.57,in compliance,58471.395,2030.0,No,No,No,No,No,No,,,1.0,1.0
1676,102511,601700010.0,,351-353 w second st,351,353 w second st,,2127.0,190 f st,boston,2127,22387.0,,Multifamily Housing,Multifamily Housing (22387.0),46.2,,1033434.436,85400.0,4535.594,277853.0,56998.764,,,,,,,,,,,,,,,,,,,,,,34.84,pending revisions,61534.358,2030.0,I'm not sure,No,No,No,I'm not sure,I'm not sure,,,1.0,1.0
2093,103064,601728000.0,,314-330 w second st,314,330 w second st,,2127.0,314  330 w second st,boston,2127,36308.0,,Multifamily Housing,Multifamily Housing (36308.0),80.5,29.0,2922229.296,1443100.0,76643.041,433508.0,88929.831,,,,,,,,,,,,,,,,,,,,,,2.34,pending revisions,165572.872,2025.0,Yes,No,No,No,Yes,Yes,,,0.0,0.0
4492,106620,601776010.0,,189-191 f st,189,191 f st,,2127.0,189  191 f st,boston,2127,61054.0,,Multifamily Housing,Multifamily Housing (61054.0),37.4,100.0,2281544.436,1785600.0,94833.216,145353.0,29817.714,,,,,,,,,,,,,,,,,,,,,,2.83,pending revisions,124650.93,2030.0,No,No,No,No,No,No,,,1.0,1.0
1139,101707,601812000.0,channel view condo tr,312-320 w third st,312,320 w third st,,2127.0,312  320 w third st,boston,2127,32550.0,13695.0,Multifamily Housing,"Multifamily Housing (32550.0),Parking (13695.0)",30.2,,982377.516,706200.0,37506.282,80943.0,16604.647,,,,,,,,,,,,,,,,,,,,,,13.87,in compliance,54110.929,2030.0,No,No,No,No,No,No,,,0.0,0.0
994,101333,601900005.0,bp broadway llc,353-361 athens st,353,361 athens st,,2127.0,420 w broadway,boston,2127,33904.0,,Multifamily Housing,"Multifamily Housing (32389.0),Retail Store (1515.0)",30.4,,1032141.7,26881.2,1427.661,294625.0,60439.373,,,,,,,,,,,,,,,,,,,,,,17.23,in compliance,61867.034,2025.0,No,No,No,No,No,No,,,0.0,0.0
3038,104544,601960000.0,navem west broadway llc,457-469a w broadway,457,469a w broadway,,2127.0,457 469a w broadway,boston,2127,50295.0,,Multifamily Housing,"Multifamily Housing (36417.0),Retail Store (13878.0)",21.9,98.0,1101222.584,139100.0,7387.601,281982.0,57845.787,,,,,,,,,,,,,,,,,,,,,,17.22,in compliance,65233.388,2025.0,No,No,No,No,No,No,,,0.0,2.0
2302,103482,601986000.0,harrigan william d jr ts,483 e broadway,483 e broadway,483 e broadway,,2127.0,481  487 e broadway,boston,2127,27356.0,,Multifamily Housing,Multifamily Housing (27356.0),69.1,17.0,1890703.14,1341900.0,71268.309,160845.0,32995.743,,,,,,,,,,,,,,,,,,,,,,26.81,in compliance,104264.052,2030.0,No,No,No,No,No,No,,,0.0,0.0
3876,105803,602077010.0,six-06 e fourth st condo tr,606 e fourth st,606 e fourth st,606 e fourth st,,2127.0,606 e fourth st,boston,2127,20000.0,,Multifamily Housing,Multifamily Housing (20000.0),32.4,,647157.564,346400.0,18397.304,88147.0,18082.476,,,,,,,,,,,,,,,,,,,,,,11.85,in compliance,36479.78,2030.0,No,No,No,No,No,No,,,0.0,2.0
607,100857,602527000.0,boston housing authority,120 l st,120 l st,120 l st,,2127.0,120 l st,boston,2127,55100.0,,Multifamily Housing,Multifamily Housing (55100.0),40.1,60.0,2208419.464,455600.0,24196.916,513722.0,105384.931,,,,,,,,,,,,,,,,,,,,,,41.67,in compliance,129581.847,2025.0,No,No,No,No,No,No,,,0.0,0.0
3422,105060,602641050.0,pier 4 llc,142 northern av,142 northern av,,,2110.0,142 northern av,boston,2110,417842.0,,Multifamily Housing,"Restaurant (10761.0),Multifamily Housing (407081.0)",51.1,66.0,21335637.15,8786400.3,466645.72,3641371.0,746990.847,,,,,,,,,,124879.0,9267.271,,,,,,,,,,,31.53,in compliance,1222903.838,2025.0,No,No,No,No,No,No,,,0.0,0.0
25,100037,602642000.0,133 seaport residential condominium trust,131-153 seaport blvd,131,153 seaport blvd,,2210.0,131  149 seaport bl,boston,2210,296552.0,,Multifamily Housing,"Multifamily Housing (253114.0),Retail Store (43438.0)",51.6,,15314169.69,8309593.0,441322.484,2052924.0,421136.829,,,,,,,,,,,,,,,,,,,,,,,in compliance,862459.313,2025.0,I'm not sure,No,No,No,I'm not sure,I'm not sure,,,0.0,2.0
4988,107378,602642008.0,,131 seaport blvd,131 seaport blvd,131 seaport blvd,,2210.0,,,,353510.0,,Multifamily Housing,"Multifamily Housing (310072.0),Retail Store (43438.0)",50.8,,17963070.02,6431642.8,341584.549,3379668.0,693305.094,,,,,,,,,,,,,,,,,,,,,,,in compliance,1034889.643,2025.0,I`m not sure,No,No,No,I`m not sure,I`m not sure,,,0.0,0.0
105,100146,602642060.0,,399 congress st,399 congress st,399 congress st,,2210.0,399 congress st,boston,2210,481242.0,104003.0,Multifamily Housing,"Multifamily Housing (481242.0),Parking (104003.0)",42.2,83.0,20315852.48,7249376.7,385014.397,3829565.0,785596.964,,,,,,,,,,,,,,,,,,,,,,20.53,in compliance,1170611.361,2025.0,I'm not sure,No,No,No,I'm not sure,I'm not sure,,,0.0,0.0
26,100038,602642100.0,133 seaport residential condominium trust,133 seaport bl,133 seaport bl,133 seaport bl,,2210.0,133 seaport bl,boston,2210,384094.0,,Multifamily Housing,"Multifamily Housing (340656.0),Retail Store (43438.0)",40.6,,15602253.08,7414254.9,393771.078,2399765.0,492287.792,,,,,,,,,,,,,,,,,,,,,,,in compliance,886058.87,2025.0,No,No,No,No,No,No,,,0.0,0.0
2126,103105,602655010.0,,346-354 congress st,346,354 congress st,,2210.0,346  354 congress st,boston,2210,90920.0,,Multifamily Housing,Multifamily Housing (90920.0),82.4,2.0,7495738.768,1604958.3,85239.335,1726489.0,354171.953,,,,,,,,,,,,,,,,,,,,,,49.51,in compliance,439411.288,2025.0,Yes,No,No,No,Yes,Yes,,,0.0,0.0
4324,106375,602670010.0,,22 liberty dr,22 liberty dr,22 liberty dr,,2210.0,22 liberty dr,boston,2210,222191.0,,Multifamily Housing,Multifamily Housing (222191.0),76.0,7.0,16881184.5,11612998.5,616766.35,1544017.0,316739.647,,,,,,,,,,,,,,,,,,,,,,16.72,in compliance,933505.997,2025.0,I'm not sure,No,No,No,I'm not sure,I'm not sure,,,0.0,0.0
133,100180,602670450.0,50 liberty llc,50 liberty dr,50 liberty dr,50 liberty dr,,2210.0,50 liberty dr,boston,2210,283580.0,71569.0,Multifamily Housing,"Restaurant (17597.0),Office (13166.0),Multifamily Housing (252817.0),Parking (71569.0)",104.1,2.0,29531659.74,17937673.5,952669.84,3398003.0,697066.335,,,,,,,,,,,,,,,,,,,,,,31.64,in compliance,1649736.175,2025.0,I'm not sure,No,No,No,I'm not sure,I'm not sure,,,0.0,0.0
5478,108029,602671130.0,,150 seaport blvd,150 seaport blvd,150 seaport blvd,,2210.0,,,,297956.0,21483.0,Multifamily Housing,"Restaurant (7317.0),Multifamily Housing (290639.0),Parking (21483.0)",21.8,100.0,6506470.064,3937500.2,209120.636,752922.0,154454.419,,,,,,,,,,,,,,,,,,,,,,11.58,in compliance,363575.055,2025.0,I'm not sure,No,No,No,I'm not sure,I'm not sure,,,0.0,0.0
3423,105061,602672070.0,pier 4 residences condominium trust,300 pier 4 boulevard,300 pier 4 boulevard,300 pier 4 boulevard,,2110.0,300 pier 4 boulevard,boston,2110,216953.0,60000.0,Multifamily Housing,"Restaurant (16953.0),Multifamily Housing (200000.0),Parking (60000.0)",75.8,8.0,16441854.82,5853275.8,310867.478,3103335.0,636618.142,,,,,,,,,,,,,,,,,,,,,,29.95,in compliance,947485.62,2025.0,No,No,No,No,No,No,,,0.0,0.0
4534,106686,602678015.0,,505 congress st,505 congress st,505 congress st,,2210.0,505 congress st,boston,2210,306021.0,31268.0,Multifamily Housing,"Multifamily Housing (289377.0),Parking (31268.0),Retail Store (16644.0)",51.1,59.0,15643709.66,5573829.7,296026.095,2951313.0,605432.349,,,,,,,,,,,,,,,,,,,,,,24.35,in compliance,901458.444,2025.0,No,No,No,No,No,No,,,0.0,0.0
1133,101700,602678020.0,cg waterside ii limited,501 congress st,501 congress st,501 congress st,,2210.0,501 congress st,boston,2210,309066.0,19534.0,Multifamily Housing,"Multifamily Housing (309066.0),Parking (19534.0)",39.2,84.0,12129703.36,3856551.9,204821.471,2424722.0,497407.471,,,,,,,,,,,,,,,,,,,,,,17.79,in compliance,702228.942,2025.0,No,No,No,No,No,No,,,0.0,2.0
3374,105004,602680150.0,,225 northern av,225 northern av,225 northern av,,2127.0,225 northern av,boston,2127,535587.0,151079.0,Multifamily Housing,"Restaurant (18740.0),Multifamily Housing (516847.0),Parking (151079.0)",51.3,67.0,27484138.89,10112056.9,537051.342,5091466.0,1044463.335,,,,,,,,,,,,,,,,,,,,,,29.72,in compliance,1581514.677,2025.0,No,No,No,No,No,No,,,0.0,2.0
3361,104988,602681002.0,,899 congress st,899 congress st,899 congress st,,2210.0,295  315 northern av,boston,2210,259730.0,81000.0,Multifamily Housing,"Multifamily Housing (259730.0),Parking (81000.0)",62.9,35.0,16332163.97,4652099.8,247073.02,3423231.0,702241.607,,,,,,,,,,,,,,,,,,,,,,30.88,in compliance,949314.627,2025.0,No,No,No,No,No,No,,,0.0,0.0
4182,106175,602687000.0,three- 81 congress st llc mass llc,381-389 congress st,381,389 congress st,,2127.0,381  389 congress st,boston,2127,44236.0,,Multifamily Housing,"Restaurant (5611.0),Multifamily Housing (38625.0)",93.4,1.0,4130716.472,1117900.0,59371.669,883006.0,181139.851,,,,,,,,,,,,,,,,,,,,,,46.8,in compliance,240511.52,2025.0,No,No,No,No,No,No,,,1.0,1.0
4162,106155,602706000.0,three 26 a street condo tr,326 a st,326 a st,326 a st,,2127.0,326 a st,boston,2127,55000.0,,Multifamily Housing,"Multifamily Housing (38844.0),Office (16156.0)",31.3,,1720130.696,1244300.0,66084.773,139458.0,28608.414,,,,,,,,,,,,,,,,,,,,,,6.3,in compliance,94693.187,2030.0,No,No,No,No,No,No,,,1.0,1.0
2947,104420,602750050.0,,15 channel center st,15 channel center st,15 channel center st,,2127.0,15 channel center st,boston,2127,201748.0,,Multifamily Housing,Multifamily Housing (201748.0),36.5,52.0,7365166.612,2368801.0,125807.021,1464351.0,300396.964,,,,,,,,,,,,,,,,,,,,,,12.56,in compliance,426203.985,2025.0,No,No,No,No,No,No,,,0.0,0.0
4322,106373,602751100.0,,25 channel center st,25 channel center st,25 channel center st,,2210.0,25 channel center st,boston,2210,131888.0,,Multifamily Housing,Multifamily Housing (131888.0),44.0,72.0,5802042.552,2089373.7,110966.637,1088121.0,223217.142,,,,,,,,,,,,,,,,,,,,,,22.79,in compliance,334183.779,2025.0,No,No,No,No,No,No,,,0.0,2.0
4150,106139,602751300.0,,35 channel center st,35 channel center st,35 channel center st,,2210.0,35 channel center st,boston,2210,72193.0,,Multifamily Housing,Multifamily Housing (72193.0),41.7,50.0,3010478.66,1093600.0,58081.096,561805.0,115248.678,,,,,,,,,,,,,,,,,,,,,,22.82,in compliance,173329.774,2025.0,No,No,No,No,No,No,,,0.0,2.0
4340,106397,602752000.0,,249-257 a st,249,257 a st,,2210.0,6 binford st,boston,2210,79916.0,,Multifamily Housing,Multifamily Housing (79916.0),53.1,78.0,4247190.456,1270899.8,67497.488,226964.7,46559.539,,,,,,,,,,2201887.1,163402.042,,,,,,,,,,,9.58,in compliance,277459.069,2025.0,No,No,No,No,No,No,,,0.0,2.0
2072,103039,602753010.0,fort point place,21 wormwood st,21 wormwood st,21 wormwood st,,2210.0,21 wormwood st,boston,2210,137772.0,,Multifamily Housing,Multifamily Housing (137772.0),34.1,82.0,4693403.1,1023200.0,54342.152,1075675.0,220663.97,,,,,,,,,,,,,,,,,,,,,,21.18,in compliance,275006.122,2025.0,No,No,No,No,No,No,,,0.0,2.0
1917,102845,602761030.0,eqr-315 on a apartments llc,315 a st,315 a st,315 a st,,2127.0,319 r a st,boston,2127,148814.0,45324.0,Multifamily Housing,"Multifamily Housing (148814.0),Parking (45324.0)",64.3,78.0,9572293.136,5471656.0,290599.65,1201828.0,246542.996,,,,,,,,,,,,,,,,,,0.0,,,,31.78,in compliance,537142.646,2025.0,No,No,No,No,No,No,,,0.0,0.0
86,100118,602761100.0,,319 a st,319 a st,319 a st,,2210.0,319 a st,boston,2210,22833.0,,Multifamily Housing,"Restaurant (1500.0),Multifamily Housing (21333.0)",52.4,66.0,1197211.28,6713.3,356.543,348915.0,71576.423,,,,,,,,,,,,,,,,,,,,,,28.07,in compliance,71932.966,2025.0,No,No,No,No,No,No,,,0.0,0.0
2098,103069,602842000.0,four 11 d st associates llc,411-415 d st,411,415 d st,,2127.0,405  409 d st,boston,2127,234708.0,,Multifamily Housing,"Multifamily Housing (233508.0),Fast Food Restaurant (1200.0)",24.3,99.0,5701387.576,1647853.1,87517.478,1188023.0,243711.038,,,,,,,,,,,,,,,,,,,,,,17.42,pending revisions,331228.516,2025.0,I'm not sure,No,No,No,I'm not sure,I'm not sure,,,1.0,1.0
1855,102774,602875000.0,edward sullivan condominium trust,401 w first st,401 w first st,401 w first st,,2127.0,401  407 w first st,boston,2127,40016.0,,Multifamily Housing,Multifamily Housing (40016.0),19.7,100.0,786323.464,126197.0,6702.323,193472.0,39688.846,,,,,,,,,,,,,,,,,,,,,,19.72,in compliance,46391.169,2025.0,No,No,No,No,No,No,,,1.0,1.0
1856,102775,602875000.0,edward sullivan condominium trust,405 w first st,405 w first st,405 w first st,,2127.0,401  407 w first st,boston,2127,40980.0,,Multifamily Housing,Multifamily Housing (40980.0),19.7,100.0,809066.452,132907.0,7058.691,198171.0,40652.799,,,,,,,,,,,,,,,,,,,,,,19.72,in compliance,47711.49,2025.0,No,No,No,No,No,No,,,0.0,0.0
257,100365,602877000.0,,11 dorchester st,11 dorchester st,11 dorchester st,,2127.0,11 dorchester st,boston,2127,42760.0,5000.0,Multifamily Housing,"Restaurant (2500.0),Multifamily Housing (40260.0),Parking (5000.0)",83.9,1.0,3589218.08,1935199.9,102778.467,484765.0,99444.692,,,,,,,,,,,,,,,,,,,,,,20.85,in compliance,202223.159,2025.0,No,No,No,No,No,No,,,0.0,2.0
2222,103330,603067001.0,gordon frederick m ts,455-457 e first st,455,457 e first st,,2127.0,dorchester st,boston,2127,37000.0,20000.0,Multifamily Housing,"Restaurant (2121.0),Multifamily Housing (34879.0),Parking (20000.0)",37.2,99.0,1376690.756,533200.0,28318.252,247213.0,50713.275,,,,,,,,,,,,,,,,,,,,,,20.05,in compliance,79031.527,2030.0,No,No,No,No,No,No,,,0.0,2.0
172,100224,603516010.0,726-734 e broadway realty llc,728-734a e broadway,728,734a e broadway,,2127.0,726  728 e broadway,boston,2127,42924.0,1400.0,Multifamily Housing,"Restaurant (8000.0),Multifamily Housing (30524.0),Office (4400.0),Parking (1400.0)",86.3,,3703506.252,3095160.3,164383.964,178296.0,36575.641,,,,,,,,,,,,,,,,,,,,,,22.46,in compliance,200959.605,2030.0,No,No,No,No,No,No,,,1.0,2.0
1866,102786,603733010.0,eight 81 east first street,881-883 e first st,881,883 e first st,,2127.0,881 e first st,boston,2127,38600.0,0.0,Multifamily Housing,"Multifamily Housing (38600.0),Parking (10344.0)",34.3,90.0,1322249.624,531000.0,28201.41,231902.0,47572.376,,,,,,,,,,,,,,,,,,,,,,19.19,in compliance,75773.786,2030.0,No,No,No,No,No,No,,,0.0,2.0
3115,104653,603924002.0,nine 02 east second st llc,906 e second st,906 e second st,906 e second st,,2127.0,902 e second st,boston,2127,39600.0,,Multifamily Housing,Multifamily Housing (39600.0),34.5,94.0,1367766.836,718800.0,38175.468,190201.3,39017.895,,,,,,,,,,,,,,,,,,,,,,25.99,in compliance,77193.363,2025.0,I'm not sure,No,No,No,I'm not sure,I'm not sure,,,1.0,2.0
1835,102740,604127000.0,east seventh ltd partnership mass lp,160 n st,160 n st,160 n st,,2127.0,740 e seventh st,boston,2127,31416.0,,Multifamily Housing,Multifamily Housing (31416.0),55.9,87.0,1755560.024,1410600.0,74916.966,101102.0,20740.064,,,,,,,,,,,,,,,,,,,,,,20.55,in compliance,95657.03,2025.0,I'm not sure,No,No,No,I'm not sure,I'm not sure,,,1.0,2.0
1836,102741,604127001.0,east sixth ltd partnership mass lp,741 e sixth st,741 e sixth st,741 e sixth st,,2127.0,741 e sixth st,boston,2127,32500.0,,Multifamily Housing,Multifamily Housing (32500.0),49.9,87.0,1622630.32,1080600.0,57390.666,158860.0,32588.54,,,,,,,,,,,,,,,,,,,,,,18.78,in compliance,89979.206,2025.0,I'm not sure,No,No,No,I'm not sure,I'm not sure,,,0.0,2.0
1837,102742,604128000.0,east sixth ltd partnership mass lp,745 e sixth st,745 e sixth st,745 e sixth st,,2127.0,745 e sixth st,boston,2127,32500.0,,Multifamily Housing,Multifamily Housing (32500.0),37.0,100.0,1203000.608,914400.0,48563.784,84584.0,17351.562,,,,,,,,,,,,,,,,,,,,,,18.75,in compliance,65915.346,2025.0,I'm not sure,No,No,No,I'm not sure,I'm not sure,,,1.0,2.0
3804,105680,604129000.0,seven sixty one east sixth,761 e sixth st,761 e sixth st,761 e sixth st,,2127.0,761 e sixth st,boston,2127,36500.0,0.0,Multifamily Housing,"Multifamily Housing (36500.0),Parking (12358.0)",29.6,100.0,1079701.804,785700.0,41728.527,86167.0,17676.298,,,,,,,,,,,,,,,,,,,,,,17.85,in compliance,59404.825,2030.0,No,No,No,No,No,No,,,1.0,1.0
1831,102736,604307000.0,east four lps,878-886 e fourth st,878,886 e fourth st,,2127.0,878  886 e fourth st,boston,2127,33000.0,,Multifamily Housing,Multifamily Housing (33000.0),42.7,96.0,1410609.152,994700.0,52828.517,121896.0,25005.745,,,,,,,,,,,,,,,,,,,,,,14.99,in compliance,77834.262,2025.0,I'm not sure,No,No,No,I'm not sure,I'm not sure,,,1.0,1.0
193,100250,604486000.0,945 east broadway,945-947 e broadway,945,947 e broadway,,2127.0,945 e broadway,boston,2127,20975.0,9350.0,Multifamily Housing,"Multifamily Housing (20975.0),Parking (9350.0)",35.8,,751334.648,190900.0,10138.699,164254.0,33695.066,,,,,,,,,,,,,,,,,,,,,,15.41,in compliance,43833.765,2030.0,No,No,No,No,No,No,,,0.0,2.0
130,100177,700176000.0,,486-490 dorchester ave,486,490 dorchester ave,,2127.0,488 dorchester av,boston,2127,39653.0,7896.0,Multifamily Housing,"Multifamily Housing (37542.0),Parking (7896.0),Retail Store (2111.0)",35.7,,1414995.872,662800.0,35201.308,220456.0,45224.344,,,,,,,,,,,,,,,,,,,,,,23.65,in compliance,80425.652,2030.0,Yes,No,No,No,Yes,Yes,,,0.0,2.0
3400,105034,700195000.0,peabody oreilly llc,347 dorchester st,347 dorchester st,347 dorchester st,,2127.0,347 dorchester st,boston,2127,27876.0,,Multifamily Housing,Multifamily Housing (27876.0),27.3,94.0,759699.2012,0.0,,222655.1,45675.467,,,,,,,,,,,,,,,,,,,,,,31.89,in compliance,45675.467,2030.0,No,No,No,No,No,No,,,0.0,2.0
3292,104879,700324010.0,one 52 old colony av condo,119 w ninth st,119 w ninth st,119 w ninth st,,2127.0,152 old colony av,boston,2127,37243.0,9836.0,Multifamily Housing,"Multifamily Housing (37243.0),Parking (9836.0)",26.5,99.0,985491.664,287492.0,15268.7,204572.0,41965.9,,,,,,,,,,,,,,,,,,,,,,23.06,in compliance,57234.6,2030.0,No,No,No,No,No,No,,,1.0,1.0
4944,107305,700367020.0,,200 old colony av,200 old colony av,200 old colony av,,2127.0,,,,44565.0,5100.0,Multifamily Housing,"Multifamily Housing (33783.0),Parking (5100.0),Adult Education (10782.0)",35.0,100.0,1558713.922,651400.0,34595.854,265918.5,54550.521,,,,,,,,,,,,,,,,,,,,,,24.78,in compliance,89146.375,2025.0,No,No,No,No,No,No,,,1.0,1.0
609,100859,700386000.0,boston housing authority,177-193 w ninth st,177,193 w ninth st,,2127.0,frederick st,boston,2127,28600.0,,Multifamily Housing,Multifamily Housing (28600.0),81.0,36.0,2316339.552,1930200.1,102512.927,113171.0,23215.899,,,,,,,,,,,,,,,,,,,,,,10.36,in compliance,125728.826,2025.0,No,No,No,No,No,No,,,0.0,2.0
610,100860,700386000.0,boston housing authority,11-21 mitchell st,11,21 mitchell st,,2127.0,frederick st,boston,2127,25400.0,,Multifamily Housing,Multifamily Housing (25400.0),81.0,45.0,2057033.196,1714099.9,91035.846,100508.0,20618.211,,,,,,,,,,,,,,,,,,,,,,10.36,in compliance,111654.057,2025.0,No,No,No,No,No,No,,,1.0,1.0
3240,104813,700538012.0,old colony revitalization corporation,20 Rev. Burke St,20 Rev. Burke St,20 Rev. Burke St,,2127.0,20 rev richard a burke,boston,2127,48000.0,,Multifamily Housing,Multifamily Housing (48000.0),44.9,79.0,2153322.002,1166500.0,61952.815,304535.2,62472.351,52252.1,,,,,,,,,,,,,,,,,,,,,40.63,in compliance,124425.166,2025.0,No,No,No,No,No,No,,,1.0,1.0
5387,107923,700538020.0,,271 e 8th st,271 e 8th st,271 e 8th st,,2127.0,,,,146400.0,,Multifamily Housing,Multifamily Housing (146400.0),36.2,93.0,5297176.488,2860500.1,151921.16,714149.0,146500.526,,,,,,,,,,,,,,,,,,,,,,41.77,in compliance,298421.686,2025.0,No,No,No,No,No,No,,,1.0,1.0
3241,104814,700539002.0,old colony revitalization corporation,20 rev richard a burke,20 rev richard a burke,20 rev richard a burke,,2127.0,20 rev richard a burke,boston,2127,108000.0,,Multifamily Housing,Multifamily Housing (108000.0),47.6,79.0,5142996.134,3042599.8,161592.475,627267.8,128677.716,39841.4,,,,,,,,,,,,,,,,,,,,,38.07,in compliance,290270.191,2025.0,No,No,No,No,No,No,,,0.0,2.0
611,100861,700539010.0,boston housing authority,289 e ninth st,289 e ninth st,289 e ninth st,,2127.0,289 e ninth st,boston,2127,52000.0,,Multifamily Housing,Multifamily Housing (52000.0),43.2,48.0,2245818.179,818309.1,43460.396,436136.6,89469.062,60589.0,,,,,,,,,,,,,,,,,,,,,16.91,in compliance,132929.458,2025.0,No,No,No,No,No,No,,,1.0,1.0
3242,104815,700540130.0,,25 james o'neill st,25 james o'neill st,25 james o'neill st,,2127.0,25 james oneill st,boston,2127,61678.0,,Multifamily Housing,Multifamily Housing (61678.0),65.6,71.0,4046874.002,2437648.6,129463.517,525531.8,107807.593,183889.1,,,,,,,,,,,,,,,,,,,,,71.21,in compliance,237271.11,2025.0,No,No,No,No,No,No,,,0.0,2.0
3244,104817,700540160.0,,35 patterson wy,35 patterson wy,35 patterson wy,,2127.0,35 patterson wy,boston,2127,51331.0,,Multifamily Housing,Multifamily Housing (51331.0),46.8,76.0,2402461.624,1485455.9,78892.563,306477.0,62870.692,128693.8,,,,,,,,,,,,,,,,,,,,,32.11,in compliance,141763.255,2025.0,No,No,No,No,No,No,,,0.0,0.0
3243,104816,700540230.0,old colony revitilizating,20 patterson wy,20 patterson wy,20 patterson wy,,2127.0,20 patterson wy,boston,2127,66996.0,,Multifamily Housing,Multifamily Housing (66996.0),48.7,74.0,3264025.272,1945481.8,103324.538,450106.0,92334.745,217218.2,,,,,,,,,,,,,,,,,,,,,38.58,in compliance,195659.283,2025.0,No,No,No,No,No,No,,,0.0,0.0
612,100888,700540280.0,boston housing authority,280  290 dorchester st,280  290 dorchester st,280  290 dorchester st,,2127.0,280  290 dorchester st,boston,2127,57033.0,,Multifamily Housing,Multifamily Housing (57033.0),49.2,84.0,2808687.515,1810968.9,96180.558,292414.6,59985.931,,,,,,,,,,,,,,,,,,,,,,53.47,in compliance,156166.489,2025.0,No,No,No,No,No,No,,,0.0,0.0
3570,105294,700775000.0,,225 dorchester st,225 dorchester st,225 dorchester st,,2127.0,225 dorchester st,boston,2127,41499.0,,Multifamily Housing,Multifamily Housing (41499.0),28.0,100.0,1162640.192,603700.0,32062.507,163816.0,33605.214,,,,,,,,,,,,,,,,,,,,,,27.62,in compliance,65667.721,2030.0,No,No,No,No,No,No,,,0.0,2.0
4535,106687,701436000.0,,1350 columbia rd,1350 columbia rd,1350 columbia rd,,2127.0,1350 columbia rd,boston,2127,41739.0,,Multifamily Housing,Multifamily Housing (41739.0),47.8,90.0,1995755.452,1422979.6,75574.447,167871.0,34437.057,,,,,,,,,,,,,,,,,,,,,,27.23,in compliance,110011.504,2025.0,No,No,No,No,No,No,,,0.0,0.0
143,100192,701483000.0,5528-1410 columbia road  boston llc,1410 columbia rd,1410 columbia rd,1410 columbia rd,,2127.0,423  435 e eighth st,boston,2127,147560.0,,Multifamily Housing,Multifamily Housing (147560.0),65.1,62.0,9599328.016,5560482.2,295317.21,1183718.0,242827.911,,,,,,,,,,,,,,,,,,,,,,20.95,in compliance,538145.121,2025.0,No,No,No,No,No,No,,,0.0,0.0
614,100890,701516000.0,boston housing authority,199 h st,199 h st,199 h st,,2127.0,columbia rd,boston,2127,84224.0,,Multifamily Housing,Multifamily Housing (84224.0),92.3,13.0,7772441.2,5901300.4,313418.064,548400.0,112498.776,,,,,,,,,,,,,,,,,,,,,,35.55,in compliance,425916.84,2025.0,No,No,No,No,No,No,,,1.0,1.0
3233,104805,702836000.0,,5 o'connor way,5 o'connor way,5 o'connor way,,2127.0,5 oconnor wy,boston,2127,40818.0,,Multifamily Housing,Multifamily Housing (40818.0),35.3,93.0,1442420.752,835600.0,44378.716,205146.0,42083.65,93137.4,,,,,,,,,,,,,,,,,,,,,18.82,in compliance,86462.366,2025.0,Yes,No,No,No,Yes,Yes,,,1.0,1.0
620,100896,702845000.0,boston housing authority,31-41 logan way,31,41 logan way,,2127.0,27  3 mcdonough wy,boston,2127,30908.0,,Multifamily Housing,Multifamily Housing (30908.0),97.1,,3002342.596,2523099.9,134001.836,140458.0,28813.554,,,,,,,,,,,,,,,,,,,,,,58.93,in compliance,162815.39,2025.0,No,No,No,No,No,No,,,1.0,2.0
622,100898,702845000.0,boston housing authority,19-27 McDonough Wy,19,27 McDonough Wy,,2127.0,27  3 mcdonough wy,boston,2127,46640.0,,Multifamily Housing,Multifamily Housing (46640.0),97.3,,4538210.832,3814999.9,202614.645,211961.0,43481.68,,,,,,,,,,,,,,,,,,,,,,85.54,in compliance,246096.325,2025.0,No,No,No,No,No,No,,,0.0,2.0
623,100899,702845000.0,boston housing authority,371 old colony ave,371 old colony ave,371 old colony ave,,2127.0,27  3 mcdonough wy,boston,2127,51716.0,,Multifamily Housing,Multifamily Housing (51716.0),97.3,,5033418.948,4231500.0,224734.965,235029.0,48213.849,,,,,,,,,,,,,,,,,,,,,,85.0,in compliance,272948.814,2025.0,No,No,No,No,No,No,,,0.0,2.0
625,100904,702845000.0,boston housing authority,3-17 McDonough Wy,3,17 McDonough Wy,,2127.0,27  3 mcdonough wy,boston,2127,49464.0,,Multifamily Housing,Multifamily Housing (49464.0),97.3,,4813597.328,4046600.2,214914.937,224794.0,46114.241,,,,,,,,,,,,,,,,,,,,,,46.27,in compliance,261029.178,2025.0,No,No,No,No,No,No,,,1.0,1.0
626,100906,702846000.0,boston housing authority,28-42 logan way,28,42 logan way,,2127.0,28  42 logan wy,boston,2127,56036.0,,Multifamily Housing,Multifamily Housing (56036.0),97.4,,5455406.544,4586499.8,243589.004,254662.0,52241.363,,,,,,,,,,,,,,,,,,,,,,51.0,in compliance,295830.367,2025.0,No,No,No,No,No,No,,,0.0,2.0
627,100907,702846000.0,boston housing authority,10-26 logan way,10,26 logan way,,2127.0,28  42 logan wy,boston,2127,56208.0,,Multifamily Housing,Multifamily Housing (56208.0),97.4,,5471974.728,4600399.8,244327.233,255444.0,52401.782,,,,,,,,,,,,,,,,,,,,,,47.82,in compliance,296729.015,2025.0,No,No,No,No,No,No,,,1.0,2.0
628,100908,702846000.0,boston housing authority,231-241 msgr o'callaghan way,231,241 msgr o'callaghan way,,2127.0,28  42 logan wy,boston,2127,32406.0,,Multifamily Housing,Multifamily Housing (32406.0),97.2,,3149171.492,2646699.9,140566.232,147266.0,30210.147,,,,,,,,,,,,,,,,,,,,,,68.0,in compliance,170776.379,2025.0,No,No,No,No,No,No,,,1.0,1.0
629,100910,702846000.0,boston housing authority,1-17 Gavin Wy,1,17 Gavin Wy,,2127.0,28  42 logan wy,boston,2127,56208.0,,Multifamily Housing,Multifamily Housing (56208.0),97.4,,5471974.728,4600399.8,244327.233,255444.0,52401.782,,,,,,,,,,,,,,,,,,,,,,29.69,in compliance,296729.015,2025.0,No,No,No,No,No,No,,,0.0,0.0
630,100911,702846000.0,boston housing authority,19-25 Gavin Wy,19,25 Gavin Wy,,2127.0,28  42 logan wy,boston,2127,123164.0,,Multifamily Housing,Multifamily Housing (123164.0),97.5,,12008494.2,10098599.9,536336.641,559758.0,114828.756,,,,,,,,,,,,,,,,,,,,,,21.92,in compliance,651165.397,2025.0,No,No,No,No,No,No,,,0.0,2.0
631,100913,702846000.0,,1-5 henry sterling sq,1,5 henry sterling sq,,2127.0,28  42 logan wy,boston,2127,73224.0,,Multifamily Housing,Multifamily Housing (73224.0),97.4,,7131752.184,5996300.0,318463.493,332782.0,68266.899,,,,,,,,,,,,,,,,,,,,,,17.3,in compliance,386730.392,2025.0,No,No,No,No,No,No,,,0.0,2.0
632,100914,702846000.0,boston housing authority,2-8 henry sterling sq,2,8 henry sterling sq,,2127.0,28  42 logan wy,boston,2127,29496.0,,Multifamily Housing,Multifamily Housing (29496.0),97.1,,2864347.792,2406999.9,127835.765,134041.0,27497.171,,,,,,,,,,,,,,,,,,,,,,45.45,in compliance,155332.936,2025.0,No,No,No,No,No,No,,,0.0,0.0
635,100920,702847000.0,boston housing authority,21 msgr o'callaghan way,21 msgr o'callaghan way,21 msgr o'callaghan way,,2127.0,391  439 old colony av,boston,2127,49976.0,,Multifamily Housing,Multifamily Housing (49976.0),97.3,,4863926.616,4089000.0,217166.79,227118.0,46590.987,,,,,,,,,,,,,,,,,,,,,,54.02,in compliance,263757.777,2025.0,No,No,No,No,No,No,,,0.0,2.0
636,100921,702847000.0,boston housing authority,3 msgr o'callaghan way,3 msgr o'callaghan way,3 msgr o'callaghan way,,2127.0,391  439 old colony av,boston,2127,43288.0,,Multifamily Housing,Multifamily Housing (43288.0),97.3,,4211319.076,3540100.2,188014.722,196723.0,40355.756,,,,,,,,,,,,,,,,,,,,,,60.6,in compliance,228370.478,2025.0,No,No,No,No,No,No,,,0.0,2.0
637,100923,702847000.0,,391-415 old colony ave,391,415 old colony ave,,2127.0,391  439 old colony av,boston,2127,87912.0,,Multifamily Housing,Multifamily Housing (87912.0),97.4,,8565716.832,7202500.0,382524.775,399536.0,81960.815,,,,,,,,,,,,,,,,,,,,,,24.78,in compliance,464485.59,2025.0,No,No,No,No,No,No,,,1.0,1.0
638,100924,702847000.0,boston housing authority,417-429 old colony ave,417,429 old colony ave,,2127.0,391  439 old colony av,boston,2127,76992.0,,Multifamily Housing,Multifamily Housing (76992.0),97.4,,7500172.448,6306300.0,334927.593,349904.0,71779.307,,,,,,,,,,,,,,,,,,,,,,98.7,in compliance,406706.9,2025.0,No,No,No,No,No,No,,,0.0,2.0
641,100929,702853000.0,boston housing authority,10-14 msgr o'callaghan way,10,14 msgr o'callaghan way,,2127.0,10  22 kemp st,boston,2127,48357.0,,Multifamily Housing,Multifamily Housing (48357.0),97.3,,4705528.244,3955700.3,210087.243,219762.0,45081.977,,,,,,,,,,,,,,,,,,,,,,34.75,in compliance,255169.22,2025.0,No,No,No,No,No,No,,,0.0,0.0
643,100932,702853000.0,boston housing authority,4-6 msgr o'callaghan way,4,6 msgr o'callaghan way,,2127.0,10  22 kemp st,boston,2127,211892.0,,Multifamily Housing,Multifamily Housing (211892.0),97.5,,20668925.78,17383101.2,923216.505,963020.1,197553.943,,,,,,,,,,,,,,,,,,,,,,19.52,in compliance,1120770.448,2025.0,No,No,No,No,No,No,,,0.0,2.0
650,100942,703210000.0,boston housing authority,24 bellflower st,24 bellflower st,24 bellflower st,,2125.0,24 bellflower st,boston,2125,85000.0,,Multifamily Housing,Multifamily Housing (85000.0),53.5,79.0,4551668.076,3078799.8,163515.057,431673.0,88553.399,,,,,,,,,,,,,,,,,,,,,,77.83,in compliance,252068.456,2025.0,No,No,No,No,No,No,,,1.0,1.0
3793,105663,703469000.0,,4 lucy st,4 lucy st,4 lucy st,,2125.0,55 enterprise st,boston,2125,529523.0,109251.0,Multifamily Housing,"Multifamily Housing (529523.0),Swimming Pool (0.0),Parking (109251.0)",28.5,99.0,15105617.72,3648200.2,193755.913,3357977.0,688855.402,,,,,,,,,,,,,,,,,,,,,,12.44,pending revisions,882611.315,2025.0,I'm not sure,No,No,No,I'm not sure,I'm not sure,,,1.0,1.0
261,100369,703574000.0,alvan-mora llc,1258-1272 massachusetts ave,1258,1272 massachusetts ave,,2125.0,1272  1258 massachusetts av,boston,2125,37586.0,6000.0,Multifamily Housing,"Multifamily Housing (37586.0),Parking (10500.0)",74.3,61.0,2793267.072,1681958.2,89328.8,325706.0,66815.329,,,,,,,,,,,,,,,,,,,,,,27.8,in compliance,156144.129,2025.0,No,No,No,No,No,No,,,0.0,2.0
5436,107975,703644000.0,,67 e cottage st,67 e cottage st,67 e cottage st,,2125.0,,,,93691.0,,Multifamily Housing,Multifamily Housing (93691.0),42.2,95.0,3954751.496,2252648.0,119638.135,498858.0,102335.73,,,,,,,,,,,,,,,,,,,,,,45.31,in compliance,221973.865,2025.0,,,,,,,,,1.0,2.0
4437,106523,703892012.0,uphams corner market,612-618 columbia rd,612,618 columbia rd,,2125.0,612  618 columbia rd,boston,2125,60348.0,,Multifamily Housing,Multifamily Housing (60348.0),48.5,56.0,2926610.088,1744270.2,92638.19,346524.0,71085.933,,,,,,,,,,,,,,,,,,,,,,40.5,in compliance,163724.123,2025.0,No,No,No,No,No,No,,,0.0,0.0
3710,105521,703892100.0,rpp commerce llc mass llc,600-618 columbia rd,600 columbia rd,600 columbia rd,,2125.0,600 columbia rd,boston,2125,29712.0,,Multifamily Housing,Multifamily Housing (29712.0),47.7,,1417070.18,1056200.0,56094.782,105765.0,21696.632,,,,,,,,,,,,,,,,,,,,,,35.19,pending revisions,77791.414,2030.0,I'm not sure,No,No,No,I'm not sure,I'm not sure,,,0.0,2.0
4046,106014,704012000.0,sumner st housing corp,67 sumner st,67 sumner st,67 sumner st,,2125.0,63  69 sumner st,boston,2125,26400.0,,Multifamily Housing,Multifamily Housing (26400.0),28.9,94.0,761812.808,,,156584.0,32121.642,,,,,,,,,,227548.2,16886.352,,,,,,,,,,,37.37,in compliance,49007.994,2030.0,No,No,No,No,No,No,,,0.0,2.0
1813,102710,800132010.0,dudley neighbors two inc,564-570 dudley st,564,570 dudley st,,2125.0,564  570 dudley st,boston,2125,28392.0,,Multifamily Housing,Multifamily Housing (28392.0),36.2,,1026638.416,605792.1,32173.618,123343.0,25302.583,,,,,,,,,,,,,,,,,,,,,,17.89,in compliance,57476.201,2030.0,No,No,No,No,No,No,,,1.0,1.0
5016,107419,800146000.0,,19 leyland st,19 leyland st,19 leyland st,,2125.0,,,,38101.0,,Multifamily Housing,Multifamily Housing (38101.0),67.9,80.0,2586343.032,2020254.7,107295.727,165911.0,34034.983,,,,,,,,,,,,,,,,,,,,,,32.87,in compliance,141330.71,2030.0,I'm not sure,No,No,No,I'm not sure,I'm not sure,,,0.0,2.0
3832,105711,800437000.0,shetland street llc,13 shetland st,13 shetland st,13 shetland st,,2119.0,13 shetland st,boston,2119,49693.0,0.0,Multifamily Housing,"Multifamily Housing (49693.0),Parking (14000.0)",38.9,93.0,1932409.28,961900.0,51086.509,284440.0,58350.022,,,,,,,,,,,,,,,,,,,,,,33.29,in compliance,109436.531,2025.0,No,No,No,No,No,No,,,0.0,0.0
5213,107693,800740000.0,,204-210 hampden st,204,210 hampden st,,2119.0,,,,51576.0,0.0,Multifamily Housing,"Multifamily Housing (51576.0),Parking (1600.0)",27.2,100.0,1403862.644,1046500.0,55579.615,104737.0,21485.748,,,,,,,,,,,,,,,,,,,,,,3.4,in compliance,77065.363,2030.0,,,,,,,,,1.0,1.0
3957,105904,801080000.0,st helenas house inc,89 union park st,89 union park st,89 union park st,,2118.0,89 union park st,boston,2118,85828.0,,Multifamily Housing,Multifamily Housing (85828.0),58.5,79.0,5020538.564,3762038.4,199801.859,368845.3,75664.925,,,,,,,,,,,,,,,,,,,,,,37.37,in compliance,275466.784,2025.0,No,No,No,No,No,No,,,0.0,0.0
3668,105426,801103000.0,roman catholic archbishop of boston,50 malden st,50 malden st,50 malden st,,2118.0,50 malden st,boston,2118,192793.0,57408.0,Multifamily Housing,"Restaurant (3504.0),Multifamily Housing (189289.0),Parking (62104.0)",48.4,80.0,9324470.42,3736006.8,198419.321,1637885.0,335995.729,,,,,,,,,,,,,,,,,,,,,,31.21,in compliance,534415.05,2025.0,No,No,No,No,No,No,,,1.0,1.0
48,100066,801106020.0,1850  condominium  trust,90 wareham st,90 wareham st,90 wareham st,,2118.0,90 wareham st,boston,2118,70831.0,,Multifamily Housing,Multifamily Housing (70831.0),63.6,9.0,4502151.38,234200.0,12438.362,1250865.0,256602.446,,,,,,,,,,,,,,,,,,,,,,29.32,in compliance,269040.808,2025.0,No,No,No,No,No,No,,,0.0,0.0
125,100172,801108000.0,,46-76 wareham st,46,76 wareham st,,2118.0,46 wareham st,boston,2118,56112.0,13540.0,Multifamily Housing,"Multifamily Housing (56112.0),Parking (13540.0)",49.1,,2757075.8,1196427.0,63542.238,457400.0,93831.036,,,,,,,,,,,,,,,,,,,,,,11.52,in compliance,157373.274,2030.0,No,No,No,No,No,No,,,0.0,2.0
4316,106366,801132010.0,,27 wareham st,27 wareham st,27 wareham st,,2118.0,27 wareham st,boston,2118,34029.0,,Multifamily Housing,Multifamily Housing (34029.0),66.4,53.0,2259242.5,1376814.0,73122.592,258625.0,53054.333,,,,,,,,,,,,,,,,,,,,,,20.63,in compliance,126176.925,2030.0,No,No,No,No,No,No,,,0.0,0.0
2935,104401,801172000.0,,83-93 e dedham st,83,93 e dedham st,,2118.0,100  112 e canton st,boston,2118,280000.0,37000.0,Multifamily Housing,"Multifamily Housing (280000.0),Swimming Pool (0.0),Parking (37000.0)",62.1,50.0,17399150.28,8024373.2,426174.461,2747590.0,563640.613,,,,,,,,,,,,,,,,,,,,,,19.35,in compliance,989815.074,2025.0,No,No,No,No,No,No,,,0.0,2.0
651,100943,801209010.0,,42 harrison archway,42 harrison archway,42 harrison archway,,2118.0,15 msgr reynolds wy,boston,2118,64740.0,,Multifamily Housing,Multifamily Housing (64740.0),46.0,,2976830.08,1363500.0,72415.485,472840.0,96998.398,,,,,,,,,,,,,,,,,,,,,,49.68,in compliance,169413.883,2025.0,No,No,No,No,No,No,,,0.0,2.0
652,100944,801209010.0,,10 e brookline st,10 e brookline st,10 e brookline st,,2118.0,15 msgr reynolds wy,boston,2118,71898.0,,Multifamily Housing,Multifamily Housing (71898.0),63.9,,4594818.736,3490600.0,185385.766,323628.0,66389.048,,,,,,,,,,,,,,,,,,,,,,49.68,in compliance,251774.814,2025.0,No,No,No,No,No,No,,,1.0,2.0
653,100945,801209010.0,,18 e brookline st,18 e brookline st,18 e brookline st,,2118.0,15 msgr reynolds wy,boston,2118,84216.0,,Multifamily Housing,Multifamily Housing (84216.0),68.7,77.0,5781546.1,4473300.0,237576.963,383425.0,78655.805,,,,,,,,,,,,,,,,,,,,,,49.68,in compliance,316232.768,2025.0,No,No,No,No,No,No,,,1.0,1.0
654,100946,801209010.0,,599 harrison ave,599 harrison ave,599 harrison ave,,2118.0,15 msgr reynolds wy,boston,2118,85164.0,,Multifamily Housing,Multifamily Housing (85164.0),34.1,99.0,2904721.092,1471200.0,78135.432,420141.0,86187.725,,,,,,,,,,,,,,,,,,,,,,49.68,in compliance,164323.157,2025.0,No,No,No,No,No,No,,,1.0,2.0
655,100952,801209010.0,boston housing authority,637-651 harrison ave,637,651 harrison ave,,2118.0,15 msgr reynolds wy,boston,2118,74420.0,,Multifamily Housing,Multifamily Housing (74420.0),44.8,100.0,3332570.848,2717800.1,144342.363,180179.0,36961.92,,,,,,,,,,,,,,,,,,,,,,49.68,in compliance,181304.283,2025.0,No,No,No,No,No,No,,,0.0,2.0
656,100953,801209010.0,,623-635 harrison ave,623,635 harrison ave,,2118.0,15 msgr reynolds wy,boston,2118,68570.0,,Multifamily Housing,Multifamily Housing (68570.0),44.6,98.0,3057337.232,2121899.9,112694.104,274161.0,56241.388,,,,,,,,,,,,,,,,,,,,,,49.68,in compliance,168935.492,2025.0,No,No,No,No,No,No,,,0.0,0.0
657,100954,801209010.0,boston housing authority,17 monsignor reynolds way,17 monsignor reynolds way,17 monsignor reynolds way,,2118.0,15 msgr reynolds wy,boston,2118,45402.0,,Multifamily Housing,Multifamily Housing (45402.0),22.8,100.0,1036952.544,271600.0,14424.676,224312.0,46015.364,,,,,,,,,,,,,,,,,,,,,,49.68,in compliance,60440.04,2025.0,No,No,No,No,No,No,,,0.0,2.0
658,100956,801209010.0,,21 monsignor reynolds way,21 monsignor reynolds way,21 monsignor reynolds way,,2118.0,15 msgr reynolds wy,boston,2118,27770.0,,Multifamily Housing,Multifamily Housing (27770.0),81.5,70.0,2262678.07,1988100.1,105587.996,80474.2,16508.477,,,,,,,,,,,,,,,,,,,,,,49.68,in compliance,122096.473,2025.0,No,No,No,No,No,No,,,0.0,2.0
5526,108090,801209020.0,,14 east brookline st,14 east brookline st,14 east brookline st,,2118.0,,,,27770.0,,Multifamily Housing,Multifamily Housing (27770.0),101.9,,2830785.356,1936199.9,102831.577,262188.0,53785.246,,,,,,,,,,,,,,,,,,,,,,49.68,in compliance,156616.823,2025.0,,,,,,,,,1.0,1.0
3807,105684,801212000.0,,700 harrison ave,700 harrison ave,700 harrison ave,,2118.0,700 harrison av,boston,2118,174156.0,,Multifamily Housing,Multifamily Housing (174156.0),40.8,100.0,7098781.94,4188192.4,222434.898,853045.0,174993.651,,,,,,,,,,,,,,,,,,,,,,15.01,in compliance,397428.549,2025.0,No,No,No,No,No,No,,,0.0,2.0
246,100337,801219000.0,,603 albany st,603 albany st,603 albany st,,2118.0,603 albany st,boston,2118,56610.0,,Multifamily Housing,Multifamily Housing (56610.0),48.4,63.0,2740564.396,1430499.7,75973.839,383958.0,78765.144,,,,,,,,,,,,,,,,,,,,,,31.82,in compliance,154738.983,2025.0,I'm not sure,No,No,No,I'm not sure,I'm not sure,,,0.0,2.0
4937,107287,801374010.0,,5 st george st,5 st george st,5 st george st,,2118.0,,,,44999.0,,Multifamily Housing,Multifamily Housing (44999.0),28.3,99.0,1273335.018,370600.0,19682.566,264576.5,54275.223,,,,,,,,,,,,,,,,,,,,,,20.3,in compliance,73957.789,2030.0,I'm not sure,No,No,No,I'm not sure,I'm not sure,,,0.0,2.0
3272,104855,801380010.0,,1 saint george st,1 saint george st,1 saint george st,,2118.0,1  4 st george st,boston,2118,30946.0,,Multifamily Housing,Multifamily Housing (30946.0),54.4,58.0,1683888.812,1042600.0,55372.486,187951.0,38556.268,,,,,,,,,,,,,,,,,,,,,,30.8,in compliance,93928.754,2030.0,No,No,No,No,No,No,,,0.0,2.0
2139,103120,801385002.0,,11 e newton st,11 e newton st,11 e newton st,,2118.0,11 e newton st,boston,2118,193816.0,,Multifamily Housing,Multifamily Housing (193816.0),61.1,85.0,11849387.49,9689622.2,514615.835,632991.0,129851.774,,,,,,,,,,,,,,,,,,,,,,27.34,in compliance,644467.609,2025.0,I'm not sure,No,No,No,I'm not sure,I'm not sure,,,0.0,2.0
2233,103345,801391022.0,granite james court llc,45 e newton st,45 e newton st,45 e newton st,,2118.0,45 e newton st,boston,2118,106050.0,1725.0,Multifamily Housing,"Multifamily Housing (106050.0),Parking (1725.0)",78.7,28.0,8348681.752,3991400.8,211983.296,1277046.0,261973.216,,,,,,,,,,,,,,,,,,,,,,20.3,in compliance,473956.512,2025.0,No,No,No,No,No,No,,,0.0,2.0
179,100233,801401300.0,761 harrison church llc,761 harrison av,761 harrison av,761 harrison av,,2118.0,761 harrison av,boston,2118,54426.0,1725.0,Multifamily Housing,"Multifamily Housing (54426.0),Parking (1725.0)",77.1,17.0,4193924.983,1035936.1,55018.566,925553.6,189868.066,,,,,,,,,,,,,,,,,,,,,,51.44,pending revisions,244886.632,2025.0,No,No,No,No,No,No,,,0.0,2.0
3403,105037,801401510.0,,21 father francis gilday street,21 father francis gilday street,21 father francis gilday street,,2118.0,21 fr francis gilday st,boston,2118,81750.0,,Multifamily Housing,Multifamily Housing (81750.0),48.0,78.0,3923388.424,2825400.0,150056.994,321802.0,66014.462,,,,,,,,,,,,,,,,,,,,,,22.07,in compliance,216071.456,2025.0,No,No,No,No,No,No,,,1.0,2.0
1830,102735,801448000.0,east concord street lps mass lp,1640 washington st,1640 washington st,1640 washington st,,2118.0,1640 washington st,boston,2118,43375.0,,Multifamily Housing,Multifamily Housing (43375.0),43.6,77.0,1892301.381,1247200.0,66238.792,189068.4,38785.492,,,,,,,,,,,,,,,,,,,,,,15.33,in compliance,105024.284,2025.0,No,No,No,No,No,No,,,1.0,1.0
5191,107662,801610010.0,,93-101 northampton st,93,101 northampton st,,2118.0,,,,26768.0,,Multifamily Housing,Multifamily Housing (26768.0),67.5,39.0,1806354.704,1369646.0,72741.899,127992.0,26256.279,,,,,,,,,,,,,,,,,,,,,,61.83,in compliance,98998.178,2025.0,I'm not sure,No,No,No,I'm not sure,I'm not sure,,,0.0,0.0
3392,105026,801615010.0,parmelee court limited,1762-1786 washington st,1762,1786 washington st,,2118.0,1762  1786 washington st,boston,2118,39781.0,0.0,Multifamily Housing,"Multifamily Housing (38342.0),Office (1439.0),Parking (5686.0)",78.4,31.0,3120126.192,2345632.9,124576.563,226991.0,46564.934,,,,,,,,,,,,,,,,,,,,,,73.87,in compliance,171141.497,2025.0,I'm not sure,No,No,No,I'm not sure,I'm not sure,,,0.0,0.0
2234,103346,801675000.0,grant manor lp mass lp,1810-1854 washington st,1810,1854 washington st,,2118.0,1854  1810 washington st,boston,2118,137893.0,,Multifamily Housing,Multifamily Housing (137893.0),74.6,40.0,10282376.32,7755015.8,411868.889,740727.0,151952.737,,,,,,,,,,,,,,,,,,,,,,50.54,in compliance,563821.626,2025.0,No,No,No,No,No,No,,,0.0,0.0
2235,103347,801675000.0,grant manor lp mass lp,20 e lenox st,20 e lenox st,20 e lenox st,,2118.0,1854  1810 washington st,boston,2118,42298.0,,Multifamily Housing,Multifamily Housing (42298.0),83.0,33.0,3508855.396,2825319.2,150052.703,200333.0,41096.312,,,,,,,,,,,,,,,,,,,,,,62.34,in compliance,191149.015,2025.0,No,No,No,No,No,No,,,0.0,0.0
3819,105697,801717010.0,,70-72 northampton st,70,72 northampton st,,2118.0,70  72 northampton st,boston,2118,27935.0,,Multifamily Housing,Multifamily Housing (27935.0),43.1,99.0,1203052.58,1034278.0,54930.505,49465.0,10147.25,,,,,,,,,,,,,,,,,,,,,,4.87,in compliance,65077.755,2030.0,No,No,No,No,No,No,,,1.0,1.0
4849,107178,801720100.0,boston public health comm,860 harrison ave,860 harrison ave,860 harrison ave,,2118.0,massachusetts av,boston,2118,259985.0,,Multifamily Housing,"Multifamily Housing (254414.0),Medical Office (5571.0)",49.0,,12750211.9,,,,0.0,,,,,,12750211.9,846614.07,,,,,,,,,,,,,,,,in compliance,846614.07,2025.0,Yes,No,No,No,Yes,Yes,C10048,,0.0,0.0
4936,107286,801877000.0,,1 newcomb st,1 newcomb st,1 newcomb st,,2118.0,,,,24665.0,,Multifamily Housing,Multifamily Housing (24665.0),32.2,99.0,793751.284,314597.3,16708.263,140432.0,28808.22,,,,,,,,,,,,,,,,,,,,,,29.95,pending revisions,45516.483,2030.0,I'm not sure,No,No,No,I'm not sure,I'm not sure,,,1.0,2.0
4250,106286,802041010.0,trustees boston university,815 albany st,815 albany st,815 albany st,,2119.0,817 albany st,boston,2119,102126.0,,Multifamily Housing,Multifamily Housing (102126.0),72.8,30.0,7431620.812,4003254.4,212612.841,1003551.0,205868.452,,,,,,,,,,,,,,,,,,4250.4,315.422,,,61.23,in compliance,418796.715,2025.0,No,Yes,No,No,No,No,,,1.0,1.0
5479,108030,802531000.0,,2-14 taber st,2,14 taber st,,2119.0,,,,46239.0,,Multifamily Housing,"Multifamily Housing (44239.0),Fitness Center/Health Club/Gym (2000.0)",25.4,100.0,1176686.808,473187.0,25130.962,206184.0,42296.586,,,,,,,,,,,,,,,,,,,,,,20.4,pending revisions,67427.548,2025.0,I'm not sure,No,No,No,I'm not sure,I'm not sure,,,0.0,0.0
1880,102802,802571000.0,,11 mount pleasant ave,11 mount pleasant ave,11 mount pleasant ave,,2119.0,11 mt pleasant av,boston,2119,23176.0,,Multifamily Housing,Multifamily Housing (23176.0),63.9,,1480580.82,979068.0,51998.301,146985.0,30152.503,,,,,,,,,,,,,,,,,,,,,,35.09,in compliance,82150.804,2030.0,No,No,No,No,No,No,,,1.0,1.0
2578,103955,802604000.0,jpndc  pitts  llc,22-24 greenville st,22,24 greenville st,,2119.0,22  24 greenville st,boston,2119,33310.0,,Multifamily Housing,Multifamily Housing (33310.0),17.2,100.0,571738.304,15012.5,797.314,163167.0,33472.078,,,,,,,,,,,,,,,,,,,,,,33.72,in compliance,34269.392,2030.0,No,No,No,No,No,No,,,0.0,0.0
5119,107554,802734000.0,,62 forest st,62 forest st,62 forest st,,2119.0,,,,21500.0,,Multifamily Housing,Multifamily Housing (21500.0),72.1,,1549180.312,1258901.0,66860.232,85076.0,17452.491,,,,,,,,,,,,,,,,,,,,,,50.92,in compliance,84312.723,2030.0,I'm not sure,No,No,No,I'm not sure,I'm not sure,,,0.0,0.0
5267,107764,900079000.0,,20 aguadilla st,20 aguadilla st,20 aguadilla st,,2118.0,,,,20923.0,,Multifamily Housing,Multifamily Housing (20923.0),76.4,77.0,1598407.449,1383164.5,73459.867,63084.1,12941.072,,,,,,,,,,,,,,,,,,,,,,65.91,in compliance,86400.939,2025.0,No,No,No,No,No,No,,,0.0,0.0
4475,106596,900080000.0,viviendas llc,100 w dedham st,100 w dedham st,100 w dedham st,,2118.0,100 w dedham st,boston,2118,63968.0,,Multifamily Housing,Multifamily Housing (63968.0),89.2,42.0,5705043.304,4418320.1,234656.981,377117.0,77361.781,,,,,,,,,,,,,,,,,,,,,,47.52,in compliance,312018.762,2025.0,No,No,No,No,No,No,,,0.0,0.0
661,100964,900095000.0,boston housing authority,80 w dedham st,80 w dedham st,80 w dedham st,,2118.0,80 w dedham st,boston,2118,128250.0,,Multifamily Housing,Multifamily Housing (128250.0),77.2,,9894927.52,2654800.0,140996.428,2121960.0,435298.874,,,,,,,,,,,,,,,,,,,,,,65.27,in compliance,576295.302,2025.0,No,No,No,No,No,No,,,0.0,0.0
2193,103300,900190000.0,geraghty susan a ts,1511-1525 washington st,1511,1525 washington st,,2118.0,1511  1525 washington st,boston,2118,58880.0,,Multifamily Housing,"K-12 School (8590.0),Multifamily Housing (41700.0),Other (8590.0)",80.3,18.0,4729865.38,178700.0,9490.757,449740.0,92259.664,,,,,,,,,,3016652.5,223865.782,,,,,,,,,,,25.43,in compliance,325616.203,2030.0,Yes,No,No,No,Yes,Yes,,,0.0,0.0
4079,106051,900248000.0,,640 tremont st,640 tremont st,640 tremont st,,2118.0,143 w brookline st,boston,2118,24732.0,,Multifamily Housing,Multifamily Housing (24732.0),65.1,49.0,1608987.355,1074300.0,57056.073,156707.9,32147.059,,,,,,,,,,,,,,,,,,,,,,42.28,in compliance,89203.132,2030.0,No,No,No,No,No,No,,,0.0,0.0
477,100680,900352000.0,,42 w newton st,42 w newton st,42 w newton st,,2118.0,43  41 w newton st,boston,2118,22039.0,,Multifamily Housing,Multifamily Housing (22039.0),39.9,85.0,880324.112,366900.0,19486.059,150476.0,30868.647,,,,,,,,,,,,,,,,,,,,,,23.57,in compliance,50354.706,2030.0,No,No,No,No,No,No,,,0.0,0.0
2523,103887,900628000.0,,68 w concord st,68 w concord st,68 w concord st,,2118.0,68 w concord st,boston,2118,38493.0,,Multifamily Housing,Multifamily Housing (38493.0),64.1,72.0,2466410.924,1852500.0,98386.275,179927.0,36910.225,,,,,,,,,,,,,,,,,,,,,,37.57,in compliance,135296.5,2030.0,No,No,No,No,No,No,,,1.0,1.0
537,100772,900650000.0,,1701 washington st,1701 washington st,1701 washington st,,2118.0,worcester st,boston,2118,55472.0,,Multifamily Housing,Multifamily Housing (55472.0),74.9,,4154028.8,1092100.0,58001.431,897400.0,184092.636,,,,,,,,,,,,,,,,,,,,,,51.7,in compliance,242094.067,2025.0,No,No,No,No,No,No,,,0.0,0.0
2664,104058,900660000.0,,508 shawmut ave,508 shawmut ave,508 shawmut ave,,2118.0,83 w springfield st,boston,2118,107340.0,10000.0,Multifamily Housing,"Multifamily Housing (107340.0),Parking (10000.0)",60.1,50.0,6447157.604,4600269.3,244320.303,541292.0,111040.641,,,,,,,,,,,,,,,,,,,,,,36.14,in compliance,355360.944,2025.0,I'm not sure,No,No,No,I'm not sure,I'm not sure,,,0.0,0.0
4106,106085,900740000.0,tenants' development iii lp mass lp,400 massachusetts ave,400 massachusetts ave,400 massachusetts ave,,2118.0,400 massachusetts av,boston,2118,60000.0,,Multifamily Housing,Multifamily Housing (60000.0),44.7,99.0,2679737.276,1908973.3,101385.572,225898.0,46340.716,,,,,,,,,,,,,,,,,,,,,,28.26,in compliance,147726.288,2025.0,No,No,No,No,No,No,,,0.0,2.0
4220,106253,900789000.0,tremont towers condo trust,492-498 massachusetts ave,492,498 massachusetts ave,,2118.0,492  498 massachusetts av,boston,2118,25088.0,,Multifamily Housing,Multifamily Housing (25088.0),68.3,,1714655.548,1235000.0,65590.85,140579.0,28838.376,,,,,,,,,,,,,,,,,,,,,,24.5,in compliance,94429.226,2030.0,No,No,No,No,No,No,,,0.0,2.0
2959,104432,900860010.0,,1721 washington st,1721 washington st,1721 washington st,,2118.0,1721 washington st,boston,2118,53960.0,,Multifamily Housing,Multifamily Housing (53960.0),67.9,21.0,3663914.992,1935000.0,102767.85,506716.0,103947.72,,,,,,,,,,,,,,,,,,,,,,18.0,in compliance,206715.57,2025.0,I'm not sure,No,No,No,I'm not sure,I'm not sure,,,1.0,1.0
5533,108099,900881000.0,,1777-1781 washington st,1777,1781 washington st,,2118.0,,,,26219.0,,Multifamily Housing,Multifamily Housing (26219.0),76.7,50.0,2011379.32,1585612.9,84211.901,124785.0,25598.395,,,,,,,,,,,,,,,,,,,,,,127.25,in compliance,109810.296,2030.0,,,,,,,,,0.0,0.0
538,100773,900890000.0,,155 northampton st,155 northampton st,155 northampton st,,2118.0,155 northampton st,boston,2118,55472.0,,Multifamily Housing,Multifamily Housing (55472.0),73.5,,4079632.661,949600.0,50433.256,917360.1,188187.251,,,,,,,,,,,,,,,,,,,,,,53.54,in compliance,238620.507,2025.0,No,No,No,No,No,No,,,0.0,2.0
3601,105346,900939000.0,robert l fortes house lp,541-549 shawmut ave,541,549 shawmut ave,,2118.0,541  549 shawmut av,boston,2118,39280.0,,Multifamily Housing,Multifamily Housing (39280.0),50.5,85.0,1984168.985,1238349.8,65768.758,218587.1,44840.958,,,,,,,,,,,,,,,,,,,,,,36.72,in compliance,110609.716,2025.0,No,No,No,No,No,No,,,0.0,0.0
1968,102922,901006000.0,fenway ns acquisition llc,599 columbus ave,599 columbus ave,599 columbus ave,,2127.0,599 columbus av,boston,2127,35545.0,,Multifamily Housing,Multifamily Housing (35545.0),76.8,60.0,2731454.292,2256193.4,119826.431,139291.0,28574.156,,,,,,,,,,,,,,,,,,,,,,42.61,in compliance,148400.587,2025.0,No,No,No,No,No,No,,,0.0,0.0
1969,102923,901045000.0,fenway ns acquisition llc,607-627 columbus ave,607,627 columbus ave,,2118.0,380 northampton st,boston,2118,74156.0,,Multifamily Housing,Multifamily Housing (74156.0),60.0,56.0,4450345.426,3601580.4,191279.935,248758.8,51030.38,,,,,,,,,,,,,,,,,,,,,,27.48,in compliance,242310.315,2025.0,No,No,No,No,No,No,,,0.0,2.0
3421,105059,901071000.0,,789-793 tremont st,789,793 tremont st,,2118.0,272  268 northampton st,boston,2118,242904.0,0.0,Multifamily Housing,"Multifamily Housing (242904.0),Swimming Pool (0.0),Parking (12500.0)",53.3,88.0,12955621.62,9452118.6,502002.019,1026818.0,210641.445,,,,,,,,,,,,,,,,,,,,,,20.78,in compliance,712643.464,2025.0,No,No,No,No,No,No,,,0.0,2.0
3695,105499,901120000.0,roxse residences lp mass lp,228-232 northampton st,228,232 northampton st,,2118.0,65  109 camden st,boston,2118,28496.0,,Multifamily Housing,Multifamily Housing (28496.0),39.4,,1122346.214,825805.2,43858.514,86911.2,17828.964,,,,,,,,,,,,,,,,,,,,,,48.08,in compliance,61687.478,2025.0,No,No,No,No,No,No,,,0.0,2.0
3697,105501,901120000.0,roxse residences lp mass lp,59-105 camden st,59,105 camden st,,2118.0,65  109 camden st,boston,2118,71033.0,,Multifamily Housing,Multifamily Housing (71033.0),39.3,100.0,2793916.276,2256874.3,119862.594,157398.0,32288.626,,,,,,,,,,,,,,,,,,,,,,48.33,in compliance,152151.22,2025.0,No,No,No,No,No,No,,,0.0,2.0
3698,105503,901120000.0,roxse residences lp mass lp,172-196 northampton st,172,196 northampton st,,2118.0,65  109 camden st,boston,2118,36887.0,,Multifamily Housing,Multifamily Housing (36887.0),39.8,,1466614.868,1205890.3,64044.834,76414.0,15675.568,,,,,,,,,,,,,,,,,,,,,,37.86,in compliance,79720.402,2025.0,No,No,No,No,No,No,,,0.0,2.0
4770,107061,901150000.0,,1825-1841 washington st,1825,1841 washington st,,2118.0,586  572 shawmut av,boston,2118,32480.0,,Multifamily Housing,Multifamily Housing (32480.0),20.6,100.0,667906.8476,,,195752.3,40156.627,,,,,,,,,,,,,,,,,,,,,,45.62,in compliance,40156.627,2025.0,No,No,No,No,No,No,,,1.0,1.0
3687,105449,901180010.0,roxbury corners llc,1797-1815 washington st,1797,1815 washington st,,2118.0,1797  1815 washington st,boston,2118,81011.0,0.0,Multifamily Housing,"Multifamily Housing (81011.0),Parking (3512.0)",60.6,28.0,4910965.896,3840679.5,203978.488,313683.0,64348.931,,,,,,,,,,,,,,,,,,,,,,83.85,in compliance,268327.419,2025.0,I'm not sure,No,No,No,I'm not sure,I'm not sure,,,0.0,2.0
1092,101603,901220000.0,camfield tenants assoc inc,112 camden st,112 camden st,112 camden st,,2118.0,112  80 camden st,boston,2118,113315.0,,Multifamily Housing,Multifamily Housing (113315.0),17.3,,1959903.98,,,574415.0,117835.493,,,,,,,,,,,,,,,,,,,,,,,pending revisions,117835.493,2025.0,No,No,No,No,No,No,,,0.0,0.0
401,100558,901233000.0,bc camden limited,50-60 camden st,50,60 camden st,,2118.0,50  60 camden st,boston,2118,72228.0,,Multifamily Housing,Multifamily Housing (72228.0),64.5,61.0,4660853.18,3384793.5,179766.383,373991.7,76720.657,,,,,,,,,,,,,,,,,,,,,,52.0,in compliance,256487.04,2025.0,No,No,No,No,No,No,,,0.0,0.0
5091,107517,901323508.0,,150 camden st,150 camden st,150 camden st,,2118.0,,,,214869.0,35400.0,Multifamily Housing,"Multifamily Housing (214869.0),Parking (35400.0)",55.1,61.0,11846471.52,5714022.5,303471.735,1797318.0,368701.815,,,,,,,,,,,,,,,,,,,,,,36.53,in compliance,672173.55,2025.0,No,No,No,No,No,No,,,0.0,0.0
4940,107293,901361000.0,,1065-1067 tremont street,1065,1067 tremont street,,2120.0,,,,49483.0,,Multifamily Housing,Multifamily Housing (49483.0),27.2,100.0,1344003.46,743645.0,39494.986,175955.0,36095.409,,,,,,,,,,,,,,,,,,,,,,34.18,pending revisions,75590.395,2025.0,No,No,No,No,No,No,,,1.0,2.0
3210,104769,901401010.0,northeastern university,742  744 columbus av,742  744 columbus av,742  744 columbus av,,2120.0,742  744 columbus av,boston,2120,313765.0,,Multifamily Housing,Multifamily Housing (313765.0),51.4,92.0,16128951.95,6482900.4,344306.84,2827096.0,579950.473,,,,,,,,,,,,,,,,,,,,,,46.02,in compliance,924257.313,2025.0,No,No,No,No,No,No,,,0.0,2.0
3699,105507,901580000.0,roxse residences lp mass lp,91-105 hammond st,91,105 hammond st,,2118.0,10  70 kendall st,boston,2118,54004.0,,Multifamily Housing,Multifamily Housing (54004.0),43.0,98.0,2319847.176,1985563.3,105453.267,97973.0,20098.181,,,,,,,,,,,,,,,,,,,,,,31.55,in compliance,125551.448,2025.0,No,No,No,No,No,No,,,0.0,2.0
3700,105508,901580000.0,roxse residences lp mass lp,5-15 hammond st,5,15 hammond st,,2118.0,10  70 kendall st,boston,2118,21613.0,,Multifamily Housing,Multifamily Housing (21613.0),43.5,,939678.024,766938.7,40732.114,50627.0,10385.623,,,,,,,,,,,,,,,,,,,,,,44.66,in compliance,51117.737,2025.0,No,No,No,No,No,No,,,0.0,0.0
3701,105509,901580000.0,roxse residences lp mass lp,17-21-25 hammond st,17,25 hammond st,,2118.0,10  70 kendall st,boston,2118,40350.0,,Multifamily Housing,Multifamily Housing (40350.0),38.4,,1549780.072,1254109.8,66605.771,86656.0,17776.612,,,,,,,,,,,,,,,,,,,,,,24.21,in compliance,84382.383,2025.0,No,No,No,No,No,No,,,0.0,2.0
3702,105510,901580000.0,roxse residences lp mass lp,35-45 hammond st,35,45 hammond st,,2118.0,10  70 kendall st,boston,2118,39574.0,,Multifamily Housing,Multifamily Housing (39574.0),34.1,,1351220.584,1041387.1,55308.069,90807.0,18628.148,,,,,,,,,,,,,,,,,,,,,,28.44,in compliance,73936.217,2025.0,No,No,No,No,No,No,,,0.0,2.0
3703,105511,901580000.0,roxse residences lp mass lp,47-55 hammond st,47,55 hammond st,,2118.0,10  70 kendall st,boston,2118,40062.0,,Multifamily Housing,Multifamily Housing (40062.0),43.4,,1738231.308,1442806.7,76627.464,86584.0,17761.842,,,,,,,,,,,,,,,,,,,,,,37.67,in compliance,94389.306,2025.0,No,No,No,No,No,No,,,0.0,0.0
3704,105513,901580000.0,roxse residences lp mass lp,65-83 hammond st,65,83 hammond st,,2118.0,10  70 kendall st,boston,2118,38734.0,,Multifamily Housing,Multifamily Housing (38734.0),36.1,,1398183.928,1151090.3,61134.406,72419.0,14856.034,,,,,,,,,,,,,,,,,,,,,,23.68,in compliance,75990.44,2025.0,No,No,No,No,No,No,,,0.0,0.0
3705,105515,901580000.0,roxse residences lp mass lp,85-89 hammond st,85,89 hammond st,,2118.0,10  70 kendall st,boston,2118,41078.0,,Multifamily Housing,Multifamily Housing (41078.0),44.7,,1837032.652,1549500.0,82293.945,84271.0,17287.353,,,,,,,,,,,,,,,,,,,,,,52.75,in compliance,99581.298,2025.0,No,No,No,No,No,No,,,0.0,2.0
888,101206,901710000.0,,431 melnea cass boulevard,431 melnea cass boulevard,431 melnea cass boulevard,,2119.0,,,,52055.0,,Multifamily Housing,Multifamily Housing (52055.0),40.4,89.0,2104548.912,893285.5,47442.393,355001.0,72824.905,,,,,,,,,,,,,,,,,,,,,,22.0,in compliance,120267.298,2025.0,No,No,No,No,No,No,,,0.0,0.0
3706,105517,902000010.0,roxse residences lp mass lps,1030-1070 tremont st,1030,1070 tremont st,,2120.0,1030  1070 tremont st,boston,2120,285517.0,,Multifamily Housing,Multifamily Housing (285517.0),17.6,100.0,5033875.856,2600990.2,138138.59,713038.0,146272.615,,,,,,,,,,,,,,,,,,,,,,31.01,in compliance,284411.205,2025.0,No,No,No,No,No,No,,,0.0,2.0
3707,105518,902000010.0,roxse residences lp mass lps,35-65 warwick st,35,65 warwick st,,2120.0,1030  1070 tremont st,boston,2120,44132.0,,Multifamily Housing,Multifamily Housing (44132.0),39.9,,1761020.016,1429738.7,75933.422,97093.0,19917.658,,,,,,,,,,,,,,,,,,,,,,49.66,in compliance,95851.08,2025.0,No,No,No,No,No,No,,,0.0,0.0
2749,104157,902126010.0,,2093-2115 washington st,2093,2115 washington st,,2119.0,2093  2115 washington st,boston,2119,45200.0,,Multifamily Housing,Multifamily Housing (45200.0),46.6,54.0,2106527.48,1042700.0,55377.797,311790.0,63960.601,,,,,,,,,,,,,,,,,,,,,,32.01,in compliance,119338.398,2030.0,I'm not sure,No,No,No,I'm not sure,I'm not sure,,,0.0,0.0
3772,105634,902131000.0,school house kenilworth,37 williams st,37 williams st,37 williams st,,2119.0,37 williams st,boston,2119,25630.0,,Multifamily Housing,Multifamily Housing (25630.0),61.7,58.0,1581862.972,1162763.6,61754.375,122831.0,25197.551,,,,,,,,,,,,,,,,,,,,,,41.69,in compliance,86951.926,2030.0,No,No,No,No,No,No,,,0.0,0.0
5133,107574,902145000.0,,80-100 dewitt dr,80,100 dewitt dr,,2119.0,,,,33000.0,,Multifamily Housing,Multifamily Housing (33000.0),73.3,76.0,2420337.732,1735000.0,92145.85,200861.0,41204.626,,,,,,,,,,,,,,,,,,,,,,83.1,in compliance,133350.476,2025.0,,,,,,,,,0.0,0.0
2739,104147,902160000.0,madison  haynes  llc,735 shawmut ave,735 shawmut ave,735 shawmut ave,,2119.0,725  751 shawmut av,boston,2119,138710.0,0.0,Multifamily Housing,"Multifamily Housing (138710.0),Parking (35370.0)",56.6,77.0,7851497.016,5449472.9,289421.506,703993.0,144417.124,,,,,,,,,,,,,,,,,,,,,,44.88,in compliance,433838.63,2025.0,I'm not sure,No,No,No,I'm not sure,I'm not sure,,,1.0,2.0
4826,107154,902197000.0,madison  melnea cass  llc,600 melnea cass blvd,600 melnea cass blvd,600 melnea cass blvd,,2120.0,brook marshall rd,boston,2120,71537.0,0.0,Multifamily Housing,"Multifamily Housing (71537.0),Parking (7014.0)",16.5,100.0,1177930.086,26479.0,1406.3,412113.8,84541.025,254681.2,,,,,,,,,,,,,,,,,,,,,32.44,in compliance,85947.325,2025.0,I'm not sure,No,No,No,I'm not sure,I'm not sure,,,0.0,2.0
5539,108105,902197010.0,,sojourner truth pl,sojourner truth pl,sojourner truth pl,,2120.0,,,,21350.0,,Multifamily Housing,Multifamily Housing (21350.0),70.7,80.0,1509154.904,1084900.0,57619.039,124342.0,25507.518,,,,,,,,,,,,,,,,,,,,,,37.95,in compliance,83126.557,2030.0,I'm not sure,No,No,No,I'm not sure,I'm not sure,,,1.0,1.0
2745,104153,902230010.0,madison melnea cass llc,40 raynor cir,40 raynor cir,40 raynor cir,,2119.0,40 raynor ci,boston,2119,22256.0,0.0,Multifamily Housing,"Multifamily Housing (22256.0),Parking (3000.0)",45.4,,1011277.584,625271.2,33208.153,113132.0,23207.898,,,,,,,,,,,,,,,,,,,,,,32.1,in compliance,56416.051,2030.0,I'm not sure,No,No,No,I'm not sure,I'm not sure,,,1.0,1.0
5150,107598,902310000.0,,11-21 raynor cir,11,21 raynor cir,,2120.0,,,,20706.0,,Multifamily Housing,Multifamily Housing (20706.0),54.3,81.0,1125065.96,720471.0,38264.215,118580.0,24325.501,,,,,,,,,,,,,,,,,,,,,,68.78,in compliance,62589.716,2030.0,I'm not sure,No,No,No,I'm not sure,I'm not sure,,,0.0,2.0
5151,107601,902345000.0,,67-81 ruggles st,67,81 ruggles st,,2120.0,,,,22741.0,,Multifamily Housing,Multifamily Housing (22741.0),112.8,8.0,2564582.564,1887652.0,100253.198,198397.0,40699.161,,,,,,,,,,,,,,,,,,,,,,49.7,in compliance,140952.359,2030.0,I'm not sure,No,No,No,I'm not sure,I'm not sure,,,0.0,2.0
5152,107605,902380000.0,,51 ruggles st,51 ruggles st,51 ruggles st,,2119.0,,,,20399.0,,Multifamily Housing,Multifamily Housing (20399.0),102.1,33.0,2082353.308,1806633.0,95950.279,80809.0,16577.158,,,,,,,,,,,,,,,,,,,,,,42.27,in compliance,112527.437,2030.0,I'm not sure,No,No,No,I'm not sure,I'm not sure,,,1.0,2.0
3721,105564,902453000.0,ruggles assisted living lp mass lp,25 ruggles st,25 ruggles st,25 ruggles st,,2119.0,25 ruggles st,boston,2119,27516.0,,Multifamily Housing,Multifamily Housing (27516.0),64.2,55.0,1765320.163,1042856.8,55386.125,211741.9,43436.733,,,,,,,,,,,,,,,,,,,,,,21.2,in compliance,98822.858,2025.0,No,No,No,No,No,No,,,0.0,2.0
3722,105565,902454000.0,ruggles shawmut housing llc,41 ruggles st,41 ruggles st,41 ruggles st,,2119.0,41 ruggles st,boston,2119,39610.0,,Multifamily Housing,Multifamily Housing (39610.0),57.3,69.0,2271523.82,1638649.0,87028.648,185485.0,38050.393,,,,,,,,,,,,,,,,,,,,,,48.52,in compliance,125079.041,2025.0,I'm not sure,No,No,No,I'm not sure,I'm not sure,,,0.0,0.0
5153,107610,902500000.0,,759 shawmut av,759 shawmut av,759 shawmut av,,2119.0,,,,29756.0,,Multifamily Housing,Multifamily Housing (29756.0),103.2,22.0,3071159.844,2485960.9,132029.383,171512.0,35183.972,,,,,,,,,,,,,,,,,,,,,,80.64,in compliance,167213.355,2030.0,I'm not sure,No,No,No,I'm not sure,I'm not sure,,,1.0,1.0
3902,105830,902505000.0,smith senior residences llc,757 shawmut ave,757 shawmut ave,757 shawmut ave,,2119.0,757 shawmut st,boston,2119,103792.0,,Multifamily Housing,Multifamily Housing (103792.0),51.8,53.0,5371735.28,1518086.0,80625.547,1129440.0,231693.322,,,,,,,,,,,,,,,,,,,,,,23.61,in compliance,312318.869,2025.0,I'm not sure,No,No,No,I'm not sure,I'm not sure,,,1.0,1.0
4577,106746,902643102.0,whittier 1a-9 preservation associates lp,100 cabot st,100 cabot st,100 cabot st,,2120.0,155  185 cabot st,boston,2120,77752.0,0.0,Multifamily Housing,"Multifamily Housing (77752.0),Parking (19065.0)",43.0,81.0,3344237.208,1535078.8,81528.035,530234.0,108772.203,,,,,,,,,,,,,,,,,,,,,,49.67,in compliance,190300.238,2025.0,Yes,No,No,No,Yes,Yes,,,1.0,1.0
4626,106809,902643102.0,whittier 1a-9 preservation associates lp,154 ruggles st,154 ruggles st,154 ruggles st,,2120.0,155  185 cabot st,boston,2120,23542.0,,Multifamily Housing,Multifamily Housing (23542.0),39.0,,918682.348,480226.7,25504.84,128504.0,26361.311,,,,,,,,,,,,,,,,,,,,,,41.36,in compliance,51866.151,2025.0,Yes,No,No,No,Yes,Yes,,,0.0,2.0
5468,108019,902643150.0,,180 ruggles st,180 ruggles st,180 ruggles st,,2120.0,,,,40541.0,,Multifamily Housing,Multifamily Housing (40541.0),39.6,91.0,1605268.594,700322.6,37194.133,265224.5,54408.154,,,,,,,,,,,,,,,,,,,,,,31.91,in compliance,91602.287,2025.0,I'm not sure,No,No,No,I'm not sure,I'm not sure,,,0.0,2.0
5469,108020,902643150.0,,25 whittier st,25 whittier st,25 whittier st,,2120.0,,,,30581.0,,Multifamily Housing,Multifamily Housing (30581.0),37.2,94.0,1136576.652,492319.4,26147.083,188821.0,38734.74,,,,,,,,,,,,,,,,,,,,,,32.27,in compliance,64881.823,2025.0,Yes,No,No,No,Yes,Yes,,,0.0,2.0
3359,104985,902908050.0,parcel 25d primary,1 gurney st,1 gurney st,1 gurney st,,2120.0,1 gurney st,boston,2120,77529.0,,Multifamily Housing,Multifamily Housing (77529.0),59.3,45.0,4596881.44,2410403.6,128016.535,640820.0,131457.815,,,,,,,,,,,,,,,,,,,,,,22.82,in compliance,259474.35,2025.0,No,No,No,No,No,No,,,0.0,2.0
3688,105450,902921010.0,roxbury crossing senior,30 gurney st,30 gurney st,30 gurney st,,2120.0,30 gurney st,boston,2120,34700.0,,Multifamily Housing,Multifamily Housing (34700.0),54.0,60.0,1874805.368,1195854.9,63511.854,198989.0,40820.603,,,,,,,,,,,,,,,,,,,,,,22.4,in compliance,104332.457,2025.0,No,No,No,No,No,No,,,1.0,2.0
5541,108107,903070000.0,,dewitt dr,dewitt dr,dewitt dr,,2119.0,,,,22350.0,,Multifamily Housing,Multifamily Housing (22350.0),83.7,61.0,1870754.876,1359900.0,72224.289,149723.0,30714.176,,,,,,,,,,,,,,,,,,,,,,85.4,in compliance,102938.465,2030.0,,,,,,,,,1.0,1.0
454,100647,903082100.0,,107-139 madison park ct,107,139 madison park ct,,2119.0,shawmut av,boston,2119,43803.0,,Multifamily Housing,Multifamily Housing (43803.0),40.2,99.0,1762984.992,1322100.0,70216.731,129216.0,26507.37,,,,,,,,,,,,,,,,,,,,,,34.1,in compliance,96724.101,2030.0,I'm not sure,No,No,No,I'm not sure,I'm not sure,,,0.0,2.0
1115,101674,903130010.0,cbes development llc mass llc,2311 washington st,2311 washington st,2311 washington st,,2119.0,2311 washington st,boston,2119,49588.0,,Multifamily Housing,Multifamily Housing (49588.0),57.3,66.0,2839328.931,1589572.7,84422.206,366282.6,75139.213,,,,,,,,,,,,,,,,,,,,,,16.17,in compliance,159561.419,2025.0,No,No,No,No,No,No,,,0.0,2.0
1754,102626,903146010.0,dartmouth hotel lp,39-59 warren st,39,59 warren st,,2119.0,39  59 warren st,boston,2119,59178.0,0.0,Multifamily Housing,"Multifamily Housing (59178.0),Parking (21000.0)",59.7,79.0,3531910.86,2443807.0,129790.59,318905.0,65420.172,,,,,,,,,,,,,,,,,,,,,,93.56,in compliance,195210.762,2025.0,I'm not sure,No,No,No,I'm not sure,I'm not sure,,,1.0,2.0
4367,106427,903162020.0,two451 washington llc,2451 washington st,2451 washington st,2451 washington st,,2119.0,2451 washington st,boston,2119,22630.0,,Multifamily Housing,Multifamily Housing (22630.0),38.4,,869746.432,356800.0,18949.648,150336.0,30839.927,,,,,,,,,,,,,,,,,,,,,,23.42,in compliance,49789.575,2030.0,No,No,No,No,No,No,,,0.0,2.0
3773,105635,903214000.0,school house kenilworth,6 kenilworth st,6 kenilworth st,6 kenilworth st,,2119.0,6 kenilworth st,boston,2119,34688.0,,Multifamily Housing,Multifamily Housing (34688.0),50.1,,1738462.108,1336241.9,70967.807,117884.0,24182.724,,,,,,,,,,,,,,,,,,,,,,18.05,in compliance,95150.531,2030.0,No,No,No,No,No,No,,,0.0,0.0
3485,105170,903453000.0,prang estates associates mass lp,45 centre st,45 centre st,45 centre st,,2119.0,45 centre st,boston,2119,48273.0,,Multifamily Housing,Multifamily Housing (48273.0),65.5,65.0,3159934.772,2649479.1,140713.835,149606.0,30690.175,,,,,,,,,,,,,,,,,,,,,,38.65,in compliance,171404.01,2030.0,No,No,No,No,No,No,,,0.0,0.0
2579,103957,903454000.0,jpndc  pitts  llc,286 roxbury st,286 roxbury st,286 roxbury st,,2119.0,gardner st,boston,2119,28216.0,,Multifamily Housing,Multifamily Housing (28216.0),51.4,84.0,1449775.904,1200044.8,63734.379,73192.0,15014.607,,,,,,,,,,,,,,,,,,,,,,37.3,in compliance,78748.986,2030.0,No,No,No,No,No,No,,,1.0,1.0
3689,105452,903516000.0,,15 highland ave,15 highland ave,15 highland ave,,2119.0,15  27 highland av,boston,2119,27423.0,,Multifamily Housing,Multifamily Housing (27423.0),111.8,8.0,3065663.092,2623754.5,139347.601,129516.0,26568.912,,,,,,,,,,,,,,,,,,,,,,53.83,in compliance,165916.513,2025.0,No,No,No,No,No,No,,,1.0,2.0
3137,104686,903573000.0,,10-18 john eliot sq,10,18 john eliot sq,,2119.0,10  18 john eliot sq,boston,2119,29449.0,,Multifamily Housing,"Multifamily Housing (22585.0),Office (6864.0)",32.3,76.0,950992.64,,,278720.0,57176.621,,,,,,,,,,,,,,,,,,,,,,37.87,in compliance,57176.621,2030.0,No,No,No,No,No,No,,,0.0,2.0
4840,107168,903671000.0,,50-52 highland st,50,52 highland st,,2119.0,50 52 highland st,boston,2119,73385.0,,Multifamily Housing,Multifamily Housing (73385.0),39.8,100.0,2921229.972,2443700.1,129784.912,139956.0,28710.574,,,,,,,,,,,,,,,,,,,,,,26.27,in compliance,158495.486,2030.0,No,No,No,No,No,No,,,0.0,0.0
4977,107357,903737012.0,,2505 washington st,2505 washington st,2505 washington st,,2119.0,,,,94700.0,9450.0,Multifamily Housing,"Multifamily Housing (89350.0),Parking (13770.0),Retail Store (5350.0)",23.8,100.0,2253134.664,450500.0,23926.055,528322.0,108379.975,,,,,,,,,,,,,,,,,,,,,,27.39,in compliance,132306.03,2030.0,,,,,,,,,0.0,0.0
390,100541,903737030.0,bartlett b condominium trust,2565 washington st,2565 washington st,2565 washington st,,2119.0,2565 washington st,boston,2119,80768.0,,Multifamily Housing,Multifamily Housing (80768.0),34.5,80.0,2784016.16,960541.0,51014.333,534430.0,109632.97,,,,,,,,,,,,,,,,,,,,,,13.9,in compliance,160647.303,2025.0,No,No,No,No,No,No,,,0.0,2.0
4824,107152,1000001015.0,mission main revitalization,55 smith st,55 smith st,55 smith st,,2120.0,smith st,boston,2120,64373.0,,Multifamily Housing,Multifamily Housing (64373.0),72.7,56.0,4679620.5,3414962.7,181368.669,370650.0,76035.141,,,,,,,,,,,,,,,,,,,,,,62.97,in compliance,257403.81,2025.0,I'm not sure,No,No,No,I'm not sure,I'm not sure,,,0.0,2.0
2980,104457,1000001020.0,mission main phase two lps mass lps,24-46 saint alphonsus st,24,46 saint alphonsus st,,2120.0,34  46 st alphonsus st,boston,2120,63502.0,,Multifamily Housing,Multifamily Housing (63502.0),60.9,75.0,3864542.492,2664316.9,141501.871,351766.0,72161.277,,,,,,,,,,,,,,,,,,,,,,58.57,in compliance,213663.148,2025.0,I'm not sure,No,No,No,I'm not sure,I'm not sure,,,1.0,1.0
2985,104473,1000001025.0,mission main revitalization,69 mcgreevey way,69 mcgreevey way,69 mcgreevey way,,2120.0,69 mcgreevey wy,boston,2120,105918.0,0.0,Multifamily Housing,"Multifamily Housing (105918.0),Parking (20790.0)",48.8,89.0,5165173.14,3197404.5,169814.153,576720.0,118308.341,,,,,,,,,,,,,,,,,,,,,,37.09,in compliance,288122.494,2025.0,I'm not sure,No,No,No,I'm not sure,I'm not sure,,,1.0,1.0
2986,104474,1000001035.0,mission main revitalization,601-629 parker st,601,629 parker st,,2120.0,mcgreevey wy,boston,2120,113145.0,0.0,Multifamily Housing,"Multifamily Housing (113145.0),Parking (17010.0)",59.3,84.0,6707911.848,4784895.0,254125.773,563604.0,115617.725,,,,,,,,,,,,,,,,,,,,,,62.52,in compliance,369743.498,2025.0,I'm not sure,No,No,No,I'm not sure,I'm not sure,,,1.0,1.0
2982,104462,1000001040.0,mission main phase two lps mass lps,32-38 mcgreevey way,32,38 mcgreevey way,,2120.0,32  38 mcgreevey wy,boston,2120,28502.0,,Multifamily Housing,Multifamily Housing (28502.0),65.8,67.0,1875870.524,1267589.4,67321.673,178277.0,36571.744,,,,,,,,,,,,,,,,,,,,,,60.46,in compliance,103893.417,2030.0,I'm not sure,No,No,No,I'm not sure,I'm not sure,,,0.0,0.0
2983,104464,1000001045.0,mission main phase two lps mass lps,631-651 parker st,631,651 parker st,,2120.0,631  649 parker st,boston,2120,68290.0,,Multifamily Housing,Multifamily Housing (68290.0),59.6,85.0,4069393.212,2876298.7,152760.224,349676.0,71732.535,,,,,,,,,,,,,,,,,,,,,,62.24,in compliance,224492.759,2025.0,I'm not sure,No,No,No,I'm not sure,I'm not sure,,,0.0,2.0
2987,104480,1000001050.0,mission main revitalization,2-20 horadan way,2,20 horadan way,,2120.0,smith st,boston,2120,74517.0,,Multifamily Housing,Multifamily Housing (74517.0),61.7,76.0,4595973.2,3251304.0,172676.755,394100.0,80845.674,,,,,,,,,,,,,,,,,,,,,,55.42,in compliance,253522.429,2025.0,I'm not sure,No,No,No,I'm not sure,I'm not sure,,,0.0,2.0
4823,107151,1000001055.0,city of boston,smith st,10 Smith St,10 Smith St,,2120.0,smith st,boston,2120,55808.0,,Multifamily Housing,Multifamily Housing (55808.0),60.9,80.0,3401231.964,2440678.9,129624.456,281522.0,57751.423,,,,,,,,,,,,,,,,,,,,,,48.22,in compliance,187375.879,2025.0,I'm not sure,No,No,No,I'm not sure,I'm not sure,,,0.0,0.0
33,100045,1000003000.0,1457 tremont street llc,1455-1459 tremont st,1455,1459 tremont st,,2120.0,1457 tremont st,boston,2120,38208.0,763.0,Multifamily Housing,"Multifamily Housing (36454.0),Bank Branch (1754.0),Parking (763.0)",28.1,100.0,1074258.568,491100.0,26082.321,170914.0,35061.298,,,,,,,,,,,,,,,,,,,,,,21.35,in compliance,61143.619,2025.0,No,No,No,No,No,No,,,0.0,2.0
1147,101717,1000015000.0,charlesbank cooperative corp,646-656 huntington ave,646,656 huntington ave,,2120.0,650 huntington av,boston,2120,210000.0,,Multifamily Housing,Multifamily Housing (210000.0),64.3,80.0,13508936.82,9812314.6,521132.028,1083418.0,222252.369,,,,,,,,,,,,,,,,,,,,,,35.04,in compliance,743384.397,2025.0,No,No,No,No,No,No,,,0.0,2.0
2723,104128,1000017000.0,,1575 tremont st,1575 tremont st,1575 tremont st,,2120.0,1575 tremont st,boston,2120,166440.0,,Multifamily Housing,Multifamily Housing (166440.0),64.0,71.0,10648223.54,7807392.0,414650.589,832600.1,170799.585,,,,,,,,,,,,,,,,,,,,,,43.13,in compliance,585450.174,2025.0,No,No,No,No,No,No,,,0.0,2.0
5401,107937,1000017010.0,,95 saint alphonsus st,95 saint alphonsus st,95 saint alphonsus st,,2120.0,,,,127607.0,31402.0,Multifamily Housing,"Multifamily Housing (127607.0),Parking (31402.0)",33.0,99.0,4205352.784,1814114.0,96347.595,700832.0,143768.676,,,,,,,,,,,,,,,,,,,,,,21.13,pending revisions,240116.271,2025.0,No,No,No,No,No,No,,,0.0,2.0
131,100178,1000036000.0,49 worthington street boston llc,49 worthington st,49 worthington st,49 worthington st,,2120.0,49 worthington st,boston,2120,26125.0,,Multifamily Housing,Multifamily Housing (26125.0),79.2,94.0,2067901.816,1748221.3,92848.033,93693.0,19220.182,,,,,,,,,,,,,,,,,,,,,,53.22,in compliance,112068.215,2025.0,No,No,No,No,No,No,,,0.0,2.0
2790,104224,1000037000.0,mass college of pharmacy &,660 huntington ave,660 huntington ave,660 huntington ave,,2120.0,660 huntington av,boston,2120,21700.0,,Multifamily Housing,Multifamily Housing (21700.0),97.3,81.0,2111399.97,1970060.6,104629.918,41424.2,8497.76,,,,,,,,,,,,,,,,,,,,,,30.71,in compliance,113127.678,2025.0,No,No,No,No,No,No,,,1.0,1.0
3797,105668,1000131000.0,seven 06 huntington lp mass lp,706-712 huntington ave,706,712 huntington ave,,2120.0,706  712 huntington av,boston,2120,28600.0,,Multifamily Housing,Multifamily Housing (28600.0),100.3,31.0,2868437.5,2319873.2,123208.466,160775.0,32981.384,,,,,,,,,,,,,,,,,,,,,,55.27,in compliance,156189.85,2025.0,No,No,No,No,No,No,,,0.0,0.0
3028,104534,1000305000.0,,887-895 huntington ave,887,895 huntington ave,,2115.0,887  895 huntington av,boston,2115,23920.0,,Multifamily Housing,Multifamily Housing (23920.0),72.9,62.0,1742644.584,1314500.0,69813.095,125482.0,25741.377,,,,,,,,,,,,,,,,,,,,,,147.3,in compliance,95554.472,2030.0,No,No,No,No,No,No,,,0.0,2.0
2563,103935,1000315000.0,jhb massachusetts prop llc mass llc,364 riverway,364 riverway,364 riverway,,2115.0,364  352 riverway st,boston,2115,51324.0,,Multifamily Housing,Multifamily Housing (51324.0),105.0,59.0,5388660.876,162700.0,8640.997,171298.0,35140.072,,,,,,,,,,4641492.1,344445.129,,,,,,,,,,,60.09,pending revisions,388226.198,2025.0,I'm not sure,No,No,No,I'm not sure,I'm not sure,,,0.0,2.0
3248,104822,1000358010.0,oliver lofts trust,156-168 terrace st,156,168 terrace st,,2120.0,156  168 terrace st,boston,2120,98454.0,1500.0,Multifamily Housing,"Multifamily Housing (98454.0),Parking (2325.0)",35.3,84.0,3476730.436,2143140.0,113822.165,390853.0,80179.584,,,,,,,,,,,,,,,,,,,,,,21.43,in compliance,194001.749,2025.0,I'm not sure,No,No,No,I'm not sure,I'm not sure,,,0.0,2.0
34,100046,1000517000.0,1480 tremont realty trust,1486 tremont st,1486 tremont st,1486 tremont st,,2120.0,1486 tremont st,boston,2120,75370.0,0.0,Multifamily Housing,"Multifamily Housing (75370.0),Parking (23121.0)",51.0,92.0,3845621.792,2170957.6,115299.558,490816.0,100685.994,,,,,,,,,,,,,,,,,,,,,,30.2,in compliance,215985.552,2025.0,No,No,No,No,No,No,,,0.0,2.0
2532,103896,1001052000.0,,170 parker hill ave,170 parker hill ave,170 parker hill ave,,2120.0,170 parker hill av,boston,2120,40319.0,,Multifamily Housing,Multifamily Housing (40319.0),51.8,75.0,2090408.64,1496481.8,79478.148,174070.0,35708.72,,,,,,,,,,,,,,,,,,,,,,43.2,in compliance,115186.868,2025.0,Yes,No,No,No,Yes,Yes,,,0.0,0.0
2533,103897,1001052000.0,,30 iroquois st,30 iroquois st,30 iroquois st,,2120.0,170 parker hill av,boston,2120,80648.0,,Multifamily Housing,Multifamily Housing (80648.0),48.3,95.0,3892285.988,2728200.3,144894.718,341174.0,69988.434,,,,,,,,,,,,,,,,,,,,,,14.81,in compliance,214883.152,2025.0,No,No,No,No,No,No,,,0.0,0.0
2548,103915,1001248000.0,jamaica view llc mass llc,70 parker hill ave,70 parker hill ave,70 parker hill ave,,2120.0,25 sunset st,boston,2120,29100.0,0.0,Multifamily Housing,"Multifamily Housing (29100.0),Parking (13819.0)",67.4,67.0,1961191.524,946200.0,50252.682,297477.0,61024.432,,,,,,,,,,,,,,,,,,,,,,36.57,in compliance,111277.114,2025.0,I`m not sure,No,No,No,I`m not sure,I`m not sure,,,0.0,2.0
2446,103758,1001250000.0,hillside & parkerhill llc,40 parker hill ave,40 parker hill ave,40 parker hill ave,,2120.0,40  44 parker hill av,boston,2120,25920.0,,Multifamily Housing,Multifamily Housing (25920.0),29.2,99.0,758038.948,263200.0,13978.552,145029.0,29751.249,,,,,,,,,,,,,,,,,,,,,,30.62,in compliance,43729.801,2030.0,I'm not sure,No,No,No,I'm not sure,I'm not sure,,,0.0,2.0
371,100507,1001487000.0,,271-283 heath st,271,283 heath st,,2130.0,283  317 heath st,boston,2130,45414.0,,Multifamily Housing,Multifamily Housing (45414.0),27.7,80.0,1256912.56,,,368380.0,75569.473,,,,,,,,,,,,,,,,,,,,,,37.28,in compliance,75569.473,2025.0,No,No,No,No,No,No,,,0.0,2.0
363,100496,1001490000.0,back of the hill community development assoc inc,100 s huntington ave,100 s huntington ave,100 s huntington ave,,2130.0,100 s huntington av,boston,2130,119531.0,,Multifamily Housing,Multifamily Housing (119531.0),49.8,93.0,5949552.36,4163523.9,221124.754,523455.0,107381.559,,,,,,,,,,,,,,,,,,,,,,32.74,in compliance,328506.313,2025.0,I'm not sure,No,No,No,I'm not sure,I'm not sure,,,0.0,2.0
3908,105836,1001492000.0,,46 s huntington ave,46 s huntington ave,46 s huntington ave,,2116.0,82  46 s huntington av,boston,2116,80124.0,,Multifamily Housing,Multifamily Housing (80124.0),57.3,89.0,4591434.224,3870301.2,205551.697,211352.0,43356.749,,,,,,,,,,,,,,,,,,,,,,43.26,in compliance,248908.446,2025.0,No,No,No,No,No,No,,,0.0,2.0
968,101306,1001520010.0,both/ndc community,209 heath st,209 heath st,209 heath st,,2130.0,191  225 heath st,boston,2130,30176.0,,Multifamily Housing,Multifamily Housing (30176.0),56.3,99.0,1698115.448,1339330.0,71131.816,105154.0,21571.292,,,,,,,,,,,,,,,,,,,,,,51.52,in compliance,92703.108,2030.0,No,No,No,No,No,No,,,0.0,0.0
373,100518,1001566500.0,,83-107 lawn st,83,107 lawn st,,2120.0,83 a-107b lawn st,boston,2120,28764.0,,Multifamily Housing,Multifamily Housing (28764.0),33.4,69.0,962050.932,,,281961.0,57841.48,,,,,,,,,,,,,,,,,,,,,,15.4,in compliance,57841.48,2030.0,No,No,No,No,No,No,,,0.0,2.0
4491,106619,1001591000.0,walter huntington llc,33-39 s huntington ave,33,39 s huntington ave,,2116.0,33  37 s huntington av,boston,2116,52580.0,7000.0,Multifamily Housing,"Restaurant (7080.0),Multifamily Housing (45500.0),Parking (7000.0)",30.8,100.0,1618176.464,718527.6,38161.001,263672.0,54089.674,,,,,,,,,,,,,,,,,,,,,,34.61,in compliance,92250.675,2025.0,No,No,No,No,No,No,,,0.0,2.0
2549,103916,1001609000.0,jamaicaway place condo tr,40 jamaicaway,40 jamaicaway,40 jamaicaway,,2130.0,60  40 jamaicaway st,boston,2130,31942.0,,Multifamily Housing,Multifamily Housing (31942.0),82.2,55.0,2625260.952,2267099.9,120405.676,104971.0,21533.751,,,,,,,,,,,,,,,,,,,,,,36.11,in compliance,141939.427,2025.0,No,No,No,No,No,No,,,1.0,1.0
4100,106078,1001612000.0,ten jamaicaway condo assn,10 jamaicaway,10 jamaicaway,10 jamaicaway,,2130.0,10 jamaicaway st,boston,2130,29568.0,,Multifamily Housing,Multifamily Housing (29568.0),72.6,88.0,2147703.044,1842799.9,97871.103,89362.0,18331.721,,,,,,,,,,,,,,,,,,,,,,31.96,in compliance,116202.824,2030.0,No,No,No,No,No,No,,,1.0,1.0
9,100013,1001625010.0,101 huntington owner (de)  llc,101 s huntington ave,101 s huntington ave,101 s huntington ave,,2199.0,105 s huntington av,boston,2199,204050.0,68250.0,Multifamily Housing,"Multifamily Housing (202450.0),Electric Vehicle Charging Station (0.0),Swimming Pool (0.0),Parking (68250.0),Other (1600.0)",33.2,100.0,6766543.148,4094421.7,217454.736,783154.0,160656.212,,,,,,,,,,,,,,,,,,,,,,16.64,pending revisions,378110.948,2025.0,No,No,No,No,No,No,,,1.0,1.0
430,100615,1001631000.0,bell olmstead park llc,161 s huntington ave,161 s huntington ave,161 s huntington ave,,2115.0,161 s huntington av,boston,2115,193000.0,44100.0,Multifamily Housing,"Multifamily Housing (193000.0),Swimming Pool (0.0),Parking (46800.0)",50.6,76.0,9756583.7,5551976.1,294865.451,1232300.0,252794.022,,,,,,,,,,,,,,,,,,,,,,33.4,in compliance,547659.473,2025.0,No,No,No,No,No,No,,,1.0,1.0
1928,102856,1001632000.0,es jway llc,201-205 s huntington ave,201,205 s huntington ave,,2115.0,201 s huntington av,boston,2115,113126.0,,Multifamily Housing,Multifamily Housing (113126.0),35.8,92.0,4044480.364,1616596.7,85857.451,711572.0,145971.88,,,,,,,,,,,,,,,,,,,,,,24.03,in compliance,231829.331,2025.0,Yes,No,No,No,Yes,Yes,C10026,,0.0,2.0
1929,102857,1001632000.0,es jway llc,221 s huntington ave,221 s huntington ave,221 s huntington ave,,2115.0,201 s huntington av,boston,2115,36240.0,,Multifamily Housing,Multifamily Housing (36240.0),43.0,88.0,1556956.764,670700.0,35620.877,259747.0,53284.5,,,,,,,,,,,,,,,,,,,,,,23.69,in compliance,88905.377,2025.0,Yes,No,No,No,Yes,Yes,C10026,,0.0,2.0
3471,105138,1001643000.0,pond place condo tr,90 bynner st,90 bynner st,90 bynner st,,2130.0,90 90b bynner st,boston,2130,20832.0,,Multifamily Housing,Multifamily Housing (20832.0),67.1,65.0,1398108.944,1094400.0,58123.584,89012.0,18259.922,,,,,,,,,,,,,,,,,,,,,,40.76,in compliance,76383.506,2030.0,I'm not sure,No,No,No,I'm not sure,I'm not sure,,,0.0,2.0
1112,101671,1001645000.0,castle condominium tr,339-343 s huntington ave,339,343 s huntington ave,,2115.0,339  343 s huntington av,boston,2115,25559.0,,Multifamily Housing,Multifamily Housing (25559.0),80.5,59.0,2058643.836,1783199.9,94705.747,80728.0,16560.542,,,,,,,,,,,,,,,,,,,,,,32.87,in compliance,111266.289,2030.0,No,No,No,No,No,No,,,1.0,2.0
2557,103928,1001671000.0,jefferson schoolhouse,240 heath st,240 heath st,240 heath st,,2130.0,240 heath st,boston,2130,38215.0,0.0,Multifamily Housing,"Multifamily Housing (38215.0),Parking (10000.0)",41.6,65.0,1590657.34,,,466195.0,95635.242,,,,,,,,,,,,,,,,,,,,,,40.96,in compliance,95635.242,2025.0,No,No,No,No,No,No,,,0.0,0.0
2495,103821,1001783000.0,huntington hill east cd tr,238-246 s huntington ave,238,246 s huntington ave,,2115.0,238  246 s huntington av,boston,2115,45804.0,,Multifamily Housing,Multifamily Housing (45804.0),66.4,52.0,3040748.448,487000.0,25864.57,221804.0,45500.873,,,,,,,,,,1796953.2,133351.897,,,,,,,,,,,23.37,in compliance,204717.34,2025.0,I'm not sure,No,No,No,I'm not sure,I'm not sure,,,0.0,0.0
1354,101962,1001851000.0,,17 bickford st,17 bickford st,17 bickford st,,2130.0,1  58 horan wy,boston,2130,26730.0,,Multifamily Housing,Multifamily Housing (26730.0),84.6,,2261710.216,1765799.9,93781.633,145343.0,29815.663,,,,,,,,,,,,,,,,,,,,,,55.1,in compliance,123597.296,2025.0,No,No,No,No,No,No,,,0.0,2.0
1363,101972,1001851000.0,city of boston,170 heath st,170 heath st,170 heath st,,2130.0,1  58 horan wy,boston,2130,25758.0,,Multifamily Housing,Multifamily Housing (25758.0),84.6,,2178824.456,1701100.1,90345.426,140013.0,28722.267,,,,,,,,,,,,,,,,,,,,,,57.02,in compliance,119067.693,2025.0,No,No,No,No,No,No,,,1.0,1.0
1366,101975,1001851000.0,city of boston,18-26 walden st,18,26 walden st,,2130.0,1  58 horan wy,boston,2130,25758.0,,Multifamily Housing,Multifamily Housing (25758.0),84.6,,2178624.456,1700900.1,90334.804,140013.0,28722.267,,,,,,,,,,,,,,,,,,,,,,77.66,in compliance,119057.071,2025.0,No,No,No,No,No,No,,,0.0,0.0
1124,101688,1002038024.0,centre creighton apartments  llc,365 centre st,365 centre st,365 centre st,,2130.0,365 centre st,boston,2130,35503.0,,Multifamily Housing,Multifamily Housing (35503.0),86.0,6.0,3054333.28,1532018.3,81365.492,446165.0,91526.288,,,,,,,,,,,,,,,,,,,,,,101.45,in compliance,172891.78,2025.0,No,No,No,No,No,No,,,0.0,2.0
2550,103919,1002149000.0,,111 perkins st,111 perkins st,111 perkins st,,2130.0,111 perkins st,boston,2130,445701.0,,Multifamily Housing,Multifamily Housing (445701.0),43.4,93.0,19325518.32,13519683.0,718030.364,1701593.0,349064.788,,,,,,,,,,,,,,,,,,,,,,16.48,in compliance,1067095.152,2025.0,No,No,No,No,No,No,,,0.0,2.0
1721,102592,1002221012.0,cwl housing llc,270 centre st,270 centre st,270 centre st,,2130.0,270 centre st,boston,2130,40932.0,,Multifamily Housing,Multifamily Housing (40932.0),47.1,76.0,1928737.96,1152832.1,61226.913,227405.0,46649.862,,,,,,,,,,,,,,,,,,,,,,44.94,in compliance,107876.775,2030.0,No,No,No,No,No,No,,,0.0,2.0
2507,103860,1002301000.0,hyde square commons condo,319-329 centre st,319,329 centre st,,2130.0,319 -329a centre st,boston,2130,26856.0,,Multifamily Housing,"Multifamily Housing (22291.0),Other (4565.0)",88.9,24.0,2386963.776,1448500.0,76929.835,275048.0,56423.347,,,,,,,,,,,,,,,,,,,,,,27.56,in compliance,133353.182,2030.0,I'm not sure,No,No,No,I'm not sure,I'm not sure,,,0.0,0.0
1367,101978,1002333000.0,city of boston,921-925 parker st,921,925 parker st,,2130.0,921  925 parker st,boston,2130,24720.0,,Multifamily Housing,Multifamily Housing (24720.0),94.2,13.0,2327874.964,1774800.0,94259.628,162097.0,33252.579,,,,,,,,,,,,,,,,,,,,,,76.63,in compliance,127512.207,2025.0,No,No,No,No,No,No,,,0.0,0.0
1369,101980,1002333000.0,city of boston,50-60 bickford st,50,60 bickford st,,2130.0,921  925 parker st,boston,2130,53109.0,,Multifamily Housing,Multifamily Housing (53109.0),157.2,,8346636.32,7155899.5,380049.822,348985.0,71590.783,,,,,,,,,,,,,,,,,,,,,,70.15,in compliance,451640.605,2025.0,No,No,No,No,No,No,,,0.0,0.0
1370,101981,1002333000.0,city of boston,30-40 bickford st,30,40 bickford st,,2130.0,921  925 parker st,boston,2130,58695.0,,Multifamily Housing,Multifamily Housing (58695.0),75.2,,4412096.06,3095900.0,164423.249,385755.0,79133.781,,,,,,,,,,,,,,,,,,,,,,30.44,in compliance,243557.03,2025.0,No,No,No,No,No,No,,,0.0,2.0
663,100966,1002333100.0,boston housing authority,285-287 centre st,285,287 centre st,,2130.0,285  297 centre st,boston,2130,48538.0,,Multifamily Housing,Multifamily Housing (48538.0),76.8,,3727370.788,2610200.1,138627.727,327424.0,67167.759,,,,,,,,,,,,,,,,,,,,,,40.02,in compliance,205795.486,2025.0,No,No,No,No,No,No,,,1.0,1.0
664,100967,1002333100.0,boston housing authority,960-964 parker st,960,964 parker st,,2130.0,285  297 centre st,boston,2130,24720.0,,Multifamily Housing,Multifamily Housing (24720.0),32.2,89.0,794974.964,241900.0,12847.309,162097.0,33252.579,,,,,,,,,,,,,,,,,,,,,,20.62,in compliance,46099.888,2025.0,No,No,No,No,No,No,,,1.0,1.0
665,100968,1002333100.0,boston housing authority,275-279 centre st,275,279 centre st,,2130.0,285  297 centre st,boston,2130,78162.0,,Multifamily Housing,Multifamily Housing (78162.0),29.2,,2284192.68,530800.0,28190.788,513890.0,105419.395,,,,,,,,,,,,,,,,,,,,,,58.66,in compliance,133610.183,2025.0,No,No,No,No,No,No,,,1.0,2.0
666,100969,1002333100.0,boston housing authority,295-297 centre st,295,297 centre st,,2130.0,285  297 centre st,boston,2130,34615.0,,Multifamily Housing,Multifamily Housing (34615.0),158.9,,5501366.564,4725999.8,250997.849,227247.0,46617.45,,,,,,,,,,,,,,,,,,,,,,52.88,in compliance,297615.299,2025.0,No,No,No,No,No,No,,,1.0,1.0
667,100970,1002333200.0,boston housing authority,950-954 parker st,950,954 parker st,,2130.0,954  940 parker st,boston,2130,48951.0,,Multifamily Housing,Multifamily Housing (48951.0),82.6,,4042336.832,2945000.1,156408.955,321611.0,65975.281,,,,,,,,,,,,,,,,,,,,,,126.6,in compliance,222384.236,2025.0,No,No,No,No,No,No,,,0.0,0.0
668,100971,1002333200.0,boston housing authority,940-944 parker st,940,944 parker st,,2130.0,954  940 parker st,boston,2130,48951.0,,Multifamily Housing,Multifamily Housing (48951.0),76.7,,3756636.632,2659299.9,141235.418,321611.0,65975.281,,,,,,,,,,,,,,,,,,,,,,147.56,in compliance,207210.699,2025.0,No,No,No,No,No,No,,,0.0,0.0
540,100788,1002333300.0,boston housing auth,930-934 parker st,930,934 parker st,,2130.0,934  930 parker st,boston,2130,48951.0,,Multifamily Housing,Multifamily Housing (48951.0),177.3,,8679236.432,7581899.7,402674.693,321611.0,65975.281,,,,,,,,,,,,,,,,,,,,,,67.4,in compliance,468649.974,2025.0,No,No,No,No,No,No,,,0.0,2.0
544,100792,1002333400.0,boston housing auth,265-267 centre st,265,267 centre st,,2130.0,265  279 centre st,boston,2130,47432.0,,Multifamily Housing,Multifamily Housing (47432.0),91.0,,4316594.1,3253500.2,172793.396,311575.0,63916.496,,,,,,,,,,,,,,,,,,,,,,146.4,in compliance,236709.892,2025.0,No,No,No,No,No,No,,,0.0,0.0
466,100665,1002334010.0,bickford street elderly hous,90 bickford st,90 bickford st,90 bickford st,,2130.0,90 bickford st,boston,2130,44920.0,,Multifamily Housing,Multifamily Housing (44920.0),50.8,72.0,2279863.443,1411906.6,74986.36,254383.6,52184.252,,,,,,,,,,,,,,,,,,,,,,53.68,in compliance,127170.612,2025.0,No,No,No,No,No,No,,,0.0,0.0
2546,103913,1002467010.0,jamaica plain neighborhood development corporation,61 heath st,61 heath st,61 heath st,,2130.0,61 heath st,boston,2130,56920.0,,Multifamily Housing,Multifamily Housing (56920.0),57.6,21.0,3276404.768,1961713.4,104186.599,385314.0,79043.314,,,,,,,,,,,,,,,,,,,,,,43.88,in compliance,183229.913,2025.0,No,No,No,No,No,No,,,0.0,2.0
5584,C10037,1002546000.0,,11 wyman street,11 wyman street,11 wyman street,,2130.0,,,,47268.0,,Multifamily Housing,Multifamily Housing (47268.0),23.5,100.0,1111719.996,663100.0,35217.241,131483.0,26972.423,,,,,,,,,,,,,,,,,,,,,,15.33,,62189.664,,,,,,,,,,0.0,2.0
3691,105470,1100182000.0,,122a highland st,122a highland st,122a highland st,,2119.0,80 a58 cedar st,boston,2119,47740.0,,Multifamily Housing,Multifamily Housing (47740.0),75.2,77.0,3591307.548,2907699.7,154427.931,200354.0,41100.62,,,,,,,,,,,,,,,,,,,,,,12.36,in compliance,195528.551,2025.0,No,No,No,No,No,No,,,0.0,0.0
5108,107539,1100871012.0,,1542 columbus av,1542 columbus av,1542 columbus av,,2119.0,,,,49162.0,,Multifamily Housing,Multifamily Housing (49162.0),69.9,25.0,3438759.656,2168768.9,115183.316,372213.0,76355.775,,,,,,,,,,,,,,,,,,,,,,36.4,in compliance,191539.091,2025.0,I'm not sure,No,No,No,I'm not sure,I'm not sure,,,0.0,0.0
58,100086,1100896020.0,225 centre street condominium trust,225 centre st,225 centre st,225 centre st,,2119.0,225 centre st,boston,2119,128924.0,19431.0,Multifamily Housing,"Multifamily Housing (112619.0),Parking (19431.0),Retail Store (16305.0)",57.7,87.0,7435635.301,4989987.4,265018.231,716778.4,147039.921,,,,,,,,,,,,,,,,,,,,,,32.29,in compliance,412058.152,2025.0,No,No,No,No,No,No,,,1.0,1.0
1678,102513,1100915000.0,council of elders,2863-2893 washington st,2863,2893 washington st,,2119.0,2863  2893 washington st,boston,2119,110566.0,,Multifamily Housing,Multifamily Housing (110566.0),77.0,46.0,8513809.02,5622269.7,298598.744,847461.7,173848.293,,,,,,,,,,,,,,,,,,,,,,40.08,in compliance,472447.037,2025.0,No,No,No,No,No,No,,,0.0,0.0
3049,104561,1100915001.0,new academy estates llc mass llc,2895-2933 washington st,2895,2933 washington st,,2119.0,2897  2933 washington st,boston,2119,98211.0,0.0,Multifamily Housing,"Multifamily Housing (98211.0),Parking (86418.0)",61.8,89.0,6073758.98,4635038.0,246166.868,421665.0,86500.358,,,,,,,,,,,,,,,,,,,,,,54.99,in compliance,332667.226,2025.0,I'm not sure,No,No,No,I'm not sure,I'm not sure,,,1.0,1.0
214,100272,1100916001.0,academy homes urban edge lps,1596-1590 columbus av,1596,1590 columbus av,,2119.0,1596  1590 columbus av,boston,2119,234459.0,,Multifamily Housing,Multifamily Housing (234459.0),83.4,68.0,19560677.13,16323944.4,866964.687,948632.1,194602.389,,,,,,,,,,,,,,,,,,,,,,60.28,in compliance,1061567.076,2025.0,I'm not sure,No,No,No,I'm not sure,I'm not sure,,,0.0,0.0
5522,108086,1100917000.0,,75 ritchie st,75 ritchie st,225 centre st,,2119.0,,,,33726.0,,Multifamily Housing,Multifamily Housing (33726.0),75.8,73.0,2555175.132,2143821.0,113858.333,120561.0,24731.884,,,,,,,,,,,,,,,,,,,,,,81.53,in compliance,138590.217,2030.0,,,,,,,,,0.0,2.0
1859,102778,1101005000.0,egleston crossing ue lp,3033-3039 washington st,3033,3039 washington st,,2119.0,3033  3039 washington st,boston,2119,38028.0,,Multifamily Housing,Multifamily Housing (38028.0),61.9,92.0,2352726.38,2056598.9,109225.968,86790.0,17804.101,,,,,,,,,,,,,,,,,,,,,,79.87,in compliance,127030.069,2025.0,I`m not sure,No,No,No,I`m not sure,I`m not sure,,,0.0,2.0
381,100529,1101101001.0,bancroft housing inc,1-3 bancroft st,1,3 bancroft st,,2119.0,1  11 bancroft st,boston,2119,25112.0,,Multifamily Housing,Multifamily Housing (25112.0),98.3,,2468103.34,2049382.7,108842.715,122720.0,25174.781,,,,,,,,,,,,,,,,,,,,,,38.96,in compliance,134017.496,2030.0,I'm not sure,No,No,No,I'm not sure,I'm not sure,,,0.0,2.0
1120,101683,1101134000.0,cdb limited partnership,1865-1869 columbus ave,1865,1869 columbus ave,,2119.0,1865  1869 columbus av,boston,2119,74368.0,0.0,Multifamily Housing,"Multifamily Housing (74368.0),Parking (384.0)",54.8,86.0,4077095.848,3095279.2,164390.278,287754.0,59029.856,,,,,,,,,,,,,,,,,,,,,,44.47,in compliance,223420.134,2025.0,I'm not sure,No,No,No,I'm not sure,I'm not sure,,,1.0,1.0
4949,107311,1101198200.0,,25 amory st,25 amory st,225 centre st,,2119.0,,,,47876.0,,Multifamily Housing,Multifamily Housing (47876.0),33.9,92.0,1621249.264,649266.0,34482.517,284872.0,58438.642,,,,,,,,,,,,,,,,,,,,,,32.77,in compliance,92921.159,2025.0,I'm not sure,No,No,No,I'm not sure,I'm not sure,,,0.0,2.0
174,100227,1101200015.0,75 amory avenue apartments llc,75 amory av,75 amory av,225 centre st,,2119.0,75 amory av,boston,2119,46387.0,,Multifamily Housing,Multifamily Housing (46387.0),36.3,88.0,1685070.496,662552.1,35188.142,299683.0,61476.971,,,,,,,,,,,,,,,,,,,,,,35.93,in compliance,96665.113,2025.0,No,No,No,No,No,No,,,0.0,0.0
276,100391,1101202010.0,amory terrace,20 amory ave,20 amory ave,225 centre st,,2119.0,10  20 amory av,boston,2119,78910.0,0.0,Multifamily Housing,"Multifamily Housing (78910.0),Parking (8500.0)",45.5,92.0,3589095.236,2015300.0,107032.583,461253.0,94621.44,,,,,,,,,,,,,,,,,,,,,,50.93,in compliance,201654.023,2025.0,I'm not sure,No,No,No,I'm not sure,I'm not sure,,,0.0,2.0
22,100031,1101208030.0,125 amory leasehold condominium association,125 amory st,125 amory st,225 centre st,,2119.0,125 amory st,boston,2119,113806.0,,Multifamily Housing,Multifamily Housing (113806.0),96.7,6.0,11002144.88,3211730.0,170574.98,2283240.0,468383.854,,,,,,,,,,,,,,,,,,,,,,58.1,in compliance,638958.834,2025.0,No,No,No,No,No,No,,,0.0,2.0
5440,107984,1101208050.0,,137 amory st,137 amory st,225 centre st,,2119.0,,,,69885.0,0.0,Multifamily Housing,"Multifamily Housing (69885.0),Parking (10500.0)",27.8,100.0,1945774.75,583400.0,30984.374,399289.2,81910.186,,,,,,,,,,,,,,,,,,,,,,43.13,in compliance,112894.56,2025.0,No,No,No,No,No,No,,,1.0,1.0
5517,108081,1101282000.0,,3089 washington st,3089 washington st,225 centre st,,2119.0,,,,21481.0,,Multifamily Housing,Multifamily Housing (21481.0),65.5,34.0,1407073.364,953031.7,50615.514,133072.0,27298.39,,,,,,,,,,,,,,,,,,,,,,37.01,in compliance,77913.904,2030.0,I'm not sure,No,No,No,I'm not sure,I'm not sure,,,0.0,2.0
1585,102367,1101302000.0,commerce apartments lp mass lp,3115-3125 washington st,3115,3125 washington st,,2130.0,3115  3125 washington st,boston,2130,26000.0,,Multifamily Housing,"Multifamily Housing (18000.0),Other (8000.0)",147.0,,3821258.016,3570073.4,189606.598,73618.0,15101.997,,,,,,,,,,,,,,,,,,,,,,32.16,in compliance,204708.595,2030.0,No,No,No,No,No,No,,,0.0,2.0
5106,107536,1101481000.0,,48-56a school st,48,56a school st,,2119.0,,,,20221.0,0.0,Multifamily Housing,"Multifamily Housing (20221.0),Parking (1440.0)",65.9,,1332448.508,1063211.0,56467.136,78909.0,16187.392,,,,,,,,,,,,,,,,,,,,,,55.62,in compliance,72654.528,2025.0,I'm not sure,No,No,No,I'm not sure,I'm not sure,,,0.0,0.0
5298,107809,1101573000.0,,9 cleaves st,9 cleaves st,9 cleaves st,,2119.0,,,,26600.0,,Multifamily Housing,Multifamily Housing (26600.0),86.9,,2311536.556,1987181.6,105539.215,95063.0,19501.224,,,,,,,,,,,,,,,,,,,,,,25.58,in compliance,125040.439,2030.0,I'm not sure,No,No,No,I'm not sure,I'm not sure,,,1.0,2.0
5413,107950,1101582000.0,,6 cleaves st,6 cleaves st,6 cleaves st,,2119.0,,,,26600.0,,Multifamily Housing,Multifamily Housing (26600.0),54.5,,1448818.48,1099890.3,58415.174,102265.0,20978.642,,,,,,,,,,,,,,,,,,,,,,54.92,in compliance,79393.816,2030.0,I'm not sure,No,No,No,I'm not sure,I'm not sure,,,1.0,1.0
1860,102779,1101615010.0,egleston infill llc,67 walnut pk,67 walnut pk,67 walnut pk,,2130.0,67 walnut pk,boston,2130,31000.0,,Multifamily Housing,Multifamily Housing (31000.0),48.9,83.0,1516567.008,926175.0,49189.154,173034.0,35496.195,,,,,,,,,,,,,,,,,,,,,,40.77,in compliance,84685.349,2030.0,I'm not sure,No,No,No,I'm not sure,I'm not sure,,,1.0,1.0
4489,106617,1101620000.0,walnut washington apts llc mass llc,361 walnut ave,361 walnut ave,361 walnut ave,,2119.0,361  363 walnut av,boston,2119,46410.0,,Multifamily Housing,Multifamily Housing (46410.0),34.9,99.0,1617452.576,1277132.8,67828.523,138971.3,28508.572,133850.3,,,,,,,,,,,,,,,,,,,,,30.18,in compliance,96337.095,2030.0,I'm not sure,No,No,No,I'm not sure,I'm not sure,,,0.0,0.0
4374,106437,1101626000.0,ue apartments llc,2018 columbus ave,2018 columbus ave,2018 columbus ave,,2119.0,2030 c2014 columbus av,boston,2119,29835.0,0.0,Multifamily Housing,"Multifamily Housing (29835.0),Parking (2400.0)",66.4,80.0,1981207.344,1460495.2,77566.9,152612.0,31306.826,,,,,,,,,,,,,,,,,,,,,,59.17,in compliance,108873.726,2030.0,I'm not sure,No,No,No,I'm not sure,I'm not sure,,,0.0,2.0
669,100972,1101630000.0,boston housing authority,1990 columbus ave,1990 columbus ave,1990 columbus ave,,2119.0,1990 columbus av,boston,2119,121640.0,,Multifamily Housing,Multifamily Housing (121640.0),63.7,10.0,7743332.0,2076000.0,110256.36,1661000.0,340737.54,,,,,,,,,,,,,,,,,,,,,,50.58,in compliance,450993.9,2025.0,No,No,No,No,No,No,,,0.0,2.0
4494,106638,1101661000.0,wardman ue lps,71 westminster ave,71 westminster ave,71 westminster ave,,2119.0,71 westminster av,boston,2119,80055.0,,Multifamily Housing,Multifamily Housing (80055.0),67.6,69.0,5414707.288,4277661.7,227186.613,333249.0,68362.7,,,,,,,,,,,,,,,,,,,,,,49.54,in compliance,295549.313,2025.0,I'm not sure,No,No,No,I'm not sure,I'm not sure,,,0.0,2.0
4564,106731,1101702000.0,westminster community lp,30-108 westminster ave,30,108 westminster ave,,2119.0,30  108 westminster av,boston,2119,70905.0,0.0,Multifamily Housing,"Multifamily Housing (70905.0),Parking (6144.0)",63.6,72.0,4510064.144,3569931.9,189599.083,275537.0,56523.66,,,,,,,,,,,,,,,,,,,,,,38.24,in compliance,246122.743,2025.0,No,No,No,No,No,No,,,0.0,0.0
3050,104568,1101752000.0,new academy estates llc mass llc,2948-2962 washington st,2948,2962 washington st,,2119.0,2986  2930 washington st,boston,2119,175746.0,,Multifamily Housing,Multifamily Housing (175746.0),60.9,81.0,10705733.04,8261250.0,438754.988,716437.0,146969.886,,,,,,,,,,,,,,,,,,,,,,78.89,in compliance,585724.874,2025.0,No,No,No,No,No,No,,,0.0,2.0
87,100119,1102013000.0,,3193-3201 washington st,3193,3201 washington st,,2130.0,3193  3201 washington st,boston,2130,45710.0,4595.0,Multifamily Housing,"Multifamily Housing (45710.0),Parking (4595.0)",37.6,98.0,1719918.584,815800.0,43327.138,264982.0,54358.407,,,,,,,,,,,,,,,,,,,,,,27.92,in compliance,97685.545,2025.0,No,No,No,No,No,No,,,0.0,2.0
5441,107985,1102176020.0,,57-61 brookside ave # 57-1,57,61 brookside ave # 57,1,2130.0,,,,27655.0,,Multifamily Housing,Multifamily Housing (27655.0),35.8,93.0,989146.112,583200.0,30973.752,118976.0,24406.737,,,,,,,,,,,,,,,,,,,,,,19.03,in compliance,55380.489,2030.0,I'm not sure,No,No,No,I'm not sure,I'm not sure,,,0.0,2.0
273,100384,1102238010.0,amory foundary studios condo,83-85 brookside ave,83,85 brookside ave,,2130.0,83  89 brookside av,boston,2130,50882.0,,Multifamily Housing,Multifamily Housing (50882.0),51.1,41.0,2597588.096,1906716.1,101265.692,202483.0,41537.363,,,,,,,,,,,,,,,,,,,,,,17.58,in compliance,142803.055,2030.0,No,No,No,No,No,No,,,0.0,2.0
2267,103385,1102271000.0,gutting kurt w sr ts,180-186 green st,180,186 green st,,2130.0,180  186 green st,boston,2130,21127.0,,Multifamily Housing,"Multifamily Housing (16452.0),Other (4675.0)",29.6,,625674.12,213641.0,11346.474,120760.0,24772.706,,,,,,,,,,,,,,,,,,,,,,7.56,in compliance,36119.18,2030.0,No,No,No,No,No,No,,,0.0,2.0
5270,107767,1102293000.0,,3222-3234 washington st,3222,3234 washington st,,2130.0,,,,34544.0,,Multifamily Housing,Multifamily Housing (34544.0),50.0,,1725711.752,1345458.0,71457.274,111446.0,22862.032,,,,,,,,,,,,,,,,,,,,,,43.37,in compliance,94319.306,2030.0,No,No,No,No,No,No,,,0.0,2.0
5107,107537,1102342000.0,,3316-3324 washington st,3316,3324 washington st,,2130.0,,,,33504.0,,Multifamily Housing,Multifamily Housing (33504.0),63.1,,2114255.868,1726263.7,91681.865,113714.0,23327.29,,,,,,,,,,,,,,,,,,,,,,70.71,in compliance,115009.155,2030.0,I'm not sure,No,No,No,I'm not sure,I'm not sure,,,0.0,2.0
4486,106614,1102357000.0,,459-461 walnut ave,459,461 walnut ave,,2130.0,461 walnut av,boston,2130,30120.0,,Multifamily Housing,"Multifamily Housing (20120.0),Urgent Care/Clinic/Other Outpatient (10000.0)",57.7,,1737098.784,818564.5,43473.961,269207.0,55225.124,,,,,,,,,,,,,,,,,,,,,,28.82,in compliance,98699.085,2030.0,No,No,No,No,No,No,,,1.0,2.0
91,100123,1102371010.0,,3190-3204 washington st,3190,3204 washington st,,2130.0,3190  3204 washington st,boston,2130,107000.0,12700.0,Multifamily Housing,"Restaurant (2588.0),Multifamily Housing (103352.0),Office (1060.0),Parking (12700.0)",24.9,96.0,2667054.628,,,781669.0,160351.579,,,,,,,,,,,,,,,,,,,,,,17.62,pending revisions,160351.579,2025.0,No,No,No,No,No,No,,,1.0,2.0
93,100125,1102589000.0,,3385-3389 washington st,3385,3389 washington st,,2130.0,3383 - 3389r washington st,boston,2130,27633.0,,Multifamily Housing,Multifamily Housing (27633.0),24.9,100.0,688865.9,373000.0,19810.03,92575.0,18990.836,,,,,,,,,,,,,,,,,,,,,,27.56,in compliance,38800.866,2030.0,No,No,No,No,No,No,,,1.0,2.0
2577,103952,1102605020.0,,3531-3541 washington st,3531,3541 washington st,,2130.0,3531  3541 washington st,boston,2130,127745.0,38255.0,Multifamily Housing,"Restaurant (1938.0),Multifamily Housing (102307.0),Urgent Care/Clinic/Other Outpatient (7500.0),Bank Branch (3500.0),Parking (38255.0),Fitness Center/Health Club/Gym (12500.0)",45.6,86.0,5829121.864,2209000.1,117319.995,1060997.0,217652.925,,,,,,,,,,,,,,,,,,,,,,11.46,in compliance,334972.92,2025.0,I'm not sure,No,No,No,I'm not sure,I'm not sure,,,0.0,2.0
1080,101541,1102605040.0,burnett street llc,45 burnett st,45 burnett st,45 burnett st,,2130.0,45 burnett st,boston,2130,47124.0,,Multifamily Housing,Multifamily Housing (47124.0),42.5,81.0,2004176.768,986500.0,52393.015,298264.0,61185.877,,,,,,,,,,,,,,,,,,,,,,24.68,in compliance,113578.892,2025.0,No,No,No,No,No,No,,,1.0,1.0
2052,103017,1102617010.0,forest hills arborway llc,3611 washington street,3611 washington street,3611 washington street,,2130.0,3589  3612 washington st,boston,2130,229047.0,,Multifamily Housing,Multifamily Housing (229047.0),31.9,98.0,7301586.392,3119443.4,165673.639,1225716.0,251443.38,,,,,,,,,,,,,,,,,,,,,,18.06,in compliance,417117.019,2025.0,No,No,No,No,No,No,,,0.0,2.0
4618,106800,1102617010.0,forest hills arborway llc,3615 washington street,3615 washington street,3615 washington street,,2130.0,3589  3612 washington st,boston,2130,109288.0,,Multifamily Housing,Multifamily Housing (109288.0),28.3,100.0,3090958.316,1581342.8,83985.116,442443.0,90762.757,,,,,,,,,,,,,,,,,,,,,,18.7,in compliance,174747.873,2025.0,No,No,No,No,No,No,,,0.0,2.0
3448,105101,1102640000.0,plouffe harvey trst,493 arborway,493 arborway,493 arborway,,2130.0,461  495 arborway st,boston,2130,21298.0,,Multifamily Housing,Multifamily Housing (21298.0),187.4,1.0,3990857.732,3710353.8,197056.89,82211.0,16864.765,,,,,,,,,,,,,,,,,,,,,,41.79,pending revisions,213921.655,2025.0,No,No,No,No,No,No,C10034,,0.0,2.0
2056,103023,1102906000.0,forestvale apartments lp mass lp,129-137 forest hills st,129,137 forest hills st,,2130.0,107  137 forest hills st,boston,2130,25268.0,,Multifamily Housing,Multifamily Housing (25268.0),64.2,,1623211.024,1189886.0,63194.845,127000.3,26052.842,,,,,,,,,,,,,,,,,,,,,,118.36,in compliance,89247.687,2030.0,No,No,No,No,No,No,,,0.0,2.0
1142,101710,1103125000.0,charles e farnsworth,100 south st,100 south st,100 south st,,2130.0,100 south st,boston,2130,75648.0,,Multifamily Housing,Multifamily Housing (75648.0),40.9,96.0,3095053.708,1994482.4,105926.96,322559.0,66169.753,,,,,,,,,,,,,,,,,,,,,,17.48,in compliance,172096.713,2025.0,No,No,No,No,No,No,,,0.0,2.0
1381,101993,1103307000.0,city of boston,2-6 metcalf ct,2,6 metcalf ct,,2130.0,119 south st,boston,2130,20805.0,,Multifamily Housing,Multifamily Housing (20805.0),102.1,,2123226.156,1834100.1,97409.056,84738.0,17383.153,,,,,,,,,,,,,,,,,,,,,,60.63,in compliance,114792.209,2025.0,No,No,No,No,No,No,,,0.0,2.0
3567,105291,1103719020.0,residences at forest hills,3686 washington st,3686 washington st,3686 washington st,,2130.0,3694 washington st,boston,2130,189903.0,21045.0,Multifamily Housing,"Multifamily Housing (189903.0),Parking (22260.0)",35.9,99.0,6812900.104,3818300.3,202789.929,877667.0,180044.608,,,,,,,,,,,,,,,,,,,,,,26.25,in compliance,382834.537,2025.0,No,No,No,No,No,No,,,0.0,2.0
2920,104371,1103774000.0,mcleod robert n,131 morton st,131 morton st,131 morton st,,2130.0,131  141 morton st,boston,2130,52300.0,,Multifamily Housing,Multifamily Housing (52300.0),52.7,72.0,2757387.477,1883484.2,100031.846,256126.4,52541.77,,,,,,,,,,,,,,,,,,,,,,37.62,in compliance,152573.616,2025.0,No,No,No,No,No,No,,,0.0,0.0
2744,104152,1200023010.0,madison housing dev llc mass llc,205-213 dudley st,205,213 dudley st,,2119.0,205  213 dudley st,boston,2119,44000.0,,Multifamily Housing,Multifamily Housing (44000.0),43.5,97.0,1911904.296,1283216.0,68151.602,184258.0,37798.686,,,,,,,,,,,,,,,,,,,,,,56.1,in compliance,105950.288,2030.0,I'm not sure,No,No,No,I'm not sure,I'm not sure,,,0.0,2.0
3733,105584,1200183001.0,s a m h corp,138-148 warren st,138,148 warren st,,2119.0,138  148 warren st,boston,2119,24200.0,,Multifamily Housing,"Personal Services (Health/Beauty, Dry Cleaning, etc) (1500.0),Multifamily Housing (21525.0),Social/Meeting Hall (1175.0)",68.0,,1645748.976,1389599.9,73801.651,75073.0,15400.475,,,,,,,,,,,,,,,,,,,,,,5.61,in compliance,89202.126,2030.0,Yes,No,No,No,Yes,Yes,,,0.0,2.0
4450,106538,1200280000.0,van ness terrace,238-248 warren st,238,248 warren st,,2119.0,236 248a warren st,boston,2119,46996.0,,Multifamily Housing,Multifamily Housing (46996.0),61.3,75.0,2882883.176,2224629.9,118150.094,192923.0,39576.224,,,,,,,,,,,,,,,,,,,,,,41.39,in compliance,157726.318,2025.0,No,No,No,No,No,No,,,0.0,2.0
3693,105495,1200302000.0,,2 waverly st,2 waverly st,2 waverly st,,2119.0,2 waverly st,boston,2119,91430.0,,Multifamily Housing,Multifamily Housing (91430.0),46.4,92.0,4243864.464,3060337.2,162534.509,346872.0,71157.322,,,,,,,,,,,,,,,,,,,,,,29.66,in compliance,233691.831,2025.0,No,No,No,No,No,No,,,0.0,2.0
2647,104038,1200420000.0,laconcha limited partnership,3 alaska st,3 alaska st,3 alaska st,,2119.0,3  15 alaska st,boston,2119,42548.0,,Multifamily Housing,Multifamily Housing (42548.0),53.9,80.0,2293666.992,1852782.0,98401.252,129216.0,26507.37,,,,,,,,,,,,,,,,,,,,,,41.18,in compliance,124908.622,2025.0,I'm not sure,No,No,No,I'm not sure,I'm not sure,,,0.0,0.0
3692,105494,1200721000.0,,82 walnut ave,82 walnut ave,82 walnut ave,,2119.0,82 walnut av,boston,2119,20688.0,,Multifamily Housing,Multifamily Housing (20688.0),123.6,,2556083.008,2310900.1,122731.904,71859.0,14741.155,,,,,,,,,,,,,,,,,,,,,,,pending revisions,137473.059,2030.0,No,No,No,No,No,No,,,0.0,2.0
3605,105351,1200724000.0,rockland st elderly housing,30 rockland st,30 rockland st,30 rockland st,,2119.0,26  28 rockland st,boston,2119,32980.0,,Multifamily Housing,Multifamily Housing (32980.0),45.8,85.0,1509077.671,985156.2,52321.646,153552.6,31499.78,,,,,,,,,,,,,,,,,,,,,,32.11,in compliance,83821.426,2025.0,No,No,No,No,No,No,,,0.0,2.0
2588,103968,1200921000.0,kasanof land llc,215-233 blue hill ave,215,233 blue hill ave,,2119.0,233 blue hill av,boston,2119,72728.0,0.0,Multifamily Housing,"Multifamily Housing (72728.0),Parking (12150.0)",56.9,43.0,4137622.456,2335700.9,124049.075,528113.0,108337.101,,,,,,,,,,,,,,,,,,,,,,39.05,in compliance,232386.176,2025.0,I'm not sure,No,No,No,I'm not sure,I'm not sure,,,0.0,0.0
545,100793,1201140000.0,boston housing auth,280 martin luther king jr blvd,280 martin luther king jr blvd,280 martin luther king jr blvd,,2119.0,280 martin luther king jr bl,boston,2119,95200.0,,Multifamily Housing,Multifamily Housing (95200.0),89.3,,8503942.8,6694900.4,355566.16,530200.0,108765.228,,,,,,,,,,,,,,,,,,,,,,46.12,in compliance,464331.388,2025.0,No,No,No,No,No,No,,,0.0,0.0
4088,106066,1201345000.0,taurus at fountain hill associates,16 akron st,16 akron st,16 akron st,,2119.0,16 akron st,boston,2119,77571.0,,Multifamily Housing,Multifamily Housing (77571.0),71.7,57.0,5564132.764,4484330.3,238162.782,316472.0,64921.066,,,,,,,,,,,,,,,,,,,,,,49.16,in compliance,303083.848,2025.0,No,No,No,No,No,No,,,0.0,2.0
3958,105905,1201440000.0,st james estates condo trust,66 saint james st,66 saint james st,66 saint james st,,2119.0,66  70 st james st,boston,2119,27000.0,,Multifamily Housing,Multifamily Housing (27000.0),46.4,95.0,1251919.908,896700.0,47623.737,104109.0,21356.92,,,,,,,,,,,,,,,,,,,,,,18.75,in compliance,68980.657,2030.0,No,No,No,No,No,No,,,0.0,2.0
5103,107531,1201820000.0,,51 humboldt av,51 humboldt av,51 humboldt av,,2119.0,,,,27494.0,,Multifamily Housing,Multifamily Housing (27494.0),61.5,81.0,1691223.549,1552159.3,82435.18,40757.4,8360.973,,,,,,,,,,,,,,,,,,,,,,87.71,in compliance,90796.153,2030.0,No,No,No,No,No,No,,,0.0,2.0
4523,106668,1201990000.0,washington park lp mass lp,25 wyoming st,25 wyoming st,25 wyoming st,,2121.0,25  33 wyoming st,boston,2121,42840.0,,Multifamily Housing,Multifamily Housing (42840.0),91.3,20.0,3911625.06,3156105.9,167620.784,221430.0,45424.15,,,,,,,,,,,,,,,,,,,,,,39.0,in compliance,213044.934,2025.0,I'm not sure,No,No,No,I'm not sure,I'm not sure,,,0.0,2.0
4087,106065,1201992000.0,taurus apartments company,120 humboldt ave,120 humboldt ave,120 humboldt ave,,2121.0,120 humboldt av,boston,2121,42336.0,,Multifamily Housing,Multifamily Housing (42336.0),74.2,40.0,3143347.666,2542646.3,135039.945,176055.5,36116.025,,,,,,,,,,,,,,,,,,,,,,32.4,in compliance,171155.97,2025.0,No,No,No,No,No,No,,,0.0,2.0
3459,105121,1202006000.0,,20-24 deckard st,20,24 deckard st,,2121.0,20  24 deckard st,boston,2121,21496.0,,Multifamily Housing,Multifamily Housing (21496.0),23.5,,504498.32,,,147860.0,30332.0,,,,,,,,,,,,,,,,,,,,,,28.41,pending revisions,30332.0,2025.0,I'm not sure,No,No,No,I'm not sure,I'm not sure,,,0.0,2.0
3532,105236,1202025000.0,,140 humboldt ave,140 humboldt ave,140 humboldt ave,,2121.0,140 humboldt av,boston,2121,44352.0,,Multifamily Housing,Multifamily Housing (44352.0),52.6,76.0,2332044.424,1679919.1,89220.503,191127.0,39207.793,,,,,,,,,,,,,,,,,,,,,,29.12,in compliance,128428.296,2025.0,No,No,No,No,No,No,,,0.0,0.0
3460,105122,1202067000.0,,515 warren st,515 warren st,515 warren st,,2121.0,515 warren st,boston,2121,25660.0,,Multifamily Housing,Multifamily Housing (25660.0),91.5,,2347826.956,1747100.0,92788.481,176063.0,36117.564,,,,,,,,,,,,,,,,,,,,,,60.74,in compliance,128906.045,2025.0,No,No,No,No,No,No,,,0.0,0.0
3461,105123,1202208000.0,pnc arhpf new port antonio apts llc,55 elm hill ave,55 elm hill ave,55 elm hill ave,,2121.0,55 elm hill av,boston,2121,37448.0,,Multifamily Housing,Multifamily Housing (37448.0),54.8,75.0,2051997.964,1783483.8,94720.825,78697.0,16143.903,,,,,,,,,,,,,,,,,,,,,,29.16,in compliance,110864.728,2030.0,No,No,No,No,No,No,,,0.0,0.0
3462,105125,1202262000.0,,181-185 ruthven st,181,185 ruthven st,,2121.0,181  185 ruthven st,boston,2121,37448.0,,Multifamily Housing,Multifamily Housing (37448.0),54.8,75.0,2051997.964,1783483.8,94720.825,78697.0,16143.903,,,,,,,,,,,,,,,,,,,,,,29.16,in compliance,110864.728,2025.0,No,No,No,No,No,No,,,0.0,0.0
3770,105632,1202311000.0,school house brookledge,60 brookledge st,60 brookledge st,60 brookledge st,,2121.0,20 hutchings st,boston,2121,76905.0,,Multifamily Housing,Multifamily Housing (76905.0),46.9,79.0,3608763.596,2774587.6,147358.347,244483.0,50153.243,,,,,,,,,,,,,,,,,,,,,,29.47,in compliance,197511.59,2025.0,No,No,No,No,No,No,,,0.0,0.0
5410,107947,1202313000.0,,107 elm hill ave,107 elm hill ave,107 elm hill ave,,2121.0,,,,24489.0,,Multifamily Housing,Multifamily Housing (24489.0),69.9,,1711533.104,1409598.4,74863.771,88492.0,18153.249,,,,,,,,,,,,,,,,,,,,,,46.72,in compliance,93017.02,2030.0,I'm not sure,No,No,No,I'm not sure,I'm not sure,,,0.0,0.0
2132,103112,1202327000.0,franklin highlands lp,278 humboldt ave,278 humboldt ave,278 humboldt ave,,2121.0,278  280 humboldt av,boston,2121,29706.0,,Multifamily Housing,Multifamily Housing (29706.0),60.0,74.0,1782863.664,1397744.4,74234.205,112872.0,23154.562,,,,,,,,,,,,,,,,,,,,,,41.86,in compliance,97388.767,2030.0,No,No,No,No,No,No,,,1.0,1.0
670,100973,1202342000.0,boston housing authority,125 elm hill ave,125 elm hill ave,125 elm hill ave,,2121.0,brookledge st,boston,2121,63162.0,,Multifamily Housing,Multifamily Housing (63162.0),75.2,52.0,4752454.324,4062199.9,215743.437,202302.0,41500.232,,,,,,,,,,,,,,,,,,,,,,27.17,in compliance,257243.669,2025.0,No,No,No,No,No,No,,,0.0,2.0
5404,107940,1202342000.0,,129 elm hill ave,129 elm hill ave,129 elm hill ave,,2121.0,,,,63162.0,,Multifamily Housing,Multifamily Housing (63162.0),75.2,53.0,4752454.324,4062199.9,215743.437,202302.0,41500.232,,,,,,,,,,,,,,,,,,,,,,27.17,in compliance,257243.669,2025.0,,,,,,,,,1.0,1.0
2256,103368,1202347000.0,grove hall redeveloper llc,164 seaver st,164 seaver st,164 seaver st,,2121.0,164  176 seaver st,boston,2121,74860.0,,Multifamily Housing,Multifamily Housing (74860.0),73.8,55.0,5523063.716,4621040.1,245423.44,264368.0,54232.452,,,,,,,,,,,,,,,,,,,,,,47.3,in compliance,299655.892,2025.0,No,No,No,No,No,No,,,1.0,1.0
3086,104619,1202352000.0,,140 seaver st,140 seaver st,140 seaver st,,2121.0,140 seaver st,boston,2121,30559.0,,Multifamily Housing,Multifamily Housing (30559.0),72.9,43.0,2228085.75,1709419.1,90787.248,152012.5,31183.844,,,,,,,,,,,,,,,,,,,,,,48.63,in compliance,121971.092,2025.0,No,No,No,No,No,No,,,0.0,2.0
3041,104547,1202365000.0,nazing lp mass lp,1-8 nazing ct,1,8 nazing ct,,2121.0,1  8 nazing ct,boston,2121,96746.0,,Multifamily Housing,Multifamily Housing (96746.0),78.5,29.0,7598972.904,5352454.1,284268.837,658417.0,135067.663,,,,,,,,,,,,,,,,,,,,,,35.43,in compliance,419336.5,2025.0,I'm not sure,No,No,No,I'm not sure,I'm not sure,,,0.0,2.0
5537,108103,1202367000.0,,224-236 seaver st,224,236 seaver st,,2121.0,,,,48373.0,,Multifamily Housing,Multifamily Housing (48373.0),70.2,53.0,3397299.256,2503055.0,132937.251,262088.0,53764.732,,,,,,,,,,,,,,,,,,,,,,29.53,in compliance,186701.983,2025.0,,,,,,,,,0.0,2.0
2257,103369,1202371000.0,grove hall redeveloper llc,102 elm hill ave,102 elm hill ave,102 elm hill ave,,2121.0,102  108 elm hill av,boston,2121,31920.0,,Multifamily Housing,Multifamily Housing (31920.0),77.4,,2470028.612,2099482.0,111503.489,108601.0,22278.409,,,,,,,,,,,,,,,,,,,,,,39.11,in compliance,133781.898,2030.0,No,No,No,No,No,No,,,0.0,0.0
5409,107946,1202380000.0,,17 sonoma st,17 sonoma st,17 sonoma st,,2121.0,,,,25168.0,,Multifamily Housing,Multifamily Housing (25168.0),78.7,50.0,1981630.136,1563394.0,83031.855,122578.0,25145.651,,,,,,,,,,,,,,,,,,,,,,115.48,in compliance,108177.506,2030.0,I'm not sure,No,No,No,I'm not sure,I'm not sure,,,0.0,2.0
2258,103370,1202393000.0,grove hall redeveloper llc mass llc,573-577 blue hill ave,573,577 blue hill ave,,2121.0,573  577 blue hill av,boston,2121,36300.0,,Multifamily Housing,Multifamily Housing (36300.0),63.3,85.0,2296384.66,1893410.4,100559.026,118105.0,24228.06,,,,,,,,,,,,,,,,,,,,,,55.66,in compliance,124787.086,2030.0,No,No,No,No,No,No,,,1.0,2.0
3087,104620,1202394000.0,,280-296 seaver st,280,296 seaver st,,2121.0,294  296 seaver st,boston,2121,31928.0,,Multifamily Housing,Multifamily Housing (31928.0),81.1,16.0,2590539.04,2123453.3,112776.605,136895.0,28082.64,,,,,,,,,,,,,,,,,,,,,,45.0,in compliance,140859.245,2030.0,No,No,No,No,No,No,,,0.0,2.0
2259,103371,1202399000.0,grove hall redeveloper llc mass llc,258-260 seaver st,258,260 seaver st,,2121.0,258  260 seaver st,boston,2121,20005.0,,Multifamily Housing,Multifamily Housing (20005.0),81.8,56.0,1637259.104,1380021.6,73292.947,75392.0,15465.915,,,,,,,,,,,,,,,,,,,,,,68.81,in compliance,88758.862,2030.0,No,No,No,No,No,No,,,0.0,0.0
2261,103372,1202410000.0,grove hall redeveloper llc mass llc,545-549 blue hill ave,545,549 blue hill ave,,2121.0,6 wayne st,boston,2121,60900.0,,Multifamily Housing,Multifamily Housing (60900.0),61.9,91.0,3770615.032,3122553.4,165838.811,189936.0,38963.471,,,,,,,,,,,,,,,,,,,,,,2.91,in compliance,204802.282,2030.0,No,No,No,No,No,No,,,0.0,2.0
4630,106814,1202424000.0,,1-4 maple ct,1,4 maple ct,,2121.0,1 4 maple ct,boston,2121,57707.0,,Multifamily Housing,"Pre-school/Daycare (2000.0),Multifamily Housing (55707.0)",42.5,52.0,2454520.324,595400.0,31621.694,544877.0,111776.068,,,,,,,,,,,,,,,,,,,,,,57.72,pending revisions,143397.762,2025.0,No,No,No,No,No,No,,,0.0,2.0
4451,106539,1202455010.0,,495-505 blue hill ave,495,505 blue hill ave,,2121.0,495 blue hill av,boston,2121,35772.0,,Multifamily Housing,Multifamily Housing (35772.0),60.1,67.0,2148989.536,1714375.8,91050.499,127378.0,26130.323,,,,,,,,,,,,,,,,,,,,,,32.07,in compliance,117180.822,2030.0,No,No,No,No,No,No,,,0.0,2.0
3455,105116,1202461000.0,,32-36 maple st,32,36 maple st,,2121.0,32  36 maple st,boston,2121,22254.0,,Multifamily Housing,Multifamily Housing (22254.0),66.5,62.0,1479345.316,1158300.0,61517.313,94093.0,19302.238,,,,,,,,,,,,,,,,,,,,,,35.93,in compliance,80819.551,2025.0,No,No,No,No,No,No,,,0.0,0.0
4631,106815,1202480000.0,,25-29 schuyler st,25,29 schuyler st,,2121.0,25 29 schuyler st,boston,2121,22296.0,,Multifamily Housing,Multifamily Housing (22296.0),64.3,,1432671.628,1163400.0,61788.174,78919.0,16189.444,,,,,,,,,,,,,,,,,,,,,,34.4,in compliance,77977.618,2030.0,No,No,No,No,No,No,,,0.0,2.0
2760,104175,1202491000.0,maple commons apartments,15-19 maple st,15,19 maple st,,2121.0,15  19 maple st,boston,2121,27344.0,,Multifamily Housing,Multifamily Housing (27344.0),61.9,75.0,1692056.404,1268313.3,67360.119,124192.0,25476.747,,,,,,,,,,,,,,,,,,,,,,60.2,in compliance,92836.866,2030.0,No,No,No,No,No,No,,,0.0,2.0
4583,106757,1202504000.0,wilshire westminster llc,49-51 cheney st,49,51 cheney st,,2121.0,49  51 cheney st,boston,2121,57525.0,,Multifamily Housing,Multifamily Housing (57525.0),37.8,93.0,2174726.476,1834301.0,97419.726,99773.0,20467.433,,,,,,,,,,,,,,,,,,,,,,36.77,in compliance,117887.159,2030.0,I`m not sure,No,No,No,I`m not sure,I`m not sure,,,0.0,2.0
3457,105118,1202555000.0,,89-91 georgia st,89,91 georgia st,,2121.0,89  91 georgia st,boston,2121,40122.0,,Multifamily Housing,Multifamily Housing (40122.0),81.0,36.0,3251542.56,2712600.1,144066.191,157955.0,32402.889,,,,,,,,,,,,,,,,,,,,,,41.92,in compliance,176469.08,2025.0,No,No,No,No,No,No,,,0.0,2.0
4089,106067,1202882000.0,,295-311 blue hill av,295,311 blue hill av,,2121.0,295  311 blue hill av,boston,2121,48837.0,,Multifamily Housing,"Multifamily Housing (42847.0),Other - Education (5990.0)",54.2,54.0,2649068.844,1475299.9,78353.178,344012.0,70570.622,,,,,,,,,,,,,,,,,,,,,,47.7,in compliance,148923.8,2025.0,No,No,No,No,No,No,,,0.0,0.0
3533,105237,1203099000.0,,236 harold st,236 harold st,236 harold st,,2121.0,49  67 hutchings st,boston,2121,39944.0,,Multifamily Housing,Multifamily Housing (39944.0),44.3,81.0,1771120.048,1075058.4,57096.352,204004.0,41849.381,,,,,,,,,,,,,,,,,,,,,,23.6,in compliance,98945.733,2030.0,No,No,No,No,No,No,,,0.0,2.0
4209,106242,1203393000.0,townsend house condo tr,135 townsend st,135 townsend st,135 townsend st,,2121.0,135 townsend st,boston,2121,32000.0,,Multifamily Housing,Multifamily Housing (32000.0),39.5,70.0,1265334.764,418571.9,22230.354,248172.0,50910.004,,,,,,,,,,,,,,,,,,,,,,25.81,in compliance,73140.358,2025.0,No,No,No,No,No,No,,,0.0,2.0
5543,108109,1300067000.0,,589 dudley st,589 dudley st,589 dudley st,,2125.0,,,,20576.0,0.0,Multifamily Housing,"Multifamily Housing (20576.0),Parking (3600.0)",74.2,,1525847.344,1244572.3,66099.235,82437.0,16911.126,,,,,,,,,,,,,,,,,,,,,,47.12,in compliance,83010.361,2030.0,,,,,,,,,0.0,2.0
3399,105033,1300691000.0,peabody medeiros llc,11 woodcliff st,11 woodcliff st,11 woodcliff st,,2125.0,11 woodcliff st,boston,2125,51132.0,,Multifamily Housing,Multifamily Housing (51132.0),45.7,93.0,2334420.12,1554061.6,82536.212,228710.0,46917.569,,,,,,,,,,,,,,,,,,,,,,39.27,in compliance,129453.781,2025.0,No,No,No,No,No,No,,,0.0,2.0
3228,104799,1300723000.0,nuestra quincy commons,278-292 blue hill av,278,292 blue hill av,,2119.0,278  292 blue hill av,boston,2119,49650.0,0.0,Multifamily Housing,"Multifamily Housing (49650.0),Parking (17682.0)",46.5,63.0,2311165.26,1496874.4,79498.999,238655.0,48957.687,,,,,,,,,,,,,,,,,,,,,,34.24,in compliance,128456.686,2025.0,I'm not sure,No,No,No,I'm not sure,I'm not sure,,,1.0,2.0
3418,105054,1300741010.0,phillips brooks school,5 perth st,5 perth st,5 perth st,,2121.0,quincy st,boston,2121,55000.0,0.0,Multifamily Housing,"Multifamily Housing (55000.0),Parking (6370.0)",62.7,66.0,3449674.244,2696946.1,143234.807,220612.0,45256.346,,,,,,,,,,,,,,,,,,,,,,32.45,in compliance,188491.153,2025.0,I'm not sure,No,No,No,I'm not sure,I'm not sure,,,0.0,0.0
3330,104932,1301149015.0,one-50 magnolia lp mass lps,150 magnolia st,150 magnolia st,150 magnolia st,,2125.0,150 magnolia st,boston,2125,32775.0,,Multifamily Housing,Multifamily Housing (32775.0),62.2,76.0,2039162.34,1453339.0,77186.834,171695.0,35221.512,,,,,,,,,,,,,,,,,,,,,,70.55,in compliance,112408.346,2030.0,I'm not sure,No,No,No,I'm not sure,I'm not sure,,,0.0,2.0
5120,107555,1301150000.0,,112 magnolia st,112 magnolia st,112 magnolia st,,2125.0,,,,30464.0,,Multifamily Housing,Multifamily Housing (30464.0),59.0,,1797927.26,1437603.0,76351.095,105605.0,21663.81,,,,,,,,,,,,,,,,,,,,,,39.97,in compliance,98014.905,2030.0,I'm not sure,No,No,No,I'm not sure,I'm not sure,,,0.0,2.0
2707,104109,1301235000.0,lionhead apartments llc mass llc,713 dudley st,713 dudley st,713 dudley st,,2125.0,713 dudley st,boston,2125,37254.0,,Multifamily Housing,Multifamily Housing (37254.0),47.8,94.0,1782149.78,1213830.0,64466.511,166565.0,34169.144,,,,,,,,,,,,,,,,,,,,,,19.05,in compliance,98635.655,2030.0,No,No,No,No,No,No,,,0.0,2.0
2708,104110,1301236000.0,lionhead apartments llc mass llc,715-723 dudley st,715,723 dudley st,,2125.0,715  723 dudley st,boston,2125,47624.0,,Multifamily Housing,Multifamily Housing (47624.0),42.6,97.0,2029739.772,1340410.0,71189.175,202031.0,41444.639,,,,,,,,,,,,,,,,,,,,,,48.81,pending revisions,112633.814,2025.0,No,No,No,No,No,No,,,0.0,2.0
4436,106522,1301316010.0,uphams corner lp mass lp,530 columbia rd,530 columbia rd,530 columbia rd,,2125.0,530 columbia rd,boston,2125,60843.0,,Multifamily Housing,Multifamily Housing (60843.0),38.9,96.0,2365594.016,1265162.6,67192.786,322518.0,66161.343,,,,,,,,,,,,,,,,,,,,,,34.0,pending revisions,133354.129,2025.0,No,No,No,No,No,No,,,0.0,0.0
3986,105936,1301320010.0,st kevin's lp mass lp,516 columbia rd,516 columbia rd,516 columbia rd,,2125.0,516 columbia rd,boston,2125,25701.0,,Multifamily Housing,Multifamily Housing (25701.0),48.7,67.0,1252688.18,716100.0,38032.071,157265.0,32261.342,,,,,,,,,,,,,,,,,,,,,,49.71,in compliance,70293.413,2030.0,No,No,No,No,No,No,,,0.0,2.0
5017,107420,1301360000.0,,45-49 stoughton st,45,49 stoughton st,,2125.0,,,,20256.0,,Multifamily Housing,Multifamily Housing (20256.0),53.9,,1091478.56,899024.7,47747.202,56405.0,11570.922,,,,,,,,,,,,,,,,,,,,,,27.13,in compliance,59318.124,2030.0,I'm not sure,No,No,No,I'm not sure,I'm not sure,,,0.0,2.0
344,100475,1301625000.0,au 200 hancock llc,200 hancock st,200 hancock st,200 hancock st,,2125.0,200 hancock st,boston,2125,30800.0,,Multifamily Housing,Multifamily Housing (30800.0),39.6,87.0,1219239.972,607362.6,32257.028,179331.0,36787.961,,,,,,,,,,,,,,,,,,,,,,68.53,in compliance,69044.989,2025.0,No,No,No,No,No,No,,,0.0,2.0
3521,105221,1302364011.0,,25 william t morrissey blvd,25 william t morrissey blvd,25 william t morrissey blvd,,2124.0,25 wm t morrissey bl,boston,2124,218777.0,21870.0,Multifamily Housing,"Multifamily Housing (218777.0),Parking (30270.0)",34.6,98.0,7569951.44,2745827.0,145830.872,1413870.0,290041.292,,,,,,,,,,,,,,,,,,,,,,27.31,pending revisions,435872.164,2025.0,No,No,No,No,No,No,C10084,This building has been reported as part of a campus within Energy Star Portfolio Manager. This reported row of data may not encompass the energy and water usage of the entire building. See this building's corresponding Campus ID at the bottom of this data disclosure spreadsheet to view the reported energy usage for the entire campus of buildings.,0.0,2.0
1794,102678,1303046010.0,dna lofts condominium trust,942 dorchester ave,942 dorchester ave,942 dorchester ave,,2125.0,942  944 dorchester av,boston,2125,36873.0,,Multifamily Housing,Multifamily Housing (36873.0),78.9,,2908327.68,1415100.0,75155.961,437640.0,89777.47,,,,,,,,,,,,,,,,,,,,,,44.43,in compliance,164933.431,2025.0,No,No,No,No,No,No,,,0.0,2.0
3401,105035,1303411010.0,peninsula housing assoc ii llc,375 mount vernon st,375 mount vernon st,375 mount vernon st,,2125.0,401 mt vernon st,boston,2125,134338.0,19191.0,Multifamily Housing,"Multifamily Housing (134338.0),Parking (28356.0)",51.6,83.0,6934984.768,3751199.8,199226.221,933114.0,191419.006,,,,,,,,,,,,,,,,,,,,,,36.46,in compliance,390645.227,2025.0,I'm not sure,No,No,No,I'm not sure,I'm not sure,,,0.0,2.0
3402,105036,1303412000.0,,401 mount vernon st,401 mount vernon st,401 mount vernon st,,2125.0,375  401 mt vernon st,boston,2125,305286.0,33921.0,Multifamily Housing,"Multifamily Housing (305286.0),Parking (66931.0)",39.5,95.0,12056206.65,7201200.2,382455.743,1422921.0,291898.014,,,,,,,,,,,,,,,,,,,,,,32.87,in compliance,674353.757,2025.0,I'm not sure,No,No,No,I'm not sure,I'm not sure,,,0.0,2.0
2290,103410,1303445000.0,harbor point apts co lessee,238 mount vernon st,238 mount vernon st,238 mount vernon st,,2125.0,400  260 mt vernon st,boston,2125,1438040.0,8960.0,Multifamily Housing,"Multifamily Housing (1438040.0),Parking (278450.0)",67.5,70.0,97137646.77,67149728.9,3566322.102,8788956.0,1802966.434,,,,,,,,,,,,,,,,,,,,,,55.13,in compliance,5369288.536,2025.0,I'm not sure,No,No,No,I'm not sure,I'm not sure,,,0.0,2.0
2186,103203,1400035000.0,geneva av elderly housing inc,22 beechwood st,22 beechwood st,22 beechwood st,,2121.0,22 beechwood st,boston,2121,42420.0,,Multifamily Housing,Multifamily Housing (42420.0),52.5,70.0,2228544.14,1204534.7,63972.838,300120.0,61566.617,,,,,,,,,,,,,,,,,,,,,,22.06,in compliance,125539.455,2025.0,No,No,No,No,No,No,,,0.0,2.0
4517,106661,1400076000.0,washington columbia lps mass lps,144-148 geneva ave,144,148 geneva ave,,2121.0,148  144 geneva av,boston,2121,34944.0,,Multifamily Housing,Multifamily Housing (34944.0),61.1,49.0,2133604.547,1514367.5,80428.058,223398.9,45828.05,143000.0,,,,,,,,,,,,,,,,,,,,,55.66,in compliance,126256.108,2030.0,No,No,No,No,No,No,C10040,,0.0,2.0
5534,108100,1400078000.0,,165 columbia rd,165 columbia rd,165 columbia rd,,2121.0,,,,42544.0,,Multifamily Housing,Multifamily Housing (42544.0),87.5,28.0,3721825.504,3028029.4,160818.641,250168.7,51319.607,159779.5,,,,,,,,,,,,,,,,,,,,,104.86,in compliance,212138.248,2025.0,,,,,,,,,0.0,2.0
3520,105220,1400314000.0,q-g ii housing mass lp,87-99 lawrence ave,87,99 lawrence ave,,2121.0,87  99 lawrence av,boston,2121,20100.0,,Multifamily Housing,Multifamily Housing (20100.0),126.4,14.0,2540542.008,2107357.9,111921.778,126959.0,26044.369,,,,,,,,,,,,,,,,,,,,,,95.33,in compliance,137966.147,2030.0,I'm not sure,No,No,No,I'm not sure,I'm not sure,,,0.0,2.0
3227,104793,1400470010.0,nu-life condo trust,79 brunswick st,79 brunswick st,79 brunswick st,,2121.0,392  402 blue hill av,boston,2121,26209.0,,Multifamily Housing,"Multifamily Housing (21557.0),Office (4652.0)",29.7,,779140.428,535800.0,28456.338,71319.0,14630.38,,,,,,,,,,,,,,,,,,,,,,32.59,in compliance,43086.718,2030.0,I'm not sure,No,No,No,I'm not sure,I'm not sure,,,0.0,2.0
4518,106662,1400707000.0,washington columbia lps mass lps,178-180 columbia rd,178,180 columbia rd,,2121.0,180  178 columbia rd,boston,2121,30060.0,,Multifamily Housing,Multifamily Housing (30060.0),70.3,52.0,2112478.334,1727673.0,91756.713,156021.2,32006.189,147539.0,,,,,,,,,,,,,,,,,,,,,55.2,in compliance,123762.902,2030.0,No,No,No,No,No,No,C10040,,0.0,2.0
4581,106753,1400731000.0,wilder gardens lp mass lp,36 bishop joe l smith way,36 bishop joe l smith way,36 bishop joe l smith way,,2121.0,36 bishop joe l smith wy,boston,2121,70756.0,,Multifamily Housing,Multifamily Housing (70756.0),66.6,66.0,4713201.228,3541370.3,188082.177,343444.0,70454.102,,,,,,,,,,,,,,,,,,,,,,40.67,in compliance,258536.279,2025.0,No,No,No,No,No,No,,,0.0,2.0
5275,107772,1400766000.0,,150 columbia rd,150 columbia rd,150 columbia rd,,2121.0,,,,29138.0,,Multifamily Housing,Multifamily Housing (29138.0),62.4,55.0,1818848.522,1492159.8,79248.607,139218.5,28559.283,148324.8,,,,,,,,,,,,,,,,,,,,,55.99,in compliance,107807.89,2030.0,No,No,No,No,No,No,,,0.0,2.0
2153,103134,1400774000.0,gangemi frank r ts,488 blue hill ave,488 blue hill ave,488 blue hill ave,,2121.0,488 blue hill av,boston,2121,23540.0,,Multifamily Housing,Multifamily Housing (23540.0),50.3,,1184626.677,967015.8,51358.209,63778.1,13083.439,,,,,,,,,,,,,,,,,,,,,,25.85,in compliance,64441.648,2030.0,No,No,No,No,No,No,,,0.0,2.0
4629,106812,1400783000.0,,35 washington st,35 washington st,35 washington st,,2121.0,35 washington st,boston,2121,28329.0,,Multifamily Housing,Multifamily Housing (28329.0),82.5,,2337473.272,1954199.9,103787.557,112331.0,23043.581,,,,,,,,,,,,,,,,,,,,,,43.4,in compliance,126831.138,2030.0,Yes,No,No,No,Yes,Yes,,,0.0,2.0
4515,106659,1400832000.0,washington columbia ii mass lps,95-103 washington st,95,103 washington st,,2121.0,95  103 washington st,boston,2121,22461.0,,Multifamily Housing,Multifamily Housing (22461.0),82.9,34.0,1862865.823,1517332.5,80585.529,144071.9,29554.91,146040.0,,,,,,,,,,,,,,,,,,,,,85.33,in compliance,110140.439,2030.0,I'm not sure,No,No,No,I'm not sure,I'm not sure,C10039,,0.0,2.0
4516,106660,1400833000.0,washington columbia ii mass lps,102 columbia rd,102 columbia rd,102 columbia rd,,2121.0,108  102 columbia rd,boston,2121,39006.0,,Multifamily Housing,Multifamily Housing (39006.0),61.3,66.0,2389980.306,1931960.3,102606.412,191277.2,39238.605,194617.8,,,,,,,,,,,,,,,,,,,,,65.43,in compliance,141845.017,2025.0,No,No,No,No,No,No,C10039,,0.0,2.0
5546,108112,1400841001.0,,53 washington st,53 washington st,53 washington st,,2121.0,,,,22706.0,,Multifamily Housing,Multifamily Housing (22706.0),57.0,,1293988.668,1109181.1,58908.608,54164.0,11111.203,,,,,,,,,,,,,,,,,,,,,,38.17,in compliance,70019.811,2030.0,,,,,,,,,0.0,2.0
5272,107769,1400842000.0,,59-63b washington st,59,63b washington st,,2121.0,,,,28459.0,,Multifamily Housing,Multifamily Housing (28459.0),65.4,57.0,1862568.052,1504079.6,79881.668,127846.0,26226.328,77722.1,,,,,,,,,,,,,,,,,,,,,56.94,in compliance,106107.996,2030.0,No,No,No,No,No,No,,,0.0,0.0
5273,107770,1400843000.0,,71 washington st,71 washington st,71 washington st,,2121.0,,,,28046.0,,Multifamily Housing,Multifamily Housing (28046.0),69.0,62.0,1935048.519,1642357.0,87225.58,114031.6,23392.442,96384.3,,,,,,,,,,,,,,,,,,,,,35.07,in compliance,110618.022,2030.0,No,No,No,No,No,No,,,0.0,0.0
5542,108108,1400845000.0,,90 columbia rd,90 columbia rd,90 columbia rd,,2121.0,,,,28907.0,,Multifamily Housing,Multifamily Housing (28907.0),60.6,75.0,1750501.465,1453947.3,77219.141,116425.4,23883.507,100689.3,,,,,,,,,,,,,,,,,,,,,52.54,in compliance,101102.648,2030.0,I'm not sure,No,No,No,I'm not sure,I'm not sure,,,0.0,2.0
5274,107771,1400875000.0,,50-52 columbia rd,50,52 columbia rd,,2121.0,,,,29896.0,,Multifamily Housing,Multifamily Housing (29896.0),69.6,53.0,2080140.811,1685150.7,89498.354,163795.9,33601.091,163881.5,,,,,,,,,,,,,,,,,,,,,65.99,in compliance,123099.445,2030.0,No,No,No,No,No,No,,,0.0,2.0
3293,104880,1401034000.0,,155-157 washington st,155,157 washington st,,2121.0,157  155 washington st,boston,2121,40650.0,0.0,Multifamily Housing,"Multifamily Housing (40650.0),Parking (4320.0)",39.5,93.0,1606313.16,1133990.0,60226.209,138430.0,28397.53,,,,,,,,,,,,,,,,,,,,,,30.21,in compliance,88623.739,2030.0,I'm not sure,No,No,No,I'm not sure,I'm not sure,,,0.0,2.0
4825,107153,1401065000.0,secretary of housing,129-135 columbia rd,129,135 columbia rd,,2121.0,129 135 columbia rd,boston,2121,66400.0,,Multifamily Housing,Multifamily Housing (66400.0),51.3,81.0,3408107.128,2621064.5,139204.736,230669.0,47319.439,,,,,,,,,,,,,,,,,,,,,,43.96,in compliance,186524.175,2025.0,I'm not sure,No,No,No,I'm not sure,I'm not sure,C10036,,0.0,2.0
5535,108101,1401067000.0,,143 columbia rd,143 columbia rd,143 columbia rd,,2121.0,,,,28420.0,,Multifamily Housing,Multifamily Housing (28420.0),76.8,40.0,2183713.726,1776280.0,94338.231,148562.2,30476.05,99460.5,,,,,,,,,,,,,,,,,,,,,53.51,in compliance,124814.281,2030.0,,,,,,,,,0.0,0.0
2395,103612,1401103000.0,hearth inc,16 ronald st,16 ronald st,16 ronald st,,2121.0,ronald st,boston,2121,45648.0,,Multifamily Housing,Multifamily Housing (45648.0),52.4,71.0,2393430.082,1607054.5,85350.664,230473.5,47279.334,,,,,,,,,,,,,,,,,,,,,,38.36,in compliance,132629.998,2025.0,No,No,No,No,No,No,,,0.0,0.0
1978,102935,1401147000.0,fields corner granite,15-15a bowdoin ave,15,15a bowdoin ave,,2121.0,15 15a bowdoin av,boston,2121,27528.0,,Multifamily Housing,Multifamily Housing (27528.0),86.7,34.0,2386485.308,2106500.0,111876.215,82059.0,16833.583,,,,,,,,,,,,,,,,,,,,,,44.55,in compliance,128709.798,2030.0,No,No,No,No,No,No,,,0.0,0.0
2185,103198,1401380000.0,geneva apartments llc mass llc,211-255 geneva ave,211,255 geneva ave,,2121.0,211 geneva av,boston,2121,80000.0,,Multifamily Housing,Multifamily Housing (80000.0),48.8,90.0,3904105.6,2848262.2,151271.205,309450.0,63480.573,,,,,,,,,,,,,,,,,,,,,,38.84,in compliance,214751.778,2025.0,No,No,No,No,No,No,,,0.0,0.0
1979,102936,1401421000.0,fields corner granite,96 bowdoin ave,96 bowdoin ave,96 bowdoin ave,,2121.0,96 bowdoin av,boston,2121,21016.0,,Multifamily Housing,Multifamily Housing (21016.0),61.7,,1295859.644,1071565.0,56910.817,65737.0,13485.288,,,,,,,,,,,,,,,,,,,,,,26.53,in compliance,70396.105,2030.0,No,No,No,No,No,No,,,0.0,2.0
5070,107494,1401933000.0,,786-790 blue hill ave,786,790 blue hill ave,,2124.0,,,,22057.0,,Multifamily Housing,Multifamily Housing (22057.0),77.5,51.0,1710162.668,1343495.5,71353.046,107464.0,22045.165,,,,,,,,,,,,,,,,,,,,,,40.5,in compliance,93398.211,2030.0,I'm not sure,No,No,No,I'm not sure,I'm not sure,,,0.0,2.0
5531,108097,1401945000.0,,31 wales st,31 wales st,31 wales st,,2124.0,,,,22323.0,,Multifamily Housing,Multifamily Housing (22323.0),88.6,38.0,1977564.156,1656024.1,87951.44,94238.0,19331.983,,,,,,,,,,,,,,,,,,,,,,54.12,in compliance,107283.423,2030.0,I'm not sure,No,No,No,I'm not sure,I'm not sure,,,0.0,0.0
5525,108089,1402009000.0,,214 harvard st,214 harvard st,214 harvard st,,2124.0,,,,37864.0,0.0,Multifamily Housing,"Multifamily Housing (37864.0),Parking (900.0)",66.3,73.0,2509954.66,2002232.0,106338.542,148805.0,30525.858,,,,,,,,,,,,,,,,,,,,,,63.62,in compliance,136864.4,2030.0,I'm not sure,No,No,No,I'm not sure,I'm not sure,,,0.0,2.0
5071,107495,1402519000.0,,12-16 mclellan st,12,16 mclellan st,,2121.0,,,,29496.0,,Multifamily Housing,Multifamily Housing (29496.0),74.8,46.0,2206092.364,1767490.0,93871.394,128547.0,26370.132,,,,,,,,,,,,,,,,,,,,,,40.94,in compliance,120241.526,2030.0,I'm not sure,No,No,No,I'm not sure,I'm not sure,,,0.0,2.0
5072,107496,1402774000.0,,712-718 blue hill ave,712,718 blue hill ave,,2121.0,,,,28396.0,,Multifamily Housing,Multifamily Housing (28396.0),49.9,,1417463.012,1144329.0,60775.313,80051.0,16421.662,,,,,,,,,,,,,,,,,,,,,,29.69,in compliance,77196.975,2030.0,I'm not sure,No,No,No,I'm not sure,I'm not sure,,,0.0,2.0
5073,107497,1402788000.0,,185 harvard st,185 harvard st,185 harvard st,,2124.0,,,,30936.0,,Multifamily Housing,Multifamily Housing (30936.0),57.4,77.0,1775507.152,1425279.0,75696.568,102646.0,21056.8,,,,,,,,,,,,,,,,,,,,,,34.73,in compliance,96753.368,2030.0,I'm not sure,No,No,No,I'm not sure,I'm not sure,,,0.0,0.0
1410,102026,1402862000.0,city of boston,69-83 ames st,69,83 ames st,,2124.0,180  20 stratton st,boston,2124,21600.0,,Multifamily Housing,Multifamily Housing (21600.0),75.4,,1627872.78,1144000.0,60757.84,141815.0,29091.929,,,,,,,,,,,,,,,,,,,,,,21.37,in compliance,89849.769,2025.0,No,No,No,No,No,No,,,0.0,2.0
1411,102027,1402862000.0,city of boston,21-45 ames way,21,45 ames way,,2124.0,180  20 stratton st,boston,2124,28500.0,,Multifamily Housing,Multifamily Housing (28500.0),76.1,,2168034.236,1522900.1,80881.224,189078.0,38787.461,,,,,,,,,,,,,,,,,,,,,,96.84,in compliance,119668.685,2025.0,,,,,,,,,0.0,2.0
1413,102028,1402862000.0,city of boston,50-70 ames st,50,70 ames st,,2124.0,180  20 stratton st,boston,2124,21600.0,,Multifamily Housing,Multifamily Housing (21600.0),75.4,,1627872.78,1144000.0,60757.84,141815.0,29091.929,,,,,,,,,,,,,,,,,,,,,,138.83,in compliance,89849.769,2025.0,No,No,No,No,No,No,,,0.0,0.0
1414,102029,1402862000.0,city of boston,49-63 ames st,49,63 ames st,,2124.0,180  20 stratton st,boston,2124,21600.0,,Multifamily Housing,Multifamily Housing (21600.0),75.4,,1627872.78,1144000.0,60757.84,141815.0,29091.929,,,,,,,,,,,,,,,,,,,,,,32.35,in compliance,89849.769,2025.0,No,No,No,No,No,No,,,0.0,2.0
1415,102030,1402862000.0,city of boston,78-94 ames st,78,94 ames st,,2124.0,180  20 stratton st,boston,2124,21600.0,,Multifamily Housing,Multifamily Housing (21600.0),75.4,,1627872.78,1144000.0,60757.84,141815.0,29091.929,,,,,,,,,,,,,,,,,,,,,,23.14,in compliance,89849.769,2025.0,No,No,No,No,No,No,,,0.0,2.0
1416,102031,1402862000.0,city of boston,16-40 stratton st,16,40 stratton st,,2124.0,180  20 stratton st,boston,2124,28500.0,,Multifamily Housing,Multifamily Housing (28500.0),73.6,,2097917.168,1473899.9,78278.824,182889.0,37517.849,,,,,,,,,,,,,,,,,,,,,,96.57,in compliance,115796.673,2025.0,No,No,No,No,No,No,,,0.0,0.0
1417,102032,1402862000.0,city of boston,48-62 stratton st,48,62 stratton st,,2124.0,180  20 stratton st,boston,2124,21600.0,,Multifamily Housing,Multifamily Housing (21600.0),75.4,,1627872.78,1144000.0,60757.84,141815.0,29091.929,,,,,,,,,,,,,,,,,,,,,,32.23,in compliance,89849.769,2025.0,No,No,No,No,No,No,,,0.0,2.0
1418,102033,1402862000.0,city of boston,70-90 ames way,70,90 ames way,,2124.0,180  20 stratton st,boston,2124,28500.0,,Multifamily Housing,Multifamily Housing (28500.0),76.1,,2168034.236,1522900.1,80881.224,189078.0,38787.461,,,,,,,,,,,,,,,,,,,,,,17.95,in compliance,119668.685,2025.0,,,,,,,,,0.0,0.0
1420,102034,1402862000.0,city of boston,98-112 stratton st,98,112 stratton st,,2124.0,180  20 stratton st,boston,2124,21600.0,,Multifamily Housing,Multifamily Housing (21600.0),75.4,,1627872.78,1144000.0,60757.84,141815.0,29091.929,,,,,,,,,,,,,,,,,,,,,,29.2,in compliance,89849.769,2025.0,No,No,No,No,No,No,,,0.0,2.0
1421,102035,1402862000.0,city of boston,118-132 stratton st,118,132 stratton st,,2124.0,180  20 stratton st,boston,2124,21600.0,,Multifamily Housing,Multifamily Housing (21600.0),75.4,,1627872.78,1144000.0,60757.84,141815.0,29091.929,,,,,,,,,,,,,,,,,,,,,,23.94,in compliance,89849.769,2025.0,No,No,No,No,No,No,,,1.0,2.0
1422,102037,1402862000.0,city of boston,208-222 westview st,208,222 westview st,,2124.0,180  20 stratton st,boston,2124,21600.0,,Multifamily Housing,Multifamily Housing (21600.0),75.4,,1627872.78,1144000.0,60757.84,141815.0,29091.929,,,,,,,,,,,,,,,,,,,,,,108.96,in compliance,89849.769,2025.0,No,No,No,No,No,No,,,0.0,0.0
1423,102038,1402862000.0,city of boston,230-240 westview st,230,240 westview st,,2124.0,180  20 stratton st,boston,2124,21600.0,,Multifamily Housing,Multifamily Housing (21600.0),75.4,,1627872.78,1144000.0,60757.84,141815.0,29091.929,,,,,,,,,,,,,,,,,,,,,,23.68,in compliance,89849.769,2025.0,No,No,No,No,No,No,,,0.0,2.0
1424,102039,1402862000.0,city of boston,1-17 ames st,1,17 ames st,,2124.0,180  20 stratton st,boston,2124,21600.0,,Multifamily Housing,Multifamily Housing (21600.0),75.4,,1627872.78,1144000.0,60757.84,141815.0,29091.929,,,,,,,,,,,,,,,,,,,,,,29.2,in compliance,89849.769,2025.0,No,No,No,No,No,No,,,1.0,1.0
1425,102040,1402862000.0,city of boston,20-40 ames st,20,40 ames st,,2124.0,180  20 stratton st,boston,2124,21600.0,,Multifamily Housing,Multifamily Housing (21600.0),74.8,,1615425.352,1135200.0,60290.472,140746.0,28872.634,,,,,,,,,,,,,,,,,,,,,,28.58,in compliance,89163.106,2025.0,No,No,No,No,No,No,,,0.0,2.0
1426,102041,1402862000.0,city of boston,158-172 westview st,158,172 westview st,,2124.0,180  20 stratton st,boston,2124,21600.0,,Multifamily Housing,Multifamily Housing (21600.0),75.4,,1627872.78,1144000.0,60757.84,141815.0,29091.929,,,,,,,,,,,,,,,,,,,,,,128.23,in compliance,89849.769,2025.0,No,No,No,No,No,No,,,0.0,2.0
1427,102042,1402862000.0,city of boston,180-190 westview st,180,190 westview st,,2124.0,180  20 stratton st,boston,2124,21600.0,,Multifamily Housing,Multifamily Housing (21600.0),75.4,,1627872.78,1144000.0,60757.84,141815.0,29091.929,,,,,,,,,,,,,,,,,,,,,,29.9,in compliance,89849.769,2025.0,No,No,No,No,No,No,,,1.0,1.0
1442,102057,1402862000.0,city of boston,140-150 westview st,140,150 westview st,,2124.0,180  20 stratton st,boston,2124,21600.0,,Multifamily Housing,Multifamily Housing (21600.0),75.4,,1627872.78,1144000.0,60757.84,141815.0,29091.929,,,,,,,,,,,,,,,,,,,,,,27.72,in compliance,89849.769,2025.0,No,No,No,No,No,No,,,0.0,0.0
1443,102058,1402862000.0,city of boston,156-180 stratton st,156,180 stratton st,,2124.0,180  20 stratton st,boston,2124,28500.0,,Multifamily Housing,Multifamily Housing (28500.0),80.6,,2297218.084,1613600.0,85698.296,200357.0,41101.235,,,,,,,,,,,,,,,,,,,,,,41.28,in compliance,126799.531,2025.0,No,No,No,No,No,No,,,0.0,2.0
1445,102060,1402862000.0,city of boston,138-152 stratton st,138,152 stratton st,,2124.0,180  20 stratton st,boston,2124,21600.0,,Multifamily Housing,Multifamily Housing (21600.0),106.9,,2308460.692,1621399.9,86112.549,201366.0,41308.221,,,,,,,,,,,,,,,,,,,,,,46.16,in compliance,127420.77,2025.0,No,No,No,No,No,No,,,0.0,0.0
4080,106052,1402922010.0,talbot bernard housing llc mass llc,112-114 bernard st,112,114 bernard st,,2124.0,112  114 bernard st,boston,2124,45187.0,0.0,Multifamily Housing,"Multifamily Housing (45187.0),Parking (3420.0)",65.7,69.0,2970732.672,2107135.0,111909.94,253106.0,51922.165,,,,,,,,,,,,,,,,,,,,,,79.85,in compliance,163832.105,2025.0,I'm not sure,No,No,No,I'm not sure,I'm not sure,,,0.0,2.0
4081,106060,1402922020.0,,193 talbot ave,193 talbot ave,193 talbot ave,,2124.0,193 talbot av,boston,2124,28283.0,,Multifamily Housing,Multifamily Housing (28283.0),35.2,100.0,995121.0552,909640.7,48311.018,54859.6,11253.898,101700.6,,,,,,,,,,,,,,,,,,,,,29.51,in compliance,59564.916,2030.0,No,No,No,No,No,No,,,0.0,0.0
1009,101360,1403373000.0,bradford estates condo tr,2-26 marden ave,2,26 marden ave,,2124.0,55 willowwood st,boston,2124,39163.0,,Multifamily Housing,Multifamily Housing (39163.0),37.3,66.0,1459216.864,,,427672.0,87732.634,,,,,,,,,,,,,,,,,,,,,,,in compliance,87732.634,2030.0,No,No,No,No,No,No,,,0.0,0.0
1753,102624,1404198000.0,danube apartments llc,825 blue hill ave,825 blue hill ave,825 blue hill ave,,2124.0,825  829 blue hill av,boston,2124,20025.0,,Multifamily Housing,Multifamily Housing (20025.0),65.4,87.0,1309418.484,1172658.7,62279.904,40082.0,8222.421,,,,,,,,,,,,,,,,,,,,,,32.85,in compliance,70502.325,2030.0,No,No,No,No,No,No,,,1.0,1.0
4567,106734,1404338000.0,wfh housing llc a mass llc,52-58 franklin hill ave,52,58 franklin hill ave,,2124.0,140 american legion hw,boston,2124,21060.0,,Multifamily Housing,Multifamily Housing (21060.0),80.2,60.0,1688496.792,1347754.0,71579.215,99866.0,20486.511,,,,,,,,,,,,,,,,,,,,,,84.85,in compliance,92065.726,2025.0,No,No,No,No,No,No,,,0.0,2.0
4568,106735,1404338000.0,wfh housing llc a mass llc,30-38 franklin hill ave,30,38 franklin hill ave,,2124.0,140 american legion hw,boston,2124,21060.0,,Multifamily Housing,Multifamily Housing (21060.0),78.4,66.0,1652066.868,1347754.0,71579.215,89189.0,18296.231,,,,,,,,,,,,,,,,,,,,,,84.85,in compliance,89875.446,2025.0,No,No,No,No,No,No,,,0.0,0.0
4569,106736,1404338000.0,wfh housing llc a mass llc,40-50 franklin hill ave,40,50 franklin hill ave,,2124.0,140 american legion hw,boston,2124,21060.0,,Multifamily Housing,Multifamily Housing (21060.0),85.4,41.0,1798977.352,1347754.0,71579.215,132246.0,27128.944,,,,,,,,,,,,,,,,,,,,,,84.85,in compliance,98708.159,2025.0,No,No,No,No,No,No,,,0.0,2.0
1983,102940,1404349000.0,fieldstone apartments lp a mass lp,887-907 blue hill ave,887,907 blue hill ave,,2124.0,901  907 blue hill av,boston,2124,56432.0,,Multifamily Housing,Multifamily Housing (56432.0),28.6,97.0,1613258.016,1249648.0,66368.805,106568.0,21861.36,,,,,,,,,,,,,,,,,,,,,,15.67,in compliance,88230.165,2030.0,No,No,No,No,No,No,,,0.0,0.0
4817,107142,1404350000.0,fieldstone apartments lp,911-917 blue hill ave,911,917 blue hill ave,,2124.0,911 913 blue hill av,boston,2124,24348.0,,Multifamily Housing,Multifamily Housing (24348.0),53.3,67.0,1298322.708,925786.9,49168.542,109184.0,22398.006,,,,,,,,,,,,,,,,,,,,,,37.64,in compliance,71566.548,2030.0,No,No,No,No,No,No,,,1.0,1.0
4818,107143,1404357000.0,fieldstone apartments lp,935-939 blue hill avenue,935,939 blue hill avenue,,2124.0,935 blue hill av,boston,2124,21595.0,,Multifamily Housing,Multifamily Housing (21595.0),53.6,,1156831.52,844940.6,44874.795,91410.0,18751.847,,,,,,,,,,,,,,,,,,,,,,44.27,in compliance,63626.642,2030.0,No,No,No,No,No,No,,,1.0,1.0
2372,103585,1404445000.0,harvard hill ue llc,436 harvard st,436 harvard st,436 harvard st,,2124.0,436 harvard st,boston,2124,23667.0,,Multifamily Housing,Multifamily Housing (23667.0),44.3,,1047683.464,785055.0,41694.271,76972.0,15790.036,,,,,,,,,,,,,,,,,,,,,,38.05,in compliance,57484.307,2030.0,I'm not sure,No,No,No,I'm not sure,I'm not sure,,,0.0,0.0
3606,105352,1404715000.0,,51 deering rd,51 deering rd,51 deering rd,,2126.0,51  59 deering rd,boston,2126,41000.0,,Multifamily Housing,Multifamily Housing (41000.0),68.3,20.0,2801012.54,2144902.0,113915.745,192295.0,39447.396,,,,,,,,,,,,,,,,,,,,,,36.11,in compliance,153363.141,2030.0,No,No,No,No,No,No,,,1.0,1.0
2373,103586,1405129000.0,harvard hill ue llc,70 hazleton st,70 hazleton st,70 hazleton st,,2126.0,636 walk hill st,boston,2126,20850.0,0.0,Multifamily Housing,"Multifamily Housing (20850.0),Parking (4500.0)",76.4,60.0,1593467.728,1194796.0,63455.616,116844.0,23969.378,,,,,,,,,,,,,,,,,,,,,,70.48,in compliance,87424.994,2030.0,I'm not sure,No,No,No,I'm not sure,I'm not sure,,,0.0,0.0
2396,103613,1405196900.0,hearth olmstead lp,2 kingbird rd,2 kingbird rd,2 kingbird rd,,2124.0,2 kingbird rd,boston,2124,52356.0,,Multifamily Housing,Multifamily Housing (52356.0),42.8,80.0,2239976.743,1291758.4,68605.289,277906.9,57009.821,,,,,,,,,,,,,,,,,,,,,,20.7,in compliance,125615.11,2025.0,No,No,No,No,No,No,,,0.0,2.0
5182,107646,1405196930.0,,1 kingbird rd,1 kingbird rd,1 kingbird rd,,2124.0,,,,46375.0,0.0,Multifamily Housing,"Multifamily Housing (46375.0),Parking (10800.0)",56.0,92.0,2599170.752,2009932.0,106747.489,172696.0,35426.857,,,,,,,,,,,,,,,,,,,,,,32.48,in compliance,142174.346,2025.0,No,No,No,No,No,No,,,0.0,2.0
3264,104838,1405198700.0,olmsted green rental 1 llc mass llc,51-55 catbird ct,51,55 catbird ct,,2124.0,harvard st,boston,2124,52428.0,0.0,Multifamily Housing,"Multifamily Housing (52428.0),Parking (11700.0)",84.1,40.0,4409028.184,3399649.4,180555.38,295832.0,60686.976,,,,,,,,,,,,,,,,,,,,,,40.6,in compliance,241242.356,2025.0,No,No,No,No,No,No,,,0.0,0.0
2420,103647,1500389000.0,heritage hill condo tr,46 adams st,46 adams st,46 adams st,,2122.0,46 adams st,boston,2122,20975.0,,Multifamily Housing,Multifamily Housing (20975.0),75.4,71.0,1582537.96,1236800.0,65686.448,101330.0,20786.836,,,,,,,,,,,,,,,,,,,,,,47.65,in compliance,86473.284,2030.0,No,No,No,No,No,No,,,1.0,2.0
1801,102686,1500550000.0,dorchester housing assoc lps,10 ellet st,10 ellet st,10 ellet st,,2122.0,adams st,boston,2122,59400.0,,Multifamily Housing,Multifamily Housing (59400.0),40.6,94.0,2409391.972,843690.0,44808.376,458881.0,94134.848,,,,,,,,,,,,,,,,,,,,,,45.72,in compliance,138943.224,2025.0,No,No,No,No,No,No,,,0.0,2.0
1980,102937,1500608000.0,fields corner housing lps mass lps,444a-452 geneva ave,444a,452 geneva ave,,2122.0,444 a452 geneva st,boston,2122,20344.0,,Multifamily Housing,Multifamily Housing (20344.0),67.2,,1366192.352,1193900.0,63408.029,50496.0,10358.749,,,,,,,,,,,,,,,,,,,,,,27.01,in compliance,73766.778,2030.0,No,No,No,No,No,No,,,1.0,1.0
1788,102669,1501522000.0,ditson street senior hsng in,33 ditson st,33 ditson st,33 ditson st,,2122.0,33 ditson st,boston,2122,30325.0,,Multifamily Housing,Multifamily Housing (30325.0),58.7,69.0,1778980.065,1246109.6,66180.881,156175.4,32037.822,,,,,,,,,,,,,,,,,,,,,,44.26,in compliance,98218.703,2025.0,No,No,No,No,No,No,,,0.0,2.0
1981,102938,1501578000.0,fields corner housing mass lp,12 arcadia st,12 arcadia st,12 arcadia st,,2122.0,12 arcadia st,boston,2122,29040.0,,Multifamily Housing,Multifamily Housing (29040.0),38.7,88.0,1123636.28,507633.8,26960.431,180540.0,37035.976,,,,,,,,,,,,,,,,,,,,,,48.22,in compliance,63996.407,2030.0,No,No,No,No,No,No,,,0.0,0.0
4235,106269,1501703010.0,,307 bowdoin st,307 bowdoin st,307 bowdoin st,,2122.0,307 bowdoin st,boston,2122,20400.0,,Multifamily Housing,Multifamily Housing (20400.0),81.1,71.0,1654189.384,1258800.0,66854.868,115882.0,23772.033,,,,,,,,,,,,,,,,,,,,,,283.38,in compliance,90626.901,2030.0,No,No,No,No,No,No,,,0.0,2.0
4236,106270,1502099000.0,,123 hamilton st,123 hamilton st,123 hamilton st,,2125.0,121  129 hamilton st,boston,2125,28500.0,,Multifamily Housing,Multifamily Housing (28500.0),64.4,79.0,1835760.912,1215200.0,64539.272,181876.0,37310.043,,,,,,,,,,,,,,,,,,,,,,28.78,in compliance,101849.315,2025.0,No,No,No,No,No,No,,,1.0,1.0
1579,102357,1502411010.0,columbia west lp,392-396 columbia rd,392,396 columbia rd,,2125.0,392 columbia rd,boston,2125,62533.0,,Multifamily Housing,Multifamily Housing (62533.0),30.5,99.0,1906393.98,1021781.8,54266.831,259265.0,53185.622,,,,,,,,,,,,,,,,,,,,,,43.48,in compliance,107452.453,2025.0,No,No,No,No,No,No,,,0.0,0.0
2214,103321,1502434000.0,glendale associates lp,422 columbia rd,422 columbia rd,422 columbia rd,,2125.0,422 columbia rd,boston,2125,31548.0,,Multifamily Housing,Multifamily Housing (31548.0),59.9,87.0,1890428.192,1498249.5,79572.031,114941.0,23578.997,,,,,,,,,,,,,,,,,,,,,,45.02,in compliance,103151.028,2025.0,No,No,No,No,No,No,,,0.0,0.0
2215,103322,1502435000.0,glendale associates lp,414 columbia rd,414 columbia rd,414 columbia rd,,2125.0,414  418 columbia rd,boston,2125,26444.0,,Multifamily Housing,Multifamily Housing (26444.0),49.8,87.0,1317180.704,969610.5,51496.014,101867.0,20896.996,,,,,,,,,,,,,,,,,,,,,,25.56,in compliance,72393.01,2030.0,No,No,No,No,No,No,,,0.0,2.0
1762,102637,1502620000.0,,481-485 columbia rd,481,485 columbia rd,,2125.0,481  485 columbia rd,boston,2125,22750.0,,Multifamily Housing,Multifamily Housing (22750.0),78.5,,1786180.659,1504776.3,79918.669,82474.9,16918.901,,,,,,,,,,,,,,,,,,,,,,59.36,in compliance,96837.57,2025.0,No,No,No,No,No,No,,,0.0,0.0
549,100797,1502943000.0,boston housing auth,330 bowdoin st,330 bowdoin st,330 bowdoin st,,2125.0,330 bowdoin st,boston,2125,64830.0,,Multifamily Housing,Multifamily Housing (64830.0),80.9,,5244269.9,3637900.3,193208.885,470800.0,96579.912,,,,,,,,,,,,,,,,,,,,,,55.99,in compliance,289788.797,2025.0,No,No,No,No,No,No,,,0.0,2.0
60,100088,1502982000.0,233 hancock llc,233 hancock st,233 hancock st,233 hancock st,,2125.0,233 hancock st,boston,2125,36160.0,,Multifamily Housing,Multifamily Housing (36160.0),39.0,54.0,1412015.256,,,413838.0,84894.727,,,,,,,,,,,,,,,,,,,,,,21.54,in compliance,84894.727,2025.0,Yes,No,No,No,Yes,Yes,,,0.0,2.0
4378,106443,1503062000.0,uncle jay's enterprises llc,17-19 winter st,17,19 winter st,,2122.0,19 winter st,boston,2122,29440.0,,Multifamily Housing,Multifamily Housing (29440.0),70.7,72.0,2081495.88,1647700.0,87509.347,127138.3,26081.151,,,,,,,,,,,,,,,,,,,,,,672.64,in compliance,113590.498,2030.0,No,No,No,No,No,No,,,1.0,1.0
3760,105614,1503123000.0,,130 auckland st,130 auckland st,130 auckland st,,2125.0,130 auckland st,boston,2125,145206.0,0.0,Multifamily Housing,"Multifamily Housing (145206.0),Parking (20521.0)",49.9,94.0,7242859.961,5686953.5,302034.1,456010.1,93545.912,,,,,,,,,,,,,,,,,,,,,,28.71,in compliance,395580.012,2025.0,No,No,No,No,No,No,,,1.0,1.0
1129,101693,1600465000.0,cesco llc mass llc,428 adams st,428 adams st,428 adams st,,2122.0,428  430 adams st,boston,2122,31792.0,,Multifamily Housing,Multifamily Housing (31792.0),91.2,26.0,2900227.67,2462897.3,130804.476,128174.2,26293.655,,,,,,,,,,,,,,,,,,,,,,47.66,in compliance,157098.131,2030.0,No,No,No,No,No,No,,,0.0,2.0
331,100460,1601116000.0,,445-447 adams st,445,447 adams st,,2122.0,445  447 adams st,boston,2122,28448.0,,Multifamily Housing,Multifamily Housing (28448.0),62.1,64.0,1765317.588,1378059.0,73188.713,113499.0,23283.185,,,,,,,,,,,,,,,,,,,,,,27.6,in compliance,96471.898,2030.0,No,No,No,No,No,No,,,0.0,2.0
671,100974,1601530000.0,boston housing authority,1879 dorchester ave,1879 dorchester ave,1879 dorchester ave,,2124.0,talbot av,boston,2124,103200.0,,Multifamily Housing,Multifamily Housing (103200.0),53.6,70.0,5529506.82,3747299.8,199019.092,522335.0,107151.802,,,,,,,,,,,,,,,,,,,,,,33.47,in compliance,306170.894,2025.0,No,No,No,No,No,No,,,0.0,0.0
1933,102862,1602615000.0,estuary pt norfolk condo tr,171 walnut st,171 walnut st,171 walnut st,,2122.0,169  171 walnut st,boston,2122,20644.0,,Multifamily Housing,Multifamily Housing (20644.0),52.8,,1089891.026,851180.0,45206.17,69962.2,14352.046,,,,,,,,,,,,,,,,,,,,,,24.64,in compliance,59558.216,2030.0,I'm not sure,No,No,No,I'm not sure,I'm not sure,,,0.0,0.0
330,100459,1602975000.0,,3-9 Msgr Patrick J Lydon Way,3,9 Msgr Patrick J Lydon Way,,2124.0,1842  1840 dorchester av,boston,2124,20236.0,,Multifamily Housing,Multifamily Housing (20236.0),65.5,,1325408.64,910100.0,48335.411,121720.0,24969.641,,,,,,,,,,,,,,,,,,,,,,18.3,in compliance,73305.052,2030.0,No,No,No,No,No,No,,,0.0,0.0
550,100798,1603120000.0,boston housing auth,358-374 ashmont st,358,374 ashmont st,,2124.0,342  374 ashmont st,boston,2124,21259.0,,Multifamily Housing,Multifamily Housing (21259.0),140.6,2.0,2989662.592,2658899.9,141214.174,96941.0,19886.477,,,,,,,,,,,,,,,,,,,,,,37.33,in compliance,161100.651,2025.0,No,No,No,No,No,No,,,0.0,0.0
551,100799,1603120000.0,boston housing auth,342-356 ashmont st,342,356 ashmont st,,2124.0,342  374 ashmont st,boston,2124,21800.0,,Multifamily Housing,Multifamily Housing (21800.0),147.5,1.0,3214768.388,2858900.2,151836.19,104299.0,21395.897,,,,,,,,,,,,,,,,,,,,,,36.4,in compliance,173232.087,2025.0,No,No,No,No,No,No,,,0.0,0.0
236,100317,1603457000.0,adams st village llc mass llc,725 adams st,725 adams st,725 adams st,,2124.0,725 adams st,boston,2124,34705.0,,Multifamily Housing,Multifamily Housing (34705.0),48.5,94.0,1682846.992,1265504.8,67210.96,122316.0,25091.904,,,,,,,,,,,,,,,,,,,,,,56.71,in compliance,92302.864,2025.0,No,No,No,No,No,No,,,0.0,0.0
4619,106801,1603457001.0,corcoran john m trst,735 adams st,735 adams st,735 adams st,,2124.0,735 adams st,boston,2124,41395.0,,Multifamily Housing,Multifamily Housing (41395.0),61.7,46.0,2552127.988,1563248.5,83024.128,289824.0,59454.495,,,,,,,,,,,,,,,,,,,,,,36.15,in compliance,142478.623,2025.0,No,No,No,No,No,No,,,1.0,1.0
4006,105959,1604106000.0,stock st condo tr,15 stock st,15 stock st,15 stock st,,2122.0,15  44 stock st,boston,2122,24213.0,,Multifamily Housing,Multifamily Housing (24213.0),38.0,,919268.0,703117.8,37342.586,63350.0,12995.619,,,,,,,,,,,,,,,,,,,,,,2121.46,in compliance,50338.205,2030.0,No,No,No,No,No,No,,,0.0,2.0
4540,106694,1604119001.0,wenlock court condo tr,15-17 wenlock rd,15,17 wenlock rd,,2122.0,15  45 wenlock rd,boston,2122,24576.0,,Multifamily Housing,Multifamily Housing (24576.0),33.8,,831105.968,611496.0,32476.553,64364.0,13203.631,,,,,,,,,,,,,,,,,,,,,,2716.15,in compliance,45680.184,2030.0,No,No,No,No,No,No,,,1.0,2.0
2607,103993,1604327000.0,keystone apartments company lp,151 hallet st,151 hallet st,151 hallet st,,2124.0,151 hallet st,boston,2124,279125.0,0.0,Multifamily Housing,"Multifamily Housing (279125.0),Parking (73435.0)",45.8,95.0,12771248.67,9674169.1,513795.121,907702.1,186206.009,,,,,,,,,,,,,,,,,,,,,,24.79,in compliance,700001.13,2025.0,I'm not sure,No,No,No,I'm not sure,I'm not sure,,,1.0,1.0
5169,107628,1700625000.0,,282-292 talbot ave,282,292 talbot ave,,2124.0,,,,36216.0,,Multifamily Housing,Multifamily Housing (36216.0),54.7,68.0,1981072.367,1688371.9,89669.432,85785.6,17598.058,,,,,,,,,,,,,,,,,,,,,,26.49,in compliance,107267.49,2025.0,I'm not sure,No,No,No,I'm not sure,I'm not sure,,,1.0,2.0
2454,103772,1701421010.0,holland john p,49 norfolk st,49 norfolk st,49 norfolk st,,2124.0,49  51 norfolk st,boston,2124,36416.0,,Multifamily Housing,Multifamily Housing (36416.0),49.3,88.0,1796233.892,1159500.1,61581.05,186616.0,38282.406,,,,,,,,,,,,,,,,,,,,,,47.99,in compliance,99863.456,2030.0,No,No,No,No,No,No,,,1.0,1.0
4362,106422,1701586000.0,,241-257 talbot ave,241,257 talbot ave,,2124.0,241  251 talbot av,boston,2124,27148.0,,Multifamily Housing,Multifamily Housing (27148.0),77.5,61.0,2104447.152,1754133.7,93162.041,102671.0,21061.929,,,,,,,,,,,,,,,,,,,,,,65.04,in compliance,114223.97,2030.0,I'm not sure,No,No,No,I'm not sure,I'm not sure,,,0.0,0.0
1568,102342,1701640000.0,,245-265 norfolk st,245,265 norfolk st,,2124.0,245  265 norfolk st,boston,2124,40374.0,,Multifamily Housing,Multifamily Housing (40374.0),44.0,47.0,1775256.776,,,520298.0,106733.932,,,,,,,,,,,,,,,,,,,,,,32.32,in compliance,106733.932,2025.0,Yes,No,No,No,Yes,Yes,,,0.0,0.0
674,100977,1703554000.0,boston housing authority,2262-2266 dorchester ave,2262,2266 dorchester ave,,2124.0,2262  2266 dorchester av,boston,2124,110110.0,,Multifamily Housing,Multifamily Housing (110110.0),89.0,,9794584.7,8820799.9,468472.683,285400.0,58546.956,,,,,,,,,,,,,,,,,,,,,,38.22,in compliance,527019.639,2025.0,No,No,No,No,No,No,,,0.0,0.0
4649,106835,1703661000.0,,"1220 adams st
",1220 adams st,1220 adams st,,2124.0,1220 1230 adams st,boston,2124,105398.0,,Multifamily Housing,Multifamily Housing (105398.0),83.0,49.0,8745883.828,6884146.5,365617.021,545644.0,111933.41,,,,,,,,,,,,,,,,,,,,,,30.53,in compliance,477550.431,2025.0,No,No,Yes,Yes,No,No,,,0.0,0.0
1083,101545,1703703000.0,butler lp mass lp,68 butler st,68 butler st,68 butler st,,2124.0,68 butler st,boston,2124,31232.0,,Multifamily Housing,Multifamily Housing (31232.0),46.6,96.0,1454303.396,,,108383.0,22233.689,,,,,,,,,,1084500.6,80480.79,,,,,,,,,,,41.0,in compliance,102714.479,2025.0,Yes,No,No,No,Yes,Yes,,,1.0,1.0
379,100525,1704031010.0,baker square condo trust,1241-1251 adams st,1241,1251 adams st,,2124.0,1241  1255 adams st,boston,2124,229178.0,,Multifamily Housing,Multifamily Housing (229178.0),50.1,65.0,11478495.75,5600800.3,297458.504,1722654.0,353385.242,,,,,,,,,,,,,,,,,,,,,,25.02,in compliance,650843.746,2025.0,No,No,No,No,No,No,,,0.0,0.0
2179,103174,1704048010.0,,40 river st,40 river st,40 river st,,2126.0,40 river st,boston,2126,76708.0,,Multifamily Housing,Multifamily Housing (76708.0),27.2,96.0,2085323.056,986700.0,52403.637,321988.0,66052.618,,,,,,,,,,,,,,,,,,,,,,30.01,pending revisions,118456.255,2025.0,I'm not sure,No,No,No,I'm not sure,I'm not sure,,,0.0,0.0
57,100084,1704098000.0,2165 dot ave llc,2165 dorchester ave,2165 dorchester ave,2165 dorchester ave,,2124.0,2165 dorchester av,boston,2124,31200.0,,Multifamily Housing,Multifamily Housing (31200.0),55.5,91.0,1730231.416,,,107193.0,21989.572,,,,,,,,,,1364488.9,101258.721,,,,,,,,,,,42.58,in compliance,123248.293,2025.0,Yes,No,No,No,Yes,Yes,,,0.0,0.0
2301,103481,1704416000.0,harmon apartments llc,2045 dorchester ave,2045 dorchester ave,2045 dorchester ave,,2124.0,2049 dorchester av,boston,2124,43176.0,,Multifamily Housing,Multifamily Housing (43176.0),57.5,69.0,2483201.12,1593914.5,84652.799,260635.0,53466.664,,,,,,,,,,,,,,,,,,,,,,12.63,in compliance,138119.463,2025.0,No,No,No,No,No,No,,,0.0,0.0
2921,104373,1704530000.0,,1943-1945 dorchester ave,1943,1945 dorchester ave,,2124.0,1943 r dorchester av,boston,2124,43836.0,,Multifamily Housing,Multifamily Housing (43836.0),38.3,79.0,1680126.804,,,492417.0,101014.423,,,,,,,,,,,,,,,,,,,,,,20.53,in compliance,101014.423,2025.0,I'm not sure,No,No,No,I'm not sure,I'm not sure,,,0.0,0.0
675,100978,1704614000.0,boston housing authority,784-786 washington st,784,786 washington st,,2124.0,784  786 washington st,boston,2124,64230.0,,Multifamily Housing,Multifamily Housing (64230.0),93.0,,5975632.62,3857599.5,204877.109,620760.0,127342.706,,,,,,,,,,,,,,,,,,,,,,94.02,in compliance,332219.815,2025.0,No,No,No,No,No,No,,,0.0,0.0
5299,107810,1704738000.0,,728 washington st,728 washington st,728 washington st,,2124.0,,,,24980.0,,Multifamily Housing,Multifamily Housing (24980.0),84.1,17.0,2100844.951,1221948.0,64897.658,319590.9,65560.877,211547.2,,,,,,,,,,,,,,,,,,,,,93.59,in compliance,130458.535,2030.0,I'm not sure,No,No,No,I'm not sure,I'm not sure,,,0.0,0.0
2208,103315,1704781102.0,girls latin academy llc mass llc,380 talbot av,380 talbot av,380 talbot av,,2124.0,380 talbot av,boston,2124,80099.0,,Multifamily Housing,Multifamily Housing (80099.0),95.5,10.0,7647467.924,4967846.9,263842.349,785352.0,161107.109,,,,,,,,,,,,,,,,,,,,,,79.64,in compliance,424949.458,2025.0,I'm not sure,No,No,No,I'm not sure,I'm not sure,,,0.0,0.0
4846,107174,1704806010.0,new lithgow residential llc mass llc,369 391 talbot av,369 391 talbot av,369 391 talbot av,,2124.0,369 391 talbot av,boston,2124,32527.0,,Multifamily Housing,Multifamily Housing (32527.0),84.7,36.0,2754406.848,2124538.0,112834.213,184604.0,37869.665,,,,,,,,,,,,,,,,,,,,,,77.01,in compliance,150703.878,2030.0,No,No,No,No,No,No,,,0.0,0.0
345,100476,1800015000.0,au river llc,422 river st,422 river st,422 river st,,2126.0,422 river st,boston,2126,33493.0,10363.0,Multifamily Housing,"Multifamily Housing (33493.0),Parking (10363.0)",37.0,97.0,1239256.892,651400.0,34595.854,172291.0,35343.776,,,,,,,,,,,,,,,,,,,,,,34.74,in compliance,69939.63,2030.0,No,No,No,No,No,No,,,0.0,0.0
1769,102645,1800731000.0,delhi limited partnership mass lps,217 delhi st,217 delhi st,217 delhi st,,2126.0,217 delhi st,boston,2126,21420.0,,Multifamily Housing,Multifamily Housing (21420.0),61.1,85.0,1308633.16,,,73180.0,15012.145,,,,,,,,,,1058943.0,78584.16,,,,,,,,,,,64.09,in compliance,93596.305,2030.0,Yes,No,No,No,Yes,Yes,,,0.0,0.0
356,100487,1800768001.0,avanath morton village llc,65 morton village dr,65 morton village dr,65 morton village dr,,2126.0,65  95 morton village dr,boston,2126,246000.0,,Multifamily Housing,Multifamily Housing (246000.0),56.3,67.0,13846879.39,10762888.6,571617.014,903866.0,185419.071,,,,,,,,,,,,,,,,,,,,,,37.05,in compliance,757036.085,2025.0,No,No,No,No,No,No,,,1.0,2.0
5530,108096,1800904000.0,,1310 blue hill av,1310 blue hill av,1310 blue hill av,,2126.0,,,,24867.0,,Multifamily Housing,Multifamily Housing (24867.0),49.4,,1227787.648,923253.0,49033.967,89254.0,18309.566,,,,,,,,,,,,,,,,,,,,,,34.03,in compliance,67343.533,2030.0,I'm not sure,No,No,No,I'm not sure,I'm not sure,,,0.0,2.0
226,100306,1801010000.0,adams court llc mass llc,415 river st,415 river st,415 river st,,2126.0,415 river st,boston,2126,31312.0,,Multifamily Housing,Multifamily Housing (31312.0),50.4,88.0,1577619.472,1208932.4,64206.4,108056.0,22166.608,0.0,,,,,,,,,,,,,,,,,,,,,42.63,in compliance,86373.008,2025.0,I'm not sure,No,No,No,I'm not sure,I'm not sure,,,0.0,2.0
5015,107418,1801054000.0,,30-32 regis rd,30,32 regis rd,,2126.0,,,,34562.0,,Multifamily Housing,Multifamily Housing (34562.0),54.9,53.0,1898398.62,995805.2,52887.214,264535.0,54266.71,,,,,,,,,,,,,,,,,,,,,,44.02,in compliance,107153.924,2030.0,No,No,No,No,No,No,,,1.0,1.0
2512,103871,1801487010.0,,50 poydras st,50 poydras st,50 poydras st,,2136.0,36 poydras st,boston,2136,27894.0,,Multifamily Housing,Multifamily Housing (27894.0),54.4,48.0,1517410.896,888466.7,47186.466,184333.0,37814.072,,,,,,,,,,,,,,,,,,,,,,30.45,in compliance,85000.538,2030.0,No,No,No,No,No,No,,,0.0,2.0
552,100800,1801546000.0,boston housing auth,705 river st,705 river st,705 river st,,2136.0,705 river st,boston,2136,60440.0,,Multifamily Housing,Multifamily Housing (60440.0),69.3,,4186073.616,,,1226868.0,251679.702,,,,,,,,,,,,,,,,,,,,,,84.95,in compliance,251679.702,2025.0,No,No,No,No,No,No,,,0.0,2.0
2889,104331,1801691020.0,mattapan center for life inc,555 river st,555 river st,555 river st,,2126.0,555 river st,boston,2126,52970.0,,Multifamily Housing,Multifamily Housing (52970.0),47.4,91.0,2511151.7,2251157.3,119558.964,76200.0,15631.668,,,,,,,,,,,,,,,,,,,,,,23.11,in compliance,135190.632,2025.0,No,No,No,No,No,No,,,0.0,2.0
5500,108051,1801935000.0,,20 fairlawn ave,20 fairlawn ave,20 fairlawn ave,,2126.0,,,,293656.0,,Multifamily Housing,Multifamily Housing (293656.0),55.0,81.0,16137964.71,,,978626.0,200755.338,,,,,,,,,,12798892.8,949805.835,,,,,,,,,,,36.55,in compliance,1150561.173,2030.0,I'm not sure,No,No,No,I'm not sure,I'm not sure,,,0.0,2.0
475,100674,1801980000.0,bismarck street owner llc,2 bismarck st,2 bismarck st,2 bismarck st,,2126.0,785  795 cummins hw,boston,2126,80244.0,,Multifamily Housing,Multifamily Housing (80244.0),80.9,56.0,6493326.144,,,331337.0,67970.472,,,,,,,,,,5362804.3,397973.707,,,,,,,,,,,159.11,in compliance,465944.179,2025.0,I'm not sure,No,No,No,I'm not sure,I'm not sure,,,0.0,2.0
2196,103303,1802440000.0,geraghty thomas j trst,110 livermore st,110 livermore st,110 livermore st,,2126.0,110 livermore st,boston,2126,36920.0,,Multifamily Housing,Multifamily Housing (36920.0),67.0,69.0,2474212.832,2054158.1,109096.337,123111.0,25254.991,,,,,,,,,,,,,,,,,,,,,,60.76,in compliance,134351.328,2025.0,No,No,No,No,No,No,,,0.0,0.0
2197,103304,1802441000.0,geraghty thomas j trst,102 livermore st,102 livermore st,102 livermore st,,2126.0,102 livermore st,boston,2126,54016.0,,Multifamily Housing,Multifamily Housing (54016.0),69.0,69.0,3728266.024,3005341.7,159613.698,211877.0,43464.448,,,,,,,,,,,,,,,,,,,,,,67.42,in compliance,203078.146,2025.0,No,No,No,No,No,No,,,0.0,0.0
3771,105633,1802473000.0,school house brookledge,610 cummins hwy,610 cummins hwy,610 cummins hwy,,2126.0,610 cummins hw,boston,2126,46288.0,,Multifamily Housing,Multifamily Housing (46288.0),35.8,95.0,1657369.256,1147657.4,60952.085,149388.0,30645.454,,,,,,,,,,,,,,,,,,,,,,35.37,in compliance,91597.539,2025.0,No,No,No,No,No,No,,,1.0,1.0
4538,106690,1803025000.0,wbh housing llc mass llc,1439 blue hill ave,1439 blue hill ave,1439 blue hill ave,,2126.0,1439  1443 blue hill av,boston,2126,29416.0,,Multifamily Housing,Multifamily Housing (29416.0),54.7,58.0,1608212.064,1177372.0,62530.227,126272.0,25903.438,,,,,,,,,,,,,,,,,,,,,,31.89,in compliance,88433.665,2030.0,No,No,No,No,No,No,,,0.0,2.0
4539,106692,1803026000.0,wbh housing llc mass llc,1447 blue hill ave,1447 blue hill ave,1447 blue hill ave,,2126.0,1447  1451 blue hill av,boston,2126,28256.0,,Multifamily Housing,Multifamily Housing (28256.0),53.2,72.0,1502603.84,1177372.0,62530.227,95320.0,19553.945,,,,,,,,,,,,,,,,,,,,,,33.2,in compliance,82084.172,2030.0,No,No,No,No,No,No,,,1.0,1.0
1108,101662,1803370000.0,,1000 harvard st,1000 harvard st,1000 harvard st,,2126.0,1000 harvard st,boston,2126,22141.0,,Multifamily Housing,Multifamily Housing (22141.0),45.0,89.0,995901.04,605500.0,32158.105,114420.0,23472.119,,,,,,,,,,,,,,,,,,,,,,21.8,in compliance,55630.224,2030.0,I'm not sure,No,No,No,I'm not sure,I'm not sure,,,0.0,2.0
2189,103296,1804430000.0,geraghty anne c ts,760 metropolitan ave,760 metropolitan ave,760 metropolitan ave,,2136.0,760 metropolitan av,boston,2136,28755.0,,Multifamily Housing,Multifamily Housing (28755.0),38.1,86.0,1094787.424,,,162002.0,33233.09,,,,,,,,,,542036.6,40224.536,,,,,,,,,,,48.27,in compliance,73457.626,2030.0,No,No,No,No,No,No,,,0.0,2.0
2190,103297,1804432000.0,geraghty anne c ts,752 metropolitan ave,752 metropolitan ave,752 metropolitan ave,,2136.0,752 metropolitan av,boston,2136,22680.0,,Multifamily Housing,Multifamily Housing (22680.0),54.0,59.0,1224311.3,,,168225.0,34509.677,,,,,,,,,,650327.6,48260.811,,,,,,,,,,,81.95,in compliance,82770.488,2030.0,No,No,No,No,No,No,,,0.0,2.0
815,101118,1805623000.0,,1 cliffmont st,1 cliffmont st,1 cliffmont st,,2131.0,27 cliffmont st,boston,2131,130920.0,,Multifamily Housing,Multifamily Housing (130920.0),55.6,65.0,7280731.5,5037000.3,267515.086,657600.0,134900.064,,,,,,,,,,,,,,,,,,,,,,49.11,in compliance,402415.15,2025.0,No,No,No,No,No,No,,,0.0,2.0
3680,105438,1806016300.0,roslindale senior,15 blue ledge dr,15 blue ledge dr,15 blue ledge dr,,2131.0,washington st,boston,2131,72186.0,,Multifamily Housing,Multifamily Housing (72186.0),43.4,92.0,3130393.343,1825706.3,96963.262,382381.9,78441.823,,,,,,,,,,,,,,,,,,,,,,22.75,in compliance,175405.085,2025.0,No,No,No,No,No,No,,,0.0,2.0
2441,103670,1806016400.0,high point village co mass lps,10-24 blue ledge dr,10,24 blue ledge dr,,2131.0,washington st,boston,2131,527485.0,,Multifamily Housing,Multifamily Housing (527485.0),74.4,55.0,39234471.53,30520527.2,1620945.2,2553911.0,523909.303,,,,,,,,,,,,,,,,,,,,,,64.99,in compliance,2144854.503,2025.0,Yes,No,No,No,Yes,Yes,,,0.0,2.0
1713,102580,1806659000.0,cummins towers company,865 american legion hwy,865 american legion hwy,865 american legion hwy,,2131.0,915 american legion hw,boston,2131,72457.0,,Multifamily Housing,Multifamily Housing (72457.0),83.8,55.0,6068554.936,5033088.0,267307.304,303478.0,62255.477,,,,,,,,,,,,,,,,,,,,,,,in compliance,329562.781,2025.0,No,No,No,No,No,No,C10021,,0.0,2.0
1714,102581,1806659000.0,cummins towers company,855 american legion hwy,855 american legion hwy,855 american legion hwy,,2131.0,915 american legion hw,boston,2131,72457.0,,Multifamily Housing,Multifamily Housing (72457.0),97.4,8.0,7055855.796,4402742.6,233829.659,777583.0,159513.377,,,,,,,,,,,,,,,,,,,,,,,in compliance,393343.036,2025.0,No,No,No,No,No,No,C10021,,0.0,2.0
1715,102582,1806659000.0,cummins towers company,950 canterbury st,950 canterbury st,950 canterbury st,,2131.0,915 american legion hw,boston,2131,72458.0,,Multifamily Housing,Multifamily Housing (72458.0),84.0,55.0,6085238.012,5054469.4,268442.87,302101.0,61972.999,,,,,,,,,,,,,,,,,,,,,,,in compliance,330415.869,2025.0,No,No,No,No,No,No,C10021,,0.0,2.0
1546,102177,1807263000.0,clarendon hill condo tr,12 victoria heights rd,12 victoria heights rd,12 victoria heights rd,,2136.0,1  102 victoria heights rd,boston,2136,163834.0,,Multifamily Housing,Multifamily Housing (163834.0),29.0,74.0,4745942.2,124900.0,6633.439,1354350.0,277831.359,,,,,,,,,,,,,,,,,,,,,,21.77,in compliance,284464.798,2025.0,No,No,No,No,No,No,,,0.0,2.0
2455,103776,1807581000.0,holland paul ts,491-495 huntington ave,491,495 huntington ave,,2136.0,491  495 huntington av,boston,2136,22320.0,,Multifamily Housing,Multifamily Housing (22320.0),45.9,74.0,1025291.576,451400.0,23973.854,168198.0,34504.138,,,,,,,,,,,,,,,,,,,,,,48.88,in compliance,58477.992,2030.0,No,No,No,No,No,No,,,0.0,0.0
1679,102514,1807893000.0,country manor condo tr,116-120 bradlee st,116,120 bradlee st,,2136.0,120  116 bradlee st,boston,2136,24957.0,,Multifamily Housing,Multifamily Housing (24957.0),51.3,92.0,1280992.456,967300.0,51373.303,91938.0,18860.161,,,,,,,,,,,,,,,,,,,,,,50.67,in compliance,70233.464,2030.0,I'm not sure,No,No,No,I'm not sure,I'm not sure,,,0.0,0.0
3566,105290,1808728010.0,residences at fairmount,11 nott st,11 nott st,11 nott st,,2136.0,11 nott st,boston,2136,35318.0,,Multifamily Housing,Multifamily Housing (35318.0),45.2,66.0,1595985.132,735100.0,39041.161,252311.0,51759.079,,,,,,,,,,,,,,,,,,,,,,169.28,in compliance,90800.24,2030.0,No,No,No,No,No,No,,,0.0,0.0
3588,105324,1809143010.0,riley house non-profit,39 maple st,39 maple st,39 maple st,,2136.0,39 maple st,boston,2136,46834.0,,Multifamily Housing,Multifamily Housing (46834.0),30.8,85.0,1444762.063,606114.3,32190.73,245793.6,50422.099,,,,,,,,,,,,,,,,,,,,,,25.13,in compliance,82612.829,2025.0,No,No,No,No,No,No,,,0.0,2.0
478,100683,1809255000.0,blake estates associates  lp,1344 hyde park ave,1344 hyde park ave,1344 hyde park ave,,2136.0,1344 hyde park av,boston,2136,187533.0,,Multifamily Housing,Multifamily Housing (187533.0),45.9,94.0,8603056.528,5999550.4,318636.122,763044.0,156530.846,,,,,,,,,,,,,,,,,,,,,,31.43,in compliance,475166.968,2025.0,No,No,No,No,No,No,,,0.0,2.0
337,100467,1809783000.0,atj neponset ii lps,70-72 sierra rd,70,72 sierra rd,,2136.0,72  70 sierra rd,boston,2136,28832.0,,Multifamily Housing,Multifamily Housing (28832.0),34.4,88.0,991245.204,,,197517.0,40518.637,,,,,,,,,,317317.2,23548.109,,,,,,,,,,,32.22,in compliance,64066.746,2030.0,No,No,No,No,No,No,,,0.0,2.0
338,100468,1809784000.0,atj neponset ii lps,60-62 sierra rd,60,62 sierra rd,,2136.0,62  60 sierra rd,boston,2136,28832.0,,Multifamily Housing,Multifamily Housing (28832.0),41.7,73.0,1202439.256,,,225238.0,46205.323,,,,,,,,,,433927.2,32201.738,,,,,,,,,,,45.99,in compliance,78407.061,2030.0,No,No,No,No,No,No,,,0.0,2.0
339,100469,1809785000.0,atj neponset iii lp,30-42 sierra rd,30,42 sierra rd,,2136.0,42  30 sierra rd,boston,2136,28832.0,,Multifamily Housing,Multifamily Housing (28832.0),39.7,79.0,1143242.184,,,193607.0,39716.54,,,,,,,,,,482655.1,35817.835,,,,,,,,,,,46.57,in compliance,75534.375,2025.0,No,No,No,No,No,No,,,0.0,2.0
340,100470,1809785000.0,atj neponset iii lp,40 sierra rd,40 sierra rd,40 sierra rd,,2136.0,42  30 sierra rd,boston,2136,28832.0,,Multifamily Housing,Multifamily Housing (28832.0),40.9,76.0,1178762.096,,,216883.0,44491.379,,,,,,,,,,438757.3,32560.179,,,,,,,,,,,53.72,in compliance,77051.558,2025.0,No,No,No,No,No,No,,,0.0,2.0
341,100471,1809798000.0,atj neponset iii lp,15-31 riley rd,15,31 riley rd,,2136.0,15  31 riley rd,boston,2136,28832.0,,Multifamily Housing,Multifamily Housing (28832.0),41.0,78.0,1180876.9,,,208075.0,42684.506,,,,,,,,,,470925.0,34947.344,,,,,,,,,,,56.64,in compliance,77631.85,2030.0,No,No,No,No,No,No,,,1.0,1.0
342,100472,1809798000.0,atj neponset iii lp,25 riley rd #1,25 riley rd #1,25 riley rd #1,,2136.0,15  31 riley rd,boston,2136,28832.0,,Multifamily Housing,Multifamily Housing (28832.0),40.2,72.0,1160060.688,,,214399.0,43981.811,,,,,,,,,,428531.3,31801.308,,,,,,,,,,,48.18,in compliance,75783.119,2030.0,No,No,No,No,No,No,,,0.0,0.0
333,100463,1809798002.0,atj neponset i lp mass lp,75-77 sierra rd,75,77 sierra rd,,2136.0,75  77 sierra rd,boston,2136,28832.0,,Multifamily Housing,Multifamily Housing (28832.0),40.4,75.0,1165193.604,,,223042.0,45754.836,,,,,,,,,,404174.3,29993.775,,,,,,,,,,,38.31,in compliance,75748.611,2030.0,No,No,No,No,No,No,,,1.0,1.0
334,100464,1809798003.0,atj neponset i lp mass lp,85-87 sierra rd,85,87 sierra rd,,2136.0,85  87 sierra rd,boston,2136,28832.0,,Multifamily Housing,Multifamily Housing (28832.0),36.5,88.0,1052243.324,,,185752.0,38105.165,,,,,,,,,,418457.5,31053.731,,,,,,,,,,,43.57,in compliance,69158.896,2030.0,No,No,No,No,No,No,,,0.0,2.0
335,100465,1809801000.0,atj neponset i lp mass lp,276-278 neponset valley pkwy,276,278 neponset valley pkwy,,2136.0,278  276 neponset valley pw,boston,2136,28832.0,,Multifamily Housing,Multifamily Housing (28832.0),36.5,85.0,1053609.552,,,201271.0,41288.733,,,,,,,,,,366872.9,27225.638,,,,,,,,,,,38.31,in compliance,68514.371,2030.0,No,No,No,No,No,No,,,0.0,0.0
336,100466,1809802000.0,atj neponset i lp mass lp,270-272 neponset valley pkwy,270,272 neponset valley pkwy,,2136.0,272  270 neponset valley pw,boston,2136,28832.0,,Multifamily Housing,Multifamily Housing (28832.0),45.8,65.0,1319663.46,,,231230.0,47434.522,,,,,,,,,,530706.7,39383.744,,,,,,,,,,,60.39,in compliance,86818.266,2030.0,No,No,No,No,No,No,,,0.0,0.0
4247,106283,1810591000.0,,745 truman pkwy,745 truman pkwy,745 truman pkwy,,2136.0,735  745 truman hw,boston,2136,49805.0,,Multifamily Housing,Multifamily Housing (49805.0),30.6,92.0,1523721.684,617300.0,32784.803,265657.0,54496.877,,,,,,,,,,,,,,,,,,,,,,26.69,in compliance,87281.68,2025.0,I'm not sure,No,No,No,I'm not sure,I'm not sure,,,1.0,1.0
2192,103299,1811022000.0,geraghty margaret a,605 truman pkwy,605 truman pkwy,605 truman pkwy,,2136.0,605 truman hw,boston,2136,66410.0,,Multifamily Housing,Multifamily Housing (66410.0),63.1,60.0,4189902.132,,,240611.0,49358.941,,,,,,,,,,3368937.4,250008.844,,,,,,,,,,,52.99,in compliance,299367.785,2025.0,Yes,No,No,No,Yes,Yes,,,0.0,0.0
206,100264,1811776000.0,,1409 river st,1409 river st,1409 river st,,2136.0,1409 river st,boston,2136,22540.0,0.0,Multifamily Housing,"Multifamily Housing (22540.0),Parking (19200.0)",85.2,42.0,1919598.2,1348600.0,71624.146,167350.0,34330.179,,,,,,,,,,,,,,,,,,,,,,29.01,pending revisions,105954.325,2030.0,I'm not sure,No,No,No,I'm not sure,I'm not sure,,,0.0,0.0
2195,103302,1812141000.0,geraghty thomas j jr,1600-1608 river st,1600,1608 river st,,2136.0,1600  1608 river st,boston,2136,66954.0,,Multifamily Housing,Multifamily Housing (66954.0),45.2,89.0,3023473.468,2311000.1,122737.215,208814.0,42836.104,,,,,,,,,,,,,,,,,,,,,,28.1,in compliance,165573.319,2025.0,Yes,No,No,No,Yes,Yes,,,1.0,1.0
2187,103204,1812326000.0,georgetowne homes one llc mass llc,63-109 crown point dr,63,109 crown point dr,,2136.0,10  638 georgetowne dr,boston,2136,961075.0,,Multifamily Housing,Multifamily Housing (961075.0),50.4,89.0,48448883.86,33796060.1,1794908.752,4294497.0,880973.115,,,,,,,,,,,,,,,,,,,,,,49.69,in compliance,2675881.867,2025.0,No,No,No,No,No,No,,,1.0,1.0
5545,108111,1812339010.0,,110 edgemere rd,110 edgemere rd,110 edgemere rd,,2136.0,,,2136,125154.0,0.0,Multifamily Housing,"Multifamily Housing (125154.0),Parking (40100.0),Swimming Pool (0.0)",30.1,100.0,3763796.852,1900432.0,100931.944,546121.0,112031.262,,,,,,,,,,,,,,,,,,,,,,53.18,pending revisions,212963.206,2025.0,No,No,No,No,No,No,,,0.0,0.0
3034,104540,1900029010.0,nate smith housing corp,153-159 lamartine st,153,159 lamartine st,,2130.0,155 lamartine st,boston,2130,50426.0,,Multifamily Housing,Multifamily Housing (50426.0),47.8,79.0,2410473.996,1859494.0,98757.726,161483.0,33126.623,,,,,,,,,,,,,,,,,,,,,,25.53,in compliance,131884.349,2025.0,No,No,No,No,No,No,,,0.0,0.0
3431,105072,1900520010.0,,82 green st,82 green st,82 green st,,2130.0,82 green st,boston,2130,29600.0,0.0,Multifamily Housing,"Multifamily Housing (29600.0),Parking (10000.0)",77.3,67.0,2286884.849,1663999.0,88374.987,182557.4,37449.825,,,,,,,,,,,,,,,,,,,,,,67.05,in compliance,125824.812,2025.0,No,No,No,No,No,No,,,0.0,2.0
3476,105151,1900914000.0,pondview jp lp,560-568 centre st,560,568 centre st,,2130.0,560  568 centre st,boston,2130,56278.0,,Multifamily Housing,Multifamily Housing (56278.0),64.8,70.0,3645473.388,2923753.5,155280.548,211524.0,43392.033,,,,,,,,,,,,,,,,,,,,,,61.36,in compliance,198672.581,2025.0,No,No,No,No,No,No,,,0.0,2.0
4045,106013,1901237000.0,sumner hill house condo tr,76 elm st,76 elm st,76 elm st,,2130.0,76 elm st,boston,2130,75400.0,,Multifamily Housing,Multifamily Housing (75400.0),50.5,84.0,3805702.959,2427511.2,128925.12,403924.9,82861.154,,,,,,,,,,,,,,,,,,,,,,32.22,in compliance,211786.274,2025.0,No,No,No,No,No,No,,,0.0,2.0
1084,101546,1901313000.0,bynner estates condo tr,2 greenough ave,2 greenough ave,2 greenough ave,,2130.0,2 greenough av,boston,2130,20360.0,,Multifamily Housing,Multifamily Housing (20360.0),97.5,,1985973.8,298800.0,15869.268,49125.0,10077.503,,,,,,,,,,1519559.3,112766.496,,,,,,,,,,,20.95,in compliance,138713.267,2030.0,I'm not sure,No,No,No,I'm not sure,I'm not sure,,,0.0,0.0
3782,105645,1901395000.0,,9-11 seaverns ave,9,11 seaverns ave,,2130.0,9  11 seaverns av,boston,2130,20336.0,,Multifamily Housing,Multifamily Housing (20336.0),25.3,99.0,515219.424,161900.0,8598.509,103552.0,21242.657,,,,,,,,,,,,,,,,,,,,,,1521.1,pending revisions,29841.166,2030.0,No,No,No,No,No,No,,,0.0,0.0
2543,103910,1901499000.0,jamaica house condo tr,804 centre st,804 centre st,804 centre st,,2130.0,804 centre st,boston,2130,23305.0,,Multifamily Housing,Multifamily Housing (23305.0),51.7,96.0,1203707.596,934900.0,49652.539,78783.0,16161.545,,,,,,,,,,,,,,,,,,,,,,44.65,in compliance,65814.084,2030.0,No,No,No,No,No,No,,,1.0,1.0
2545,103912,1901974000.0,,539-551 centre st,539,551 centre st,,2130.0,539  551 centre st,boston,2130,125000.0,,Multifamily Housing,Multifamily Housing (125000.0),69.4,72.0,8678803.02,,,661210.0,135640.619,,,,,,,,,,6422754.5,476632.611,,,,,,,,,,,25.38,in compliance,612273.23,2025.0,I'm not sure,No,No,No,I'm not sure,I'm not sure,,,0.0,0.0
2759,104174,1902115000.0,mansion house,332 jamaicaway,332 jamaicaway,332 jamaicaway,,2130.0,332 jamaicaway st,boston,2130,20000.0,,Multifamily Housing,Multifamily Housing (20000.0),103.1,33.0,2061662.966,1683253.4,89397.588,110905.5,22751.154,,,,,,,,,,,,,,,,,,,,,,30.67,in compliance,112148.742,2030.0,No,No,No,No,No,No,,,0.0,0.0
1086,101549,1902190000.0,cabot estate condo tr,207 perkins st,207 perkins st,207 perkins st,,2130.0,175  309 perkins st,boston,2130,315739.0,,Multifamily Housing,"Multifamily Housing (315739.0),Swimming Pool (0.0)",30.8,59.0,9735261.104,,,2776692.0,569610.597,,,,,,,,,,,,,,,,261188.0,16781.329,,,,,25.88,in compliance,586391.926,2025.0,I'm not sure,No,No,No,I'm not sure,I'm not sure,,,0.0,2.0
2040,103005,1903232000.0,florence apartments lp mass lp,92-106 fawndale rd,92,106 fawndale rd,,2131.0,84  166 fawndale rd,boston,2131,28161.0,,Multifamily Housing,Multifamily Housing (28161.0),72.9,73.0,2051980.292,1684368.0,89456.784,107741.0,22101.989,,,,,,,,,,,,,,,,,,,,,,60.39,in compliance,111558.773,2030.0,No,No,No,No,No,No,,,0.0,2.0
2041,103006,1903232000.0,florence apartments lp mass lp,108-130 fawndale rd,108,130 fawndale rd,,2131.0,84  166 fawndale rd,boston,2131,41652.0,,Multifamily Housing,Multifamily Housing (41652.0),72.0,74.0,2998549.696,2491158.0,132305.401,148708.0,30505.959,,,,,,,,,,,,,,,,,,,,,,60.38,in compliance,162811.36,2030.0,No,No,No,No,No,No,,,0.0,2.0
2042,103007,1903232000.0,florence apartments lp mass lp,132-154 fawndale rd,132,154 fawndale rd,,2131.0,84  166 fawndale rd,boston,2131,41481.0,,Multifamily Housing,Multifamily Housing (41481.0),76.1,59.0,3157165.344,2481463.1,131790.505,198037.0,40625.31,,,,,,,,,,,,,,,,,,,,,,60.4,in compliance,172415.815,2030.0,No,No,No,No,No,No,,,0.0,2.0
2043,103008,1903232000.0,florence apartments lp mass lp,156-166 fawndale rd,156,166 fawndale rd,,2131.0,84  166 fawndale rd,boston,2131,21474.0,,Multifamily Housing,Multifamily Housing (21474.0),74.3,,1595000.388,1284853.0,68238.543,90899.0,18647.021,,,,,,,,,,,,,,,,,,,,,,60.41,in compliance,86885.564,2030.0,No,No,No,No,No,No,,,0.0,2.0
5408,107945,1903432000.0,,105 brookway rd,105 brookway rd,105 brookway rd,,2131.0,,,,51069.0,,Multifamily Housing,Multifamily Housing (51069.0),81.5,,4161868.668,3219000.0,170961.09,276339.0,56688.182,,,,,,,,,,,,,,,,,,,,,,89.84,in compliance,227649.272,2025.0,,,,,,,,,0.0,2.0
1497,102116,1903515000.0,city of boston,10-20 brookway terrace,10,20 brookway terrace,,2131.0,170  40 brookway rd,boston,2131,51069.0,,Multifamily Housing,Multifamily Housing (51069.0),86.5,,4418028.28,3516100.2,186740.082,264340.0,54226.708,,,,,,,,,,,,,,,,,,,,,,84.44,in compliance,240966.79,2025.0,No,No,No,No,No,No,,,1.0,1.0
1498,102117,1903515000.0,city of boston,2-6 brookway terrace,2,6 brookway terrace,,2131.0,170  40 brookway rd,boston,2131,51069.0,,Multifamily Housing,Multifamily Housing (51069.0),70.4,,3596623.284,2752300.0,146174.653,247457.0,50763.329,,,,,,,,,,,,,,,,,,,,,,60.86,in compliance,196937.982,2025.0,No,No,No,No,No,No,,,1.0,1.0
1499,102118,1903515000.0,city of boston,120-130 brookway rd,120,130 brookway rd,,2131.0,170  40 brookway rd,boston,2131,51069.0,,Multifamily Housing,Multifamily Housing (51069.0),85.1,,4347518.776,3417499.7,181503.409,272573.0,55915.625,,,,,,,,,,,,,,,,,,,,,,69.5,in compliance,237419.034,2025.0,No,No,No,No,No,No,,,0.0,2.0
1500,102119,1903515000.0,city of boston,80-110 brookway rd,80,110 brookway rd,,2131.0,170  40 brookway rd,boston,2131,51069.0,,Multifamily Housing,Multifamily Housing (51069.0),82.5,,4215543.212,3211900.0,170584.009,294151.0,60342.136,,,,,,,,,,,,,,,,,,,,,,72.98,in compliance,230926.145,2025.0,No,No,No,No,No,No,,,0.0,2.0
1501,102120,1903515000.0,city of boston,40-50 brookway rd,40,50 brookway rd,,2131.0,170  40 brookway rd,boston,2131,51069.0,,Multifamily Housing,Multifamily Housing (51069.0),78.7,,4016778.22,3122800.1,165851.913,262010.0,53748.731,,,,,,,,,,,,,,,,,,,,,,64.11,in compliance,219600.644,2025.0,No,No,No,No,No,No,,,0.0,0.0
3681,105440,1904205100.0,roslindale senior housing cp,120 poplar st,120 poplar st,120 poplar st,,2131.0,114  110 poplar st,boston,2131,82142.0,,Multifamily Housing,Multifamily Housing (82142.0),33.1,89.0,2717766.168,1241772.5,65950.537,432589.0,88741.307,,,,,,,,,,,,,,,,,,,,,,31.89,in compliance,154691.844,2025.0,No,No,No,No,No,No,,,0.0,2.0
4623,106806,1904223000.0,,4246 washington street,4246 washington street,4246 washington street,,2131.0,4232 4236 washington st,boston,2131,38411.0,,Multifamily Housing,Multifamily Housing (38411.0),29.9,76.0,1148499.672,,,336606.0,69051.355,,,,,,,,,,,,,,,,,,,,,,23.36,in compliance,69051.355,2025.0,No,No,No,No,No,No,,,0.0,0.0
293,100413,1904600000.0,arborview place condo trust,391 hyde park ave,391 hyde park ave,391 hyde park ave,,2131.0,391 hyde park av,boston,2131,37056.0,19113.0,Multifamily Housing,"Multifamily Housing (37056.0),Parking (19113.0)",42.3,100.0,1567188.796,1144500.0,60784.395,123883.0,25413.359,,,,,,,,,,,,,,,,,,,,,,20.41,in compliance,86197.754,2030.0,No,No,No,No,No,No,,,0.0,2.0
203,100261,1905052050.0,a.o. flats at forest hills  llc,93  95 hyde park av,93  95 hyde park av,93  95 hyde park av,,2130.0,93  95 hyde park av,boston,2130,61830.0,14700.0,Multifamily Housing,"Multifamily Housing (60168.0),Parking (14700.0),Retail Store (1662.0)",57.4,,3550090.446,1533278.4,81432.416,591093.8,121256.982,,,,,,,,,,,,,,,,,,,,,,43.97,in compliance,202689.398,2025.0,No,No,No,No,No,No,,,0.0,2.0
2504,103855,1905063000.0,hyde park ave venture llc,253-261 hyde park ave,253,261 hyde park ave,,2130.0,253  261 hyde park av,boston,2130,32240.0,,Multifamily Housing,Multifamily Housing (32240.0),59.7,71.0,1924079.291,1445418.0,76766.15,140287.6,28778.598,,,,,,,,,,,,,,,,,,,,,,49.54,in compliance,105544.748,2025.0,No,No,No,No,No,No,,,0.0,0.0
2763,104182,2002294000.0,,26-30 bellevue st,26,30 bellevue st,,2132.0,26  30 bellevue st,boston,2132,36210.0,,Multifamily Housing,Multifamily Housing (36210.0),69.9,55.0,2532293.056,39000.0,2071.29,61588.0,12634.162,,,,,,,,,,2283154.8,169432.918,,,,,,,,,,,21.09,in compliance,184138.37,2030.0,No,No,No,No,No,No,,,0.0,2.0
4014,105975,2002929000.0,,14 heron st,14 heron st,14 heron st,,2132.0,4925 washington st,boston,2132,35591.0,,Multifamily Housing,Multifamily Housing (35591.0),64.7,56.0,2303897.328,1619300.0,86001.023,200644.0,41160.11,,,,,,,,,,,,,,,,,,,,,,37.38,in compliance,127161.133,2025.0,I'm not sure,No,No,No,I'm not sure,I'm not sure,,,0.0,2.0
4015,105976,2002929000.0,,4925 washington st,4925 washington st,4925 washington st,,2132.0,4925 washington st,boston,2132,32886.0,,Multifamily Housing,Multifamily Housing (32886.0),124.2,7.0,4085032.928,3607799.9,191610.253,139869.0,28692.727,,,,,,,,,,,,,,,,,,,,,,40.45,in compliance,220302.98,2025.0,No,No,No,No,No,No,,,0.0,2.0
4446,106534,2002962010.0,,4945 washington st,4945 washington st,4945 washington st,,2132.0,4945 washington st,boston,2132,34701.0,,Multifamily Housing,Multifamily Housing (34701.0),70.1,52.0,2431629.54,1926500.0,102316.415,148045.0,30369.951,,,,,,,,,,,,,,,,,,,,,,18.73,pending revisions,132686.366,2025.0,I'm not sure,No,No,No,I'm not sure,I'm not sure,,,0.0,2.0
403,100563,2003041000.0,bc rockingham glen llc,30 rockingham ave,30 rockingham ave,30 rockingham ave,,2132.0,30  40 rockingham av,boston,2132,142900.0,,Multifamily Housing,Multifamily Housing (142900.0),59.8,87.0,8545763.552,6648187.6,353085.243,556147.7,146266.845,,,,,,,,,,,,,,,,,,,,,,35.59,in compliance,499352.088,2025.0,No,No,No,No,No,No,,,0.0,2.0
137,100185,2003386000.0,,5165 washington st,5165 washington st,5165 washington st,,2132.0,5169 washington st,boston,2132,39225.0,12000.0,Multifamily Housing,"Multifamily Housing (39225.0),Parking (12000.0)",20.6,,807388.432,230381.7,12235.572,169111.0,34691.431,,,,,,,,,,,,,,,,,,,,,,0.28,pending revisions,46927.003,2030.0,I'm not sure,No,No,No,I'm not sure,I'm not sure,,,0.0,2.0
251,100344,2003590000.0,allandale condo trust,200 allandale st,200 allandale st,200 allandale st,,2467.0,200  232 allandale rd,boston,2467,283083.0,,Multifamily Housing,Multifamily Housing (283083.0),40.5,93.0,11454823.83,8834199.7,469184.346,768061.0,157560.034,,,,,,,,,,,,,,,,,,,,,,15.76,in compliance,626744.38,2025.0,No,No,No,No,No,No,,,0.0,0.0
2722,104127,2004863000.0,longfellow non profit,885 south st,885 south st,885 south st,,2131.0,885 south st,boston,2131,44990.0,,Multifamily Housing,Multifamily Housing (44990.0),67.5,27.0,3038070.68,2121556.3,112675.855,268615.0,55103.681,,,,,,,,,,,,,,,,,,,,,,34.28,in compliance,167779.536,2025.0,No,No,No,No,No,No,,,0.0,2.0
2230,103340,2005234000.0,gr-conway court limited,3 conway st,3 conway st,3 conway st,,2131.0,1  3 conway st,boston,2131,25940.0,,Multifamily Housing,Multifamily Housing (25940.0),53.8,84.0,1396788.324,1033830.0,54906.711,106377.0,21822.178,,,,,,,,,,,,,,,,,,,,,,46.95,in compliance,76728.889,2030.0,No,No,No,No,No,No,,,0.0,0.0
429,100614,2005737000.0,belgrade place llc mass llc,446 belgrade ave,446 belgrade ave,446 belgrade ave,,2132.0,446 belgrade av,boston,2132,56129.0,21858.0,Multifamily Housing,"Multifamily Housing (56129.0),Parking (21858.0)",37.9,87.0,2125250.936,765899.9,40676.944,398403.0,81728.391,,,,,,,,,,,,,,,,,,,,,,22.91,in compliance,122405.335,2025.0,No,No,No,No,No,No,,,0.0,2.0
3042,104548,2009219000.0,,165 gardner st,165 gardner st,165 gardner st,,2132.0,165 gardner st,boston,2132,104588.0,0.0,Multifamily Housing,"Multifamily Housing (104588.0),Parking (26147.0)",44.4,73.0,4646192.312,2421400.1,128600.559,652049.3,133761.393,,,,,,,,,,,,,,,,,,,,,,28027.16,in compliance,262361.952,2025.0,I'm not sure,No,No,No,I'm not sure,I'm not sure,,,0.0,2.0
4327,106379,2010441000.0,,218 spring st,218 spring st,218 spring st,,2132.0,218 spring st,boston,2132,20400.0,,Multifamily Housing,Multifamily Housing (20400.0),57.9,83.0,1180863.686,885325.8,47019.653,86617.2,17768.652,,,,,,,,,,,,,,,,,,,,,,50.58,in compliance,64788.305,2030.0,Yes,No,No,No,Yes,Yes,,,0.0,2.0
4328,106380,2010454000.0,,250 spring st,250 spring st,250 spring st,,2132.0,250 spring st,boston,2132,28860.0,,Multifamily Housing,Multifamily Housing (28860.0),54.8,84.0,1580876.314,1222583.9,64931.431,105009.5,21541.649,,,,,,,,,,,,,,,,,,,,,,37.42,in compliance,86473.08,2030.0,Yes,No,No,No,Yes,Yes,,,1.0,1.0
2119,103095,2010637001.0,,1459 vfw pkwy,1459 vfw pkwy,1459 vfw pkwy,,2132.0,1459  1461 vfw pw,boston,2132,90390.0,5000.0,Multifamily Housing,"Multifamily Housing (90390.0),Parking (15000.0)",62.7,98.0,5666521.028,5461059.6,290036.875,60217.3,12352.977,,,,,,,,,,,,,,,,,,,,,,58.2,pending revisions,302389.852,2025.0,No,No,No,No,No,No,,,0.0,2.0
5457,108006,2010642010.0,,1555 WFW pkwy,1555 WFW pkwy,1555 WFW pkwy,,2132.0,,,,282790.0,0.0,Multifamily Housing,"Multifamily Housing (282790.0),Parking (90033.0),Swimming Pool (0.0)",25.4,93.0,7179359.8,,,2104150.0,431645.331,,,,,,,,,,,,,,,,,,,,,,21.44,in compliance,431645.331,2025.0,I'm not sure,No,No,No,I'm not sure,I'm not sure,,,0.0,0.0
4460,106551,2010655010.0,vfw parkway condominium llc,1522 vfw pkwy,1522 vfw pkwy,1522 vfw pkwy,,2132.0,1522 vfw pw,boston,2132,25202.0,,Multifamily Housing,Multifamily Housing (25202.0),36.8,,928072.052,239800.0,12735.778,201721.0,41381.046,,,,,,,,,,,,,,,,,,,,,,15.75,in compliance,54116.824,2030.0,I'm not sure,No,No,No,I'm not sure,I'm not sure,,,0.0,2.0
2209,103316,2011354000.0,,121-125 grove st,121,125 grove st,,2132.0,95  99 grove st,boston,2132,34200.0,,Multifamily Housing,Multifamily Housing (34200.0),47.2,46.0,1614282.248,1046000.0,55553.06,166554.0,34166.888,,,,,,,,,,,,,,,,,,,,,,2.32,pending revisions,89719.948,2025.0,I'm not sure,No,No,No,I'm not sure,I'm not sure,,,0.0,2.0
868,101171,2011609000.0,boston housing authority,5300 washington st,5300 washington st,5300 washington st,,2132.0,5300 washington st,boston,2132,47460.0,,Multifamily Housing,Multifamily Housing (47460.0),71.2,,3378008.744,944700.0,50173.017,713162.0,146298.053,,,,,,,,,,,,,,,,,,,,,,99.93,in compliance,196471.07,2025.0,No,No,No,No,No,No,,,0.0,0.0
1163,101734,2011777000.0,cheriton grove lp a mass lp,20 cheriton rd,20 cheriton rd,20 cheriton rd,,2132.0,20 cheriton rd,boston,2132,43174.0,,Multifamily Housing,Multifamily Housing (43174.0),76.4,40.0,3298672.905,1927917.6,102391.704,401745.4,82414.051,,,,,,,,,,,,,,,,,,,,,,28.64,in compliance,184805.755,2025.0,No,No,No,No,No,No,,,0.0,2.0
1164,101735,2011777010.0,cheriton heights lp,18 cheriton rd,18 cheriton rd,18 cheriton rd,,2132.0,18 cheriton rd,boston,2132,79367.0,,Multifamily Housing,Multifamily Housing (79367.0),38.8,95.0,3075529.168,1839569.7,97699.547,362239.0,74309.708,,,,,,,,,,,,,,,,,,,,,,28.39,in compliance,172009.255,2025.0,No,No,No,No,No,No,,,1.0,1.0
4520,106664,2011957010.0,,5170 washington st,5170 washington st,5170 washington st,,2132.0,5170 washington st,boston,2132,33340.0,,Multifamily Housing,Multifamily Housing (33340.0),39.0,76.0,1300585.52,555200.0,29486.672,218460.0,44814.884,,,,,,,,,,,,,,,,,,,,,,43.91,in compliance,74301.556,2025.0,I'm not sure,No,No,No,I'm not sure,I'm not sure,,,0.0,2.0
4521,106665,2011957010.0,,11 cheriton rd,11 cheriton rd,11 cheriton rd,,2132.0,5170 washington st,boston,2132,33340.0,,Multifamily Housing,Multifamily Housing (33340.0),40.3,95.0,1343303.104,987800.0,52462.058,104192.0,21373.947,,,,,,,,,,,,,,,,,,,,,,43.91,in compliance,73836.005,2025.0,I'm not sure,No,No,No,I'm not sure,I'm not sure,,,0.0,0.0
3586,105315,2012112000.0,,15  39 ridgecrest te,15  39 ridgecrest te,15  39 ridgecrest te,,2132.0,15  39 ridgecrest te,boston,2132,156555.0,,Multifamily Housing,"Multifamily Housing (156555.0),Swimming Pool (0.0)",39.7,93.0,6211121.796,3606800.2,191557.159,763283.0,156579.875,,,,,,,,,,,,,,,,,,,,,,38.1,in compliance,348137.034,2025.0,No,No,No,No,No,No,,,0.0,2.0
5127,107564,2100003000.0,,191-195 park dr,191,191 park dr,,2215.0,,,,39405.0,,Multifamily Housing,Multifamily Housing (39405.0),30.7,100.0,1210876.516,,,136393.0,27979.66,,,,,,,,,,745503.6,55323.822,,,,,,,,,,,32.41,in compliance,83303.482,2030.0,I'm not sure,No,No,No,I'm not sure,I'm not sure,,,0.0,2.0
2691,104089,2100004000.0,levenson norman a trst,195 park dr,195 park dr,195 park dr,,2215.0,195 park dr,boston,2215,20720.0,,Multifamily Housing,Multifamily Housing (20720.0),49.8,88.0,1030989.052,,,83671.0,17164.269,,,,,,,,,,745503.6,55323.822,,,,,,,,,,,61.63,in compliance,72488.091,2025.0,I'm not sure,No,No,No,I'm not sure,I'm not sure,,,0.0,2.0
2264,103380,2100010000.0,guarini rosalyn e trst,106 queensberry st,106 queensberry st,106 queensberry st,,2215.0,106 queensberry st,boston,2215,66452.0,,Multifamily Housing,Multifamily Housing (66452.0),57.9,88.0,3850142.872,2842900.0,150986.419,295206.0,60558.559,,,,,,,,,,,,,,,,,,,,,,5.7,in compliance,211544.978,2025.0,I`m not sure,No,No,No,I`m not sure,I`m not sure,C10076,,0.0,0.0
2273,103392,2100015000.0,,94 queensberry st,94 queensberry st,94 queensberry st,,2215.0,94 queensberry st,boston,2215,21310.0,,Multifamily Housing,Multifamily Housing (21310.0),75.0,,1598624.508,1432600.0,76085.386,48659.0,9981.907,,,,,,,,,,,,,,,,,,,,,,5015.4,in compliance,86067.293,2030.0,No,No,No,No,No,No,,,0.0,0.0
3370,104998,2100029000.0,park 231-235 assoc llc,231 park dr,231 park dr,231 park dr,,2215.0,231  235 park dr,boston,2215,58002.0,,Multifamily Housing,Multifamily Housing (58002.0),67.3,88.0,3903866.552,3208855.8,170422.332,203696.0,41786.197,,,,,,,,,,,,,,,,,,,,,,43.2,in compliance,212208.529,2025.0,No,No,No,No,No,No,,,0.0,2.0
3325,104924,2100033000.0,,110 peterborough st,110 peterborough st,110 peterborough st,,2215.0,110 peterborough st,boston,2215,40752.0,,Multifamily Housing,Multifamily Housing (40752.0),50.0,93.0,2035924.76,1362634.8,72369.534,197330.0,40480.276,,,,,,,,,,,,,,,,,,,,,,49.3,in compliance,112849.81,2025.0,No,No,No,No,No,No,,,0.0,2.0
1971,102925,2100033010.0,fenway views condo trust,104-108 peterborough st,104,108 peterborough st,,2215.0,108 peterborough st,boston,2215,56854.0,1646.0,Multifamily Housing,"Multifamily Housing (56854.0),Parking (1646.0)",65.6,83.0,3730596.172,2849000.2,151310.401,258381.0,53004.278,,,,,,,,,,,,,,,,,,,,,,44.25,in compliance,204314.679,2025.0,No,No,No,No,No,No,,,0.0,0.0
3432,105073,2100040000.0,,115-125 peterborough st,115,125 peterborough st,,2215.0,115  125 peterborough st,boston,2215,62536.0,,Multifamily Housing,Multifamily Housing (62536.0),64.8,88.0,4051624.156,3510948.4,186466.47,158463.0,32507.1,,,,,,,,,,,,,,,,,,,,,,10.26,in compliance,218973.57,2025.0,No,No,No,No,No,No,,,0.0,2.0
1957,102911,2100051014.0,fenres llc,150-180 brookline av,150,180 brookline av,,2215.0,150  180 brookline av,boston,2215,660954.0,234702.0,Multifamily Housing,"Personal Services (Health/Beauty, Dry Cleaning, etc) (2805.0),Restaurant (16548.0),Multifamily Housing (612381.0),Bank Branch (2280.0),Parking (234702.0),Fast Food Restaurant (2861.0),Retail Store (24079.0)",54.8,50.0,36229842.0,12321900.0,654416.109,7007017.0,1437419.467,,,,,,,,,,,,,,,,,,,,,,30.61,in compliance,2091835.576,2025.0,No,No,No,No,No,No,,,0.0,0.0
3468,105134,2100054014.0,,176-200 brookline av,176,200 brookline av,,2215.0,176  200 brookline av,boston,2215,423117.0,,Multifamily Housing,"Hotel (44762.0),Restaurant (6477.0),Office (3013.0),Multifamily Housing (355699.0),Swimming Pool (0.0),Retail Store (13166.0)",62.0,42.0,26248038.62,11908477.4,632459.235,4202685.0,862138.801,,,,,,,,,,,,,,,,,,,,,,27.31,in compliance,1494598.036,2025.0,No,No,No,No,No,No,,,0.0,2.0
1962,102916,2100063010.0,fenway center owner 1-2 llc,761-779 beacon st,761,779 beacon st,,2115.0,771  775 beacon st,boston,2115,348113.0,86909.0,Multifamily Housing,"Multifamily Housing (310737.0),Swimming Pool (0.0),Parking (86909.0),Retail Store (37376.0)",37.7,88.0,13139688.5,2860584.7,151925.653,3012633.0,618011.534,,,,,,,,,,,,,,,,,,,,,,19.33,in compliance,769937.187,2025.0,No,No,No,No,No,No,,,0.0,0.0
3911,105839,2100065000.0,,61 brookline ave,61 brookline ave,61 brookline ave,,2215.0,61  65 brookline av,boston,2215,88434.0,11250.0,Multifamily Housing,"Restaurant (9000.0),Multifamily Housing (71834.0),Other - Restaurant/Bar (600.0),Bank Branch (7000.0),Parking (14830.0)",38.4,44.0,3393533.86,65622.6,3485.216,975355.0,200084.325,,,,,,,,,,,,,,,,,,,,,,22.22,in compliance,203569.541,2025.0,No,No,No,No,No,No,,,0.0,2.0
2105,103081,2100122000.0,four 52 park drive,452 park dr,452 park dr,452 park dr,,2215.0,452 park dr,boston,2215,26460.0,,Multifamily Housing,Multifamily Housing (26460.0),60.9,81.0,1610402.988,1347000.0,71539.17,77199.0,15836.603,,,,,,,,,,,,,,,,,,,,,,28.56,in compliance,87375.773,2030.0,I'm not sure,No,No,No,I'm not sure,I'm not sure,,,0.0,0.0
2525,103889,2100154000.0,,857 beacon st,857 beacon st,857 beacon st,,2215.0,857 beacon st,boston,2215,31423.0,,Multifamily Housing,Multifamily Housing (31423.0),24.3,98.0,764054.636,55372.0,2940.807,207703.0,42608.193,,,,,,,,,,,,,,,,,,,,,,16.0,in compliance,45549.0,2030.0,No,No,No,No,No,No,,,0.0,2.0
348,100479,2100167000.0,audubon park condo tr,16 miner st,16 miner st,16 miner st,,2215.0,16 miner st,boston,2215,84310.0,,Multifamily Housing,Multifamily Housing (84310.0),38.3,86.0,3229725.472,1501782.9,79759.69,506431.0,103889.255,,,,,,,,,,,,,,,,,,,,,,20.06,in compliance,183648.945,2025.0,No,No,No,No,No,No,,,0.0,2.0
2957,104430,2100169000.0,miner realty inc,839-843 beacon st,839,843 beacon st,,2215.0,839 beacon st,boston,2215,46850.0,0.0,Multifamily Housing,"Multifamily Housing (46850.0),Parking (0.0)",42.2,89.0,1975288.612,1081000.0,57411.91,262101.0,53767.399,,,,,,,,,,,,,,,,,,,,,,15.8,in compliance,111179.309,2025.0,No,No,No,No,No,No,,,0.0,2.0
2665,104059,2100170000.0,,829 beacon st,829 beacon st,829 beacon st,,2215.0,829  833 beacon st,boston,2215,50634.0,,Multifamily Housing,Multifamily Housing (50634.0),58.9,96.0,2980532.824,2306400.1,122492.909,197577.0,40530.946,,,,,,,,,,,,,,,,,,,,,,28.59,in compliance,163023.855,2025.0,I'm not sure,No,No,No,I'm not sure,I'm not sure,,,1.0,1.0
944,101278,2100195000.0,boston university trsts of,46 mountfort st # b,46 mountfort st # b,46 mountfort st # b,,2215.0,15 arundel st,boston,2215,30467.0,,Multifamily Housing,Multifamily Housing (30467.0),68.6,59.0,2090426.55,1746033.6,92731.844,100935.8,20705.97,,,,,,,,,,,,,,,,,,,,,,34.99,in compliance,113437.814,2030.0,No,Yes,No,No,No,No,,,0.0,2.0
4778,107071,2100199000.0,boston university trsts of,24 buswell street,24 buswell street,24 buswell street,,2115.0,24 buswell street,boston,2115,25886.0,,Multifamily Housing,Multifamily Housing (25886.0),51.2,94.0,1324991.515,1161251.0,61674.041,47989.6,9844.587,,,,,,,,,,,,,,,,,,,,,,31.18,in compliance,71518.628,2030.0,No,Yes,No,No,No,No,,,0.0,0.0
926,101260,2100201000.0,boston university trsts,14 buswell st,14 buswell st,14 buswell st,,2215.0,10  18 buswell st,boston,2215,67049.0,,Multifamily Housing,Multifamily Housing (67049.0),49.2,96.0,3301694.13,2599666.6,138068.293,205752.5,42208.068,,,,,,,,,,,,,,,,,,,,,,48.68,in compliance,180276.361,2025.0,No,Yes,No,No,No,No,,,0.0,2.0
945,101279,2100202000.0,boston university trsts of,6 buswell st,6 buswell st,6 buswell st,,2215.0,6 buswell st,boston,2215,25818.0,,Multifamily Housing,Multifamily Housing (25818.0),77.9,37.0,2012472.857,1644091.5,87317.7,107966.4,22148.227,,,,,,,,,,,,,,,,,,,,,,38.23,in compliance,109465.927,2030.0,No,Yes,No,No,No,No,,,0.0,0.0
946,101280,2100205000.0,boston university trsts of,844-844a beacon st,844,844a beacon st,,2215.0,844 844a beacon st,boston,2215,20858.0,,Multifamily Housing,Multifamily Housing (20858.0),72.2,87.0,1505062.176,1294372.2,68744.108,61749.7,12667.333,,,,,,,,,,,,,,,,,,,,,,54.13,in compliance,81411.441,2030.0,No,Yes,No,No,No,No,,,0.0,2.0
4780,107073,2100210000.0,trustees of boston university,856 beacon street                                       ,856 beacon street                                       ,856 beacon street                                       ,,2115.0,856-862 beacon street,boston,2115,39733.0,,Multifamily Housing,Multifamily Housing (39733.0),75.7,70.0,3006509.348,2394894.7,127192.858,179254.0,36772.166,,,,,,,,,,,,,,,,,,,,,,5.94,in compliance,163965.024,2025.0,No,Yes,No,No,No,No,,,1.0,1.0
4612,106793,2100220000.0,yu sheng hsiung,900 beacon st,900 beacon st,900 beacon st,,2215.0,900 beacon st,boston,2215,34135.0,10970.0,Multifamily Housing,"Multifamily Housing (34135.0),Parking (10970.0)",112.8,1.0,3850071.02,2160499.8,114744.144,495185.0,101582.251,,,,,,,,,,,,,,,,,,,,,,46.82,in compliance,216326.395,2030.0,No,No,No,No,No,No,,,1.0,2.0
947,101281,2100233000.0,boston university trsts of,90 saint mary's st,90 saint mary's st,90 saint mary's st,,2215.0,90 st marys st,boston,2215,23107.0,,Multifamily Housing,Multifamily Housing (23107.0),87.2,,2015237.71,1770531.8,94032.944,71719.2,14712.477,,,,,,,,,,,,,,,,,,,,,,38.66,in compliance,108745.421,2030.0,No,Yes,No,No,No,No,,,0.0,2.0
3326,104925,2100256000.0,one-20 mountfort street,120 mountfort st,120 mountfort st,120 mountfort st,,2215.0,120 mountfort st,boston,2215,54883.0,,Multifamily Housing,Multifamily Housing (54883.0),40.1,95.0,2198243.54,1234200.0,65548.362,282545.0,57961.281,,,,,,,,,,,,,,,,,,,,,,38.97,in compliance,123509.643,2025.0,No,No,No,No,No,No,,,0.0,0.0
4784,107081,2100268000.0,boston university trsts of,509 park dr  ,509 park dr  ,509 park dr  ,,2115.0,509 park dr,boston,2115,31409.0,,Multifamily Housing,Multifamily Housing (31409.0),58.1,93.0,1824416.782,1484580.9,78846.092,99600.2,20431.985,,,,,,,,,,,,,,,,,,,,,,31.69,in compliance,99278.077,2030.0,No,Yes,No,No,No,No,,,1.0,2.0
921,101252,2100271000.0,boston university trst of,96 mountfort st,96 mountfort st,96 mountfort st,,2215.0,96  100 mountfort st,boston,2215,26742.0,,Multifamily Housing,Multifamily Housing (26742.0),46.9,90.0,1252907.21,949697.1,50438.413,88865.8,18229.93,,,,,,,,,,,,,,,,,,,,,,15.06,in compliance,68668.343,2030.0,No,Yes,No,No,No,No,,,1.0,1.0
929,101263,2100321001.0,boston university trsts,728 commonwealth av,728 commonwealth av,728 commonwealth av,,2215.0,728 commonwealth av,boston,2215,29574.0,,Multifamily Housing,Multifamily Housing (29574.0),76.9,67.0,2273332.078,1875897.2,99628.9,116481.5,23895.015,,,,,,,,,,,,,,,,,,,,,,53.4,in compliance,123523.915,2030.0,No,Yes,No,No,No,No,,,1.0,1.0
930,101264,2100322000.0,boston university trsts,726 commonwealth ave,726 commonwealth ave,726 commonwealth ave,,2215.0,726 commonwealth av,boston,2215,28278.0,,Multifamily Housing,Multifamily Housing (28278.0),79.3,74.0,2241673.154,1875897.2,99628.9,107202.8,21991.582,,,,,,,,,,,,,,,,,,,,,,55.84,in compliance,121620.482,2025.0,No,Yes,No,No,No,No,,,0.0,2.0
931,101265,2100323001.0,boston university trsts,722 commonwealth av,722 commonwealth av,722 commonwealth av,,2215.0,722 commonwealth av,boston,2215,28633.0,,Multifamily Housing,Multifamily Housing (28633.0),81.0,63.0,2319107.129,1875897.2,99628.9,129897.4,26647.153,,,,,,,,,,,,,,,,,,,,,,55.15,in compliance,126276.053,2025.0,No,Yes,No,No,No,No,,,0.0,2.0
909,101238,2100401000.0,boston university,10 buick st,10 buick st,10 buick st,,2134.0,899  925 commonwealth av,boston,2134,384941.0,,Multifamily Housing,Multifamily Housing (384941.0),121.9,1.0,46922896.08,26233091.2,1393239.474,6062023.0,1594312.049,,,,,,,,,,,,,,,,,,6182.4,458.796,,,37.52,in compliance,2988010.319,2025.0,No,Yes,No,No,No,No,,,0.0,2.0
3751,105605,2100469000.0,,1027-1033 commonwealth ave,1027,1033 commonwealth ave,,2134.0,1027  1033 commonwealth av,boston,2134,43929.0,,Multifamily Housing,"Restaurant (18929.0),Multifamily Housing (25000.0)",162.2,,7124293.888,5070699.8,269304.866,601874.0,123468.432,,,,,,,,,,,,,,,,,,,,,,73.35,in compliance,392773.298,2025.0,Yes,No,No,No,Yes,Yes,,,0.0,2.0
1594,102382,2100470000.0,,195 gardner st,195 gardner st,,,2134.0,1035  1037 commonwealth av,boston,2134,159000.0,66000.0,Multifamily Housing,"Personal Services (Health/Beauty, Dry Cleaning, etc) (2012.0),Restaurant (2010.0),Multifamily Housing (154978.0),Parking (66000.0)",76.0,26.0,12089878.03,3529900.2,187473.0,2508786.0,514652.36,,,,,,,,,,,,,,,,,,,,,,55.16,in compliance,702125.36,2025.0,No,No,No,No,No,No,,,0.0,2.0
3752,105606,2100471000.0,,1039-1045 commonwealth ave,1039,1045 commonwealth ave,,2134.0,1039  1045 commonwealth av,boston,2134,36796.0,,Multifamily Housing,"Multifamily Housing (18796.0),Retail Store (18000.0)",56.4,90.0,2073745.42,1570100.1,83388.016,147610.0,30280.715,,,,,,,,,,,,,,,,,,,,,,21.91,in compliance,113668.731,2025.0,Yes,No,No,No,Yes,Yes,,,0.0,0.0
2990,104486,2100542000.0,montrose inc,72 gardner st,72 gardner st,72 gardner st,,2134.0,72 gardner st,boston,2134,61020.0,,Multifamily Housing,Multifamily Housing (61020.0),20.1,100.0,1227863.296,876400.0,46545.604,103008.0,21131.061,,,,,,,,,,,,,,,,,,,,,,31.38,in compliance,67676.665,2030.0,No,No,No,No,No,No,,,1.0,1.0
3318,104917,2100552000.0,one six ashford l p mass lps,1 ashford ct,1 ashford ct,1 ashford ct,,2134.0,1  6 ashford ct,boston,2134,40224.0,,Multifamily Housing,Multifamily Housing (40224.0),50.8,95.0,2041416.28,1737100.0,92257.381,89190.0,18296.437,,,,,,,,,,,,,,,,,,,,,,25.03,in compliance,110553.818,2030.0,No,No,No,No,No,No,,,0.0,0.0
2757,104167,2100555000.0,,40 malvern st,40 malvern st,40 malvern st,,2134.0,ashford st,boston,2134,39180.0,0.0,Multifamily Housing,"Multifamily Housing (39180.0),Parking (13000.0)",71.0,83.0,2780396.052,1933039.5,102663.728,248346.0,50945.698,,,,,,,,,,,,,,,,,,,,,,61.87,in compliance,153609.426,2025.0,No,No,No,No,No,No,,,0.0,2.0
894,101220,2100587000.0,boston rehabilitation,98 chester st,98 chester st,98 chester st,,2134.0,98 chester st,boston,2134,43716.0,,Multifamily Housing,Multifamily Housing (43716.0),32.0,94.0,1397159.956,1015318.6,53923.571,111911.3,22957.484,,,,,,,,,,,,,,,,,,,,,,21.6,in compliance,76881.055,2030.0,No,No,No,No,No,No,,,0.0,2.0
2158,103142,2100611000.0,,31-35 gardner st,31,35 gardner st,,2134.0,31  35 gardner st,boston,2134,27916.0,,Multifamily Housing,Multifamily Housing (27916.0),65.3,79.0,1821972.736,1563077.0,83015.019,75878.0,15565.613,,,,,,,,,,,,,,,,,,,,,,32.84,in compliance,98580.632,2025.0,I'm not sure,No,No,No,I'm not sure,I'm not sure,,,0.0,0.0
5459,108008,2100635010.0,,89-95 brighton ave,89,95 brighton ave,,2134.0,,,,117161.0,,Multifamily Housing,Multifamily Housing (117161.0),44.2,58.0,5174021.612,1949592.9,103542.879,945026.0,193862.634,,,,,,,,,,,,,,,,,,,,,,26.04,in compliance,297405.513,2025.0,No,No,No,No,No,No,,,0.0,2.0
2156,103140,2100637000.0,,127-137 brighton ave,127,137 brighton ave,,2134.0,127  137 brighton av,boston,2134,29200.0,,Multifamily Housing,Multifamily Housing (29200.0),85.1,18.0,2484553.936,1808200.0,96033.502,198228.0,40664.492,,,,,,,,,,,,,,,,,,,,,,42.29,in compliance,136697.994,2030.0,I'm not sure,No,No,No,I'm not sure,I'm not sure,,,0.0,0.0
2370,103582,2100659000.0,harvard gardner llc mass llc,8 gardner st,8 gardner st,8 gardner st,,2134.0,8  4 gardner st,boston,2134,23000.0,,Multifamily Housing,Multifamily Housing (23000.0),29.2,99.0,671791.132,321000.0,17048.31,102811.0,21090.649,,,,,,,,,,,,,,,,,,,,,,46.44,in compliance,38138.959,2030.0,No,No,No,No,No,No,,,1.0,1.0
2371,103584,2100660000.0,harvard gardner llc mass llc,74-84 harvard ave,74,84 harvard ave,,2134.0,84  74 harvard av,boston,2134,23692.0,,Multifamily Housing,Multifamily Housing (23692.0),65.6,88.0,1554567.996,1312459.3,69704.713,70958.0,14556.324,,,,,,,,,,,,,,,,,,,,,,93.8,in compliance,84261.037,2030.0,No,No,No,No,No,No,,,0.0,2.0
3439,105081,2100669000.0,pizzuti donato f trst,4-12 farrington ave,4,12 farrington ave,,2134.0,33 highgate st,boston,2134,37792.0,,Multifamily Housing,Multifamily Housing (37792.0),62.2,74.0,2350560.624,1911600.0,101525.076,128652.0,26391.671,,,,,,,,,,,,,,,,,,,,,,18.01,in compliance,127916.747,2030.0,No,No,No,No,No,No,,,0.0,0.0
5287,107797,2100710000.0,,392 cambridge st,392 cambridge st,392 cambridge st,,2134.0,,,,54840.0,8000.0,Multifamily Housing,"Restaurant (4500.0),Multifamily Housing (50340.0),Parking (11600.0)",45.1,81.0,2473748.384,1052200.0,55882.342,416632.0,85467.888,,,,,,,,,,,,,,,,,,,,,,23.74,in compliance,141350.23,2030.0,I'm not sure,No,No,No,I'm not sure,I'm not sure,,,0.0,2.0
2382,103596,2100728000.0,harvard terrace llc,8-10 harvard ter,8,10 harvard ter,,2134.0,16  8 harvard te,boston,2134,30820.0,,Multifamily Housing,Multifamily Housing (30820.0),25.9,100.0,799629.904,226100.0,12008.171,168092.0,34482.393,,,,,,,,,,,,,,,,,,,,,,2932.18,pending revisions,46490.564,2030.0,I'm not sure,No,No,No,I'm not sure,I'm not sure,,,0.0,2.0
3413,105049,2100749000.0,,1125 commonwealth ave,1125 commonwealth ave,1125 commonwealth ave,,2134.0,1125 commonwealth av,boston,2134,71440.0,,Multifamily Housing,Multifamily Housing (71440.0),28.5,100.0,2037114.8,56100.0,2979.471,72975.0,14970.092,,,,,,,,,,1732024.1,128533.508,,,,,,,,,,,14.55,in compliance,146483.071,2025.0,I'm not sure,No,No,No,I'm not sure,I'm not sure,,,1.0,2.0
16,100025,2100753000.0,1139 commonwealth llc mass llc,1139 commonwealth ave,1139 commonwealth ave,1139 commonwealth ave,,2134.0,1139 commonwealth av,boston,2134,23830.0,,Multifamily Housing,Multifamily Housing (23830.0),73.7,95.0,1756201.576,1567092.5,83228.283,55424.7,11369.823,,,,,,,,,,,,,,,,,,,,,,31.19,in compliance,94598.106,2030.0,No,No,No,No,No,No,,,0.0,2.0
3057,104587,2100760000.0,,48 brighton ave,48 brighton ave,48 brighton ave,,2134.0,48 brighton av,boston,2134,38274.0,,Multifamily Housing,Multifamily Housing (38274.0),90.4,77.0,3459171.804,3173700.0,168555.207,83667.0,17163.448,,,,,,,,,,,,,,,,,,,,,,34.81,in compliance,185718.655,2025.0,I'm not sure,No,No,No,I'm not sure,I'm not sure,,,1.0,1.0
1878,102800,2100772000.0,,1157-1161 commonwealth ave,1157,1161 commonwealth ave,,2134.0,1157  1161 commonwealth av,boston,2134,26256.0,,Multifamily Housing,Multifamily Housing (26256.0),56.6,,1484840.09,1442499.9,76611.17,12409.2,2545.623,,,,,,,,,,,,,,,,,,,,,,24.79,in compliance,79156.793,2030.0,No,No,No,No,No,No,,,1.0,1.0
1879,102801,2100778000.0,eleven 57 1177 commonwealth,1165-1177 commonwealth ave,1165,1177 commonwealth ave,,2134.0,1165  1177 commonwealth av,boston,2134,55530.0,,Multifamily Housing,Multifamily Housing (55530.0),47.8,98.0,2654254.689,2578500.1,136944.14,22202.4,4554.6,,,,,,,,,,,,,,,,,,,,,,20.57,pending revisions,141498.74,2030.0,No,No,No,No,No,No,,,0.0,2.0
2709,104111,2100792000.0,,56 brighton ave,56 brighton ave,56 brighton ave,,2134.0,56 brighton av,boston,2134,21235.0,,Multifamily Housing,Multifamily Housing (21235.0),16.2,100.0,343263.932,45700.0,2427.127,87211.0,17890.465,,,,,,,,,,,,,,,,,,,,,,11133.89,pending revisions,20317.592,2025.0,No,No,No,No,No,No,,,0.0,2.0
3442,105084,2100817000.0,pizzuti family inc,1197 commonwealth ave,1197 commonwealth ave,1197 commonwealth ave,,2134.0,1197 commonwealth av,boston,2134,21770.0,,Multifamily Housing,Multifamily Housing (21770.0),92.4,44.0,2011477.188,1825100.1,96931.066,54624.0,11205.567,,,,,,,,,,,,,,,,,,,,,,34.31,in compliance,108136.633,2030.0,No,No,No,No,No,No,C10033,,0.0,2.0
3440,105082,2100881000.0,,15 glenville ave,15 glenville ave,15 glenville ave,,2134.0,15 glenville av,boston,2134,24216.0,,Multifamily Housing,Multifamily Housing (24216.0),49.0,91.0,1187454.712,912700.0,48473.497,80526.0,16519.104,,,,,,,,,,,,,,,,,,,,,,28.24,in compliance,64992.601,2030.0,No,No,No,No,No,No,,,0.0,0.0
1995,102953,2100898000.0,fifty 6 park vale & 178,178 brighton ave,178 brighton ave,178 brighton ave,,2134.0,178 brighton av,boston,2134,44510.0,,Multifamily Housing,Multifamily Housing (44510.0),55.0,88.0,2446598.924,2071016.2,109991.67,110077.0,22581.196,,,,,,,,,,,,,,,,,,,,,,37.05,in compliance,132572.866,2030.0,I'm not sure,No,No,No,I'm not sure,I'm not sure,,,0.0,2.0
3385,105018,2100900000.0,park vale limited patrnershi,50 park vale ave,50 park vale ave,50 park vale ave,,2134.0,50 park vale av,boston,2134,23985.0,,Multifamily Housing,Multifamily Housing (23985.0),40.3,98.0,966194.428,,,47269.0,9696.763,,,,,,,,,,804912.6,59732.564,,,,,,,,,,,20.56,in compliance,69429.327,2030.0,No,No,No,No,No,No,,,0.0,2.0
2943,104413,2100917000.0,mg quint corp,36 quint ave,36 quint ave,36 quint ave,,2134.0,36  44 quint av,boston,2134,51784.0,,Multifamily Housing,Multifamily Housing (51784.0),58.3,85.0,3017251.696,2622200.1,139265.047,115783.0,23751.725,,,,,,,,,,,,,,,,,,,,,,24.09,in compliance,163016.772,2025.0,No,No,No,No,No,No,,,0.0,2.0
2218,103325,2100968000.0,,43 glenville ave,43 glenville ave,43 glenville ave,,2134.0,69 quint av,boston,2134,42135.0,0.0,Multifamily Housing,"Multifamily Housing (42135.0),Parking (4480.0)",76.6,66.0,3228826.82,2909600.1,154528.861,93560.0,19192.898,,,,,,,,,,,,,,,,,,,,,,38.65,in compliance,173721.759,2025.0,I'm not sure,No,No,No,I'm not sure,I'm not sure,,,0.0,2.0
2954,104427,2101025000.0,,1277 commonwealth ave,1277 commonwealth ave,1277 commonwealth ave,,2134.0,1277 commonwealth av,boston,2134,63287.0,,Multifamily Housing,Multifamily Housing (63287.0),61.8,90.0,3909404.148,2831454.4,150378.543,315929.0,64809.675,,,,,,,,,,,,,,,,,,,,,,43.87,in compliance,215188.218,2025.0,No,No,No,No,No,No,,,0.0,2.0
5008,107411,2101031000.0,,1293a-1293 commonwealth ave,1293a,1293 commonwealth ave,,2134.0,,,,150870.0,,Multifamily Housing,Multifamily Housing (150870.0),51.8,97.0,7811708.186,6233684.8,331071.0,462492.2,94875.65,,,,,,,,,,,,,,,,,,,,,,36.0,pending revisions,425946.65,2025.0,No,No,No,No,No,No,,,0.0,2.0
3000,104497,2101038000.0,,1315 commonwealth ave,1315 commonwealth ave,1315 commonwealth ave,,2134.0,1315 commonwealth av,boston,2134,37182.0,,Multifamily Housing,Multifamily Housing (37182.0),64.2,81.0,2386282.432,2074899.9,110197.934,91261.0,18721.282,,,,,,,,,,,,,,,,,,,,,,78.32,in compliance,128919.216,2025.0,No,No,No,No,No,No,,,0.0,2.0
5129,107570,2101049000.0,,48-52 glenville ave,48,52 glenville ave,,2134.0,,,,30752.0,,Multifamily Housing,Multifamily Housing (30752.0),45.9,97.0,1410253.836,1031852.8,54801.702,110903.0,22750.641,,,,,,,,,,,,,,,,,,,,,,30.82,pending revisions,77552.343,2030.0,No,No,No,No,No,No,,,1.0,1.0
2719,104121,2101072000.0,long-glen rental llc mass llc,10 long ave,10 long ave,10 long ave,,2134.0,10 long av,boston,2134,50250.0,,Multifamily Housing,Multifamily Housing (50250.0),54.7,99.0,2748706.756,2540274.5,134913.979,61088.0,12531.592,,,,,,,,,,,,,,,,,,,,,,32.64,in compliance,147445.571,2030.0,No,No,No,No,No,No,,,1.0,1.0
1031,101430,2101102000.0,brighton allston apts llc mass llc,1387 commonwealth ave,1387 commonwealth ave,1387 commonwealth ave,,2134.0,1387 commonwealth av,boston,2134,24250.0,,Multifamily Housing,Multifamily Housing (24250.0),53.6,96.0,1299124.336,1058568.1,56220.552,70503.0,14462.985,,,,,,,,,,,,,,,,,,,,,,35.28,pending revisions,70683.537,2030.0,No,No,No,No,No,No,,,0.0,2.0
895,101221,2101103000.0,,1391 commonwealth ave,1391 commonwealth ave,1391 commonwealth ave,,2134.0,1391 commonwealth av,boston,2134,50136.0,,Multifamily Housing,Multifamily Housing (50136.0),64.6,87.0,3240052.688,,,201849.0,41407.304,,,,,,,,,,2551343.9,189335.231,,,,,,,,,,,43.47,in compliance,230742.535,2030.0,No,No,No,No,No,No,,,0.0,2.0
1580,102359,2101105000.0,comaven housing assoc lps,1399 commonwealth ave,1399 commonwealth ave,1399 commonwealth ave,,2134.0,1399 commonwealth av,boston,2134,50276.0,,Multifamily Housing,Multifamily Housing (50276.0),139.3,1.0,7001807.912,6239131.4,331360.269,223527.7,45854.472,,,,,,,,,,,,,,,,,,,,,,69.96,pending revisions,377214.741,2025.0,No,No,No,No,No,No,,,1.0,1.0
1626,102424,2101110000.0,,1409 commonwealth ave #4,1409 commonwealth ave #4,1409 commonwealth ave #4,,2134.0,1409  1427 commonwealth av,boston, ,88508.0,,Multifamily Housing,Multifamily Housing (88508.0),74.3,48.0,6575842.444,3399400.1,180542.139,930962.0,190977.545,,,,,,,,,,,,,,,,,,,,,,68.64,in compliance,371519.684,2025.0,No,No,No,No,No,No,,,1.0,1.0
2283,103402,2101175000.0,,518-524 cambridge st,518,524 cambridge st,,2134.0,524  518 cambridge st,boston,2134,34680.0,,Multifamily Housing,Multifamily Housing (34680.0),188.1,1.0,6522800.748,5725999.8,304107.849,233529.0,47906.139,,,,,,,,,,,,,,,,,,,,,,92.92,pending revisions,352013.988,2025.0,I'm not sure,No,No,No,I'm not sure,I'm not sure,,,0.0,2.0
1091,101602,2101267000.0,camelot company the,10 camelot ct,10 camelot ct,10 camelot ct,,2135.0,10 camelot ct,boston,2135,69300.0,,Multifamily Housing,Multifamily Housing (69300.0),62.6,94.0,4338758.248,3394900.1,180303.144,276629.0,56747.673,,,,,,,,,,,,,,,,,,,,,,26.96,in compliance,237050.817,2025.0,No,No,No,No,No,No,,,0.0,2.0
3124,104663,2101276000.0,,91 gordon st,91 gordon st,91 gordon st,,2135.0,91  99 gordon st,boston,2135,49784.0,,Multifamily Housing,Multifamily Housing (49784.0),48.5,93.0,2414805.772,1881319.1,99916.857,156356.0,32074.87,,,,,,,,,,,,,,,,,,,,,,11.03,pending revisions,131991.727,2025.0,,,,,,,,,0.0,0.0
2765,104184,2101287000.0,,116 warren st,116 warren st,116 warren st,,2135.0,116 warren st,boston,2135,20190.0,,Multifamily Housing,Multifamily Housing (20190.0),60.3,90.0,1217930.636,54500.0,2894.495,40178.0,8242.115,,,,,,,,,,1026343.3,76164.936,,,,,,,,,,,29.27,in compliance,87301.546,2030.0,No,No,No,No,No,No,,,0.0,0.0
4763,107049,2101288000.0,camelot company the,11 camelot ct,11 camelot ct,11 camelot ct,,2135.0,11 camelot ct,boston,2135,68300.0,,Multifamily Housing,Multifamily Housing (68300.0),75.0,75.0,5125695.772,4249900.2,225712.2,256681.0,52655.54,,,,,,,,,,,,,,,,,,,,,,31.45,in compliance,278367.74,2025.0,No,No,No,No,No,No,,,0.0,2.0
1653,102486,2101375010.0,congregation of sister of,615-647 cambridge st,615,647 cambridge st,,2135.0,625  667 cambridge st,boston,2135,121245.0,,Multifamily Housing,"Worship Facility (5000.0),Multifamily Housing (88317.0),Office (27928.0)",44.3,98.0,5369112.08,4766416.4,253144.375,176640.0,36235.93,,,,,,,,,,,,,,,,,,,,,,8.25,in compliance,289380.305,2025.0,No,No,No,No,No,No,,,0.0,0.0
3726,105575,2101436000.0,russell wm w trsts,1368 commonwealth ave,1368 commonwealth ave,1368 commonwealth ave,,2134.0,1368 commonwealth av,boston,2134,93568.0,,Multifamily Housing,Multifamily Housing (93568.0),53.2,77.0,4981728.587,472164.6,25076.662,253018.9,51904.297,,,,,,,,,,3646263.5,270589.214,,,,,,,,,,,41.96,in compliance,347570.173,2030.0,No,No,No,No,No,No,,,0.0,2.0
4478,106605,2101463000.0,walbridge brainerd assocs mass llc,99 brainerd rd,99 brainerd rd,99 brainerd rd,,2134.0,25 walbridge st,boston,2134,41594.0,,Multifamily Housing,Multifamily Housing (41594.0),85.2,12.0,3545067.268,3270268.2,173683.944,80539.0,16521.77,,,,,,,,,,,,,,,,,,,,,,30.62,in compliance,190205.714,2025.0,No,No,No,No,No,No,,,0.0,0.0
3390,105024,2101467000.0,,130 brainerd rd,130 brainerd rd,130 brainerd rd,,2134.0,130 brainerd rd,boston,2134,47312.0,,Multifamily Housing,Multifamily Housing (47312.0),48.4,96.0,2289701.592,1908100.1,101339.196,111841.0,22943.063,,,,,,,,,,,,,,,,,,,,,,26.88,in compliance,124282.259,2030.0,I'm not sure,No,No,No,I'm not sure,I'm not sure,,,0.0,2.0
1852,102769,2101478000.0,edge brainerd llc,60-66 brainerd rd,60,66 brainerd rd,,2134.0,60  66 brainerd rd,boston,2134,64079.0,0.0,Multifamily Housing,"Multifamily Housing (64079.0),Parking (32642.0)",43.3,99.0,2773515.1,1447100.1,76855.486,388750.0,79748.175,,,,,,,,,,,,,,,,,,,,,,26.1,in compliance,156603.661,2025.0,No,No,No,No,No,No,,,0.0,0.0
2592,103978,2101512000.0,,1340 commonwealth ave,1340 commonwealth ave,1340 commonwealth ave,,2134.0,1340 commonwealth av,boston,2134,30156.0,,Multifamily Housing,Multifamily Housing (30156.0),55.3,94.0,1666155.1,57000.0,3027.27,90175.0,18498.5,,,,,,,,,,1301478.0,96582.682,,,,,,,,,,,196.57,in compliance,118108.452,2030.0,I'm not sure,No,No,No,I'm not sure,I'm not sure,,,0.0,2.0
1875,102796,2101528000.0,element brainerd llc,65 brainerd rd,65 brainerd rd,65 brainerd rd,,2134.0,9  23 griggs st,boston,2134,79949.0,0.0,Multifamily Housing,"Multifamily Housing (79949.0),Parking (19636.0)",44.5,92.0,3557644.748,1613900.0,85714.229,569679.0,116863.95,,,,,,,,,,,,,,,,,,,,,,26.0,in compliance,202578.179,2025.0,No,No,No,No,No,No,,,0.0,0.0
1842,102755,2101529000.0,eco brainerd llc,75 brainerd rd,75 brainerd rd,75 brainerd rd,,2134.0,75 brainerd rd,boston,2134,97476.0,19386.0,Multifamily Housing,"Multifamily Housing (97476.0),Parking (32088.0)",29.1,100.0,2840995.304,1404400.0,74587.684,421042.0,86372.556,,,,,,,,,,,,,,,,,,,,,,18.78,in compliance,160960.24,2025.0,No,No,No,No,No,No,,,1.0,1.0
1638,102455,2101532000.0,commonwealth-griggs llc,1298 commonwealth ave,1298 commonwealth ave,1298 commonwealth ave,,2134.0,1302  1298 commonwealth av,boston,2134,77300.0,0.0,Multifamily Housing,"Multifamily Housing (77300.0),Parking (3500.0)",115.5,,8931439.064,7593799.0,403306.665,195847.0,40176.054,,,,,,,,669410.1,49201.642,,,,,,,,,,,,,78.79,in compliance,492684.361,2025.0,I'm not sure,No,No,No,I'm not sure,I'm not sure,,,0.0,0.0
4461,106552,2101539000.0,,59 brainerd rd,59 brainerd rd,59 brainerd rd,,2134.0,59 brainerd rd,boston,2134,61700.0,,Multifamily Housing,Multifamily Housing (61700.0),31.4,79.0,1939988.136,,,568578.0,116638.091,,,,,,,,,,,,,,,,,,,,,,25.32,in compliance,116638.091,2025.0,No,No,No,No,No,No,,,0.0,0.0
3709,105520,2101546000.0,,11 royce rd,11 royce rd,11 royce rd,,2134.0,11 royce rd,boston,2134,37608.0,,Multifamily Housing,Multifamily Housing (37608.0),52.6,94.0,1979928.316,1721834.4,91446.625,75643.0,15517.405,,,,,,,,,,,,,,,,,,,,,,24.61,in compliance,106964.03,2025.0,I'm not sure,No,No,No,I'm not sure,I'm not sure,,,1.0,1.0
896,101223,2101547000.0,boston rehabilitation,15 royce rd,15 royce rd,15 royce rd,,2134.0,15 royce rd,boston,2134,29598.0,,Multifamily Housing,Multifamily Housing (29598.0),57.1,83.0,1688754.658,1193344.2,63378.51,145196.5,29785.61,,,,,,,,,,,,,,,,,,,,,,44.26,in compliance,93164.12,2030.0,No,No,No,No,No,No,,,0.0,2.0
4575,106741,2101548000.0,,29-33 brainerd rd,29,33 brainerd rd,,2134.0,29  33 brainerd rd,boston,2134,33387.0,,Multifamily Housing,Multifamily Housing (33387.0),26.3,90.0,878484.228,,,257469.0,52817.191,,,,,,,,,,,,,,,,,,,,,,27.29,in compliance,52817.191,2030.0,No,No,No,No,No,No,,,1.0,1.0
3283,104868,2101552000.0,,1236-1232 commonwealth ave,1236,1232 commonwealth ave,,2134.0,1236 1232a commonwealth av,boston,2134,25970.0,,Multifamily Housing,"Personal Services (Health/Beauty, Dry Cleaning, etc) (1500.0),Restaurant (1500.0),Multifamily Housing (22970.0)",73.8,42.0,1916443.8,1748999.9,92889.385,49075.0,10067.246,,,,,,,,,,,,,,,,,,,,,,19.6,in compliance,102956.631,2030.0,No,No,No,No,No,No,,,0.0,2.0
1590,102376,2101571000.0,commonwealth 1200 montrose mass llc,1200 commonwealth ave,1200 commonwealth ave,1200 commonwealth ave,,2134.0,1200 commonwealth av,boston,2134,33824.0,,Multifamily Housing,Multifamily Housing (33824.0),38.8,97.0,1311084.316,595100.0,31605.761,209843.0,43047.193,,,,,,,,,,,,,,,,,,,,,,29.86,in compliance,74652.954,2025.0,No,No,No,No,No,No,,,0.0,2.0
1589,102372,2101579000.0,,1156 commonwealth ave,1156 commonwealth ave,1156 commonwealth ave,,2134.0,1156 commonwealth av,boston,2134,153060.0,,Multifamily Housing,Multifamily Housing (153060.0),83.5,91.0,12779547.78,11110858.0,590097.668,489065.0,100326.794,,,,,,,,,,,,,,,,,,,,,,46.47,in compliance,690424.462,2025.0,Yes,No,No,No,Yes,Yes,,,0.0,2.0
3671,105429,2101597000.0,rosati anthony g trst,1082 commonwealth ave,1082 commonwealth ave,1082 commonwealth ave,,2134.0,1082 commonwealth av,boston,2134,25735.0,,Multifamily Housing,Multifamily Housing (25735.0),92.0,71.0,2367935.084,2034900.0,108073.539,97607.0,20023.1,,,,,,,,,,,,,,,,,,,,,,51.04,in compliance,128096.639,2025.0,I'm not sure,No,No,No,I'm not sure,I'm not sure,,,0.0,2.0
2453,103771,2101651000.0,hls bellvista realty llc,35 bellvista rd,35 bellvista rd,35 bellvista rd,,2135.0,35 bellvista rd,boston,2135,26400.0,,Multifamily Housing,Multifamily Housing (26400.0),51.0,89.0,1347067.348,1128173.9,59917.316,64154.0,13160.552,,,,,,,,,,,,,,,,,,,,,,35.57,in compliance,73077.868,2030.0,No,No,No,No,No,No,,,0.0,2.0
4472,106593,2101684000.0,vinal apartments llc,10-16 vinal st,10,16 vinal st,,2134.0,16  10 vinal st,boston,2134,24960.0,,Multifamily Housing,Multifamily Housing (24960.0),62.8,84.0,1566269.404,,,78067.0,16014.664,,,,,,,,,,1299904.8,96465.935,,,,,,,,,,,35.22,in compliance,112480.599,2030.0,No,No,No,No,No,No,,,0.0,2.0
4473,106594,2101687000.0,vinal associates llc mass llc,4-8 vinal st,4,8 vinal st,,2134.0,8  4 vinal st,boston,2134,24000.0,,Multifamily Housing,Multifamily Housing (24000.0),75.9,78.0,1822484.544,,,81312.0,16680.344,,,,,,,,,,1545048.0,114658.012,,,,,,,,,,,45.95,in compliance,131338.356,2030.0,No,No,No,No,No,No,,,0.0,0.0
2226,103335,2101692000.0,governor apartmnts assoc lps,180 allston st,180 allston st,180 allston st,,2134.0,180 allston st,boston,2134,63203.0,,Multifamily Housing,Multifamily Housing (63203.0),80.4,51.0,5081944.528,4231097.5,224713.588,249369.0,51155.557,,,,,,,,,,,,,,,,,,,,,,45.31,in compliance,275869.145,2025.0,No,No,No,No,No,No,,,0.0,0.0
2597,103983,2101703000.0,,60 woodstock ave,60 woodstock ave,60 woodstock ave,,2134.0,60 woodstock av,boston,2134,21175.0,,Multifamily Housing,Multifamily Housing (21175.0),85.8,52.0,1816614.308,1672000.1,88799.925,42384.0,8694.654,,,,,,,,,,,,,,,,,,,,,,25.41,in compliance,97494.579,2030.0,I'm not sure,No,No,No,I'm not sure,I'm not sure,,,0.0,0.0
4525,106672,2101724000.0,,309-319 allston st,309,319 allston st,,2135.0,309  319 allston st,boston,2135,84131.0,,Multifamily Housing,Multifamily Housing (84131.0),70.7,75.0,5949310.312,67633.8,3592.031,203576.0,41761.581,,,,,,,,,,5187075.2,384932.851,,,,,,,,,,,34.55,in compliance,430286.463,2025.0,No,No,No,No,No,No,,,0.0,2.0
4928,107273,2101724000.0,washington square condo tr,1560-1576 commonwealth ave,1560,1576 commonwealth ave,,2135.0,309  319 allston st,boston,2135,70109.0,,Multifamily Housing,Multifamily Housing (70109.0),80.3,53.0,5631840.476,30948.6,1643.68,208548.0,42781.537,,,,,,,,,,4889326.1,362836.89,,,,,,,,,,,44.09,in compliance,407262.107,2025.0,No,No,No,No,No,No,,,0.0,2.0
1882,102804,2101741000.0,eleven-15-19 melvin av llc mass llc,305 allston st,305 allston st,305 allston st,,2135.0,19 melvin av,boston,2135,25800.0,,Multifamily Housing,Multifamily Housing (25800.0),69.7,77.0,1797266.056,1354600.0,71942.806,129738.0,26614.453,,,,,,,,,,,,,,,,,,,,,,24.13,in compliance,98557.259,2030.0,No,No,No,No,No,No,,,0.0,2.0
1107,101661,2101747000.0,carol ave apartments llc,10-12 carol ave,10,12 carol ave,,2134.0,10  12 carol av,boston,2134,40488.0,,Multifamily Housing,Multifamily Housing (40488.0),63.3,76.0,2562839.576,2079366.0,110435.128,141698.0,29067.928,,,,,,,,,,,,,,,,,,,,,,29.73,in compliance,139503.056,2030.0,No,No,No,No,No,No,,,0.0,2.0
2928,104384,2101749000.0,melvin hill condo tr,301 allston st,301 allston st,301 allston st,,2135.0,301 allston st,boston,2135,45654.0,,Multifamily Housing,Multifamily Housing (45654.0),93.1,56.0,4251522.836,3809999.8,202349.089,129403.0,26545.731,,,,,,,,,,,,,,,,,,,,,,3334.34,in compliance,228894.82,2025.0,No,No,No,No,No,No,,,0.0,2.0
2721,104125,2101770000.0,longfellow manor condo tr,1476-1480 commonwealth ave,1476,1480 commonwealth ave,,2135.0,1488  1476 commonwealth av,boston,2135,55000.0,,Multifamily Housing,Multifamily Housing (55000.0),15.5,100.0,855085.82,233300.0,12390.563,182235.0,37383.688,,,,,,,,,,,,,,,,,,,,,,35.3,in compliance,49774.251,2025.0,No,No,No,No,No,No,,,0.0,2.0
4924,107268,2101776000.0,,7-15 commonwealth ct,7,15 commonwealth ct,,2135.0,14 8 commonwealth ct,boston,2135,40722.0,,Multifamily Housing,Multifamily Housing (40722.0),70.7,100.0,2880559.292,0.0,0.0,195041.0,40010.7105,0.0,0.0,0.0,0.0,0.0,0.0,0.0,0.0,0.0,2215079.4,164381.0425,0.0,0.0,0.0,0.0,0.0,0.0,0.0,0.0,0.0,0.0,21.195,0,204391.753,0.0,0,0,0,0,0,0,0,,0.0,2.0
4925,107269,2101776000.0,,8-14 commonwealth ct,8,14 commonwealth ct,,2135.0,14 8 commonwealth ct,boston,2135,40740.0,,Multifamily Housing,Multifamily Housing (40740.0),70.7,100.0,2880559.292,0.0,0.0,195041.0,40010.7105,0.0,0.0,0.0,0.0,0.0,0.0,0.0,0.0,0.0,2215079.4,164381.0425,0.0,0.0,0.0,0.0,0.0,0.0,0.0,0.0,0.0,0.0,21.195,0,204391.753,0.0,0,0,0,0,0,0,0,,0.0,2.0
2121,103097,2101818000.0,,1450 commonwealth ave,1450 commonwealth ave,1450 commonwealth ave,,2135.0,1450 commonwealth av,boston,2135,24834.0,,Multifamily Housing,Multifamily Housing (24834.0),69.0,91.0,1713205.26,390700.0,20750.077,81630.0,16745.578,,,,,,,,,,1043983.7,77474.03,,,,,,,,,,,29.55,in compliance,114969.685,2025.0,I'm not sure,No,No,No,I'm not sure,I'm not sure,,,0.0,2.0
4495,106639,2101819000.0,wareing betty,1442-1444 commonwealth ave,1442,1444 commonwealth ave,,2135.0,1442  1444 commonwealth av,boston,2135,25913.0,,Multifamily Housing,Multifamily Housing (25913.0),66.7,86.0,1729179.936,21900.0,1163.109,58128.0,11924.378,,,,,,,,,,1508947.2,111978.972,,,,,,,,,,,23.61,in compliance,125066.459,2025.0,I'm not sure,No,No,No,I'm not sure,I'm not sure,,,0.0,2.0
2600,103986,2101821000.0,,145-149 kelton st,145,149 kelton st,,2134.0,147 kelton st,boston,2134,71762.0,,Multifamily Housing,Multifamily Housing (71762.0),41.9,61.0,3003859.431,344100.0,18275.151,779530.9,159912.969,,,,,,,,,,,,,,,,,,,,,,31.98,in compliance,178188.12,2025.0,No,No,No,No,No,No,,,1.0,2.0
2725,104133,2101822000.0,,153 kelton st,153 kelton st,153 kelton st,,2134.0,3  15 lorraine te,boston,2134,37488.0,,Multifamily Housing,Multifamily Housing (37488.0),54.7,95.0,2050903.144,1575400.0,83669.494,139362.0,28588.721,,,,,,,,,,,,,,,,,,,,,,62.77,in compliance,112258.215,2025.0,No,No,No,No,No,No,,,0.0,2.0
2601,103987,2101825000.0,,159 kelton st,159 kelton st,159 kelton st,,2134.0,159  161 kelton st,boston,2134,26580.0,,Multifamily Housing,Multifamily Housing (26580.0),81.0,57.0,2151786.548,1994223.8,105913.226,46179.0,9473.16,,,,,,,,,,,,,,,,,,,,,,42.68,in compliance,115386.386,2025.0,I'm not sure,No,No,No,I'm not sure,I'm not sure,,,0.0,2.0
3553,105268,2101829000.0,,1455 commonwealth ave,1455 commonwealth ave,1455 commonwealth ave,,2135.0,1455 commonwealth av,boston,2135,102948.0,0.0,Multifamily Housing,"Multifamily Housing (102948.0),Parking (20500.0)",58.1,95.0,5976761.324,5081701.6,269889.172,262327.0,53813.761,,,,,,,,,,,,,,,,,,,,,,26.12,in compliance,323702.933,2025.0,No,No,No,No,No,No,,,0.0,2.0
1035,101434,2101829050.0,brighton marine health center inc,1465 commonwealth av,1465 commonwealth av,1465 commonwealth av,,2135.0,1465 commonwealth av,boston,2135,125448.0,0.0,Multifamily Housing,"Multifamily Housing (125448.0),Parking (4700.0)",31.0,99.0,3888415.492,1830669.0,97226.831,603091.0,123718.088,,,,,,,,,,,,,,,,,,,,,,22.46,in compliance,220944.919,2025.0,I'm not sure,No,No,No,I'm not sure,I'm not sure,,,0.0,2.0
869,101173,2101831500.0,,29-31 jette ct,29,31 jette ct,,2135.0,29  31 jette ct,boston,2135,53310.0,,Multifamily Housing,Multifamily Housing (53310.0),45.8,,2443007.484,1316000.0,69892.76,330307.0,67759.178,,,,,,,,,,,,,,,,,,,,,,55.08,in compliance,137651.938,2025.0,No,No,No,No,No,No,,,0.0,0.0
5356,107877,2101831600.0,,801-843 jette ct,801,843 jette ct,,2135.0,,,,42222.0,,Multifamily Housing,Multifamily Housing (42222.0),60.2,,2540472.624,1501000.0,79718.11,304652.0,62496.311,,,,,,,,,,,,,,,,,,,,,,55.08,in compliance,142214.421,2025.0,,,,,,,,,0.0,0.0
1119,101682,2101833010.0,ccf-bvshssf washington 1 llc,159-199 washington st,159,199 washington st,,2135.0,159  199 washington st,boston,2135,540060.0,0.0,Multifamily Housing,"Multifamily Housing (540060.0),Swimming Pool (0.0),Parking (114508.0)",44.5,93.0,24055697.48,12105399.5,642917.767,3502432.0,718488.9,,,,,,,,,,,,,,,,,,,,,,19.78,in compliance,1361406.667,2025.0,No,No,No,No,No,No,,,1.0,1.0
870,101174,2101840000.0,,91-95 washington st,91,95 washington st,,2135.0,91  95 washington st,boston,2135,88210.0,,Multifamily Housing,Multifamily Housing (88210.0),101.9,14.0,8991231.68,7866500.0,417789.815,329640.0,67622.35,,,,,,,,,,,,,,,,,,,,,,33.12,in compliance,485412.165,2025.0,No,No,No,No,No,No,,,1.0,1.0
4529,106679,2101844000.0,,127 washington st,127 washington st,127 washington st,,2135.0,127  135 washington st,boston,2135,85146.0,0.0,Multifamily Housing,"Multifamily Housing (85146.0),Parking (9149.0)",88.8,15.0,7556948.48,6744500.1,358200.4,238115.0,48846.911,,,,,,,,,,,,,,,,,,,,,,41.3,in compliance,407047.311,2025.0,I'm not sure,No,No,No,I'm not sure,I'm not sure,,,0.0,2.0
871,101175,2101845000.0,,32-34 fidelis way,32,34 fidelis way,,2135.0,34  32 fidelis wy,boston,2135,58974.0,,Multifamily Housing,Multifamily Housing (58974.0),53.0,,3123382.984,2053100.0,109040.141,313682.0,64348.725,,,,,,,,,,,,,,,,,,,,,,55.08,in compliance,173388.866,2025.0,No,No,No,No,No,No,,,1.0,1.0
4647,106832,2101846000.0,,14-16 fidelis way,14,16 fidelis way,,2135.0,12 fidelis wy,boston,2135,52770.0,,Multifamily Housing,Multifamily Housing (52770.0),62.4,,3295162.424,2106500.1,111876.22,348377.0,71466.058,,,,,,,,,,,,,,,,,,,,,,55.08,in compliance,183342.278,2025.0,No,No,No,No,No,No,,,0.0,2.0
4648,106833,2101848000.0,,"6 fidelis way
",6 fidelis way,6 fidelis way,,2135.0,6 8 fidelis wa,boston,2135,53010.0,,Multifamily Housing,Multifamily Housing (53010.0),34.8,100.0,1845117.7,1204600.0,63976.306,187725.0,38509.907,,,,,,,,,,,,,,,,,,,,,,84.06,in compliance,102486.213,2025.0,No,No,No,No,No,No,,,0.0,2.0
4646,106831,2101849000.0,,"2-4 fidelis way
",2,4 fidelis way,,2135.0,2 4 fidelis wa,boston,2135,53016.0,,Multifamily Housing,Multifamily Housing (53016.0),36.3,99.0,1925635.896,1203800.0,63933.818,211558.0,43399.008,,,,,,,,,,,,,,,,,,,,,,84.06,in compliance,107332.826,2025.0,No,No,No,No,No,No,,,0.0,2.0
5361,107882,2101851100.0,,1301-1317 jette ct,1301,1317 jette ct,,2135.0,,,,26553.0,,Multifamily Housing,Multifamily Housing (26553.0),70.9,,1883575.932,1326700.0,70461.037,163211.0,33481.105,,,,,,,,,,,,,,,,,,,,,,55.08,in compliance,103942.142,2025.0,,,,,,,,,0.0,2.0
3587,105323,2101882000.0,,2 larose pl,2 larose pl,2 larose pl,,2135.0,2 larose pl,boston,2135,23000.0,,Multifamily Housing,Multifamily Housing (23000.0),42.1,92.0,968662.568,583400.0,30984.374,112914.0,23163.178,,,,,,,,,,,,,,,,,,,,,,37.97,in compliance,54147.552,2030.0,I'm not sure,No,No,No,I'm not sure,I'm not sure,,,0.0,2.0
4498,106642,2101900000.0,washington associates llc,116 washington st,116 washington st,116 washington st,,2135.0,116 washington st,boston,2135,22400.0,,Multifamily Housing,Multifamily Housing (22400.0),76.9,93.0,1721658.788,30600.0,1625.166,86824.0,17811.075,,,,,,,,,,1394815.3,103509.243,,,,,,,,,,,73.59,in compliance,122945.484,2025.0,No,No,No,No,No,No,,,1.0,1.0
3315,104909,2101912000.0,,108 washington st,108 washington st,108 washington st,,2135.0,108  100 washington st,boston,2135,20000.0,,Multifamily Housing,Multifamily Housing (20000.0),59.6,88.0,1192841.404,34000.0,1805.74,55467.0,11378.5,,,,,,,,,,969588.0,71953.125,,,,,,,,,,,23.61,in compliance,85137.365,2030.0,No,No,No,No,No,No,,,0.0,2.0
2272,103391,2101914000.0,,96 washington st,96 washington st,96 washington st,,2135.0,96 washington st,boston,2135,30348.0,,Multifamily Housing,Multifamily Housing (30348.0),67.2,89.0,2038360.812,1676600.1,89044.231,106026.0,21750.174,,,,,,,,,,,,,,,,,,,,,,8054.46,in compliance,110794.405,2025.0,No,No,No,No,No,No,,,1.0,1.0
3882,105809,2101916000.0,sixteen 07 commonwealth,1607 commonwealth ave,1607 commonwealth ave,1607 commonwealth ave,,2135.0,1607 commonwealth av,boston,2135,50000.0,0.0,Multifamily Housing,"Multifamily Housing (50000.0),Parking (3500.0)",33.1,100.0,1655876.338,1629399.9,86537.429,7759.8,1591.845,,,,,,,,,,,,,,,,,,,,,,15.8,pending revisions,88129.274,2025.0,No,No,No,No,No,No,,,1.0,1.0
3881,105808,2101917000.0,,1615 commonwealth ave,1615 commonwealth ave,1615 commonwealth ave,,2135.0,1615 commonwealth av,boston,2135,25045.0,,Multifamily Housing,Multifamily Housing (25045.0),76.2,88.0,1907424.052,71700.0,3807.987,78996.0,16205.239,,,,,,,,,,1566189.7,116226.938,,,,,,,,,,,28.62,in compliance,136240.164,2025.0,I'm not sure,No,No,No,I'm not sure,I'm not sure,,,1.0,1.0
4078,106050,2101918000.0,tahoe group llc mass llc,1619 commonwealth ave,1619 commonwealth ave,1619 commonwealth ave,,2135.0,1619 commonwealth av,boston,2135,30456.0,,Multifamily Housing,Multifamily Housing (30456.0),52.1,100.0,1587445.579,1521725.0,80818.815,19261.6,3951.325,,,,,,,,,,,,,,,,,,,,,,24.86,in compliance,84770.14,2025.0,No,No,No,No,No,No,,,0.0,0.0
1039,101438,2101925000.0,brighton place condo tr,1625 commonwealth ave,1625 commonwealth ave,1625 commonwealth ave,,2135.0,1625  1645 commonwealth av,boston,2135,303624.0,,Multifamily Housing,Multifamily Housing (303624.0),53.2,86.0,16162265.41,12960799.8,688348.077,938295.9,192482.021,,,,,,,,,,,,,,,,,,,,,,12.22,in compliance,880830.098,2025.0,I'm not sure,No,No,No,I'm not sure,I'm not sure,,,0.0,2.0
1549,102282,2101929000.0,claridge house condo tr,1653-1661 commonwealth ave,1653,1661 commonwealth ave,,2135.0,1653  1661 commonwealth av,boston,2135,45544.0,,Multifamily Housing,Multifamily Housing (45544.0),18.5,100.0,843012.252,168900.0,8970.279,197571.0,40529.715,,,,,,,,,,,,,,,,,,,,,,31.89,in compliance,49499.994,2030.0,I'm not sure,No,No,No,I'm not sure,I'm not sure,,,0.0,2.0
1572,102350,2101985000.0,colborne place llc mass llc,35-37 colborne rd,35,37 colborne rd,,2135.0,35  37 colborne rd,boston,2135,30609.0,7200.0,Multifamily Housing,"Multifamily Housing (30609.0),Parking (7200.0)",33.4,74.0,1023617.06,,,300005.0,61543.026,,,,,,,,,,,,,,,,,,,,,,2.26,in compliance,61543.026,2030.0,No,No,No,No,No,No,,,0.0,2.0
361,100492,2101991000.0,b'nai b'rith sr citizens housing inc,30 washington st,30 washington st,30 washington st,,2135.0,30  34 washington st,boston,2135,140316.0,,Multifamily Housing,Multifamily Housing (140316.0),90.0,74.0,12634546.51,10544336.2,560009.696,612605.6,125669.913,,,,,,,,,,,,,,,,,,,,,,70.14,in compliance,685679.609,2025.0,I'm not sure,No,No,No,I'm not sure,I'm not sure,,,1.0,1.0
3006,104503,2101992000.0,mount hood condo assn,25 mount hood rd,25 mount hood rd,25 mount hood rd,,2135.0,25  39 mt hood rd,boston,2135,37293.0,,Multifamily Housing,Multifamily Housing (37293.0),56.0,95.0,2088141.8,1523199.9,80897.147,165575.0,33966.056,,,,,,,,,,,,,,,,,,,,,,,pending revisions,114863.203,2025.0,No,No,No,No,No,No,,,0.0,0.0
872,101178,2102001000.0,boston housing authority,20 washington st,20 washington st,20 washington st,,2135.0,65 egremont rd,boston,2135,191105.0,,Multifamily Housing,Multifamily Housing (191105.0),57.3,61.0,10955919.86,7115099.7,377882.945,1125680.0,230921.995,,,,,,,,,,,,,,,,,,,,,,42.87,in compliance,608804.94,2025.0,No,No,No,No,No,No,,,1.0,1.0
3017,104520,2102008000.0,,7-19 mount hood rd,7,19 mount hood rd,,2135.0,7  19 mt hood rd,boston,2135,30000.0,,Multifamily Housing,Multifamily Housing (30000.0),71.2,88.0,2135105.968,1829257.7,97151.876,89639.0,18388.544,,,,,,,,,,,,,,,,,,,,,,39.87,in compliance,115540.42,2030.0,No,No,No,No,No,No,,,0.0,0.0
3724,105567,2102026010.0,,84-90 corey rd,84,90 corey rd,,2134.0,84  90 corey rd,boston,2134,27200.0,,Multifamily Housing,Multifamily Housing (27200.0),60.3,88.0,1639348.158,433225.8,23008.622,59423.2,12190.075,,,,,,,,,,1003370.4,74460.117,,,,,,,,,,,15.28,in compliance,109658.814,2030.0,No,No,No,No,No,No,,,1.0,1.0
1862,102781,2102039000.0,egremont associates llc mass llc,9-15 egremont rd,9,15 egremont rd,,2135.0,9  15 egremont rd,boston,2135,20800.0,,Multifamily Housing,Multifamily Housing (20800.0),79.7,72.0,1657038.168,,,70639.0,14490.884,,,,,,,,,,1416017.9,105082.688,,,,,,,,,,,35.34,in compliance,119573.572,2030.0,No,No,No,No,No,No,,,1.0,1.0
1673,102508,2102056000.0,corey gardens condo assn,63 corey rd,63 corey rd,63 corey rd,,2134.0,63 corey rd,boston,2134,34000.0,,Multifamily Housing,Multifamily Housing (34000.0),53.5,86.0,1819345.476,1700700.0,90324.177,34773.0,7133.333,,,,,,,,,,,,,,,,,,,,,,22.26,in compliance,97457.51,2030.0,I'm not sure,No,No,No,I'm not sure,I'm not sure,,,0.0,2.0
2615,104004,2102071000.0,,71-75 kilsyth rd,71,75 kilsyth rd,,2135.0,71  75 kilsyth rd,boston,2135,28868.0,0.0,Multifamily Housing,"Multifamily Housing (28868.0),Parking (0.0)",84.5,35.0,2439279.976,2213838.9,117576.984,66073.0,13554.215,,,,,,,,,,,,,,,,,,,,,,18.53,in compliance,131131.199,2030.0,No,No,No,No,No,No,,,0.0,0.0
2231,103342,2102110000.0,grand lanark condo tr,55-65 lanark rd,55,65 lanark rd,,2135.0,55  65 lanark rd,boston,2135,24460.0,,Multifamily Housing,Multifamily Housing (24460.0),100.6,44.0,2460033.48,2159299.8,114680.412,88140.0,18081.04,,,,,,,,,,,,,,,,,,,,,,,pending revisions,132761.452,2030.0,No,No,No,No,No,No,,,0.0,2.0
3238,104810,2102115000.0,,85 sutherland rd,85 sutherland rd,85 sutherland rd,,2135.0,85  93 sutherland rd,boston,2135,29700.0,,Multifamily Housing,Multifamily Housing (29700.0),44.4,94.0,1317717.972,970100.0,51522.011,101881.0,20899.868,,,,,,,,,,,,,,,,,,,,,,28.58,in compliance,72421.879,2030.0,I'm not sure,No,No,No,I'm not sure,I'm not sure,,,0.0,0.0
2614,104001,2102128000.0,kilsyth terrace condo tr,12 kilsyth ter,12 kilsyth ter,12 kilsyth ter,,2135.0,12  4 kilsyth te,boston,2135,34174.0,,Multifamily Housing,Multifamily Housing (34174.0),18.1,100.0,619297.412,194500.0,10329.895,124501.0,25540.135,,,,,,,,,,,,,,,,,,,,,,30.87,in compliance,35870.03,2025.0,No,No,No,No,No,No,,,0.0,0.0
3725,105571,2102137010.0,russell wm w,51 strathmore rd,51 strathmore rd,51 strathmore rd,,2135.0,51  55 strathmore rd,boston,2135,20248.0,,Multifamily Housing,Multifamily Housing (20248.0),24.4,,493299.012,295229.0,15679.612,58051.0,11908.582,,,,,,,,,,,,,,,,,,,,,,16.98,in compliance,27588.194,2030.0,No,No,No,No,No,No,,,0.0,0.0
3885,105812,2102144000.0,sixty 5 strathmore rd,65 strathmore rd,65 strathmore rd,65 strathmore rd,,2135.0,65 strathmore rd,boston,2135,22559.0,,Multifamily Housing,Multifamily Housing (22559.0),107.7,24.0,2429513.864,2125600.2,112890.627,89072.0,18272.23,,,,,,,,,,,,,,,,,,,,,,,pending revisions,131162.857,2030.0,No,No,No,No,No,No,,,1.0,1.0
383,100533,2102155000.0,bancroft realty lp mass lp,119-127 sutherland rd,119,127 sutherland rd,,2135.0,119  127 sutherland rd,boston,2135,47124.0,,Multifamily Housing,Multifamily Housing (47124.0),51.5,92.0,2428047.12,2024373.4,107514.471,118310.0,24270.113,,,,,,,,,,,,,,,,,,,,,,28.12,in compliance,131784.584,2025.0,No,No,No,No,No,No,,,0.0,0.0
4020,105981,2102164000.0,strathmore arms condo tr,68-70 strathmore rd,68,70 strathmore rd,,2135.0,63 sutherland rd,boston,2135,24956.0,,Multifamily Housing,Multifamily Housing (24956.0),111.0,44.0,2770782.896,2432199.9,129174.137,99233.0,20356.658,,,,,,,,,,,,,,,,,,,,,,60.78,in compliance,149530.795,2025.0,No,No,No,No,No,No,,,0.0,0.0
4199,106218,2102170000.0,,76 strathmore rd,76 strathmore rd,76 strathmore rd,,2135.0,35 chiswick rd,boston,2135,22056.0,,Multifamily Housing,Multifamily Housing (22056.0),144.5,9.0,3186691.476,2871600.1,152510.681,92348.0,18944.269,,,,,,,,,,,,,,,,,,,,,,65.55,in compliance,171454.95,2025.0,I'm not sure,No,No,No,I'm not sure,I'm not sure,C10093,This building has been reported as part of a campus within Energy Star Portfolio Manager. This reported row of data may not encompass the energy and water usage of the entire building. See this building's corresponding Campus ID at the bottom of this data disclosure spreadsheet to view the reported energy usage for the entire campus of buildings.,0.0,0.0
3727,105576,2102176000.0,,81 strathmore rd,81 strathmore rd,81 strathmore rd,,2135.0,81  89 strathmore rd,boston,2135,51400.0,,Multifamily Housing,Multifamily Housing (51400.0),48.0,98.0,2468966.622,,,138993.5,28513.127,,,,,,,,,,1994720.8,148028.231,,,,,,,,,,,42.92,in compliance,176541.358,2025.0,No,No,No,No,No,No,,,0.0,2.0
2150,103131,2102229000.0,gable ii realty trust,61-69 chiswick rd,61,69 chiswick rd,,2135.0,69  61 chiswick rd,boston,2135,40236.0,,Multifamily Housing,Multifamily Housing (40236.0),80.7,32.0,3245143.4,,,298400.0,61213.776,,,,,,,,,,2227002.6,165265.863,,,,,,,,,,,23.52,in compliance,226479.639,2025.0,No,No,No,No,No,No,,,0.0,0.0
1629,102435,2102300000.0,commonwealth proper lp mass lp,1820 commonwealth ave,1820 commonwealth ave,1820 commonwealth ave,,2135.0,1820 commonwealth av,boston,2135,27000.0,,Multifamily Housing,Multifamily Housing (27000.0),81.8,80.0,2208474.024,1900790.1,100950.962,90177.0,18498.91,,,,,,,,,,,,,,,,,,,,,,46.82,in compliance,119449.872,2025.0,No,No,No,No,No,No,,,0.0,2.0
1630,102436,2102301000.0,commonwealth properties,1810 commonwealth ave,1810 commonwealth ave,1810 commonwealth ave,,2135.0,1810 commonwealth av,boston,2135,27000.0,,Multifamily Housing,Multifamily Housing (27000.0),80.7,83.0,2179240.008,1900790.1,100950.962,81609.0,16741.27,,,,,,,,,,,,,,,,,,,,,,46.82,in compliance,117692.232,2025.0,No,No,No,No,No,No,,,0.0,2.0
1631,102437,2102302000.0,commonwealth properties,1800 commonwealth ave,1800 commonwealth ave,1800 commonwealth ave,,2135.0,1800 commonwealth av,boston,2135,27000.0,,Multifamily Housing,Multifamily Housing (27000.0),82.5,80.0,2227837.124,1900790.1,100950.962,95852.0,19663.079,,,,,,,,,,,,,,,,,,,,,,46.82,in compliance,120614.041,2025.0,No,No,No,No,No,No,,,0.0,2.0
1632,102438,2102304000.0,commonwealth properties,66 chiswick rd,66 chiswick rd,66 chiswick rd,,2135.0,66  70 chiswick rd,boston,2135,40484.0,,Multifamily Housing,Multifamily Housing (40484.0),73.2,73.0,2962089.552,2590707.0,137592.449,108846.0,22328.668,,,,,,,,,,,,,,,,,,,,,,31.2,in compliance,159921.117,2025.0,No,No,No,No,No,No,,,0.0,2.0
3352,104969,2102312000.0,palica ann c ts,1848-1850 commonwealth ave,1848,1850 commonwealth ave,,2135.0,1850  1848 commonwealth av,boston,2135,62916.0,,Multifamily Housing,Multifamily Housing (62916.0),52.4,,3295134.464,2730799.9,145032.783,165397.0,33929.541,,,,,,,,,,,,,,,,,,,,,,27.66,in compliance,178962.324,2025.0,No,No,No,No,No,No,,,0.0,2.0
1914,102841,2102331000.0,englewood condominium tr,137 englewood ave,137 englewood ave,137 englewood ave,,2135.0,137  145 englewood av,boston,2135,56239.0,,Multifamily Housing,Multifamily Housing (56239.0),93.5,53.0,5260261.332,42439.9,2253.983,206636.0,42389.309,,,,,,,,,,4512779.4,334893.359,,,,,,,,,,,41.13,in compliance,379536.651,2030.0,No,No,No,No,No,No,,,0.0,2.0
3561,105281,2102352000.0,reservoir place condo tr,2 sutherland rd,2 sutherland rd,2 sutherland rd,,2135.0,6  2 sutherland rd,boston,2135,77117.0,,Multifamily Housing,Multifamily Housing (77117.0),125.7,7.0,9692479.328,7862900.1,417598.624,536219.0,109999.966,,,,,,,,,,,,,,,,,,,,,,633.83,in compliance,527598.59,2025.0,No,No,No,No,No,No,,,0.0,2.0
4021,105982,2102366000.0,,48-52 strathmore rd,48,52 strathmore rd,,2135.0,52  48 strathmore rd,boston,2135,33793.0,,Multifamily Housing,Multifamily Housing (33793.0),111.9,35.0,3782703.192,3336700.2,177212.148,130716.0,26815.08,,,,,,,,,,,,,,,,,,,,,,41.61,in compliance,204027.228,2025.0,Yes,No,No,No,Yes,Yes,,,0.0,2.0
4305,106349,2102379000.0,,4 ayr rd,4 ayr rd,4 ayr rd,,2135.0,4 ayr rd,boston,2135,21120.0,,Multifamily Housing,Multifamily Housing (21120.0),102.2,17.0,2158236.44,50800.0,2697.988,44295.0,9086.676,,,,,,,,,,1956301.9,145177.164,,,,,,,,,,,24.04,in compliance,156961.828,2030.0,I'm not sure,No,No,No,I'm not sure,I'm not sure,,,0.0,2.0
1553,102288,2102396000.0,cleveland circle llc mass llc,1930-1936 beacon st,1930,1936 beacon st,,2135.0,1928  1960 beacon st,boston,2135,34040.0,,Multifamily Housing,"Strip Mall (14750.0),Multifamily Housing (19290.0)",74.3,,2530539.304,797100.0,42333.981,508042.0,104219.736,,,,,,,,,,,,,,,,,,,,,,64.25,in compliance,146553.717,2030.0,I'm not sure,No,No,No,I'm not sure,I'm not sure,,,0.0,2.0
4141,106129,2102405000.0,thirty 6-46 orkney road condo tr,36 orkney rd,36 orkney rd,36 orkney rd,,2135.0,46  36 orkney rd,boston,2135,40000.0,,Multifamily Housing,Multifamily Housing (40000.0),90.6,50.0,3625550.188,476700.0,25317.537,103749.0,21283.07,,,,,,,,,,2794858.6,207406.457,,,,,,,,,,,12.81,in compliance,254007.064,2025.0,I'm not sure,No,No,No,I'm not sure,I'm not sure,,,0.0,2.0
4536,106688,2102439010.0,waterworks museum condo,2442-2450 beacon st,2442,2450 beacon st,,2135.0,2450 beacon st,boston,2135,47342.0,,Multifamily Housing,Multifamily Housing (47342.0),41.5,,1963890.476,1448600.0,76935.146,151023.0,30980.858,,,,,,,,,,,,,,,,,,,,,,33.98,in compliance,107916.004,2030.0,No,No,No,No,No,No,,,0.0,2.0
4574,106740,2102439060.0,whitehall condo trust,2420 beacon st,2420 beacon st,2420 beacon st,,2135.0,2420 beacon st,boston,2135,49939.0,,Multifamily Housing,Multifamily Housing (49939.0),36.7,93.0,1834223.372,1067100.0,56673.681,224831.0,46121.831,,,,,,,,,,,,,,,,,,,,,,16.15,in compliance,102795.512,2030.0,No,No,No,No,No,No,,,0.0,0.0
4533,106685,2102439200.0,watermark condo trust,2400 beacon st,2400 beacon st,2400 beacon st,,2135.0,2400 beacon st,boston,2135,141940.0,,Multifamily Housing,Multifamily Housing (141940.0),47.8,74.0,6791289.707,3660339.9,194400.652,917628.9,188242.393,,,,,,,,,,,,,,,,,,,,,,24.97,in compliance,382643.045,2025.0,No,No,No,No,No,No,,,0.0,0.0
3386,105020,2102469000.0,parklake realty corp,1960-1980 commonwealth ave,1960,1980 commonwealth ave,,2135.0,1980  1960 commonwealth av,boston,2135,141204.0,,Multifamily Housing,Multifamily Housing (141204.0),80.3,56.0,11331857.1,10164100.1,539815.356,342250.0,70209.165,,,,,,,,,,,,,,,,,,,,,,25.93,in compliance,610024.521,2025.0,Yes,No,No,No,Yes,Yes,,,0.0,2.0
3728,105579,2102471000.0,,1950 commonwealth ave,1950 commonwealth ave,1950 commonwealth ave,,2135.0,1950 commonwealth av,boston,2135,60500.0,,Multifamily Housing,Multifamily Housing (60500.0),49.0,99.0,2965407.037,,,159008.1,32618.922,,,,,,,,,,2422871.4,179801.287,,,,,,,,,,,32.62,in compliance,212420.209,2025.0,No,No,No,No,No,No,,,0.0,2.0
3562,105285,2102474000.0,,1925 commonwealth ave,1925 commonwealth ave,1925 commonwealth ave,,2135.0,271 chestnut hill av,boston,2135,232810.0,18177.0,Multifamily Housing,"Multifamily Housing (232810.0),Parking (18177.0)",49.2,92.0,11457335.82,7522300.1,399509.358,1153293.0,236586.526,,,,,,,,,,,,,,,,,,0.0,,,,33.83,in compliance,636095.884,2025.0,No,No,No,No,No,No,,,0.0,0.0
3559,105279,2102478000.0,reservoir manor realty tr,1945-1949 commonwealth ave,1945,1949 commonwealth ave,,2135.0,1945  1949 commonwealth av,boston,2135,48655.0,,Multifamily Housing,Multifamily Housing (48655.0),102.2,64.0,4970813.044,4347399.7,230890.398,182712.0,37481.54,,,,,,,,,,,,,,,,,,,,,,43.54,in compliance,268371.938,2025.0,No,No,No,No,No,No,,,0.0,0.0
51,100071,2102480000.0,1955 comm ave llc,1955 commonwealth ave,1955 commonwealth ave,1955 commonwealth ave,,2135.0,1955 commonwealth av,boston,2135,48132.0,,Multifamily Housing,Multifamily Housing (48132.0),64.2,76.0,3090381.912,2085967.2,110785.718,124701.0,25581.163,,,,,,,,578934.9,42551.715,,,,,,,,,,,,,43.14,in compliance,178918.596,2025.0,No,No,No,No,No,No,,,0.0,2.0
4965,107338,2102495000.0,,288 chestnut hill av,288 chestnut hill av,288 chestnut hill av,,2135.0,,,,31897.0,,Multifamily Housing,Multifamily Housing (31897.0),85.9,51.0,2740445.372,2238690.3,118896.842,147056.0,30167.068,,,,,,,,,,,,,,,,,,,,,,42.58,in compliance,149063.91,2025.0,No,No,No,No,No,No,,,0.0,2.0
3331,104933,2102503000.0,,160 strathmore rd,160 strathmore rd,160 strathmore rd,,2135.0,160 strathmore rd,boston,2135,29938.0,,Multifamily Housing,Multifamily Housing (29938.0),65.4,88.0,1959154.756,1767100.1,93850.686,56288.0,11546.92,,,,,,,,,,,,,,,,,,,,,,32.42,in compliance,105397.606,2030.0,I'm not sure,No,No,No,I'm not sure,I'm not sure,,,1.0,2.0
966,101304,2102524000.0,bostonian realty llc mass llc,3-5 lothian rd,3,5 lothian rd,,2135.0,5  3 lothian rd,boston,2135,30136.0,,Multifamily Housing,Multifamily Housing (30136.0),90.3,31.0,2722732.036,2409500.2,127968.556,91803.0,18832.467,,,,,,,,,,,,,,,,,,,,,,27.48,in compliance,146801.023,2025.0,No,No,No,No,No,No,,,0.0,2.0
1190,101770,2102538000.0,chiswick building co lps,125 chiswick rd,125 chiswick rd,125 chiswick rd,,2135.0,125 chiswick rd,boston,2135,94068.0,,Multifamily Housing,Multifamily Housing (94068.0),57.7,86.0,5425026.276,4687699.9,248963.742,216098.0,44330.344,,,,,,,,,,,,,,,,,,,,,,22.91,in compliance,293294.086,2025.0,No,No,No,No,No,No,,,0.0,0.0
2555,103926,2102551000.0,jche 132 cha llc,132 chestnut hill ave,132 chestnut hill ave,132 chestnut hill ave,,2135.0,132 chestnut hill av,boston,2135,58480.0,,Multifamily Housing,Multifamily Housing (58480.0),53.2,42.0,3110865.624,1077733.3,57238.416,595877.0,122238.208,,,,,,,,,,,,,,,,,,,,,,36.17,in compliance,179476.624,2025.0,No,No,Yes,Yes,No,No,,,0.0,2.0
77,100109,2102565010.0,2life leventhal limited partnership,40 wallingford rd,40 wallingford rd,40 wallingford rd,,2135.0,40 wallingford rd,boston,2135,158387.0,,Multifamily Housing,Multifamily Housing (158387.0),80.2,25.0,12696463.59,7613382.0,404346.718,1489766.0,305610.597,,,,,,,,,,,,,,,,,,,,,,41.14,in compliance,709957.315,2025.0,No,No,No,No,No,No,,,0.0,2.0
78,100110,2102565015.0,2life unin limited partnership,30 wallingford rd,30 wallingford rd,30 wallingford rd,,2135.0,30 wallingford rd,boston,2135,140990.0,,Multifamily Housing,Multifamily Housing (140990.0),76.7,84.0,10817766.4,8539203.8,453517.114,667808.5,136994.236,,,,,,,,,,,,,,,,,,,,,,38.47,in compliance,590511.35,2025.0,No,No,No,No,No,No,,,0.0,2.0
76,100108,2102565020.0,2life kurlat llc,28 wallingford rd,28 wallingford rd,28 wallingford rd,,2135.0,28 wallingford rd,boston,2135,187656.0,,Multifamily Housing,Multifamily Housing (187656.0),84.6,22.0,15880048.23,10544325.1,560009.106,1563811.0,320800.189,,,,,,,,,,,,,,,,,,,,,,54.04,in compliance,880809.295,2025.0,No,No,No,No,No,No,,,0.0,2.0
1600,102388,2102628000.0,,1705-1711 commonwealth ave,1705,1711 commonwealth ave,,2135.0,1705  1711 commonwealth av,boston,2135,28968.0,,Multifamily Housing,Multifamily Housing (28968.0),52.0,,1505317.472,1292900.0,68665.919,62256.0,12771.196,,,,,,,,,,,,,,,,,,,,,,24.24,in compliance,81437.115,2030.0,I'm not sure,No,No,No,I'm not sure,I'm not sure,,,0.0,2.0
967,101305,2102629000.0,bostonian realty llc mass llc,1713-1715 commonwealth ave,1713,1715 commonwealth ave,,2135.0,1713  1715 commonwealth av,boston,2135,29280.0,,Multifamily Housing,Multifamily Housing (29280.0),74.5,64.0,2181706.424,1887499.9,100245.12,86227.0,17688.607,,,,,,,,,,,,,,,,,,,,,,35.06,in compliance,117933.727,2030.0,I'm not sure,No,No,No,I'm not sure,I'm not sure,,,0.0,2.0
384,100534,2102648000.0,bancroft realty lp mass lp,1687 commonwealth ave,1687 commonwealth ave,1687 commonwealth ave,,2135.0,1687 commonwealth av,boston,2135,27200.0,,Multifamily Housing,Multifamily Housing (27200.0),67.7,93.0,1842738.444,498900.0,26496.579,79962.0,16403.405,,,,,,,,,,1071008.1,79479.511,,,,,,,,,,,41.29,in compliance,122379.495,2030.0,No,No,No,No,No,No,,,1.0,1.0
473,100672,2102859000.0,,41 chestnut hill ave,41 chestnut hill ave,41 chestnut hill ave,,2135.0,41  45 chestnut hill av,boston,2135,29120.0,,Multifamily Housing,Multifamily Housing (29120.0),74.9,69.0,2181697.688,1990543.8,105717.781,56024.0,11492.763,,,,,,,,,,,,,,,,,,,,,,48.01,in compliance,117210.544,2030.0,I'm not sure,No,No,No,I'm not sure,I'm not sure,,,1.0,1.0
2307,103507,2200534010.0,harvard 219 western llc,219 western av,219 western av,219 western av,,2134.0,219 western av,boston,2134,349303.0,70419.0,Multifamily Housing,"Restaurant (3118.0),Multifamily Housing (313550.0),Supermarket/Grocery Store (17856.0),Fast Food Restaurant (2694.0),Parking (70419.0),Retail Store (12085.0)",50.8,,17759534.48,6911114.6,367049.296,3179490.0,652240.579,,,,,,,,,,,,,,,,,,,,,,28.96,in compliance,1019289.875,2025.0,No,No,No,No,No,No,,,0.0,2.0
4095,106073,2200562010.0,,180 telford st,180 telford st,180 telford st,,2135.0,180 telford st,boston,2135,79627.0,29327.0,Multifamily Housing,"Multifamily Housing (79627.0),Parking (29327.0)",21.8,100.0,1735995.712,1037300.0,55091.003,204776.0,42007.749,,,,,,,,,,,,,,,,,,,,,,25.31,pending revisions,97098.752,2025.0,Yes,No,No,No,Yes,Yes,,,0.0,2.0
3024,104529,2200584000.0,,516  530 western av,516  530 western av,516  530 western av,,2135.0,516  530 western av,boston,2135,132000.0,,Multifamily Housing,Multifamily Housing (132000.0),35.8,82.0,4722332.576,1297715.0,68921.644,1003698.0,205898.608,,,,,,,,,,,,,,,,,,,,,,20.52,in compliance,274820.252,2025.0,I'm not sure,No,No,No,I'm not sure,I'm not sure,,,1.0,1.0
4537,106689,2200650000.0,,26 waverly st,26 waverly st,26 waverly st,,2135.0,26 waverly st,boston,2135,34800.0,0.0,Multifamily Housing,"Multifamily Housing (34800.0),Parking (7020.0)",40.0,98.0,1392841.032,,,118386.0,24285.704,,,,,,,,,,988908.0,73386.863,,,,,,,,,,,45.37,in compliance,97672.567,2025.0,No,No,No,No,No,No,,,0.0,2.0
242,100333,2200716000.0,,16 lawrence st,16 lawrence st,16 lawrence st,,2135.0,27  33 school st,boston,2135,113582.0,,Multifamily Housing,Multifamily Housing (113582.0),83.1,49.0,9437244.26,7210300.1,382939.038,652680.0,133890.775,,,,,,,,,,,,,,,,,,,,,,26.48,in compliance,516829.813,2025.0,No,No,No,No,No,No,,,0.0,2.0
1156,101727,2200862010.0,charlesview housing lp mass lps,123 antwerp st,123 antwerp st,123 antwerp st,,2135.0,400 western av,boston,2135,369336.0,,Multifamily Housing,Multifamily Housing (369336.0),40.7,91.0,15042069.07,6915490.3,367281.69,2381764.0,488595.067,,,,,,,,,,,,,,,,,,,,,,33.61,in compliance,855876.757,2025.0,No,No,No,No,No,No,,,1.0,1.0
1043,101456,2200864000.0,brighton-allston elderly homes inc,69 holton st,69 holton st,69 holton st,,2134.0,69 holton st,boston,2134,63538.0,,Multifamily Housing,Multifamily Housing (63538.0),56.2,97.0,3572853.892,3058525.6,162438.295,150741.0,30923.009,,,,,,,,,,,,,,,,,,,,,,38.83,in compliance,193361.304,2025.0,No,No,No,No,No,No,,,0.0,2.0
4148,106137,2201752000.0,,1 everett st,1 everett st,1 everett st,,2134.0,31 n beacon st,boston,2134,32110.0,,Multifamily Housing,"Personal Services (Health/Beauty, Dry Cleaning, etc) (1805.0),Multifamily Housing (30305.0)",31.4,93.0,1006664.552,299200.0,15890.512,207346.0,42534.958,,,,,,,,,,,,,,,,,,,,,,14.66,in compliance,58425.47,2030.0,I'm not sure,No,No,No,I'm not sure,I'm not sure,,,0.0,0.0
1937,102866,2201764010.0,everett st crossing lp mass lps,43-55 everett st,43,55 everett st,,2134.0,33 everett st,boston,2134,61999.0,,Multifamily Housing,Multifamily Housing (61999.0),57.1,77.0,3539138.46,2705655.1,143697.342,244280.0,50111.599,,,,,,,,,,,,,,,,,,,,,,42.84,in compliance,193808.941,2025.0,No,No,No,No,No,No,,,0.0,2.0
4210,106243,2201865000.0,,61 braintree st,61 braintree st,61 braintree st,,2134.0,61 braintree st,boston,2134,74693.0,28518.0,Multifamily Housing,"Multifamily Housing (74693.0),Parking (28518.0)",38.3,98.0,2862633.148,1172400.0,62266.164,495379.0,101622.048,,,,,,,,,,,,,,,,,,,,,,24.93,in compliance,163888.212,2025.0,No,No,No,No,No,No,,,0.0,0.0
4843,107171,2201879010.0,37-43 n beacon street llc,37 n beacon st,37 n beacon st,37 n beacon st,,2134.0,37 n beacon st,boston,2134,104976.0,2500.0,Multifamily Housing,"Multifamily Housing (104976.0),Parking (2500.0)",21.6,100.0,2264636.476,1082300.0,57480.953,346523.0,71085.728,,,,,,,,,,,,,,,,,,,,,,8.35,in compliance,128566.681,2025.0,I'm not sure,No,No,No,I'm not sure,I'm not sure,,,0.0,0.0
62,100091,2201898000.0,24-26 hichborn street llc,26 hichborn st,26 hichborn st,26 hichborn st,,2135.0,26  24 hichborn st,boston,2135,31532.0,8500.0,Multifamily Housing,"Multifamily Housing (31532.0),Parking (8500.0)",32.3,100.0,1018372.284,316500.0,16809.315,205707.0,42198.734,,,,,,,,,,,,,,,,,,,,,,38.7,in compliance,59008.049,2030.0,No,No,No,No,No,No,,,0.0,0.0
3534,105245,2201904004.0,,125 guest st,125 guest st,125 guest st,,2135.0,125 guest st,boston,2135,333783.0,,Multifamily Housing,"Office (100000.0),Multifamily Housing (233783.0)",33.8,97.0,11275907.98,5135877.5,272766.454,1799540.0,369157.636,,,,,,,,,,,,,,,,,,,,,,19.41,pending revisions,641924.09,2025.0,No,No,No,No,No,No,,,1.0,2.0
3140,104690,2202114000.0,,144a-144b n beacon st,144a,144b n beacon st,,2135.0,152  140 n beacon st,boston,2135,22086.0,,Multifamily Housing,Multifamily Housing (22086.0),28.2,,623450.876,,,182723.0,37483.796,,,,,,,,,,,,,,,,,,,,,,,in compliance,37483.796,2025.0,No,No,No,No,No,No,C10068,,0.0,0.0
3141,104691,2202114000.0,,146a-148b n beacon st,146a,148b n beacon st,,2135.0,152  140 n beacon st,boston,2135,22086.0,,Multifamily Housing,Multifamily Housing (22086.0),28.1,,620192.416,,,181768.0,37287.888,,,,,,,,,,,,,,,,,,,,,,,in compliance,37287.888,2025.0,No,No,No,No,No,No,C10068,,0.0,0.0
3142,104692,2202114000.0,,150a-152b n beacon st,150a,152b n beacon st,,2135.0,152  140 n beacon st,boston,2135,22086.0,,Multifamily Housing,Multifamily Housing (22086.0),26.1,,577044.264,,,169122.0,34693.687,,,,,,,,,,,,,,,,,,,,,,,in compliance,34693.687,2025.0,No,No,No,No,No,No,C10068,,0.0,2.0
2998,104495,2202115000.0,,180-182 n beacon st,180,182 n beacon st,,2135.0,glencoe st,boston,2135,42240.0,,Multifamily Housing,Multifamily Housing (42240.0),71.5,41.0,3019910.828,2499942.5,132771.946,152394.0,31262.105,,,,,,,,,,,,,,,,,,,,,,67.4,in compliance,164034.051,2025.0,No,No,No,No,No,No,,,,
2212,103319,2202145000.0,glencoe park east condo assn,18 glencoe st,18 glencoe st,18 glencoe st,,2135.0,18 glencoe st,boston,2135,32222.0,,Multifamily Housing,Multifamily Housing (32222.0),46.5,93.0,1499744.528,1117279.8,59338.73,112094.0,22994.963,,,,,,,,,,,,,,,,,,,,,,37.76,in compliance,82333.693,2025.0,I'm not sure,No,No,No,I'm not sure,I'm not sure,,,,
142,100190,2202338000.0,"5521 - 4, 8, 12 elko street",4-12 elko st,4,12 elko st,,2135.0,4  12 elko st,boston,2135,36294.0,,Multifamily Housing,Multifamily Housing (36294.0),61.5,92.0,2230517.43,2127466.5,112989.746,30202.5,6195.741,,,,,,,,,,,,,,,,,,,,,,30.32,in compliance,119185.487,2025.0,No,No,No,No,No,No,,,,
2073,103040,2202408000.0,,15 leicester st,15 leicester st,15 leicester st,,2135.0,15 leicester st,boston,2135,24752.0,,Multifamily Housing,Multifamily Housing (24752.0),59.7,88.0,1478320.644,1218200.0,64698.602,76237.0,15639.258,,,,,,,,,,,,,,,,,,,,,,39.83,in compliance,80337.86,2030.0,No,No,No,No,No,No,,,,
4827,107155,2202616000.0,,282-284 north beacon st,282,284 north beacon st,,2135.0,41 89 faneuil st,boston,2135,20544.0,,Multifamily Housing,Multifamily Housing (20544.0),109.4,5.0,2248461.332,144100.0,7653.151,148586.0,30480.932,,,,,,,,,,,,1597385.9,120267.184,,,,,,,,,266.53,in compliance,158401.267,2030.0,No,No,No,No,No,No,,,,
4828,107156,2202616000.0,city of boston,276-280 north beacon st,276,280 north beacon st,,2135.0,41 89 faneuil st,boston,2135,20544.0,,Multifamily Housing,Multifamily Housing (20544.0),111.4,4.0,2287661.332,183300.0,9735.063,148586.0,30480.932,,,,,,,,,,,,1597385.9,120267.184,,,,,,,,,40.48,in compliance,160483.179,2030.0,No,No,No,No,No,No,,,,
4829,107157,2202616000.0,city of boston,266-270 north beacon st,266,270 north beacon st,,2135.0,41 89 faneuil st,boston,2135,20544.0,,Multifamily Housing,Multifamily Housing (20544.0),112.4,4.0,2308261.332,203900.0,10829.129,148586.0,30480.932,,,,,,,,,,,,1597385.9,120267.184,,,,,,,,,51.47,in compliance,161577.245,2030.0,No,No,No,No,No,No,,,,
4830,107158,2202616000.0,,256-260 north beacon st,256,260 north beacon st,,2135.0,41 89 faneuil st,boston,2135,20544.0,,Multifamily Housing,Multifamily Housing (20544.0),112.2,4.0,2305061.332,200700.0,10659.177,148586.0,30480.932,,,,,,,,,,,,1597385.9,120267.184,,,,,,,,,44.1,in compliance,161407.293,2030.0,No,No,No,No,No,No,,,,
4831,107159,2202616000.0,city of boston,242-250 north beacon st,242,250 north beacon st,,2135.0,41 89 faneuil st,boston,2135,30510.0,,Multifamily Housing,Multifamily Housing (30510.0),113.1,,3450964.916,325400.0,17281.994,220668.0,45267.834,,,,,,,,,,,,2372645.7,178636.495,,,,,,,,,58.76,in compliance,241186.323,2030.0,No,No,No,No,No,No,,,,
4832,107160,2202616000.0,city of boston,41-45 faneuil st,41,45 faneuil st,,2135.0,41 89 faneuil st,boston,2135,20544.0,,Multifamily Housing,Multifamily Housing (20544.0),107.8,5.0,2214361.332,110000.0,5842.1,148586.0,30480.932,,,,,,,,,,,,1597385.9,120267.184,,,,,,,,,349.8,in compliance,156590.216,2030.0,No,No,No,No,No,No,,,,
4833,107161,2202616000.0,city of boston,51-55 faneuil st,51,55 faneuil st,,2135.0,41 89 faneuil st,boston,2135,20544.0,,Multifamily Housing,Multifamily Housing (20544.0),112.8,4.0,2316961.332,212600.0,11291.186,148586.0,30480.932,,,,,,,,,,,,1597385.9,120267.184,,,,,,,,,51.06,in compliance,162039.302,2030.0,No,No,No,No,No,No,,,,
4834,107162,2202616000.0,city of boston,61-65 faneuil st,61,65 faneuil st,,2135.0,41 89 faneuil st,boston,2135,20544.0,,Multifamily Housing,Multifamily Housing (20544.0),111.8,4.0,2296561.332,192200.0,10207.742,148586.0,30480.932,,,,,,,,,,,,1597385.9,120267.184,,,,,,,,,40.63,in compliance,160955.858,2030.0,No,No,No,No,No,No,,,,
4835,107163,2202616000.0,city of boston,71-75 faneuil st,71,75 faneuil st,,2135.0,41 89 faneuil st,boston,2135,20544.0,,Multifamily Housing,Multifamily Housing (20544.0),114.5,3.0,2352561.332,248200.0,13181.902,148586.0,30480.932,,,,,,,,,,,,1597385.9,120267.184,,,,,,,,,56.3,in compliance,163930.018,2030.0,No,No,No,No,No,No,,,,
4836,107164,2202616000.0,city of boston,81-89 faneuil st,81,89 faneuil st,,2135.0,41 89 faneuil st,boston,2135,30510.0,,Multifamily Housing,Multifamily Housing (30510.0),113.1,,3452144.188,315000.0,16729.65,220724.0,45279.321,,,,,,,,,,,,2384033.9,179493.912,,,,,,,,,72.78,in compliance,241502.883,2030.0,No,No,No,No,No,No,,,,
3351,104968,2202632000.0,,207-209 market st,207,209 market st,,2135.0,236 n beacon st,boston,2135,24714.0,,Multifamily Housing,Multifamily Housing (24714.0),30.8,75.0,762090.672,,,223356.0,45819.25,,,,,,,,,,,,,,,,,,,,,,6.79,in compliance,45819.25,2030.0,No,No,No,No,No,No,,,,
467,100666,2203171000.0,bigelow court condo tr,142 bigelow st,142 bigelow st,142 bigelow st,,2135.0,142 bigelow st,boston,2135,34541.0,8525.0,Multifamily Housing,"Multifamily Housing (34541.0),Parking (8525.0)",45.8,88.0,1583386.86,1083000.0,57518.13,146655.0,30084.807,,,,,,,,,,,,,,,,,,,,,,27.76,in compliance,87602.937,2030.0,Yes,No,No,No,Yes,Yes,,,,
3235,104807,2203712010.0,oak square mainsail inc mass llc,109-111 tremont st,109,111 tremont st,,2135.0,109  111 tremont st,boston,2135,53707.0,,Multifamily Housing,Multifamily Housing (53707.0),60.3,97.0,3239597.192,2921800.1,155176.803,93141.0,19106.945,,,,,,,,,,,,,,,,,,,,,,45.22,in compliance,174283.748,2025.0,No,No,No,No,No,No,,,,
3323,104922,2203750000.0,one-06 tremont lp mass lps,106 tremont st,106 tremont st,106 tremont st,,2135.0,106 tremont st,boston,2135,25463.0,,Multifamily Housing,Multifamily Housing (25463.0),61.5,40.0,1567024.44,889333.0,47232.476,198620.0,40744.907,,,,,,,,,,,,,,,,,,,,,,40.28,in compliance,87977.383,2025.0,No,No,No,No,No,No,,,,
3324,104923,2203750000.0,one-06 tremont lp mass lps,116 tremont st,116 tremont st,116 tremont st,,2135.0,106 tremont st,boston,2135,27600.0,,Multifamily Housing,Multifamily Housing (27600.0),42.4,95.0,1169086.08,847453.9,45008.277,94265.0,19337.522,,,,,,,,,,,,,,,,,,,,,,32.94,in compliance,64345.799,2025.0,No,No,No,No,No,No,,,,
1765,102641,2203751000.0,dee development llc,100 tremont st,100 tremont st,100 tremont st,,2135.0,100 tremont st,boston,2135,21420.0,,Multifamily Housing,Multifamily Housing (21420.0),50.1,91.0,1073779.556,840183.8,44622.162,68463.0,14044.5,,,,,,,,,,,,,,,,,,,,,,34.3,in compliance,58666.662,2030.0,No,No,No,No,No,No,,,,
1030,101429,2204054000.0,brighton allston apt's mass llc,493-501 washington st,493,501 washington st,,2135.0,493  501 washington st,boston,2135,27024.0,,Multifamily Housing,Multifamily Housing (27024.0),70.6,83.0,1907512.908,1511263.7,80263.215,116134.0,23823.729,,,,,,,,,,,,,,,,,,,,,,61.96,in compliance,104086.944,2025.0,No,No,No,No,No,No,,,,
4964,107337,2205077000.0,,35 south st,35 south st,35 south st,,2135.0,,,,33548.0,,Multifamily Housing,Multifamily Housing (33548.0),63.6,85.0,2134378.436,1666065.4,88484.733,137254.7,28156.429,,,,,,,,,,,,,,,,,,,,,,32.7,in compliance,116641.162,2030.0,No,No,No,No,No,No,,,,
3557,105277,2205081000.0,reservoir heights condo tr,1997-2003 commonwealth ave,1997,2003 commonwealth ave,,2135.0,1997  2003 commonwealth av,boston,2135,67979.0,,Multifamily Housing,Multifamily Housing (67979.0),86.1,84.0,5852036.824,5072899.8,269421.708,228352.0,46844.129,,,,,,,,,,,,,,,,,,,,,,,pending revisions,316265.837,2025.0,No,No,No,No,No,No,,,,
1169,101743,2205124000.0,,185-189 chestnut hill ave,185,189 chestnut hill ave,,2135.0,185  189 chestnut hill av,boston,2135,20000.0,,Multifamily Housing,Multifamily Housing (20000.0),84.9,48.0,1697684.576,1098800.1,58357.273,175523.0,36006.788,,,,,,,,,,,,,,,,,,,,,,3.73,pending revisions,94364.061,2030.0,I'm not sure,No,No,No,I'm not sure,I'm not sure,,,,
1168,101741,2205126010.0,chestnut hill gardens condo,165 chestnut hill ave,165 chestnut hill ave,165 chestnut hill ave,,2135.0,163  165 chestnut hill av,boston,2135,51500.0,,Multifamily Housing,Multifamily Housing (51500.0),37.6,79.0,1938772.124,1119800.0,59472.578,240027.0,49239.139,,,,,,,,,,,,,,,,,,,,,,19.78,in compliance,108711.717,2025.0,I'm not sure,No,No,No,I'm not sure,I'm not sure,,,,
1639,102458,2205284000.0,commonwealth/brighton condo tr,2031 commonwealth ave,2031 commonwealth ave,2031 commonwealth ave,,2135.0,2031  2309 commonwealth av,boston,2135,38000.0,,Multifamily Housing,Multifamily Housing (38000.0),87.6,43.0,3328682.232,2852500.1,151496.28,139561.0,28629.544,,,,,,,,,,,,,,,,,,,,,,25.22,in compliance,180125.824,2025.0,I'm not sure,No,No,No,I'm not sure,I'm not sure,,,,
1633,102439,2205301000.0,commonwealth properties,2045 commonwealth ave,2045 commonwealth ave,2045 commonwealth ave,,2135.0,2045 commonwealth av,boston,2135,22100.0,,Multifamily Housing,Multifamily Housing (22100.0),98.1,40.0,2166992.58,1868817.9,99252.919,87390.0,17927.185,,,,,,,,,,,,,,,,,,,,,,39.35,in compliance,117180.104,2025.0,No,No,No,No,No,No,,,,
4197,106196,2205550001.0,towne estates condo assn,6-14 lake shore ct,6,14 lake shore ct,,2135.0,99  219 lake shore rd,boston,2135,332489.0,,Multifamily Housing,Multifamily Housing (332489.0),90.3,52.0,30021610.4,24406198.8,1296213.218,1645783.0,337615.925,,,,,,,,,,,,,,,,,,,,,,42.26,in compliance,1633829.143,2025.0,I'm not sure,No,No,No,I'm not sure,I'm not sure,,,,
5357,107878,,,901-934 jette ct,901,934 jette ct,,2135.0,,,,51435.0,,Multifamily Housing,Multifamily Housing (51435.0),75.8,,3899244.308,2978400.1,158182.829,269884.0,55364.004,,,,,,,,,,,,,,,,,,,,,,55.08,in compliance,213546.833,2025.0,,,,,,,,,,
5358,107879,,,1001-1014 fidelis way,1001,1014 fidelis way,,2135.0,,,,26241.0,,Multifamily Housing,Multifamily Housing (26241.0),65.1,,1707405.192,1229500.0,65298.745,140066.0,28733.139,,,,,,,,,,,,,,,,,,,,,,55.08,in compliance,94031.884,2025.0,,,,,,,,,,
5359,107880,,,1101-1114 fidelis way,1101,1114 fidelis way,,2135.0,,,,26241.0,,Multifamily Housing,Multifamily Housing (26241.0),70.8,,1859105.192,1381200.0,73355.532,140066.0,28733.139,,,,,,,,,,,,,,,,,,,,,,55.08,in compliance,102088.671,2025.0,,,,,,,,,,
5360,107881,,,1201-1224 jette ct,1201,1224 jette ct,,2135.0,,,,36654.0,,Multifamily Housing,Multifamily Housing (36654.0),72.2,,2647396.204,1922800.0,102119.908,212367.0,43564.966,,,,,,,,,,,,,,,,,,,,,,55.08,in compliance,145684.874,2025.0,,,,,,,,,,
5595,C10048,,,35 northampton street,35 northampton street,35 northampton street,,2118.0,,,,374612.0,198352.0,Multifamily Housing,"Office (79207.0),Multifamily Housing (259985.0),Parking (198352.0),Fitness Center/Health Club/Gym (35420.0)",89.2,39.0,33398591.62,10113923.7,537150.488,3224135.0,661399.054,,,,,,12283919.3,815652.242,,,,,,,,,,,,,,,,,2014201.784,,,,,,,,,,,
2292,103469,302970000.0,harbor towers ii condo tr,65 e india row,65 e india row,65 e india row,,2110.0,,boston,2110,406928.0,,Multifamily Housing,Multifamily Housing (813856.0),46.9,,19100361.15,12170290.6,646364.134,2031087.5,416657.29,0.0,0.0,0.0,0.0,0.0,0.0,0.0,0.0,0.0,0.0,0.0,0.0,0.0,0.0,0.0,0.0,0.0,0.0,0.0,0.0,0.0,18.94,0,1063021.424,,,,,,,,,,,
2291,103468,302975000.0,harbor towers 1 condo tr,85 e india row,85 e india row,85 e india row,,2110.0,,boston,2110,406928.0,,Multifamily Housing,Multifamily Housing (813856.0),46.9,,19100361.15,12170290.6,646364.134,2031087.5,416657.29,0.0,0.0,0.0,0.0,0.0,0.0,0.0,0.0,0.0,0.0,0.0,0.0,0.0,0.0,0.0,0.0,0.0,0.0,0.0,0.0,0.0,18.94,0,1063021.424,,,,,,,,,,,
5612,C10066,,,11 tetlow street,11 tetlow street,11 tetlow street,,2115.0,,,,48984.0,,Multifamily Housing,Multifamily Housing (48984.0),79.1,76.0,3873635.656,3360000.0,178449.6,150538.0,30881.365,,,,,,,,,,,,,,,,,,,,,,45.24,,209330.965,,,,,,,,,,,
5613,C10067,,,1185-1189 commonwealth ave,1185,1189 commonwealth ave,,2134.0,,,,39540.0,,Multifamily Housing,Multifamily Housing (39540.0),50.1,100.0,1979416.032,1651400.0,87705.854,96136.0,19721.339,,,,,,,,,,,,,,,,,,,,,,28.56,,107427.193,,,,,,,,,,,
5619,C10073,,,1197-1209 boylston street,1197,1209 boylston street,,2215.0,,,,89046.0,,Multifamily Housing,Multifamily Housing (89046.0),59.3,97.0,5283121.116,1544100.0,82007.151,267893.0,54955.57,,,,,,,,,,2824970.2,209641.039,,,,,,,,,,,46.07,,346603.76,,,,,,,,,,,
5621,C10075,,,11-19 peterborough street,11,19 peterborough street,,2215.0,,,,32875.0,,Multifamily Housing,Multifamily Housing (32875.0),68.0,86.0,2236574.372,1838800.0,97658.668,116581.0,23915.426,,,,,,,,,,,,,,,,,,,,,,41.8,,121574.094,,,,,,,,,,,
5622,C10076,,,98-106 queensberry street,98,106 queensberry street,,2215.0,,,,66452.0,,Multifamily Housing,Multifamily Housing (66452.0),54.2,95.0,3601686.336,2837899.9,150720.864,223853.0,45921.204,,,,,,,,,,,,,,,,,,,,,,36.49,,196642.068,,,,,,,,,,,
5625,C10079,,,2 clarendon st,2 clarendon st,2 clarendon st,,2129.0,,,,96212.0,,Multifamily Housing,Multifamily Housing (96212.0),41.3,53.0,3973176.752,1297500.0,68910.225,784196.0,160869.967,,,,,,,,,,,,,,,,,,,,,,15.21,,229780.192,,,,,,,,,,,
5626,C10080,,,321-325 summit avenue,321,325 summit avenue,,2135.0,,,,31592.0,,Multifamily Housing,Multifamily Housing (31592.0),70.3,76.0,2219644.064,1945500.1,103325.51,80347.0,16482.384,,,,,,,,,,,,,,,,,,,,,,41.43,,119807.894,,,,,,,,,,,
5627,C10081,,,67-71 symphony road,67,71 symphony road,,2115.0,,,,35460.0,,Multifamily Housing,Multifamily Housing (35460.0),29.2,100.0,1034724.808,651100.0,34579.921,112434.0,23064.711,,,,,,,,,,,,,,,,,,,,,,35.72,,57644.632,,,,,,,,,,,
5630,C10085,,,120-124 peterborough street,120,124 peterborough street,,2215.0,,,,31840.0,,Multifamily Housing,Multifamily Housing (31840.0),65.8,80.0,2096354.944,1681500.1,89304.47,121587.0,24942.357,,,,,,,,,,,,,,,,,,,,,,35.03,,114246.827,,,,,,,,,,,
5631,C10086,,,16-20 queensberry street,16,20 queensberry street,,2215.0,,,,39775.0,,Multifamily Housing,Multifamily Housing (39775.0),32.8,99.0,1303263.08,10600.0,562.966,135190.0,27732.877,,,,,,,,,,831394.8,61697.808,,,,,,,,,,,20.29,,89993.651,,,,,,,,,,,
5632,C10087,,,32-36-40 queensberry street,32,40 queensberry street,,2215.0,,,,56650.0,,Multifamily Housing,Multifamily Housing (56650.0),40.4,96.0,2289674.724,17300.0,918.803,187452.0,38453.903,,,,,,,,,,1632788.5,121169.235,,,,,,,,,,,27.93,,160541.941,,,,,,,,,,,
5633,C10089,,,77-81 park drive,77,81 park drive,,2215.0,,,,36915.0,,Multifamily Housing,Multifamily Housing (36915.0),45.4,98.0,1677665.916,887300.0,47124.503,231643.0,47519.245,,,,,,,,,,,,,,,,,,,,,,37.45,,94643.748,,,,,,,,,,,
5634,C10090,,,105-111 queensberry street,105,111 queensberry street,,2215.0,,,,66320.0,,Multifamily Housing,Multifamily Housing (66320.0),66.3,69.0,4397032.352,3644700.0,193570.017,220496.0,45232.549,,,,,,,,,,,,,,,,,,,,,,54.86,,238802.566,,,,,,,,,,,
5635,C10091,,,51-55 queensberry street,51,55 queensberry street,,2215.0,,,,31090.0,,Multifamily Housing,Multifamily Housing (31090.0),46.2,95.0,1436566.2,988400.0,52493.924,131350.0,26945.139,,,,,,,,,,,,,,,,,,,,,,43.68,,79439.063,,,,,,,,,,,
5636,C10092,,,24-28 queensberry street,24,28 queensberry street,,2215.0,,,,37065.0,,Multifamily Housing,Multifamily Housing (37065.0),38.1,98.0,1410892.604,16100.0,855.071,117417.0,24086.923,,,,,,,,,,994165.8,73777.044,,,,,,,,,,,16.78,,98719.038,,,,,,,,,,,
5638,C10094,,,108-112 jersey street,108,112 jersey street,,2215.0,,,,36490.0,,Multifamily Housing,Multifamily Housing (36490.0),63.8,38.0,2328721.012,1476400.0,78411.604,249801.0,51244.177,,,,,,,,,,,,,,,,,,,,,,198.56,,129655.781,,,,,,,,,,,
